latitude,longitude,shapeName,shapeID,mapping_method
7.0,93.75,Nicobars,76128533B33103505211400,contained_grid
8.0,93.5,Nicobars,76128533B33103505211400,contained_grid
8.25,77.25,Kanniyakumari,76128533B53796141759805,contained_grid
8.25,77.5,Kanniyakumari,76128533B53796141759805,contained_grid
8.25,77.75,Tirunelveli,76128533B52639434516056,contained_grid
8.5,77.0,Thiruvananthapuram,76128533B33162455176756,contained_grid
8.5,77.25,Kanniyakumari,76128533B53796141759805,contained_grid
8.5,77.5,Tirunelveli,76128533B52639434516056,contained_grid
8.5,77.75,Tirunelveli,76128533B52639434516056,contained_grid
8.5,78.0,Thoothukkudi,76128533B31241181851990,contained_grid
8.75,76.75,Thiruvananthapuram,76128533B33162455176756,contained_grid
8.75,77.0,Thiruvananthapuram,76128533B33162455176756,contained_grid
8.75,77.25,Tirunelveli,76128533B52639434516056,contained_grid
8.75,77.5,Tirunelveli,76128533B52639434516056,contained_grid
8.75,77.75,Tirunelveli,76128533B52639434516056,contained_grid
8.75,78.0,Thoothukkudi,76128533B31241181851990,contained_grid
9.0,76.75,Kollam,76128533B61117593923933,contained_grid
9.0,77.0,Kollam,76128533B61117593923933,contained_grid
9.0,77.25,Tenkasi,76128533B27604563137530,contained_grid
9.0,77.5,Tenkasi,76128533B27604563137530,contained_grid
9.0,77.75,Thoothukkudi,76128533B31241181851990,contained_grid
9.0,78.0,Thoothukkudi,76128533B31241181851990,contained_grid
9.0,78.25,Thoothukkudi,76128533B31241181851990,contained_grid
9.25,76.5,Alappuzha,76128533B86368264587575,contained_grid
9.25,76.75,Pathanamthitta,76128533B29330052395581,contained_grid
9.25,77.0,Pathanamthitta,76128533B29330052395581,contained_grid
9.25,77.25,Pathanamthitta,76128533B29330052395581,contained_grid
9.25,77.5,Tenkasi,76128533B27604563137530,contained_grid
9.25,77.75,Thoothukkudi,76128533B31241181851990,contained_grid
9.25,78.0,Thoothukkudi,76128533B31241181851990,contained_grid
9.25,78.25,Thoothukkudi,76128533B31241181851990,contained_grid
9.25,78.5,Ramanathapuram,76128533B1629699732681,contained_grid
9.25,78.75,Ramanathapuram,76128533B1629699732681,contained_grid
9.5,76.5,Alappuzha,76128533B86368264587575,contained_grid
9.5,76.75,Kottayam,76128533B2576169508425,contained_grid
9.5,77.0,Idukki,76128533B35083559759016,contained_grid
9.5,77.25,Idukki,76128533B35083559759016,contained_grid
9.5,77.5,Virudhunagar,76128533B70974512658911,contained_grid
9.5,77.75,Virudhunagar,76128533B70974512658911,contained_grid
9.5,78.0,Virudhunagar,76128533B70974512658911,contained_grid
9.5,78.25,Virudhunagar,76128533B70974512658911,contained_grid
9.5,78.5,Ramanathapuram,76128533B1629699732681,contained_grid
9.5,78.75,Ramanathapuram,76128533B1629699732681,contained_grid
9.75,76.5,Kottayam,76128533B2576169508425,contained_grid
9.75,76.75,Kottayam,76128533B2576169508425,contained_grid
9.75,77.0,Idukki,76128533B35083559759016,contained_grid
9.75,77.25,Theni,76128533B79135514077232,contained_grid
9.75,77.5,Theni,76128533B79135514077232,contained_grid
9.75,77.75,Madurai,76128533B71824979235503,contained_grid
9.75,78.0,Madurai,76128533B71824979235503,contained_grid
9.75,78.25,Virudhunagar,76128533B70974512658911,contained_grid
9.75,78.5,Sivaganga,76128533B89925537847414,contained_grid
9.75,78.75,Ramanathapuram,76128533B1629699732681,contained_grid
9.75,79.0,Ramanathapuram,76128533B1629699732681,contained_grid
10.0,76.25,Ernakulam,76128533B75519739609062,contained_grid
10.0,76.5,Ernakulam,76128533B75519739609062,contained_grid
10.0,76.75,Ernakulam,76128533B75519739609062,contained_grid
10.0,77.0,Idukki,76128533B35083559759016,contained_grid
10.0,77.25,Idukki,76128533B35083559759016,contained_grid
10.0,77.5,Theni,76128533B79135514077232,contained_grid
10.0,77.75,Madurai,76128533B71824979235503,contained_grid
10.0,78.0,Madurai,76128533B71824979235503,contained_grid
10.0,78.25,Madurai,76128533B71824979235503,contained_grid
10.0,78.5,Sivaganga,76128533B89925537847414,contained_grid
10.0,78.75,Sivaganga,76128533B89925537847414,contained_grid
10.0,79.0,Pudukkottai,76128533B64003397477352,contained_grid
10.25,76.25,Thrissur,76128533B75696328527555,contained_grid
10.25,76.5,Ernakulam,76128533B75519739609062,contained_grid
10.25,76.75,Ernakulam,76128533B75519739609062,contained_grid
10.25,77.0,Coimbatore,76128533B4753404177348,contained_grid
10.25,77.25,Idukki,76128533B35083559759016,contained_grid
10.25,77.5,Dindigul,76128533B28879432621383,contained_grid
10.25,77.75,Dindigul,76128533B28879432621383,contained_grid
10.25,78.0,Dindigul,76128533B28879432621383,contained_grid
10.25,78.25,Dindigul,76128533B28879432621383,contained_grid
10.25,78.5,Pudukkottai,76128533B64003397477352,contained_grid
10.25,78.75,Pudukkottai,76128533B64003397477352,contained_grid
10.25,79.0,Pudukkottai,76128533B64003397477352,contained_grid
10.25,79.25,Thanjavur,76128533B54279577656282,contained_grid
10.5,76.25,Thrissur,76128533B75696328527555,contained_grid
10.5,76.5,Palakkad,76128533B19581555782120,contained_grid
10.5,76.75,Palakkad,76128533B19581555782120,contained_grid
10.5,77.0,Coimbatore,76128533B4753404177348,contained_grid
10.5,77.25,Tiruppur,76128533B57036825942975,contained_grid
10.5,77.5,Dindigul,76128533B28879432621383,contained_grid
10.5,77.75,Dindigul,76128533B28879432621383,contained_grid
10.5,78.0,Dindigul,76128533B28879432621383,contained_grid
10.5,78.25,Tiruchirappalli,76128533B1645877589145,contained_grid
10.5,78.5,Pudukkottai,76128533B64003397477352,contained_grid
10.5,78.75,Pudukkottai,76128533B64003397477352,contained_grid
10.5,79.0,Pudukkottai,76128533B64003397477352,contained_grid
10.5,79.25,Thanjavur,76128533B54279577656282,contained_grid
10.5,79.5,Thiruvarur,76128533B45072089356239,contained_grid
10.5,79.75,Nagapattinam,76128533B88466433485589,contained_grid
10.75,76.0,Malappuram,76128533B83861010847920,contained_grid
10.75,76.25,Palakkad,76128533B19581555782120,contained_grid
10.75,76.5,Palakkad,76128533B19581555782120,contained_grid
10.75,76.75,Palakkad,76128533B19581555782120,contained_grid
10.75,77.0,Coimbatore,76128533B4753404177348,contained_grid
10.75,77.25,Tiruppur,76128533B57036825942975,contained_grid
10.75,77.5,Tiruppur,76128533B57036825942975,contained_grid
10.75,77.75,Tiruppur,76128533B57036825942975,contained_grid
10.75,78.0,Dindigul,76128533B28879432621383,contained_grid
10.75,78.25,Karur,76128533B19335918192159,contained_grid
10.75,78.5,Karur,76128533B19335918192159,contained_grid
10.75,78.75,Tiruchirappalli,76128533B1645877589145,contained_grid
10.75,79.0,Thanjavur,76128533B54279577656282,contained_grid
10.75,79.25,Thanjavur,76128533B54279577656282,contained_grid
10.75,79.5,Thiruvarur,76128533B45072089356239,contained_grid
10.75,79.75,Nagapattinam,76128533B88466433485589,contained_grid
10.75,92.5,South Andaman,76128533B22587307937261,contained_grid
11.0,76.0,Malappuram,76128533B83861010847920,contained_grid
11.0,76.25,Malappuram,76128533B83861010847920,contained_grid
11.0,76.5,Palakkad,76128533B19581555782120,contained_grid
11.0,76.75,Coimbatore,76128533B4753404177348,contained_grid
11.0,77.0,Coimbatore,76128533B4753404177348,contained_grid
11.0,77.25,Tiruppur,76128533B57036825942975,contained_grid
11.0,77.5,Tiruppur,76128533B57036825942975,contained_grid
11.0,77.75,Tiruppur,76128533B57036825942975,contained_grid
11.0,78.0,Karur,76128533B19335918192159,contained_grid
11.0,78.25,Tiruchirappalli,76128533B1645877589145,contained_grid
11.0,78.5,Tiruchirappalli,76128533B1645877589145,contained_grid
11.0,78.75,Tiruchirappalli,76128533B1645877589145,contained_grid
11.0,79.0,Ariyalur,76128533B16889790752134,contained_grid
11.0,79.25,Ariyalur,76128533B16889790752134,contained_grid
11.0,79.5,Thanjavur,76128533B54279577656282,contained_grid
11.0,79.75,Thiruvarur,76128533B45072089356239,contained_grid
11.25,76.0,Malappuram,76128533B83861010847920,contained_grid
11.25,76.25,Malappuram,76128533B83861010847920,contained_grid
11.25,76.5,The Nilgiris,76128533B21812274124310,contained_grid
11.25,76.75,Coimbatore,76128533B4753404177348,contained_grid
11.25,77.0,Coimbatore,76128533B4753404177348,contained_grid
11.25,77.25,Tiruppur,76128533B57036825942975,contained_grid
11.25,77.5,Erode,76128533B15337568968545,contained_grid
11.25,77.75,Erode,76128533B15337568968545,contained_grid
11.25,78.0,Namakkal,76128533B51372664315362,contained_grid
11.25,78.25,Namakkal,76128533B51372664315362,contained_grid
11.25,78.5,Tiruchirappalli,76128533B1645877589145,contained_grid
11.25,78.75,Perambalur,76128533B51799781997546,contained_grid
11.25,79.0,Perambalur,76128533B51799781997546,contained_grid
11.25,79.25,Ariyalur,76128533B16889790752134,contained_grid
11.25,79.5,Cuddalore,76128533B61321395333865,contained_grid
11.25,79.75,Mayiladuthurai,76128533B63176236753619,contained_grid
11.5,75.75,Kozhikode,76128533B3985531353014,contained_grid
11.5,76.0,Kozhikode,76128533B3985531353014,contained_grid
11.5,76.25,Malappuram,76128533B83861010847920,contained_grid
11.5,76.5,The Nilgiris,76128533B21812274124310,contained_grid
11.5,76.75,The Nilgiris,76128533B21812274124310,contained_grid
11.5,77.0,Erode,76128533B15337568968545,contained_grid
11.5,77.25,Erode,76128533B15337568968545,contained_grid
11.5,77.5,Erode,76128533B15337568968545,contained_grid
11.5,77.75,Salem,76128533B52590639744160,contained_grid
11.5,78.0,Namakkal,76128533B51372664315362,contained_grid
11.5,78.25,Namakkal,76128533B51372664315362,contained_grid
11.5,78.5,Salem,76128533B52590639744160,contained_grid
11.5,78.75,Salem,76128533B52590639744160,contained_grid
11.5,79.0,Cuddalore,76128533B61321395333865,contained_grid
11.5,79.25,Cuddalore,76128533B61321395333865,contained_grid
11.5,79.5,Cuddalore,76128533B61321395333865,contained_grid
11.5,79.75,Cuddalore,76128533B61321395333865,contained_grid
11.75,75.5,Kannur,76128533B41976979530466,contained_grid
11.75,75.75,Kozhikode,76128533B3985531353014,contained_grid
11.75,76.0,Wayanad,76128533B82539771173603,contained_grid
11.75,76.25,Wayanad,76128533B82539771173603,contained_grid
11.75,76.5,Chamarajanagar,76128533B16628456658675,contained_grid
11.75,76.75,Chamarajanagar,76128533B16628456658675,contained_grid
11.75,77.0,Erode,76128533B15337568968545,contained_grid
11.75,77.25,Erode,76128533B15337568968545,contained_grid
11.75,77.5,Erode,76128533B15337568968545,contained_grid
11.75,77.75,Salem,76128533B52590639744160,contained_grid
11.75,78.0,Salem,76128533B52590639744160,contained_grid
11.75,78.25,Salem,76128533B52590639744160,contained_grid
11.75,78.5,Salem,76128533B52590639744160,contained_grid
11.75,78.75,Kallakurichi,76128533B19545859035458,contained_grid
11.75,79.0,Kallakurichi,76128533B19545859035458,contained_grid
11.75,79.25,Kallakurichi,76128533B19545859035458,contained_grid
11.75,79.5,Cuddalore,76128533B61321395333865,contained_grid
11.75,79.75,Cuddalore,76128533B61321395333865,contained_grid
11.75,92.75,South Andaman,76128533B22587307937261,contained_grid
12.0,75.5,Kannur,76128533B41976979530466,contained_grid
12.0,75.75,Kannur,76128533B41976979530466,contained_grid
12.0,76.0,Kodagu,76128533B57609583882472,contained_grid
12.0,76.25,Mysore,76128533B95879808095476,contained_grid
12.0,76.5,Mysore,76128533B95879808095476,contained_grid
12.0,76.75,Chamarajanagar,76128533B16628456658675,contained_grid
12.0,77.0,Chamarajanagar,76128533B16628456658675,contained_grid
12.0,77.25,Chamarajanagar,76128533B16628456658675,contained_grid
12.0,77.5,Chamarajanagar,76128533B16628456658675,contained_grid
12.0,77.75,Dharmapuri,76128533B4743808419896,contained_grid
12.0,78.0,Dharmapuri,76128533B4743808419896,contained_grid
12.0,78.25,Dharmapuri,76128533B4743808419896,contained_grid
12.0,78.5,Dharmapuri,76128533B4743808419896,contained_grid
12.0,78.75,Kallakurichi,76128533B19545859035458,contained_grid
12.0,79.0,Kallakurichi,76128533B19545859035458,contained_grid
12.0,79.25,Viluppuram,76128533B86430586962522,contained_grid
12.0,79.5,Viluppuram,76128533B86430586962522,contained_grid
12.0,79.75,Puducherry,76128533B29873478326363,contained_grid
12.0,92.75,South Andaman,76128533B22587307937261,contained_grid
12.0,93.0,South Andaman,76128533B22587307937261,contained_grid
12.25,75.25,Kasaragod,76128533B63366045987285,contained_grid
12.25,75.5,Kannur,76128533B41976979530466,contained_grid
12.25,75.75,Kodagu,76128533B57609583882472,contained_grid
12.25,76.0,Kodagu,76128533B57609583882472,contained_grid
12.25,76.25,Mysore,76128533B95879808095476,contained_grid
12.25,76.5,Mysore,76128533B95879808095476,contained_grid
12.25,76.75,Mysore,76128533B95879808095476,contained_grid
12.25,77.0,Mandya,76128533B43335986553000,contained_grid
12.25,77.25,Chamarajanagar,76128533B16628456658675,contained_grid
12.25,77.5,Krishnagiri,76128533B35717069663408,contained_grid
12.25,77.75,Krishnagiri,76128533B35717069663408,contained_grid
12.25,78.0,Dharmapuri,76128533B4743808419896,contained_grid
12.25,78.25,Dharmapuri,76128533B4743808419896,contained_grid
12.25,78.5,Krishnagiri,76128533B35717069663408,contained_grid
12.25,78.75,Tiruvannamalai,76128533B89575258858457,contained_grid
12.25,79.0,Tiruvannamalai,76128533B89575258858457,contained_grid
12.25,79.25,Viluppuram,76128533B86430586962522,contained_grid
12.25,79.5,Viluppuram,76128533B86430586962522,contained_grid
12.25,79.75,Viluppuram,76128533B86430586962522,contained_grid
12.25,80.0,Viluppuram,76128533B86430586962522,contained_grid
12.25,92.75,North  & Middle Andaman,76128533B28397307540277,contained_grid
12.5,75.0,Kasaragod,76128533B63366045987285,contained_grid
12.5,75.25,Kasaragod,76128533B63366045987285,contained_grid
12.5,75.5,Dakshina Kannada,76128533B54396396829952,contained_grid
12.5,75.75,Kodagu,76128533B57609583882472,contained_grid
12.5,76.0,Mysore,76128533B95879808095476,contained_grid
12.5,76.25,Mysore,76128533B95879808095476,contained_grid
12.5,76.5,Mandya,76128533B43335986553000,contained_grid
12.5,76.75,Mandya,76128533B43335986553000,contained_grid
12.5,77.0,Mandya,76128533B43335986553000,contained_grid
12.5,77.25,Ramanagara,76128533B79600797037735,contained_grid
12.5,77.5,Ramanagara,76128533B79600797037735,contained_grid
12.5,77.75,Krishnagiri,76128533B35717069663408,contained_grid
12.5,78.0,Dharmapuri,76128533B4743808419896,contained_grid
12.5,78.25,Krishnagiri,76128533B35717069663408,contained_grid
12.5,78.5,Tirupathur,76128533B11403491783632,contained_grid
12.5,78.75,Tirupathur,76128533B11403491783632,contained_grid
12.5,79.0,Tiruvannamalai,76128533B89575258858457,contained_grid
12.5,79.25,Tiruvannamalai,76128533B89575258858457,contained_grid
12.5,79.5,Tiruvannamalai,76128533B89575258858457,contained_grid
12.5,79.75,Kancheepuram,76128533B83644689337946,contained_grid
12.5,80.0,Kancheepuram,76128533B83644689337946,contained_grid
12.5,92.75,North  & Middle Andaman,76128533B28397307540277,contained_grid
12.75,75.0,Dakshina Kannada,76128533B54396396829952,contained_grid
12.75,75.25,Dakshina Kannada,76128533B54396396829952,contained_grid
12.75,75.5,Dakshina Kannada,76128533B54396396829952,contained_grid
12.75,75.75,Hassan,76128533B54775433755383,contained_grid
12.75,76.0,Hassan,76128533B54775433755383,contained_grid
12.75,76.25,Hassan,76128533B54775433755383,contained_grid
12.75,76.5,Mandya,76128533B43335986553000,contained_grid
12.75,76.75,Mandya,76128533B43335986553000,contained_grid
12.75,77.0,Mandya,76128533B43335986553000,contained_grid
12.75,77.25,Ramanagara,76128533B79600797037735,contained_grid
12.75,77.5,Bangalore,76128533B76927648517269,contained_grid
12.75,77.75,Bangalore,76128533B76927648517269,contained_grid
12.75,78.0,Krishnagiri,76128533B35717069663408,contained_grid
12.75,78.25,Chittoor,76128533B22471914548132,contained_grid
12.75,78.5,Chittoor,76128533B22471914548132,contained_grid
12.75,78.75,Tirupathur,76128533B11403491783632,contained_grid
12.75,79.0,Vellore,76128533B89374164863010,contained_grid
12.75,79.25,Tiruvannamalai,76128533B89575258858457,contained_grid
12.75,79.5,Tiruvannamalai,76128533B89575258858457,contained_grid
12.75,79.75,Chengalputtu,76128533B88669134807148,contained_grid
12.75,80.0,Kancheepuram,76128533B83644689337946,contained_grid
12.75,92.75,North  & Middle Andaman,76128533B28397307540277,contained_grid
13.0,75.0,Dakshina Kannada,76128533B54396396829952,contained_grid
13.0,75.25,Dakshina Kannada,76128533B54396396829952,contained_grid
13.0,75.5,Dakshina Kannada,76128533B54396396829952,contained_grid
13.0,75.75,Hassan,76128533B54775433755383,contained_grid
13.0,76.0,Hassan,76128533B54775433755383,contained_grid
13.0,76.25,Hassan,76128533B54775433755383,contained_grid
13.0,76.5,Hassan,76128533B54775433755383,contained_grid
13.0,76.75,Mandya,76128533B43335986553000,contained_grid
13.0,77.0,Tumkur,76128533B64905184636422,contained_grid
13.0,77.25,Ramanagara,76128533B79600797037735,contained_grid
13.0,77.5,Bangalore,76128533B76927648517269,contained_grid
13.0,77.75,Bangalore Rural,76128533B48075109668277,contained_grid
13.0,78.0,Kolar,76128533B29292403538801,contained_grid
13.0,78.25,Kolar,76128533B29292403538801,contained_grid
13.0,78.5,Chittoor,76128533B22471914548132,contained_grid
13.0,78.75,Vellore,76128533B89374164863010,contained_grid
13.0,79.0,Vellore,76128533B89374164863010,contained_grid
13.0,79.25,Vellore,76128533B89374164863010,contained_grid
13.0,79.5,Ranipet,76128533B22687502928564,contained_grid
13.0,79.75,Chengalputtu,76128533B88669134807148,contained_grid
13.0,80.0,Chengalputtu,76128533B88669134807148,contained_grid
13.0,80.25,Chennai,76128533B89024397489955,contained_grid
13.25,74.75,Udupi,76128533B4839184447445,contained_grid
13.25,75.0,Udupi,76128533B4839184447445,contained_grid
13.25,75.25,Chikmagalur,76128533B15550697205080,contained_grid
13.25,75.5,Chikmagalur,76128533B15550697205080,contained_grid
13.25,75.75,Chikmagalur,76128533B15550697205080,contained_grid
13.25,76.0,Hassan,76128533B54775433755383,contained_grid
13.25,76.25,Hassan,76128533B54775433755383,contained_grid
13.25,76.5,Tumkur,76128533B64905184636422,contained_grid
13.25,76.75,Tumkur,76128533B64905184636422,contained_grid
13.25,77.0,Tumkur,76128533B64905184636422,contained_grid
13.25,77.25,Bangalore Rural,76128533B48075109668277,contained_grid
13.25,77.5,Bangalore Rural,76128533B48075109668277,contained_grid
13.25,77.75,Bangalore Rural,76128533B48075109668277,contained_grid
13.25,78.0,Kolar,76128533B29292403538801,contained_grid
13.25,78.25,Kolar,76128533B29292403538801,contained_grid
13.25,78.5,Kolar,76128533B29292403538801,contained_grid
13.25,78.75,Chittoor,76128533B22471914548132,contained_grid
13.25,79.0,Chittoor,76128533B22471914548132,contained_grid
13.25,79.25,Chittoor,76128533B22471914548132,contained_grid
13.25,79.5,Thiruvallur,76128533B45592431373253,contained_grid
13.25,79.75,Chittoor,76128533B22471914548132,contained_grid
13.25,80.0,Thiruvallur,76128533B45592431373253,contained_grid
13.25,80.25,Thiruvallur,76128533B45592431373253,contained_grid
13.25,93.0,North  & Middle Andaman,76128533B28397307540277,contained_grid
13.5,74.75,Udupi,76128533B4839184447445,contained_grid
13.5,75.0,Udupi,76128533B4839184447445,contained_grid
13.5,75.25,Chikmagalur,76128533B15550697205080,contained_grid
13.5,75.5,Chikmagalur,76128533B15550697205080,contained_grid
13.5,75.75,Chikmagalur,76128533B15550697205080,contained_grid
13.5,76.0,Chikmagalur,76128533B15550697205080,contained_grid
13.5,76.25,Hassan,76128533B54775433755383,contained_grid
13.5,76.5,Tumkur,76128533B64905184636422,contained_grid
13.5,76.75,Tumkur,76128533B64905184636422,contained_grid
13.5,77.0,Tumkur,76128533B64905184636422,contained_grid
13.5,77.25,Tumkur,76128533B64905184636422,contained_grid
13.5,77.5,Chikkaballapura,76128533B80772392204057,contained_grid
13.5,77.75,Chikkaballapura,76128533B80772392204057,contained_grid
13.5,78.0,Chikkaballapura,76128533B80772392204057,contained_grid
13.5,78.25,Kolar,76128533B29292403538801,contained_grid
13.5,78.5,Chittoor,76128533B22471914548132,contained_grid
13.5,78.75,Chittoor,76128533B22471914548132,contained_grid
13.5,79.0,Chittoor,76128533B22471914548132,contained_grid
13.5,79.25,Chittoor,76128533B22471914548132,contained_grid
13.5,79.5,Chittoor,76128533B22471914548132,contained_grid
13.5,79.75,Chittoor,76128533B22471914548132,contained_grid
13.5,80.0,Chittoor,76128533B22471914548132,contained_grid
13.5,80.25,Sri Potti Sriramulu Nellore,76128533B55622097933343,contained_grid
13.5,93.0,North  & Middle Andaman,76128533B28397307540277,contained_grid
13.75,74.75,Udupi,76128533B4839184447445,contained_grid
13.75,75.0,Shimoga,76128533B85389886560116,contained_grid
13.75,75.25,Shimoga,76128533B85389886560116,contained_grid
13.75,75.5,Shimoga,76128533B85389886560116,contained_grid
13.75,75.75,Chikmagalur,76128533B15550697205080,contained_grid
13.75,76.0,Chikmagalur,76128533B15550697205080,contained_grid
13.75,76.25,Chitradurga,76128533B47594161132413,contained_grid
13.75,76.5,Chitradurga,76128533B47594161132413,contained_grid
13.75,76.75,Tumkur,76128533B64905184636422,contained_grid
13.75,77.0,Anantapur,76128533B52664671961643,contained_grid
13.75,77.25,Tumkur,76128533B64905184636422,contained_grid
13.75,77.5,Anantapur,76128533B52664671961643,contained_grid
13.75,77.75,Chikkaballapura,76128533B80772392204057,contained_grid
13.75,78.0,Chikkaballapura,76128533B80772392204057,contained_grid
13.75,78.25,Chittoor,76128533B22471914548132,contained_grid
13.75,78.5,Chittoor,76128533B22471914548132,contained_grid
13.75,78.75,Chittoor,76128533B22471914548132,contained_grid
13.75,79.0,Chittoor,76128533B22471914548132,contained_grid
13.75,79.25,Chittoor,76128533B22471914548132,contained_grid
13.75,79.5,Chittoor,76128533B22471914548132,contained_grid
13.75,79.75,Chittoor,76128533B22471914548132,contained_grid
13.75,80.0,Sri Potti Sriramulu Nellore,76128533B55622097933343,contained_grid
14.0,74.75,Shimoga,76128533B85389886560116,contained_grid
14.0,75.0,Shimoga,76128533B85389886560116,contained_grid
14.0,75.25,Shimoga,76128533B85389886560116,contained_grid
14.0,75.5,Shimoga,76128533B85389886560116,contained_grid
14.0,75.75,Shimoga,76128533B85389886560116,contained_grid
14.0,76.0,Davanagere,76128533B49597693387243,contained_grid
14.0,76.25,Chitradurga,76128533B47594161132413,contained_grid
14.0,76.5,Chitradurga,76128533B47594161132413,contained_grid
14.0,76.75,Chitradurga,76128533B47594161132413,contained_grid
14.0,77.0,Anantapur,76128533B52664671961643,contained_grid
14.0,77.25,Anantapur,76128533B52664671961643,contained_grid
14.0,77.5,Anantapur,76128533B52664671961643,contained_grid
14.0,77.75,Anantapur,76128533B52664671961643,contained_grid
14.0,78.0,Anantapur,76128533B52664671961643,contained_grid
14.0,78.25,Anantapur,76128533B52664671961643,contained_grid
14.0,78.5,Kadapa(YSR),76128533B72109128179340,contained_grid
14.0,78.75,Kadapa(YSR),76128533B72109128179340,contained_grid
14.0,79.0,Kadapa(YSR),76128533B72109128179340,contained_grid
14.0,79.25,Kadapa(YSR),76128533B72109128179340,contained_grid
14.0,79.5,Sri Potti Sriramulu Nellore,76128533B55622097933343,contained_grid
14.0,79.75,Sri Potti Sriramulu Nellore,76128533B55622097933343,contained_grid
14.0,80.0,Sri Potti Sriramulu Nellore,76128533B55622097933343,contained_grid
14.25,74.5,Uttara Kannada,76128533B79180273895456,contained_grid
14.25,74.75,Shimoga,76128533B85389886560116,contained_grid
14.25,75.0,Shimoga,76128533B85389886560116,contained_grid
14.25,75.25,Shimoga,76128533B85389886560116,contained_grid
14.25,75.5,Shimoga,76128533B85389886560116,contained_grid
14.25,75.75,Davanagere,76128533B49597693387243,contained_grid
14.25,76.0,Davanagere,76128533B49597693387243,contained_grid
14.25,76.25,Chitradurga,76128533B47594161132413,contained_grid
14.25,76.5,Chitradurga,76128533B47594161132413,contained_grid
14.25,76.75,Chitradurga,76128533B47594161132413,contained_grid
14.25,77.0,Anantapur,76128533B52664671961643,contained_grid
14.25,77.25,Tumkur,76128533B64905184636422,contained_grid
14.25,77.5,Tumkur,76128533B64905184636422,contained_grid
14.25,77.75,Anantapur,76128533B52664671961643,contained_grid
14.25,78.0,Anantapur,76128533B52664671961643,contained_grid
14.25,78.25,Anantapur,76128533B52664671961643,contained_grid
14.25,78.5,Kadapa(YSR),76128533B72109128179340,contained_grid
14.25,78.75,Kadapa(YSR),76128533B72109128179340,contained_grid
14.25,79.0,Kadapa(YSR),76128533B72109128179340,contained_grid
14.25,79.25,Kadapa(YSR),76128533B72109128179340,contained_grid
14.25,79.5,Sri Potti Sriramulu Nellore,76128533B55622097933343,contained_grid
14.25,79.75,Sri Potti Sriramulu Nellore,76128533B55622097933343,contained_grid
14.25,80.0,Sri Potti Sriramulu Nellore,76128533B55622097933343,contained_grid
14.5,74.5,Uttara Kannada,76128533B79180273895456,contained_grid
14.5,74.75,Uttara Kannada,76128533B79180273895456,contained_grid
14.5,75.0,Uttara Kannada,76128533B79180273895456,contained_grid
14.5,75.25,Shimoga,76128533B85389886560116,contained_grid
14.5,75.5,Haveri,76128533B86721175299079,contained_grid
14.5,75.75,Davanagere,76128533B49597693387243,contained_grid
14.5,76.0,Davanagere,76128533B49597693387243,contained_grid
14.5,76.25,Davanagere,76128533B49597693387243,contained_grid
14.5,76.5,Chitradurga,76128533B47594161132413,contained_grid
14.5,76.75,Chitradurga,76128533B47594161132413,contained_grid
14.5,77.0,Anantapur,76128533B52664671961643,contained_grid
14.5,77.25,Anantapur,76128533B52664671961643,contained_grid
14.5,77.5,Anantapur,76128533B52664671961643,contained_grid
14.5,77.75,Anantapur,76128533B52664671961643,contained_grid
14.5,78.0,Kadapa(YSR),76128533B72109128179340,contained_grid
14.5,78.25,Kadapa(YSR),76128533B72109128179340,contained_grid
14.5,78.5,Kadapa(YSR),76128533B72109128179340,contained_grid
14.5,78.75,Kadapa(YSR),76128533B72109128179340,contained_grid
14.5,79.0,Kadapa(YSR),76128533B72109128179340,contained_grid
14.5,79.25,Kadapa(YSR),76128533B72109128179340,contained_grid
14.5,79.5,Sri Potti Sriramulu Nellore,76128533B55622097933343,contained_grid
14.5,79.75,Sri Potti Sriramulu Nellore,76128533B55622097933343,contained_grid
14.5,80.0,Sri Potti Sriramulu Nellore,76128533B55622097933343,contained_grid
14.75,74.25,Uttara Kannada,76128533B79180273895456,contained_grid
14.75,74.5,Uttara Kannada,76128533B79180273895456,contained_grid
14.75,74.75,Uttara Kannada,76128533B79180273895456,contained_grid
14.75,75.0,Uttara Kannada,76128533B79180273895456,contained_grid
14.75,75.25,Haveri,76128533B86721175299079,contained_grid
14.75,75.5,Haveri,76128533B86721175299079,contained_grid
14.75,75.75,Bellary,76128533B92621859299479,contained_grid
14.75,76.0,Davanagere,76128533B49597693387243,contained_grid
14.75,76.25,Bellary,76128533B92621859299479,contained_grid
14.75,76.5,Bellary,76128533B92621859299479,contained_grid
14.75,76.75,Chitradurga,76128533B47594161132413,contained_grid
14.75,77.0,Anantapur,76128533B52664671961643,contained_grid
14.75,77.25,Anantapur,76128533B52664671961643,contained_grid
14.75,77.5,Anantapur,76128533B52664671961643,contained_grid
14.75,77.75,Anantapur,76128533B52664671961643,contained_grid
14.75,78.0,Anantapur,76128533B52664671961643,contained_grid
14.75,78.25,Kadapa(YSR),76128533B72109128179340,contained_grid
14.75,78.5,Kadapa(YSR),76128533B72109128179340,contained_grid
14.75,78.75,Kadapa(YSR),76128533B72109128179340,contained_grid
14.75,79.0,Kadapa(YSR),76128533B72109128179340,contained_grid
14.75,79.25,Sri Potti Sriramulu Nellore,76128533B55622097933343,contained_grid
14.75,79.5,Sri Potti Sriramulu Nellore,76128533B55622097933343,contained_grid
14.75,79.75,Sri Potti Sriramulu Nellore,76128533B55622097933343,contained_grid
14.75,80.0,Sri Potti Sriramulu Nellore,76128533B55622097933343,contained_grid
15.0,74.25,South Goa,76128533B63117839967753,contained_grid
15.0,74.5,Uttara Kannada,76128533B79180273895456,contained_grid
15.0,74.75,Uttara Kannada,76128533B79180273895456,contained_grid
15.0,75.0,Uttara Kannada,76128533B79180273895456,contained_grid
15.0,75.25,Haveri,76128533B86721175299079,contained_grid
15.0,75.5,Haveri,76128533B86721175299079,contained_grid
15.0,75.75,Gadag,76128533B33966968116377,contained_grid
15.0,76.0,Bellary,76128533B92621859299479,contained_grid
15.0,76.25,Bellary,76128533B92621859299479,contained_grid
15.0,76.5,Bellary,76128533B92621859299479,contained_grid
15.0,76.75,Bellary,76128533B92621859299479,contained_grid
15.0,77.0,Anantapur,76128533B52664671961643,contained_grid
15.0,77.25,Anantapur,76128533B52664671961643,contained_grid
15.0,77.5,Anantapur,76128533B52664671961643,contained_grid
15.0,77.75,Anantapur,76128533B52664671961643,contained_grid
15.0,78.0,Anantapur,76128533B52664671961643,contained_grid
15.0,78.25,Kadapa(YSR),76128533B72109128179340,contained_grid
15.0,78.5,Kadapa(YSR),76128533B72109128179340,contained_grid
15.0,78.75,Kadapa(YSR),76128533B72109128179340,contained_grid
15.0,79.0,Kadapa(YSR),76128533B72109128179340,contained_grid
15.0,79.25,Sri Potti Sriramulu Nellore,76128533B55622097933343,contained_grid
15.0,79.5,Sri Potti Sriramulu Nellore,76128533B55622097933343,contained_grid
15.0,79.75,Sri Potti Sriramulu Nellore,76128533B55622097933343,contained_grid
15.0,80.0,Prakasam,76128533B95075104846315,contained_grid
15.25,74.0,South Goa,76128533B63117839967753,contained_grid
15.25,74.25,South Goa,76128533B63117839967753,contained_grid
15.25,74.5,Uttara Kannada,76128533B79180273895456,contained_grid
15.25,74.75,Uttara Kannada,76128533B79180273895456,contained_grid
15.25,75.0,Dharwad,76128533B75110579117636,contained_grid
15.25,75.25,Dharwad,76128533B75110579117636,contained_grid
15.25,75.5,Gadag,76128533B33966968116377,contained_grid
15.25,75.75,Gadag,76128533B33966968116377,contained_grid
15.25,76.0,Koppal,76128533B79601545186231,contained_grid
15.25,76.25,Koppal,76128533B79601545186231,contained_grid
15.25,76.5,Bellary,76128533B92621859299479,contained_grid
15.25,76.75,Bellary,76128533B92621859299479,contained_grid
15.25,77.0,Bellary,76128533B92621859299479,contained_grid
15.25,77.25,Kurnool,76128533B28294794137747,contained_grid
15.25,77.5,Kurnool,76128533B28294794137747,contained_grid
15.25,77.75,Kurnool,76128533B28294794137747,contained_grid
15.25,78.0,Kurnool,76128533B28294794137747,contained_grid
15.25,78.25,Kurnool,76128533B28294794137747,contained_grid
15.25,78.5,Kurnool,76128533B28294794137747,contained_grid
15.25,78.75,Prakasam,76128533B95075104846315,contained_grid
15.25,79.0,Prakasam,76128533B95075104846315,contained_grid
15.25,79.25,Prakasam,76128533B95075104846315,contained_grid
15.25,79.5,Prakasam,76128533B95075104846315,contained_grid
15.25,79.75,Prakasam,76128533B95075104846315,contained_grid
15.25,80.0,Prakasam,76128533B95075104846315,contained_grid
15.5,74.0,North Goa,76128533B1711704044407,contained_grid
15.5,74.25,North Goa,76128533B1711704044407,contained_grid
15.5,74.5,Belgaum,76128533B74319098136622,contained_grid
15.5,74.75,Belgaum,76128533B74319098136622,contained_grid
15.5,75.0,Dharwad,76128533B75110579117636,contained_grid
15.5,75.25,Dharwad,76128533B75110579117636,contained_grid
15.5,75.5,Gadag,76128533B33966968116377,contained_grid
15.5,75.75,Gadag,76128533B33966968116377,contained_grid
15.5,76.0,Koppal,76128533B79601545186231,contained_grid
15.5,76.25,Koppal,76128533B79601545186231,contained_grid
15.5,76.5,Koppal,76128533B79601545186231,contained_grid
15.5,76.75,Koppal,76128533B79601545186231,contained_grid
15.5,77.0,Kurnool,76128533B28294794137747,contained_grid
15.5,77.25,Kurnool,76128533B28294794137747,contained_grid
15.5,77.5,Kurnool,76128533B28294794137747,contained_grid
15.5,77.75,Kurnool,76128533B28294794137747,contained_grid
15.5,78.0,Kurnool,76128533B28294794137747,contained_grid
15.5,78.25,Kurnool,76128533B28294794137747,contained_grid
15.5,78.5,Kurnool,76128533B28294794137747,contained_grid
15.5,78.75,Kurnool,76128533B28294794137747,contained_grid
15.5,79.0,Prakasam,76128533B95075104846315,contained_grid
15.5,79.25,Prakasam,76128533B95075104846315,contained_grid
15.5,79.5,Prakasam,76128533B95075104846315,contained_grid
15.5,79.75,Prakasam,76128533B95075104846315,contained_grid
15.5,80.0,Prakasam,76128533B95075104846315,contained_grid
15.75,73.75,Sindhudurg,76128533B39238815774480,contained_grid
15.75,74.0,Sindhudurg,76128533B39238815774480,contained_grid
15.75,74.25,Kolhapur,76128533B66719908763317,contained_grid
15.75,74.5,Belgaum,76128533B74319098136622,contained_grid
15.75,74.75,Belgaum,76128533B74319098136622,contained_grid
15.75,75.0,Belgaum,76128533B74319098136622,contained_grid
15.75,75.25,Belgaum,76128533B74319098136622,contained_grid
15.75,75.5,Gadag,76128533B33966968116377,contained_grid
15.75,75.75,Gadag,76128533B33966968116377,contained_grid
15.75,76.0,Gadag,76128533B33966968116377,contained_grid
15.75,76.25,Koppal,76128533B79601545186231,contained_grid
15.75,76.5,Raichur,76128533B284680734793,contained_grid
15.75,76.75,Raichur,76128533B284680734793,contained_grid
15.75,77.0,Bellary,76128533B92621859299479,contained_grid
15.75,77.25,Kurnool,76128533B28294794137747,contained_grid
15.75,77.5,Kurnool,76128533B28294794137747,contained_grid
15.75,77.75,Kurnool,76128533B28294794137747,contained_grid
15.75,78.0,Kurnool,76128533B28294794137747,contained_grid
15.75,78.25,Kurnool,76128533B28294794137747,contained_grid
15.75,78.5,Kurnool,76128533B28294794137747,contained_grid
15.75,78.75,Kurnool,76128533B28294794137747,contained_grid
15.75,79.0,Prakasam,76128533B95075104846315,contained_grid
15.75,79.25,Prakasam,76128533B95075104846315,contained_grid
15.75,79.5,Prakasam,76128533B95075104846315,contained_grid
15.75,79.75,Prakasam,76128533B95075104846315,contained_grid
15.75,80.0,Prakasam,76128533B95075104846315,contained_grid
15.75,80.25,Prakasam,76128533B95075104846315,contained_grid
16.0,73.5,Sindhudurg,76128533B39238815774480,contained_grid
16.0,73.75,Sindhudurg,76128533B39238815774480,contained_grid
16.0,74.0,Sindhudurg,76128533B39238815774480,contained_grid
16.0,74.25,Kolhapur,76128533B66719908763317,contained_grid
16.0,74.5,Belgaum,76128533B74319098136622,contained_grid
16.0,74.75,Belgaum,76128533B74319098136622,contained_grid
16.0,75.0,Belgaum,76128533B74319098136622,contained_grid
16.0,75.25,Belgaum,76128533B74319098136622,contained_grid
16.0,75.5,Bagalkot,76128533B83278580643229,contained_grid
16.0,75.75,Bagalkot,76128533B83278580643229,contained_grid
16.0,76.0,Koppal,76128533B79601545186231,contained_grid
16.0,76.25,Bagalkot,76128533B83278580643229,contained_grid
16.0,76.5,Raichur,76128533B284680734793,contained_grid
16.0,76.75,Raichur,76128533B284680734793,contained_grid
16.0,77.0,Raichur,76128533B284680734793,contained_grid
16.0,77.25,Raichur,76128533B284680734793,contained_grid
16.0,77.5,Raichur,76128533B284680734793,contained_grid
16.0,77.75,Jogulamba,76128533B72829420975835,contained_grid
16.0,78.0,Jogulamba,76128533B72829420975835,contained_grid
16.0,78.25,Wanaparthy,76128533B49394025943542,contained_grid
16.0,78.5,Kurnool,76128533B28294794137747,contained_grid
16.0,78.75,Kurnool,76128533B28294794137747,contained_grid
16.0,79.0,Prakasam,76128533B95075104846315,contained_grid
16.0,79.25,Prakasam,76128533B95075104846315,contained_grid
16.0,79.5,Prakasam,76128533B95075104846315,contained_grid
16.0,79.75,Guntur,76128533B72541188260561,contained_grid
16.0,80.0,Prakasam,76128533B95075104846315,contained_grid
16.0,80.25,Prakasam,76128533B95075104846315,contained_grid
16.0,80.5,Guntur,76128533B72541188260561,contained_grid
16.0,80.75,Guntur,76128533B72541188260561,contained_grid
16.0,81.0,Krishna,76128533B4481773749911,contained_grid
16.25,73.5,Sindhudurg,76128533B39238815774480,contained_grid
16.25,73.75,Sindhudurg,76128533B39238815774480,contained_grid
16.25,74.0,Kolhapur,76128533B66719908763317,contained_grid
16.25,74.25,Kolhapur,76128533B66719908763317,contained_grid
16.25,74.5,Belgaum,76128533B74319098136622,contained_grid
16.25,74.75,Belgaum,76128533B74319098136622,contained_grid
16.25,75.0,Belgaum,76128533B74319098136622,contained_grid
16.25,75.25,Bagalkot,76128533B83278580643229,contained_grid
16.25,75.5,Bagalkot,76128533B83278580643229,contained_grid
16.25,75.75,Bagalkot,76128533B83278580643229,contained_grid
16.25,76.0,Bagalkot,76128533B83278580643229,contained_grid
16.25,76.25,Bijapur,76128533B40495457052818,contained_grid
16.25,76.5,Raichur,76128533B284680734793,contained_grid
16.25,76.75,Raichur,76128533B284680734793,contained_grid
16.25,77.0,Raichur,76128533B284680734793,contained_grid
16.25,77.25,Raichur,76128533B284680734793,contained_grid
16.25,77.5,Jogulamba,76128533B72829420975835,contained_grid
16.25,77.75,Jogulamba,76128533B72829420975835,contained_grid
16.25,78.0,Wanaparthy,76128533B49394025943542,contained_grid
16.25,78.25,Nagarkurnool,76128533B31246189674263,contained_grid
16.25,78.5,Nagarkurnool,76128533B31246189674263,contained_grid
16.25,78.75,Nagarkurnool,76128533B31246189674263,contained_grid
16.25,79.0,Nagarkurnool,76128533B31246189674263,contained_grid
16.25,79.25,Guntur,76128533B72541188260561,contained_grid
16.25,79.5,Prakasam,76128533B95075104846315,contained_grid
16.25,79.75,Guntur,76128533B72541188260561,contained_grid
16.25,80.0,Guntur,76128533B72541188260561,contained_grid
16.25,80.25,Guntur,76128533B72541188260561,contained_grid
16.25,80.5,Guntur,76128533B72541188260561,contained_grid
16.25,80.75,Guntur,76128533B72541188260561,contained_grid
16.25,81.0,Krishna,76128533B4481773749911,contained_grid
16.5,73.5,Sindhudurg,76128533B39238815774480,contained_grid
16.5,73.75,Sindhudurg,76128533B39238815774480,contained_grid
16.5,74.0,Kolhapur,76128533B66719908763317,contained_grid
16.5,74.25,Kolhapur,76128533B66719908763317,contained_grid
16.5,74.5,Belgaum,76128533B74319098136622,contained_grid
16.5,74.75,Belgaum,76128533B74319098136622,contained_grid
16.5,75.0,Bagalkot,76128533B83278580643229,contained_grid
16.5,75.25,Bagalkot,76128533B83278580643229,contained_grid
16.5,75.5,Bijapur,76128533B40495457052818,contained_grid
16.5,75.75,Bijapur,76128533B40495457052818,contained_grid
16.5,76.0,Bijapur,76128533B40495457052818,contained_grid
16.5,76.25,Bijapur,76128533B40495457052818,contained_grid
16.5,76.5,Yadgir,76128533B84927972855096,contained_grid
16.5,76.75,Yadgir,76128533B84927972855096,contained_grid
16.5,77.0,Raichur,76128533B284680734793,contained_grid
16.5,77.25,Yadgir,76128533B84927972855096,contained_grid
16.5,77.5,Narayanpet,76128533B14968875277413,contained_grid
16.5,77.75,Mahabubnagar,76128533B58170186574016,contained_grid
16.5,78.0,Wanaparthy,76128533B49394025943542,contained_grid
16.5,78.25,Nagarkurnool,76128533B31246189674263,contained_grid
16.5,78.5,Nagarkurnool,76128533B31246189674263,contained_grid
16.5,78.75,Nagarkurnool,76128533B31246189674263,contained_grid
16.5,79.0,Nalgonda,76128533B8892495882090,contained_grid
16.5,79.25,Guntur,76128533B72541188260561,contained_grid
16.5,79.5,Guntur,76128533B72541188260561,contained_grid
16.5,79.75,Guntur,76128533B72541188260561,contained_grid
16.5,80.0,Guntur,76128533B72541188260561,contained_grid
16.5,80.25,Guntur,76128533B72541188260561,contained_grid
16.5,80.5,Guntur,76128533B72541188260561,contained_grid
16.5,80.75,Krishna,76128533B4481773749911,contained_grid
16.5,81.0,Krishna,76128533B4481773749911,contained_grid
16.5,81.25,Krishna,76128533B4481773749911,contained_grid
16.5,81.5,West Godavari,76128533B19792346411952,contained_grid
16.5,81.75,West Godavari,76128533B19792346411952,contained_grid
16.5,82.0,East Godavari,76128533B29138015770556,contained_grid
16.75,73.5,Ratnagiri,76128533B8575303957680,contained_grid
16.75,73.75,Ratnagiri,76128533B8575303957680,contained_grid
16.75,74.0,Kolhapur,76128533B66719908763317,contained_grid
16.75,74.25,Kolhapur,76128533B66719908763317,contained_grid
16.75,74.5,Kolhapur,76128533B66719908763317,contained_grid
16.75,74.75,Sangli,76128533B9892158671522,contained_grid
16.75,75.0,Belgaum,76128533B74319098136622,contained_grid
16.75,75.25,Belgaum,76128533B74319098136622,contained_grid
16.75,75.5,Bijapur,76128533B40495457052818,contained_grid
16.75,75.75,Bijapur,76128533B40495457052818,contained_grid
16.75,76.0,Bijapur,76128533B40495457052818,contained_grid
16.75,76.25,Bijapur,76128533B40495457052818,contained_grid
16.75,76.5,Gulbarga,76128533B1083016608278,contained_grid
16.75,76.75,Yadgir,76128533B84927972855096,contained_grid
16.75,77.0,Yadgir,76128533B84927972855096,contained_grid
16.75,77.25,Yadgir,76128533B84927972855096,contained_grid
16.75,77.5,Narayanpet,76128533B14968875277413,contained_grid
16.75,77.75,Mahabubnagar,76128533B58170186574016,contained_grid
16.75,78.0,Mahabubnagar,76128533B58170186574016,contained_grid
16.75,78.25,Mahabubnagar,76128533B58170186574016,contained_grid
16.75,78.5,Nagarkurnool,76128533B31246189674263,contained_grid
16.75,78.75,Nagarkurnool,76128533B31246189674263,contained_grid
16.75,79.0,Nalgonda,76128533B8892495882090,contained_grid
16.75,79.25,Nalgonda,76128533B8892495882090,contained_grid
16.75,79.5,Nalgonda,76128533B8892495882090,contained_grid
16.75,79.75,Suryapet,76128533B24594618908349,contained_grid
16.75,80.0,Suryapet,76128533B24594618908349,contained_grid
16.75,80.25,Krishna,76128533B4481773749911,contained_grid
16.75,80.5,Krishna,76128533B4481773749911,contained_grid
16.75,80.75,Krishna,76128533B4481773749911,contained_grid
16.75,81.0,Krishna,76128533B4481773749911,contained_grid
16.75,81.25,West Godavari,76128533B19792346411952,contained_grid
16.75,81.5,West Godavari,76128533B19792346411952,contained_grid
16.75,81.75,West Godavari,76128533B19792346411952,contained_grid
16.75,82.0,East Godavari,76128533B29138015770556,contained_grid
16.75,82.25,East Godavari,76128533B29138015770556,contained_grid
17.0,73.5,Ratnagiri,76128533B8575303957680,contained_grid
17.0,73.75,Ratnagiri,76128533B8575303957680,contained_grid
17.0,74.0,Sangli,76128533B9892158671522,contained_grid
17.0,74.25,Sangli,76128533B9892158671522,contained_grid
17.0,74.5,Sangli,76128533B9892158671522,contained_grid
17.0,74.75,Sangli,76128533B9892158671522,contained_grid
17.0,75.0,Sangli,76128533B9892158671522,contained_grid
17.0,75.25,Sangli,76128533B9892158671522,contained_grid
17.0,75.5,Sangli,76128533B9892158671522,contained_grid
17.0,75.75,Bijapur,76128533B40495457052818,contained_grid
17.0,76.0,Bijapur,76128533B40495457052818,contained_grid
17.0,76.25,Bijapur,76128533B40495457052818,contained_grid
17.0,76.5,Gulbarga,76128533B1083016608278,contained_grid
17.0,76.75,Gulbarga,76128533B1083016608278,contained_grid
17.0,77.0,Gulbarga,76128533B1083016608278,contained_grid
17.0,77.25,Gulbarga,76128533B1083016608278,contained_grid
17.0,77.5,Vikarabad,76128533B74887942950962,contained_grid
17.0,77.75,Narayanpet,76128533B14968875277413,contained_grid
17.0,78.0,Rangareddy,76128533B31175522938788,contained_grid
17.0,78.25,Rangareddy,76128533B31175522938788,contained_grid
17.0,78.5,Rangareddy,76128533B31175522938788,contained_grid
17.0,78.75,Rangareddy,76128533B31175522938788,contained_grid
17.0,79.0,Nalgonda,76128533B8892495882090,contained_grid
17.0,79.25,Nalgonda,76128533B8892495882090,contained_grid
17.0,79.5,Nalgonda,76128533B8892495882090,contained_grid
17.0,79.75,Suryapet,76128533B24594618908349,contained_grid
17.0,80.0,Suryapet,76128533B24594618908349,contained_grid
17.0,80.25,Krishna,76128533B4481773749911,contained_grid
17.0,80.5,Krishna,76128533B4481773749911,contained_grid
17.0,80.75,Krishna,76128533B4481773749911,contained_grid
17.0,81.0,West Godavari,76128533B19792346411952,contained_grid
17.0,81.25,West Godavari,76128533B19792346411952,contained_grid
17.0,81.5,West Godavari,76128533B19792346411952,contained_grid
17.0,81.75,West Godavari,76128533B19792346411952,contained_grid
17.0,82.0,East Godavari,76128533B29138015770556,contained_grid
17.0,82.25,East Godavari,76128533B29138015770556,contained_grid
17.25,73.25,Ratnagiri,76128533B8575303957680,contained_grid
17.25,73.5,Ratnagiri,76128533B8575303957680,contained_grid
17.25,73.75,Satara,76128533B93152786731267,contained_grid
17.25,74.0,Satara,76128533B93152786731267,contained_grid
17.25,74.25,Satara,76128533B93152786731267,contained_grid
17.25,74.5,Sangli,76128533B9892158671522,contained_grid
17.25,74.75,Sangli,76128533B9892158671522,contained_grid
17.25,75.0,Solapur,76128533B62490300334729,contained_grid
17.25,75.25,Solapur,76128533B62490300334729,contained_grid
17.25,75.5,Solapur,76128533B62490300334729,contained_grid
17.25,75.75,Bijapur,76128533B40495457052818,contained_grid
17.25,76.0,Bijapur,76128533B40495457052818,contained_grid
17.25,76.25,Gulbarga,76128533B1083016608278,contained_grid
17.25,76.5,Gulbarga,76128533B1083016608278,contained_grid
17.25,76.75,Gulbarga,76128533B1083016608278,contained_grid
17.25,77.0,Gulbarga,76128533B1083016608278,contained_grid
17.25,77.25,Gulbarga,76128533B1083016608278,contained_grid
17.25,77.5,Vikarabad,76128533B74887942950962,contained_grid
17.25,77.75,Vikarabad,76128533B74887942950962,contained_grid
17.25,78.0,Vikarabad,76128533B74887942950962,contained_grid
17.25,78.25,Rangareddy,76128533B31175522938788,contained_grid
17.25,78.5,Rangareddy,76128533B31175522938788,contained_grid
17.25,78.75,Rangareddy,76128533B31175522938788,contained_grid
17.25,79.0,Nalgonda,76128533B8892495882090,contained_grid
17.25,79.25,Nalgonda,76128533B8892495882090,contained_grid
17.25,79.5,Suryapet,76128533B24594618908349,contained_grid
17.25,79.75,Suryapet,76128533B24594618908349,contained_grid
17.25,80.0,Khammam,76128533B96571577519224,contained_grid
17.25,80.25,Khammam,76128533B96571577519224,contained_grid
17.25,80.5,Khammam,76128533B96571577519224,contained_grid
17.25,80.75,Khammam,76128533B96571577519224,contained_grid
17.25,81.0,Bhadradri,76128533B30246762498957,contained_grid
17.25,81.25,West Godavari,76128533B19792346411952,contained_grid
17.25,81.5,West Godavari,76128533B19792346411952,contained_grid
17.25,81.75,East Godavari,76128533B29138015770556,contained_grid
17.25,82.0,East Godavari,76128533B29138015770556,contained_grid
17.25,82.25,East Godavari,76128533B29138015770556,contained_grid
17.25,82.5,East Godavari,76128533B29138015770556,contained_grid
17.5,73.25,Ratnagiri,76128533B8575303957680,contained_grid
17.5,73.5,Ratnagiri,76128533B8575303957680,contained_grid
17.5,73.75,Satara,76128533B93152786731267,contained_grid
17.5,74.0,Satara,76128533B93152786731267,contained_grid
17.5,74.25,Satara,76128533B93152786731267,contained_grid
17.5,74.5,Satara,76128533B93152786731267,contained_grid
17.5,74.75,Satara,76128533B93152786731267,contained_grid
17.5,75.0,Solapur,76128533B62490300334729,contained_grid
17.5,75.25,Solapur,76128533B62490300334729,contained_grid
17.5,75.5,Solapur,76128533B62490300334729,contained_grid
17.5,75.75,Solapur,76128533B62490300334729,contained_grid
17.5,76.0,Solapur,76128533B62490300334729,contained_grid
17.5,76.25,Solapur,76128533B62490300334729,contained_grid
17.5,76.5,Gulbarga,76128533B1083016608278,contained_grid
17.5,76.75,Gulbarga,76128533B1083016608278,contained_grid
17.5,77.0,Gulbarga,76128533B1083016608278,contained_grid
17.5,77.25,Gulbarga,76128533B1083016608278,contained_grid
17.5,77.5,Gulbarga,76128533B1083016608278,contained_grid
17.5,77.75,Vikarabad,76128533B74887942950962,contained_grid
17.5,78.0,Sangareddy,76128533B40480360118262,contained_grid
17.5,78.25,Sangareddy,76128533B40480360118262,contained_grid
17.5,78.5,Hydrabad,76128533B84676164211579,contained_grid
17.5,78.75,Yadadri Bhongiri,76128533B85157820615002,contained_grid
17.5,79.0,Yadadri Bhongiri,76128533B85157820615002,contained_grid
17.5,79.25,Yadadri Bhongiri,76128533B85157820615002,contained_grid
17.5,79.5,Jangaon,76128533B8930157583904,contained_grid
17.5,79.75,Mahabubabad,76128533B28290181894983,contained_grid
17.5,80.0,Mahabubabad,76128533B28290181894983,contained_grid
17.5,80.25,Khammam,76128533B96571577519224,contained_grid
17.5,80.5,Bhadradri,76128533B30246762498957,contained_grid
17.5,80.75,Bhadradri,76128533B30246762498957,contained_grid
17.5,81.0,Bhadradri,76128533B30246762498957,contained_grid
17.5,81.25,Bhadradri,76128533B30246762498957,contained_grid
17.5,81.5,Bhadradri,76128533B30246762498957,contained_grid
17.5,81.75,East Godavari,76128533B29138015770556,contained_grid
17.5,82.0,East Godavari,76128533B29138015770556,contained_grid
17.5,82.25,East Godavari,76128533B29138015770556,contained_grid
17.5,82.5,East Godavari,76128533B29138015770556,contained_grid
17.5,82.75,Visakhapatnam,76128533B71485440235524,contained_grid
17.5,83.0,Visakhapatnam,76128533B71485440235524,contained_grid
17.75,73.25,Ratnagiri,76128533B8575303957680,contained_grid
17.75,73.5,Ratnagiri,76128533B8575303957680,contained_grid
17.75,73.75,Satara,76128533B93152786731267,contained_grid
17.75,74.0,Satara,76128533B93152786731267,contained_grid
17.75,74.25,Satara,76128533B93152786731267,contained_grid
17.75,74.5,Satara,76128533B93152786731267,contained_grid
17.75,74.75,Satara,76128533B93152786731267,contained_grid
17.75,75.0,Solapur,76128533B62490300334729,contained_grid
17.75,75.25,Solapur,76128533B62490300334729,contained_grid
17.75,75.5,Solapur,76128533B62490300334729,contained_grid
17.75,75.75,Solapur,76128533B62490300334729,contained_grid
17.75,76.0,Solapur,76128533B62490300334729,contained_grid
17.75,76.25,Osmanabad,76128533B20474666262371,contained_grid
17.75,76.5,Osmanabad,76128533B20474666262371,contained_grid
17.75,76.75,Bidar,76128533B9794868259401,contained_grid
17.75,77.0,Bidar,76128533B9794868259401,contained_grid
17.75,77.25,Bidar,76128533B9794868259401,contained_grid
17.75,77.5,Bidar,76128533B9794868259401,contained_grid
17.75,77.75,Sangareddy,76128533B40480360118262,contained_grid
17.75,78.0,Sangareddy,76128533B40480360118262,contained_grid
17.75,78.25,Medak,76128533B97126567441665,contained_grid
17.75,78.5,Medak,76128533B97126567441665,contained_grid
17.75,78.75,Siddipet,76128533B31111781432113,contained_grid
17.75,79.0,Yadadri Bhongiri,76128533B85157820615002,contained_grid
17.75,79.25,Jangaon,76128533B8930157583904,contained_grid
17.75,79.5,Jangaon,76128533B8930157583904,contained_grid
17.75,79.75,Warangal (R),76128533B63833971372360,contained_grid
17.75,80.0,Mahabubabad,76128533B28290181894983,contained_grid
17.75,80.25,Bhadradri,76128533B30246762498957,contained_grid
17.75,80.5,Bhadradri,76128533B30246762498957,contained_grid
17.75,80.75,Bhadradri,76128533B30246762498957,contained_grid
17.75,81.0,Bhadradri,76128533B30246762498957,contained_grid
17.75,81.25,Bhadradri,76128533B30246762498957,contained_grid
17.75,81.5,Bhadradri,76128533B30246762498957,contained_grid
17.75,81.75,East Godavari,76128533B29138015770556,contained_grid
17.75,82.0,East Godavari,76128533B29138015770556,contained_grid
17.75,82.25,Visakhapatnam,76128533B71485440235524,contained_grid
17.75,82.5,Visakhapatnam,76128533B71485440235524,contained_grid
17.75,82.75,Visakhapatnam,76128533B71485440235524,contained_grid
17.75,83.0,Visakhapatnam,76128533B71485440235524,contained_grid
17.75,83.25,Visakhapatnam,76128533B71485440235524,contained_grid
18.0,73.25,Ratnagiri,76128533B8575303957680,contained_grid
18.0,73.5,Raigarh,76128533B99895802074414,contained_grid
18.0,73.75,Satara,76128533B93152786731267,contained_grid
18.0,74.0,Satara,76128533B93152786731267,contained_grid
18.0,74.25,Satara,76128533B93152786731267,contained_grid
18.0,74.5,Satara,76128533B93152786731267,contained_grid
18.0,74.75,Solapur,76128533B62490300334729,contained_grid
18.0,75.0,Pune,76128533B71380851181380,contained_grid
18.0,75.25,Solapur,76128533B62490300334729,contained_grid
18.0,75.5,Solapur,76128533B62490300334729,contained_grid
18.0,75.75,Solapur,76128533B62490300334729,contained_grid
18.0,76.0,Solapur,76128533B62490300334729,contained_grid
18.0,76.25,Osmanabad,76128533B20474666262371,contained_grid
18.0,76.5,Osmanabad,76128533B20474666262371,contained_grid
18.0,76.75,Latur,76128533B98050240849249,contained_grid
18.0,77.0,Bidar,76128533B9794868259401,contained_grid
18.0,77.25,Bidar,76128533B9794868259401,contained_grid
18.0,77.5,Bidar,76128533B9794868259401,contained_grid
18.0,77.75,Sangareddy,76128533B40480360118262,contained_grid
18.0,78.0,Medak,76128533B97126567441665,contained_grid
18.0,78.25,Medak,76128533B97126567441665,contained_grid
18.0,78.5,Medak,76128533B97126567441665,contained_grid
18.0,78.75,Siddipet,76128533B31111781432113,contained_grid
18.0,79.0,Siddipet,76128533B31111781432113,contained_grid
18.0,79.25,Siddipet,76128533B31111781432113,contained_grid
18.0,79.5,Warangal (U),76128533B34824326075805,contained_grid
18.0,79.75,Warangal (R),76128533B63833971372360,contained_grid
18.0,80.0,Mahabubabad,76128533B28290181894983,contained_grid
18.0,80.25,Mahabubabad,76128533B28290181894983,contained_grid
18.0,80.5,Bhadradri,76128533B30246762498957,contained_grid
18.0,80.75,Bhadradri,76128533B30246762498957,contained_grid
18.0,81.0,Sukma,76128533B53316015271969,contained_grid
18.0,81.25,Sukma,76128533B53316015271969,contained_grid
18.0,81.5,Malkangiri,76128533B85917349021677,contained_grid
18.0,81.75,Malkangiri,76128533B85917349021677,contained_grid
18.0,82.0,Visakhapatnam,76128533B71485440235524,contained_grid
18.0,82.25,Malkangiri,76128533B85917349021677,contained_grid
18.0,82.5,Visakhapatnam,76128533B71485440235524,contained_grid
18.0,82.75,Visakhapatnam,76128533B71485440235524,contained_grid
18.0,83.0,Visakhapatnam,76128533B71485440235524,contained_grid
18.0,83.25,Vizianagaram,76128533B36164606132718,contained_grid
18.0,83.5,Vizianagaram,76128533B36164606132718,contained_grid
18.25,73.0,Raigarh,76128533B99895802074414,contained_grid
18.25,73.25,Raigarh,76128533B99895802074414,contained_grid
18.25,73.5,Raigarh,76128533B99895802074414,contained_grid
18.25,73.75,Pune,76128533B71380851181380,contained_grid
18.25,74.0,Pune,76128533B71380851181380,contained_grid
18.25,74.25,Pune,76128533B71380851181380,contained_grid
18.25,74.5,Pune,76128533B71380851181380,contained_grid
18.25,74.75,Pune,76128533B71380851181380,contained_grid
18.25,75.0,Solapur,76128533B62490300334729,contained_grid
18.25,75.25,Solapur,76128533B62490300334729,contained_grid
18.25,75.5,Osmanabad,76128533B20474666262371,contained_grid
18.25,75.75,Solapur,76128533B62490300334729,contained_grid
18.25,76.0,Osmanabad,76128533B20474666262371,contained_grid
18.25,76.25,Osmanabad,76128533B20474666262371,contained_grid
18.25,76.5,Latur,76128533B98050240849249,contained_grid
18.25,76.75,Latur,76128533B98050240849249,contained_grid
18.25,77.0,Latur,76128533B98050240849249,contained_grid
18.25,77.25,Bidar,76128533B9794868259401,contained_grid
18.25,77.5,Bidar,76128533B9794868259401,contained_grid
18.25,77.75,Kamareddy,76128533B21068662878849,contained_grid
18.25,78.0,Kamareddy,76128533B21068662878849,contained_grid
18.25,78.25,Kamareddy,76128533B21068662878849,contained_grid
18.25,78.5,Kamareddy,76128533B21068662878849,contained_grid
18.25,78.75,Rajanna Sircilla,76128533B21485897206517,contained_grid
18.25,79.0,Siddipet,76128533B31111781432113,contained_grid
18.25,79.25,Karimnagar,76128533B58104976570569,contained_grid
18.25,79.5,Karimnagar,76128533B58104976570569,contained_grid
18.25,79.75,Jayashankar,76128533B60322704115131,contained_grid
18.25,80.0,Mulugu,76128533B84398038505400,contained_grid
18.25,80.25,Mulugu,76128533B84398038505400,contained_grid
18.25,80.5,Mulugu,76128533B84398038505400,contained_grid
18.25,80.75,Bhadradri,76128533B30246762498957,contained_grid
18.25,81.0,Bijapur,76128533B66145460152555,contained_grid
18.25,81.25,Sukma,76128533B53316015271969,contained_grid
18.25,81.5,Sukma,76128533B53316015271969,contained_grid
18.25,81.75,Malkangiri,76128533B85917349021677,contained_grid
18.25,82.0,Malkangiri,76128533B85917349021677,contained_grid
18.25,82.25,Malkangiri,76128533B85917349021677,contained_grid
18.25,82.5,Visakhapatnam,76128533B71485440235524,contained_grid
18.25,82.75,Visakhapatnam,76128533B71485440235524,contained_grid
18.25,83.0,Visakhapatnam,76128533B71485440235524,contained_grid
18.25,83.25,Visakhapatnam,76128533B71485440235524,contained_grid
18.25,83.5,Vizianagaram,76128533B36164606132718,contained_grid
18.25,83.75,Srikakulam,76128533B59405966069108,contained_grid
18.25,84.0,Srikakulam,76128533B59405966069108,contained_grid
18.5,73.0,Raigarh,76128533B99895802074414,contained_grid
18.5,73.25,Raigarh,76128533B99895802074414,contained_grid
18.5,73.5,Pune,76128533B71380851181380,contained_grid
18.5,73.75,Pune,76128533B71380851181380,contained_grid
18.5,74.0,Pune,76128533B71380851181380,contained_grid
18.5,74.25,Pune,76128533B71380851181380,contained_grid
18.5,74.5,Pune,76128533B71380851181380,contained_grid
18.5,74.75,Ahmadnagar,76128533B47816398970283,contained_grid
18.5,75.0,Ahmadnagar,76128533B47816398970283,contained_grid
18.5,75.25,Solapur,76128533B62490300334729,contained_grid
18.5,75.5,Osmanabad,76128533B20474666262371,contained_grid
18.5,75.75,Osmanabad,76128533B20474666262371,contained_grid
18.5,76.0,Osmanabad,76128533B20474666262371,contained_grid
18.5,76.25,Osmanabad,76128533B20474666262371,contained_grid
18.5,76.5,Latur,76128533B98050240849249,contained_grid
18.5,76.75,Latur,76128533B98050240849249,contained_grid
18.5,77.0,Latur,76128533B98050240849249,contained_grid
18.5,77.25,Nanded,76128533B63783580004876,contained_grid
18.5,77.5,Nanded,76128533B63783580004876,contained_grid
18.5,77.75,Kamareddy,76128533B21068662878849,contained_grid
18.5,78.0,Nizamabad,76128533B58493775523243,contained_grid
18.5,78.25,Nizamabad,76128533B58493775523243,contained_grid
18.5,78.5,Nizamabad,76128533B58493775523243,contained_grid
18.5,78.75,Rajanna Sircilla,76128533B21485897206517,contained_grid
18.5,79.0,Karimnagar,76128533B58104976570569,contained_grid
18.5,79.25,Peddapalli,76128533B53373614632193,contained_grid
18.5,79.5,Peddapalli,76128533B53373614632193,contained_grid
18.5,79.75,Jayashankar,76128533B60322704115131,contained_grid
18.5,80.0,Jayashankar,76128533B60322704115131,contained_grid
18.5,80.25,Mulugu,76128533B84398038505400,contained_grid
18.5,80.5,Bhadradri,76128533B30246762498957,contained_grid
18.5,80.75,Bijapur,76128533B66145460152555,contained_grid
18.5,81.0,Bijapur,76128533B66145460152555,contained_grid
18.5,81.25,Sukma,76128533B53316015271969,contained_grid
18.5,81.5,Sukma,76128533B53316015271969,contained_grid
18.5,81.75,Sukma,76128533B53316015271969,contained_grid
18.5,82.0,Malkangiri,76128533B85917349021677,contained_grid
18.5,82.25,Malkangiri,76128533B85917349021677,contained_grid
18.5,82.5,Visakhapatnam,76128533B71485440235524,contained_grid
18.5,82.75,Koraput,76128533B47448948912370,contained_grid
18.5,83.0,Koraput,76128533B47448948912370,contained_grid
18.5,83.25,Vizianagaram,76128533B36164606132718,contained_grid
18.5,83.5,Vizianagaram,76128533B36164606132718,contained_grid
18.5,83.75,Srikakulam,76128533B59405966069108,contained_grid
18.5,84.0,Srikakulam,76128533B59405966069108,contained_grid
18.5,84.25,Srikakulam,76128533B59405966069108,contained_grid
18.75,73.0,Raigarh,76128533B99895802074414,contained_grid
18.75,73.25,Raigarh,76128533B99895802074414,contained_grid
18.75,73.5,Pune,76128533B71380851181380,contained_grid
18.75,73.75,Pune,76128533B71380851181380,contained_grid
18.75,74.0,Pune,76128533B71380851181380,contained_grid
18.75,74.25,Pune,76128533B71380851181380,contained_grid
18.75,74.5,Ahmadnagar,76128533B47816398970283,contained_grid
18.75,74.75,Ahmadnagar,76128533B47816398970283,contained_grid
18.75,75.0,Ahmadnagar,76128533B47816398970283,contained_grid
18.75,75.25,Bid,76128533B5215906594478,contained_grid
18.75,75.5,Bid,76128533B5215906594478,contained_grid
18.75,75.75,Bid,76128533B5215906594478,contained_grid
18.75,76.0,Bid,76128533B5215906594478,contained_grid
18.75,76.25,Bid,76128533B5215906594478,contained_grid
18.75,76.5,Bid,76128533B5215906594478,contained_grid
18.75,76.75,Latur,76128533B98050240849249,contained_grid
18.75,77.0,Latur,76128533B98050240849249,contained_grid
18.75,77.25,Nanded,76128533B63783580004876,contained_grid
18.75,77.5,Nanded,76128533B63783580004876,contained_grid
18.75,77.75,Nanded,76128533B63783580004876,contained_grid
18.75,78.0,Nizamabad,76128533B58493775523243,contained_grid
18.75,78.25,Nizamabad,76128533B58493775523243,contained_grid
18.75,78.5,Nizamabad,76128533B58493775523243,contained_grid
18.75,78.75,Jagtial,76128533B67054925852429,contained_grid
18.75,79.0,Jagtial,76128533B67054925852429,contained_grid
18.75,79.25,Peddapalli,76128533B53373614632193,contained_grid
18.75,79.5,Peddapalli,76128533B53373614632193,contained_grid
18.75,79.75,Mancherial,76128533B53018054761164,contained_grid
18.75,80.0,Jayashankar,76128533B60322704115131,contained_grid
18.75,80.25,Gadchiroli,76128533B36958871695926,contained_grid
18.75,80.5,Bijapur,76128533B66145460152555,contained_grid
18.75,80.75,Bijapur,76128533B66145460152555,contained_grid
18.75,81.0,Bijapur,76128533B66145460152555,contained_grid
18.75,81.25,Dakshin Bastar Dantewada,76128533B14292125820380,contained_grid
18.75,81.5,Dakshin Bastar Dantewada,76128533B14292125820380,contained_grid
18.75,81.75,Dakshin Bastar Dantewada,76128533B14292125820380,contained_grid
18.75,82.0,Bastar,76128533B47840093719460,contained_grid
18.75,82.25,Koraput,76128533B47448948912370,contained_grid
18.75,82.5,Koraput,76128533B47448948912370,contained_grid
18.75,82.75,Koraput,76128533B47448948912370,contained_grid
18.75,83.0,Koraput,76128533B47448948912370,contained_grid
18.75,83.25,Vizianagaram,76128533B36164606132718,contained_grid
18.75,83.5,Vizianagaram,76128533B36164606132718,contained_grid
18.75,83.75,Srikakulam,76128533B59405966069108,contained_grid
18.75,84.0,Srikakulam,76128533B59405966069108,contained_grid
18.75,84.25,Srikakulam,76128533B59405966069108,contained_grid
18.75,84.5,Srikakulam,76128533B59405966069108,contained_grid
19.0,73.25,Raigarh,76128533B99895802074414,contained_grid
19.0,73.5,Raigarh,76128533B99895802074414,contained_grid
19.0,73.75,Pune,76128533B71380851181380,contained_grid
19.0,74.0,Pune,76128533B71380851181380,contained_grid
19.0,74.25,Ahmadnagar,76128533B47816398970283,contained_grid
19.0,74.5,Ahmadnagar,76128533B47816398970283,contained_grid
19.0,74.75,Ahmadnagar,76128533B47816398970283,contained_grid
19.0,75.0,Bid,76128533B5215906594478,contained_grid
19.0,75.25,Bid,76128533B5215906594478,contained_grid
19.0,75.5,Bid,76128533B5215906594478,contained_grid
19.0,75.75,Bid,76128533B5215906594478,contained_grid
19.0,76.0,Bid,76128533B5215906594478,contained_grid
19.0,76.25,Bid,76128533B5215906594478,contained_grid
19.0,76.5,Parbhani,76128533B27609096170969,contained_grid
19.0,76.75,Parbhani,76128533B27609096170969,contained_grid
19.0,77.0,Parbhani,76128533B27609096170969,contained_grid
19.0,77.25,Nanded,76128533B63783580004876,contained_grid
19.0,77.5,Nanded,76128533B63783580004876,contained_grid
19.0,77.75,Nanded,76128533B63783580004876,contained_grid
19.0,78.0,Nirmal,76128533B25280172436550,contained_grid
19.0,78.25,Nizamabad,76128533B58493775523243,contained_grid
19.0,78.5,Nirmal,76128533B25280172436550,contained_grid
19.0,78.75,Jagtial,76128533B67054925852429,contained_grid
19.0,79.0,Jagtial,76128533B67054925852429,contained_grid
19.0,79.25,Mancherial,76128533B53018054761164,contained_grid
19.0,79.5,Mancherial,76128533B53018054761164,contained_grid
19.0,79.75,Mancherial,76128533B53018054761164,contained_grid
19.0,80.0,Gadchiroli,76128533B36958871695926,contained_grid
19.0,80.25,Gadchiroli,76128533B36958871695926,contained_grid
19.0,80.5,Bijapur,76128533B66145460152555,contained_grid
19.0,80.75,Bijapur,76128533B66145460152555,contained_grid
19.0,81.0,Bijapur,76128533B66145460152555,contained_grid
19.0,81.25,Dakshin Bastar Dantewada,76128533B14292125820380,contained_grid
19.0,81.5,Bastar,76128533B47840093719460,contained_grid
19.0,81.75,Bastar,76128533B47840093719460,contained_grid
19.0,82.0,Bastar,76128533B47840093719460,contained_grid
19.0,82.25,Koraput,76128533B47448948912370,contained_grid
19.0,82.5,Koraput,76128533B47448948912370,contained_grid
19.0,82.75,Koraput,76128533B47448948912370,contained_grid
19.0,83.0,Koraput,76128533B47448948912370,contained_grid
19.0,83.25,Koraput,76128533B47448948912370,contained_grid
19.0,83.5,Vizianagaram,76128533B36164606132718,contained_grid
19.0,83.75,Rayagada,76128533B50498617372937,contained_grid
19.0,84.0,Gajapati,76128533B73854359719990,contained_grid
19.0,84.25,Gajapati,76128533B73854359719990,contained_grid
19.0,84.5,Srikakulam,76128533B59405966069108,contained_grid
19.25,73.0,Thane,76128533B74859418903113,contained_grid
19.25,73.25,Thane,76128533B74859418903113,contained_grid
19.25,73.5,Thane,76128533B74859418903113,contained_grid
19.25,73.75,Pune,76128533B71380851181380,contained_grid
19.25,74.0,Pune,76128533B71380851181380,contained_grid
19.25,74.25,Ahmadnagar,76128533B47816398970283,contained_grid
19.25,74.5,Ahmadnagar,76128533B47816398970283,contained_grid
19.25,74.75,Ahmadnagar,76128533B47816398970283,contained_grid
19.25,75.0,Ahmadnagar,76128533B47816398970283,contained_grid
19.25,75.25,Ahmadnagar,76128533B47816398970283,contained_grid
19.25,75.5,Bid,76128533B5215906594478,contained_grid
19.25,75.75,Bid,76128533B5215906594478,contained_grid
19.25,76.0,Bid,76128533B5215906594478,contained_grid
19.25,76.25,Parbhani,76128533B27609096170969,contained_grid
19.25,76.5,Parbhani,76128533B27609096170969,contained_grid
19.25,76.75,Parbhani,76128533B27609096170969,contained_grid
19.25,77.0,Parbhani,76128533B27609096170969,contained_grid
19.25,77.25,Nanded,76128533B63783580004876,contained_grid
19.25,77.5,Nanded,76128533B63783580004876,contained_grid
19.25,77.75,Nanded,76128533B63783580004876,contained_grid
19.25,78.0,Nirmal,76128533B25280172436550,contained_grid
19.25,78.25,Nirmal,76128533B25280172436550,contained_grid
19.25,78.5,Adilabad,76128533B38354309367879,contained_grid
19.25,78.75,Nirmal,76128533B25280172436550,contained_grid
19.25,79.0,Komaram Bheem,76128533B33226396095315,contained_grid
19.25,79.25,Komaram Bheem,76128533B33226396095315,contained_grid
19.25,79.5,Komaram Bheem,76128533B33226396095315,contained_grid
19.25,79.75,Komaram Bheem,76128533B33226396095315,contained_grid
19.25,80.0,Gadchiroli,76128533B36958871695926,contained_grid
19.25,80.25,Gadchiroli,76128533B36958871695926,contained_grid
19.25,80.5,Bijapur,76128533B66145460152555,contained_grid
19.25,80.75,Bijapur,76128533B66145460152555,contained_grid
19.25,81.0,Narayanpur,76128533B89979485471283,contained_grid
19.25,81.25,Bijapur,76128533B66145460152555,contained_grid
19.25,81.5,Kondagaon,76128533B12144400448811,contained_grid
19.25,81.75,Bastar,76128533B47840093719460,contained_grid
19.25,82.0,Bastar,76128533B47840093719460,contained_grid
19.25,82.25,Nabarangapur,76128533B99037046327658,contained_grid
19.25,82.5,Nabarangapur,76128533B99037046327658,contained_grid
19.25,82.75,Nabarangapur,76128533B99037046327658,contained_grid
19.25,83.0,Rayagada,76128533B50498617372937,contained_grid
19.25,83.25,Rayagada,76128533B50498617372937,contained_grid
19.25,83.5,Rayagada,76128533B50498617372937,contained_grid
19.25,83.75,Rayagada,76128533B50498617372937,contained_grid
19.25,84.0,Rayagada,76128533B50498617372937,contained_grid
19.25,84.25,Gajapati,76128533B73854359719990,contained_grid
19.25,84.5,Ganjam,76128533B633842538351,contained_grid
19.25,84.75,Ganjam,76128533B633842538351,contained_grid
19.5,72.75,Palghar,76128533B37148244536449,contained_grid
19.5,73.0,Palghar,76128533B37148244536449,contained_grid
19.5,73.25,Thane,76128533B74859418903113,contained_grid
19.5,73.5,Thane,76128533B74859418903113,contained_grid
19.5,73.75,Ahmadnagar,76128533B47816398970283,contained_grid
19.5,74.0,Ahmadnagar,76128533B47816398970283,contained_grid
19.5,74.25,Ahmadnagar,76128533B47816398970283,contained_grid
19.5,74.5,Ahmadnagar,76128533B47816398970283,contained_grid
19.5,74.75,Ahmadnagar,76128533B47816398970283,contained_grid
19.5,75.0,Ahmadnagar,76128533B47816398970283,contained_grid
19.5,75.25,Ahmadnagar,76128533B47816398970283,contained_grid
19.5,75.5,Aurangabad,76128533B39329594544563,contained_grid
19.5,75.75,Jalna,76128533B55603381222870,contained_grid
19.5,76.0,Jalna,76128533B55603381222870,contained_grid
19.5,76.25,Jalna,76128533B55603381222870,contained_grid
19.5,76.5,Parbhani,76128533B27609096170969,contained_grid
19.5,76.75,Parbhani,76128533B27609096170969,contained_grid
19.5,77.0,Hingoli,76128533B86424887513424,contained_grid
19.5,77.25,Hingoli,76128533B86424887513424,contained_grid
19.5,77.5,Nanded,76128533B63783580004876,contained_grid
19.5,77.75,Yavatmal,76128533B61814103412294,contained_grid
19.5,78.0,Yavatmal,76128533B61814103412294,contained_grid
19.5,78.25,Nanded,76128533B63783580004876,contained_grid
19.5,78.5,Adilabad,76128533B38354309367879,contained_grid
19.5,78.75,Adilabad,76128533B38354309367879,contained_grid
19.5,79.0,Komaram Bheem,76128533B33226396095315,contained_grid
19.5,79.25,Komaram Bheem,76128533B33226396095315,contained_grid
19.5,79.5,Komaram Bheem,76128533B33226396095315,contained_grid
19.5,79.75,Komaram Bheem,76128533B33226396095315,contained_grid
19.5,80.0,Gadchiroli,76128533B36958871695926,contained_grid
19.5,80.25,Gadchiroli,76128533B36958871695926,contained_grid
19.5,80.5,Gadchiroli,76128533B36958871695926,contained_grid
19.5,80.75,Gadchiroli,76128533B36958871695926,contained_grid
19.5,81.0,Narayanpur,76128533B89979485471283,contained_grid
19.5,81.25,Narayanpur,76128533B89979485471283,contained_grid
19.5,81.5,Kondagaon,76128533B12144400448811,contained_grid
19.5,81.75,Kondagaon,76128533B12144400448811,contained_grid
19.5,82.0,Bastar,76128533B47840093719460,contained_grid
19.5,82.25,Nabarangapur,76128533B99037046327658,contained_grid
19.5,82.5,Nabarangapur,76128533B99037046327658,contained_grid
19.5,82.75,Kalahandi,76128533B70759200975708,contained_grid
19.5,83.0,Kalahandi,76128533B70759200975708,contained_grid
19.5,83.25,Rayagada,76128533B50498617372937,contained_grid
19.5,83.5,Rayagada,76128533B50498617372937,contained_grid
19.5,83.75,Rayagada,76128533B50498617372937,contained_grid
19.5,84.0,Gajapati,76128533B73854359719990,contained_grid
19.5,84.25,Gajapati,76128533B73854359719990,contained_grid
19.5,84.5,Ganjam,76128533B633842538351,contained_grid
19.5,84.75,Ganjam,76128533B633842538351,contained_grid
19.5,85.0,Ganjam,76128533B633842538351,contained_grid
19.75,72.75,Palghar,76128533B37148244536449,contained_grid
19.75,73.0,Palghar,76128533B37148244536449,contained_grid
19.75,73.25,Palghar,76128533B37148244536449,contained_grid
19.75,73.5,Palghar,76128533B37148244536449,contained_grid
19.75,73.75,Nashik,76128533B50056157736049,contained_grid
19.75,74.0,Nashik,76128533B50056157736049,contained_grid
19.75,74.25,Nashik,76128533B50056157736049,contained_grid
19.75,74.5,Ahmadnagar,76128533B47816398970283,contained_grid
19.75,74.75,Aurangabad,76128533B39329594544563,contained_grid
19.75,75.0,Aurangabad,76128533B39329594544563,contained_grid
19.75,75.25,Aurangabad,76128533B39329594544563,contained_grid
19.75,75.5,Aurangabad,76128533B39329594544563,contained_grid
19.75,75.75,Jalna,76128533B55603381222870,contained_grid
19.75,76.0,Jalna,76128533B55603381222870,contained_grid
19.75,76.25,Jalna,76128533B55603381222870,contained_grid
19.75,76.5,Parbhani,76128533B27609096170969,contained_grid
19.75,76.75,Hingoli,76128533B86424887513424,contained_grid
19.75,77.0,Hingoli,76128533B86424887513424,contained_grid
19.75,77.25,Hingoli,76128533B86424887513424,contained_grid
19.75,77.5,Yavatmal,76128533B61814103412294,contained_grid
19.75,77.75,Yavatmal,76128533B61814103412294,contained_grid
19.75,78.0,Nanded,76128533B63783580004876,contained_grid
19.75,78.25,Nanded,76128533B63783580004876,contained_grid
19.75,78.5,Adilabad,76128533B38354309367879,contained_grid
19.75,78.75,Adilabad,76128533B38354309367879,contained_grid
19.75,79.0,Chandrapur,76128533B31342633028465,contained_grid
19.75,79.25,Chandrapur,76128533B31342633028465,contained_grid
19.75,79.5,Chandrapur,76128533B31342633028465,contained_grid
19.75,79.75,Chandrapur,76128533B31342633028465,contained_grid
19.75,80.0,Gadchiroli,76128533B36958871695926,contained_grid
19.75,80.25,Gadchiroli,76128533B36958871695926,contained_grid
19.75,80.5,Gadchiroli,76128533B36958871695926,contained_grid
19.75,80.75,Narayanpur,76128533B89979485471283,contained_grid
19.75,81.0,Narayanpur,76128533B89979485471283,contained_grid
19.75,81.25,Narayanpur,76128533B89979485471283,contained_grid
19.75,81.5,Kondagaon,76128533B12144400448811,contained_grid
19.75,81.75,Kondagaon,76128533B12144400448811,contained_grid
19.75,82.0,Kondagaon,76128533B12144400448811,contained_grid
19.75,82.25,Nabarangapur,76128533B99037046327658,contained_grid
19.75,82.5,Nabarangapur,76128533B99037046327658,contained_grid
19.75,82.75,Kalahandi,76128533B70759200975708,contained_grid
19.75,83.0,Kalahandi,76128533B70759200975708,contained_grid
19.75,83.25,Kalahandi,76128533B70759200975708,contained_grid
19.75,83.5,Rayagada,76128533B50498617372937,contained_grid
19.75,83.75,Kandhamal,76128533B8798165946807,contained_grid
19.75,84.0,Kandhamal,76128533B8798165946807,contained_grid
19.75,84.25,Ganjam,76128533B633842538351,contained_grid
19.75,84.5,Ganjam,76128533B633842538351,contained_grid
19.75,84.75,Ganjam,76128533B633842538351,contained_grid
19.75,85.0,Ganjam,76128533B633842538351,contained_grid
19.75,85.25,Puri,76128533B80656256583567,contained_grid
19.75,85.5,Puri,76128533B80656256583567,contained_grid
20.0,72.75,Palghar,76128533B37148244536449,contained_grid
20.0,73.0,Palghar,76128533B37148244536449,contained_grid
20.0,73.25,Palghar,76128533B37148244536449,contained_grid
20.0,73.5,Nashik,76128533B50056157736049,contained_grid
20.0,73.75,Nashik,76128533B50056157736049,contained_grid
20.0,74.0,Nashik,76128533B50056157736049,contained_grid
20.0,74.25,Nashik,76128533B50056157736049,contained_grid
20.0,74.5,Nashik,76128533B50056157736049,contained_grid
20.0,74.75,Aurangabad,76128533B39329594544563,contained_grid
20.0,75.0,Aurangabad,76128533B39329594544563,contained_grid
20.0,75.25,Aurangabad,76128533B39329594544563,contained_grid
20.0,75.5,Aurangabad,76128533B39329594544563,contained_grid
20.0,75.75,Jalna,76128533B55603381222870,contained_grid
20.0,76.0,Buldana,76128533B70021405538438,contained_grid
20.0,76.25,Buldana,76128533B70021405538438,contained_grid
20.0,76.5,Buldana,76128533B70021405538438,contained_grid
20.0,76.75,Washim,76128533B59866172845044,contained_grid
20.0,77.0,Hingoli,76128533B86424887513424,contained_grid
20.0,77.25,Washim,76128533B59866172845044,contained_grid
20.0,77.5,Yavatmal,76128533B61814103412294,contained_grid
20.0,77.75,Yavatmal,76128533B61814103412294,contained_grid
20.0,78.0,Yavatmal,76128533B61814103412294,contained_grid
20.0,78.25,Yavatmal,76128533B61814103412294,contained_grid
20.0,78.5,Yavatmal,76128533B61814103412294,contained_grid
20.0,78.75,Yavatmal,76128533B61814103412294,contained_grid
20.0,79.0,Yavatmal,76128533B61814103412294,contained_grid
20.0,79.25,Chandrapur,76128533B31342633028465,contained_grid
20.0,79.5,Chandrapur,76128533B31342633028465,contained_grid
20.0,79.75,Chandrapur,76128533B31342633028465,contained_grid
20.0,80.0,Gadchiroli,76128533B36958871695926,contained_grid
20.0,80.25,Gadchiroli,76128533B36958871695926,contained_grid
20.0,80.5,Gadchiroli,76128533B36958871695926,contained_grid
20.0,80.75,Uttar Bastar Kanker,76128533B26755490628656,contained_grid
20.0,81.0,Uttar Bastar Kanker,76128533B26755490628656,contained_grid
20.0,81.25,Uttar Bastar Kanker,76128533B26755490628656,contained_grid
20.0,81.5,Kondagaon,76128533B12144400448811,contained_grid
20.0,81.75,Kondagaon,76128533B12144400448811,contained_grid
20.0,82.0,Nabarangapur,76128533B99037046327658,contained_grid
20.0,82.25,Gariaband,76128533B93063337202124,contained_grid
20.0,82.5,Gariaband,76128533B93063337202124,contained_grid
20.0,82.75,Kalahandi,76128533B70759200975708,contained_grid
20.0,83.0,Kalahandi,76128533B70759200975708,contained_grid
20.0,83.25,Kalahandi,76128533B70759200975708,contained_grid
20.0,83.5,Kalahandi,76128533B70759200975708,contained_grid
20.0,83.75,Kandhamal,76128533B8798165946807,contained_grid
20.0,84.0,Kandhamal,76128533B8798165946807,contained_grid
20.0,84.25,Kandhamal,76128533B8798165946807,contained_grid
20.0,84.5,Ganjam,76128533B633842538351,contained_grid
20.0,84.75,Ganjam,76128533B633842538351,contained_grid
20.0,85.0,Nayagarh,76128533B77719785699048,contained_grid
20.0,85.25,Nayagarh,76128533B77719785699048,contained_grid
20.0,85.5,Khordha,76128533B52802748445403,contained_grid
20.0,85.75,Puri,76128533B80656256583567,contained_grid
20.0,86.0,Puri,76128533B80656256583567,contained_grid
20.0,86.25,Puri,76128533B80656256583567,contained_grid
20.25,72.75,Valsad,76128533B60261306484775,contained_grid
20.25,73.0,Dadra & Nagar Haveli,76128533B43252171579976,contained_grid
20.25,73.25,Valsad,76128533B60261306484775,contained_grid
20.25,73.5,Nashik,76128533B50056157736049,contained_grid
20.25,73.75,Nashik,76128533B50056157736049,contained_grid
20.25,74.0,Nashik,76128533B50056157736049,contained_grid
20.25,74.25,Nashik,76128533B50056157736049,contained_grid
20.25,74.5,Nashik,76128533B50056157736049,contained_grid
20.25,74.75,Nashik,76128533B50056157736049,contained_grid
20.25,75.0,Aurangabad,76128533B39329594544563,contained_grid
20.25,75.25,Aurangabad,76128533B39329594544563,contained_grid
20.25,75.5,Aurangabad,76128533B39329594544563,contained_grid
20.25,75.75,Jalna,76128533B55603381222870,contained_grid
20.25,76.0,Jalna,76128533B55603381222870,contained_grid
20.25,76.25,Buldana,76128533B70021405538438,contained_grid
20.25,76.5,Buldana,76128533B70021405538438,contained_grid
20.25,76.75,Buldana,76128533B70021405538438,contained_grid
20.25,77.0,Washim,76128533B59866172845044,contained_grid
20.25,77.25,Washim,76128533B59866172845044,contained_grid
20.25,77.5,Washim,76128533B59866172845044,contained_grid
20.25,77.75,Yavatmal,76128533B61814103412294,contained_grid
20.25,78.0,Yavatmal,76128533B61814103412294,contained_grid
20.25,78.25,Yavatmal,76128533B61814103412294,contained_grid
20.25,78.5,Yavatmal,76128533B61814103412294,contained_grid
20.25,78.75,Yavatmal,76128533B61814103412294,contained_grid
20.25,79.0,Chandrapur,76128533B31342633028465,contained_grid
20.25,79.25,Chandrapur,76128533B31342633028465,contained_grid
20.25,79.5,Chandrapur,76128533B31342633028465,contained_grid
20.25,79.75,Chandrapur,76128533B31342633028465,contained_grid
20.25,80.0,Gadchiroli,76128533B36958871695926,contained_grid
20.25,80.25,Gadchiroli,76128533B36958871695926,contained_grid
20.25,80.5,Rajnandgaon,76128533B25020556592153,contained_grid
20.25,80.75,Uttar Bastar Kanker,76128533B26755490628656,contained_grid
20.25,81.0,Uttar Bastar Kanker,76128533B26755490628656,contained_grid
20.25,81.25,Uttar Bastar Kanker,76128533B26755490628656,contained_grid
20.25,81.5,Uttar Bastar Kanker,76128533B26755490628656,contained_grid
20.25,81.75,Uttar Bastar Kanker,76128533B26755490628656,contained_grid
20.25,82.0,Dhamtari,76128533B71714250401862,contained_grid
20.25,82.25,Gariaband,76128533B93063337202124,contained_grid
20.25,82.5,Nuapada,76128533B33451850475260,contained_grid
20.25,82.75,Nuapada,76128533B33451850475260,contained_grid
20.25,83.0,Balangir,76128533B44395557448920,contained_grid
20.25,83.25,Kalahandi,76128533B70759200975708,contained_grid
20.25,83.5,Kalahandi,76128533B70759200975708,contained_grid
20.25,83.75,Kandhamal,76128533B8798165946807,contained_grid
20.25,84.0,Kandhamal,76128533B8798165946807,contained_grid
20.25,84.25,Kandhamal,76128533B8798165946807,contained_grid
20.25,84.5,Kandhamal,76128533B8798165946807,contained_grid
20.25,84.75,Nayagarh,76128533B77719785699048,contained_grid
20.25,85.0,Nayagarh,76128533B77719785699048,contained_grid
20.25,85.25,Nayagarh,76128533B77719785699048,contained_grid
20.25,85.5,Khordha,76128533B52802748445403,contained_grid
20.25,85.75,Khordha,76128533B52802748445403,contained_grid
20.25,86.0,Cuttack,76128533B70842759816811,contained_grid
20.25,86.25,Jagatsinghapur,76128533B32949331695897,contained_grid
20.25,86.5,Jagatsinghapur,76128533B32949331695897,contained_grid
20.5,73.0,Valsad,76128533B60261306484775,contained_grid
20.5,73.25,Valsad,76128533B60261306484775,contained_grid
20.5,73.5,Nashik,76128533B50056157736049,contained_grid
20.5,73.75,Nashik,76128533B50056157736049,contained_grid
20.5,74.0,Nashik,76128533B50056157736049,contained_grid
20.5,74.25,Nashik,76128533B50056157736049,contained_grid
20.5,74.5,Nashik,76128533B50056157736049,contained_grid
20.5,74.75,Nashik,76128533B50056157736049,contained_grid
20.5,75.0,Jalgaon,76128533B40156838070,contained_grid
20.5,75.25,Aurangabad,76128533B39329594544563,contained_grid
20.5,75.5,Aurangabad,76128533B39329594544563,contained_grid
20.5,75.75,Aurangabad,76128533B39329594544563,contained_grid
20.5,76.0,Buldana,76128533B70021405538438,contained_grid
20.5,76.25,Buldana,76128533B70021405538438,contained_grid
20.5,76.5,Buldana,76128533B70021405538438,contained_grid
20.5,76.75,Buldana,76128533B70021405538438,contained_grid
20.5,77.0,Akola,76128533B12380735325851,contained_grid
20.5,77.25,Akola,76128533B12380735325851,contained_grid
20.5,77.5,Washim,76128533B59866172845044,contained_grid
20.5,77.75,Yavatmal,76128533B61814103412294,contained_grid
20.5,78.0,Yavatmal,76128533B61814103412294,contained_grid
20.5,78.25,Yavatmal,76128533B61814103412294,contained_grid
20.5,78.5,Yavatmal,76128533B61814103412294,contained_grid
20.5,78.75,Wardha,76128533B37486272752374,contained_grid
20.5,79.0,Wardha,76128533B37486272752374,contained_grid
20.5,79.25,Chandrapur,76128533B31342633028465,contained_grid
20.5,79.5,Chandrapur,76128533B31342633028465,contained_grid
20.5,79.75,Chandrapur,76128533B31342633028465,contained_grid
20.5,80.0,Gadchiroli,76128533B36958871695926,contained_grid
20.5,80.25,Gadchiroli,76128533B36958871695926,contained_grid
20.5,80.5,Gadchiroli,76128533B36958871695926,contained_grid
20.5,80.75,Rajnandgaon,76128533B25020556592153,contained_grid
20.5,81.0,Balod,76128533B90169585758701,contained_grid
20.5,81.25,Balod,76128533B90169585758701,contained_grid
20.5,81.5,Uttar Bastar Kanker,76128533B26755490628656,contained_grid
20.5,81.75,Dhamtari,76128533B71714250401862,contained_grid
20.5,82.0,Dhamtari,76128533B71714250401862,contained_grid
20.5,82.25,Gariaband,76128533B93063337202124,contained_grid
20.5,82.5,Nuapada,76128533B33451850475260,contained_grid
20.5,82.75,Balangir,76128533B44395557448920,contained_grid
20.5,83.0,Balangir,76128533B44395557448920,contained_grid
20.5,83.25,Balangir,76128533B44395557448920,contained_grid
20.5,83.5,Balangir,76128533B44395557448920,contained_grid
20.5,83.75,Baudh,76128533B84772375641700,contained_grid
20.5,84.0,Kandhamal,76128533B8798165946807,contained_grid
20.5,84.25,Kandhamal,76128533B8798165946807,contained_grid
20.5,84.5,Baudh,76128533B84772375641700,contained_grid
20.5,84.75,Nayagarh,76128533B77719785699048,contained_grid
20.5,85.0,Cuttack,76128533B70842759816811,contained_grid
20.5,85.25,Cuttack,76128533B70842759816811,contained_grid
20.5,85.5,Cuttack,76128533B70842759816811,contained_grid
20.5,85.75,Cuttack,76128533B70842759816811,contained_grid
20.5,86.0,Cuttack,76128533B70842759816811,contained_grid
20.5,86.25,Cuttack,76128533B70842759816811,contained_grid
20.5,86.5,Kendrapara,76128533B98951704707517,contained_grid
20.5,86.75,Kendrapara,76128533B98951704707517,contained_grid
20.75,70.75,Gir Somnath,76128533B45037556977273,contained_grid
20.75,71.0,Gir Somnath,76128533B45037556977273,contained_grid
20.75,73.0,Navsari,76128533B6397758882978,contained_grid
20.75,73.25,Navsari,76128533B6397758882978,contained_grid
20.75,73.5,The Dangs,76128533B16271917438029,contained_grid
20.75,73.75,The Dangs,76128533B16271917438029,contained_grid
20.75,74.0,Nashik,76128533B50056157736049,contained_grid
20.75,74.25,Nashik,76128533B50056157736049,contained_grid
20.75,74.5,Nashik,76128533B50056157736049,contained_grid
20.75,74.75,Dhule,76128533B25344721013980,contained_grid
20.75,75.0,Jalgaon,76128533B40156838070,contained_grid
20.75,75.25,Jalgaon,76128533B40156838070,contained_grid
20.75,75.5,Jalgaon,76128533B40156838070,contained_grid
20.75,75.75,Jalgaon,76128533B40156838070,contained_grid
20.75,76.0,Buldana,76128533B70021405538438,contained_grid
20.75,76.25,Buldana,76128533B70021405538438,contained_grid
20.75,76.5,Buldana,76128533B70021405538438,contained_grid
20.75,76.75,Buldana,76128533B70021405538438,contained_grid
20.75,77.0,Akola,76128533B12380735325851,contained_grid
20.75,77.25,Akola,76128533B12380735325851,contained_grid
20.75,77.5,Akola,76128533B12380735325851,contained_grid
20.75,77.75,Amravati,76128533B63815467309300,contained_grid
20.75,78.0,Amravati,76128533B63815467309300,contained_grid
20.75,78.25,Amravati,76128533B63815467309300,contained_grid
20.75,78.5,Wardha,76128533B37486272752374,contained_grid
20.75,78.75,Wardha,76128533B37486272752374,contained_grid
20.75,79.0,Nagpur,76128533B3026318797185,contained_grid
20.75,79.25,Nagpur,76128533B3026318797185,contained_grid
20.75,79.5,Nagpur,76128533B3026318797185,contained_grid
20.75,79.75,Bhandara,76128533B14243635342908,contained_grid
20.75,80.0,Gondiya,76128533B76286653784168,contained_grid
20.75,80.25,Gondiya,76128533B76286653784168,contained_grid
20.75,80.5,Gadchiroli,76128533B36958871695926,contained_grid
20.75,80.75,Rajnandgaon,76128533B25020556592153,contained_grid
20.75,81.0,Balod,76128533B90169585758701,contained_grid
20.75,81.25,Balod,76128533B90169585758701,contained_grid
20.75,81.5,Dhamtari,76128533B71714250401862,contained_grid
20.75,81.75,Dhamtari,76128533B71714250401862,contained_grid
20.75,82.0,Gariaband,76128533B93063337202124,contained_grid
20.75,82.25,Gariaband,76128533B93063337202124,contained_grid
20.75,82.5,Nuapada,76128533B33451850475260,contained_grid
20.75,82.75,Balangir,76128533B44395557448920,contained_grid
20.75,83.0,Balangir,76128533B44395557448920,contained_grid
20.75,83.25,Balangir,76128533B44395557448920,contained_grid
20.75,83.5,Balangir,76128533B44395557448920,contained_grid
20.75,83.75,Subarnapur,76128533B6884509901047,contained_grid
20.75,84.0,Baudh,76128533B84772375641700,contained_grid
20.75,84.25,Baudh,76128533B84772375641700,contained_grid
20.75,84.5,Anugul,76128533B60186573304899,contained_grid
20.75,84.75,Anugul,76128533B60186573304899,contained_grid
20.75,85.0,Anugul,76128533B60186573304899,contained_grid
20.75,85.25,Anugul,76128533B60186573304899,contained_grid
20.75,85.5,Dhenkanal,76128533B32509926596077,contained_grid
20.75,85.75,Dhenkanal,76128533B32509926596077,contained_grid
20.75,86.0,Dhenkanal,76128533B32509926596077,contained_grid
20.75,86.25,Jajapur,76128533B91818883767147,contained_grid
20.75,86.5,Jajapur,76128533B91818883767147,contained_grid
20.75,86.75,Kendrapara,76128533B98951704707517,contained_grid
21.0,70.25,Gir Somnath,76128533B45037556977273,contained_grid
21.0,70.5,Gir Somnath,76128533B45037556977273,contained_grid
21.0,70.75,Gir Somnath,76128533B45037556977273,contained_grid
21.0,71.0,Gir Somnath,76128533B45037556977273,contained_grid
21.0,71.25,Amreli,76128533B43737470294384,contained_grid
21.0,71.5,Amreli,76128533B43737470294384,contained_grid
21.0,72.75,Navsari,76128533B6397758882978,contained_grid
21.0,73.0,Navsari,76128533B6397758882978,contained_grid
21.0,73.25,Tapi,76128533B12519626815499,contained_grid
21.0,73.5,Tapi,76128533B12519626815499,contained_grid
21.0,73.75,The Dangs,76128533B16271917438029,contained_grid
21.0,74.0,Dhule,76128533B25344721013980,contained_grid
21.0,74.25,Dhule,76128533B25344721013980,contained_grid
21.0,74.5,Dhule,76128533B25344721013980,contained_grid
21.0,74.75,Dhule,76128533B25344721013980,contained_grid
21.0,75.0,Jalgaon,76128533B40156838070,contained_grid
21.0,75.25,Jalgaon,76128533B40156838070,contained_grid
21.0,75.5,Jalgaon,76128533B40156838070,contained_grid
21.0,75.75,Jalgaon,76128533B40156838070,contained_grid
21.0,76.0,Jalgaon,76128533B40156838070,contained_grid
21.0,76.25,Jalgaon,76128533B40156838070,contained_grid
21.0,76.5,Buldana,76128533B70021405538438,contained_grid
21.0,76.75,Buldana,76128533B70021405538438,contained_grid
21.0,77.0,Akola,76128533B12380735325851,contained_grid
21.0,77.25,Amravati,76128533B63815467309300,contained_grid
21.0,77.5,Amravati,76128533B63815467309300,contained_grid
21.0,77.75,Amravati,76128533B63815467309300,contained_grid
21.0,78.0,Amravati,76128533B63815467309300,contained_grid
21.0,78.25,Wardha,76128533B37486272752374,contained_grid
21.0,78.5,Wardha,76128533B37486272752374,contained_grid
21.0,78.75,Nagpur,76128533B3026318797185,contained_grid
21.0,79.0,Nagpur,76128533B3026318797185,contained_grid
21.0,79.25,Nagpur,76128533B3026318797185,contained_grid
21.0,79.5,Nagpur,76128533B3026318797185,contained_grid
21.0,79.75,Bhandara,76128533B14243635342908,contained_grid
21.0,80.0,Bhandara,76128533B14243635342908,contained_grid
21.0,80.25,Gondiya,76128533B76286653784168,contained_grid
21.0,80.5,Rajnandgaon,76128533B25020556592153,contained_grid
21.0,80.75,Rajnandgaon,76128533B25020556592153,contained_grid
21.0,81.0,Balod,76128533B90169585758701,contained_grid
21.0,81.25,Balod,76128533B90169585758701,contained_grid
21.0,81.5,Durg,76128533B15993411864574,contained_grid
21.0,81.75,Dhamtari,76128533B71714250401862,contained_grid
21.0,82.0,Gariaband,76128533B93063337202124,contained_grid
21.0,82.25,Mahasamund,76128533B9759621355294,contained_grid
21.0,82.5,Mahasamund,76128533B9759621355294,contained_grid
21.0,82.75,Bargarh,76128533B74482494441458,contained_grid
21.0,83.0,Bargarh,76128533B74482494441458,contained_grid
21.0,83.25,Bargarh,76128533B74482494441458,contained_grid
21.0,83.5,Subarnapur,76128533B6884509901047,contained_grid
21.0,83.75,Subarnapur,76128533B6884509901047,contained_grid
21.0,84.0,Subarnapur,76128533B6884509901047,contained_grid
21.0,84.25,Sambalpur,76128533B84129562351919,contained_grid
21.0,84.5,Anugul,76128533B60186573304899,contained_grid
21.0,84.75,Anugul,76128533B60186573304899,contained_grid
21.0,85.0,Anugul,76128533B60186573304899,contained_grid
21.0,85.25,Anugul,76128533B60186573304899,contained_grid
21.0,85.5,Dhenkanal,76128533B32509926596077,contained_grid
21.0,85.75,Jajapur,76128533B91818883767147,contained_grid
21.0,86.0,Jajapur,76128533B91818883767147,contained_grid
21.0,86.25,Jajapur,76128533B91818883767147,contained_grid
21.0,86.5,Bhadrak,76128533B58797478961083,contained_grid
21.0,86.75,Bhadrak,76128533B58797478961083,contained_grid
21.25,70.0,Porbandar,76128533B84417945851362,contained_grid
21.25,70.25,Junagadh,76128533B40923846274136,contained_grid
21.25,70.5,Junagadh,76128533B40923846274136,contained_grid
21.25,70.75,Junagadh,76128533B40923846274136,contained_grid
21.25,71.0,Amreli,76128533B43737470294384,contained_grid
21.25,71.25,Amreli,76128533B43737470294384,contained_grid
21.25,71.5,Amreli,76128533B43737470294384,contained_grid
21.25,71.75,Bhavnagar,76128533B93450974047240,contained_grid
21.25,72.0,Bhavnagar,76128533B93450974047240,contained_grid
21.25,72.75,Surat,76128533B97372652494648,contained_grid
21.25,73.0,Surat,76128533B97372652494648,contained_grid
21.25,73.25,Surat,76128533B97372652494648,contained_grid
21.25,73.5,Tapi,76128533B12519626815499,contained_grid
21.25,73.75,Tapi,76128533B12519626815499,contained_grid
21.25,74.0,Nandurbar,76128533B61304308285665,contained_grid
21.25,74.25,Nandurbar,76128533B61304308285665,contained_grid
21.25,74.5,Dhule,76128533B25344721013980,contained_grid
21.25,74.75,Dhule,76128533B25344721013980,contained_grid
21.25,75.0,Dhule,76128533B25344721013980,contained_grid
21.25,75.25,Jalgaon,76128533B40156838070,contained_grid
21.25,75.5,Jalgaon,76128533B40156838070,contained_grid
21.25,75.75,Jalgaon,76128533B40156838070,contained_grid
21.25,76.0,Jalgaon,76128533B40156838070,contained_grid
21.25,76.25,Burhanpur,76128533B37096001761063,contained_grid
21.25,76.5,Burhanpur,76128533B37096001761063,contained_grid
21.25,76.75,Amravati,76128533B63815467309300,contained_grid
21.25,77.0,Amravati,76128533B63815467309300,contained_grid
21.25,77.25,Amravati,76128533B63815467309300,contained_grid
21.25,77.5,Amravati,76128533B63815467309300,contained_grid
21.25,77.75,Amravati,76128533B63815467309300,contained_grid
21.25,78.0,Amravati,76128533B63815467309300,contained_grid
21.25,78.25,Wardha,76128533B37486272752374,contained_grid
21.25,78.5,Nagpur,76128533B3026318797185,contained_grid
21.25,78.75,Nagpur,76128533B3026318797185,contained_grid
21.25,79.0,Nagpur,76128533B3026318797185,contained_grid
21.25,79.25,Nagpur,76128533B3026318797185,contained_grid
21.25,79.5,Nagpur,76128533B3026318797185,contained_grid
21.25,79.75,Bhandara,76128533B14243635342908,contained_grid
21.25,80.0,Gondiya,76128533B76286653784168,contained_grid
21.25,80.25,Gondiya,76128533B76286653784168,contained_grid
21.25,80.5,Gondiya,76128533B76286653784168,contained_grid
21.25,80.75,Rajnandgaon,76128533B25020556592153,contained_grid
21.25,81.0,Rajnandgaon,76128533B25020556592153,contained_grid
21.25,81.25,Durg,76128533B15993411864574,contained_grid
21.25,81.5,Durg,76128533B15993411864574,contained_grid
21.25,81.75,Raipur,76128533B57691508962219,contained_grid
21.25,82.0,Raipur,76128533B57691508962219,contained_grid
21.25,82.25,Mahasamund,76128533B9759621355294,contained_grid
21.25,82.5,Mahasamund,76128533B9759621355294,contained_grid
21.25,82.75,Mahasamund,76128533B9759621355294,contained_grid
21.25,83.0,Mahasamund,76128533B9759621355294,contained_grid
21.25,83.25,Bargarh,76128533B74482494441458,contained_grid
21.25,83.5,Bargarh,76128533B74482494441458,contained_grid
21.25,83.75,Bargarh,76128533B74482494441458,contained_grid
21.25,84.0,Sambalpur,76128533B84129562351919,contained_grid
21.25,84.25,Sambalpur,76128533B84129562351919,contained_grid
21.25,84.5,Sambalpur,76128533B84129562351919,contained_grid
21.25,84.75,Sambalpur,76128533B84129562351919,contained_grid
21.25,85.0,Anugul,76128533B60186573304899,contained_grid
21.25,85.25,Anugul,76128533B60186573304899,contained_grid
21.25,85.5,Kendujhar,76128533B59504628511334,contained_grid
21.25,85.75,Kendujhar,76128533B59504628511334,contained_grid
21.25,86.0,Kendujhar,76128533B59504628511334,contained_grid
21.25,86.25,Kendujhar,76128533B59504628511334,contained_grid
21.25,86.5,Baleshwar,76128533B81147724102706,contained_grid
21.25,86.75,Baleshwar,76128533B81147724102706,contained_grid
21.5,69.75,Porbandar,76128533B84417945851362,contained_grid
21.5,70.0,Junagadh,76128533B40923846274136,contained_grid
21.5,70.25,Junagadh,76128533B40923846274136,contained_grid
21.5,70.5,Junagadh,76128533B40923846274136,contained_grid
21.5,70.75,Junagadh,76128533B40923846274136,contained_grid
21.5,71.0,Amreli,76128533B43737470294384,contained_grid
21.5,71.25,Amreli,76128533B43737470294384,contained_grid
21.5,71.5,Bhavnagar,76128533B93450974047240,contained_grid
21.5,71.75,Bhavnagar,76128533B93450974047240,contained_grid
21.5,72.0,Bhavnagar,76128533B93450974047240,contained_grid
21.5,72.25,Bhavnagar,76128533B93450974047240,contained_grid
21.5,72.75,Bharuch,76128533B63599385776584,contained_grid
21.5,73.0,Surat,76128533B97372652494648,contained_grid
21.5,73.25,Bharuch,76128533B63599385776584,contained_grid
21.5,73.5,Narmada,76128533B46866455993508,contained_grid
21.5,73.75,Narmada,76128533B46866455993508,contained_grid
21.5,74.0,Tapi,76128533B12519626815499,contained_grid
21.5,74.25,Tapi,76128533B12519626815499,contained_grid
21.5,74.5,Nandurbar,76128533B61304308285665,contained_grid
21.5,74.75,Nandurbar,76128533B61304308285665,contained_grid
21.5,75.0,Dhule,76128533B25344721013980,contained_grid
21.5,75.25,Barwani,76128533B668165975951,contained_grid
21.5,75.5,Khargone (West Nimar),76128533B69481535535995,contained_grid
21.5,75.75,Khargone (West Nimar),76128533B69481535535995,contained_grid
21.5,76.0,Burhanpur,76128533B37096001761063,contained_grid
21.5,76.25,Burhanpur,76128533B37096001761063,contained_grid
21.5,76.5,Burhanpur,76128533B37096001761063,contained_grid
21.5,76.75,Burhanpur,76128533B37096001761063,contained_grid
21.5,77.0,Amravati,76128533B63815467309300,contained_grid
21.5,77.25,Amravati,76128533B63815467309300,contained_grid
21.5,77.5,Betul,76128533B82559220423608,contained_grid
21.5,77.75,Betul,76128533B82559220423608,contained_grid
21.5,78.0,Betul,76128533B82559220423608,contained_grid
21.5,78.25,Amravati,76128533B63815467309300,contained_grid
21.5,78.5,Nagpur,76128533B3026318797185,contained_grid
21.5,78.75,Chhindwara,76128533B70646408240587,contained_grid
21.5,79.0,Nagpur,76128533B3026318797185,contained_grid
21.5,79.25,Nagpur,76128533B3026318797185,contained_grid
21.5,79.5,Bhandara,76128533B14243635342908,contained_grid
21.5,79.75,Bhandara,76128533B14243635342908,contained_grid
21.5,80.0,Gondiya,76128533B76286653784168,contained_grid
21.5,80.25,Gondiya,76128533B76286653784168,contained_grid
21.5,80.5,Balaghat,76128533B66134271591289,contained_grid
21.5,80.75,Rajnandgaon,76128533B25020556592153,contained_grid
21.5,81.0,Rajnandgaon,76128533B25020556592153,contained_grid
21.5,81.25,Durg,76128533B15993411864574,contained_grid
21.5,81.5,Bemetra,76128533B73736605657091,contained_grid
21.5,81.75,Raipur,76128533B57691508962219,contained_grid
21.5,82.0,Baloda Bazar,76128533B54306414631532,contained_grid
21.5,82.25,Baloda Bazar,76128533B54306414631532,contained_grid
21.5,82.5,Baloda Bazar,76128533B54306414631532,contained_grid
21.5,82.75,Mahasamund,76128533B9759621355294,contained_grid
21.5,83.0,Raigarh,76128533B67018657649043,contained_grid
21.5,83.25,Raigarh,76128533B67018657649043,contained_grid
21.5,83.5,Bargarh,76128533B74482494441458,contained_grid
21.5,83.75,Bargarh,76128533B74482494441458,contained_grid
21.5,84.0,Sambalpur,76128533B84129562351919,contained_grid
21.5,84.25,Sambalpur,76128533B84129562351919,contained_grid
21.5,84.5,Debagarh,76128533B64749652826710,contained_grid
21.5,84.75,Debagarh,76128533B64749652826710,contained_grid
21.5,85.0,Debagarh,76128533B64749652826710,contained_grid
21.5,85.25,Anugul,76128533B60186573304899,contained_grid
21.5,85.5,Kendujhar,76128533B59504628511334,contained_grid
21.5,85.75,Kendujhar,76128533B59504628511334,contained_grid
21.5,86.0,Kendujhar,76128533B59504628511334,contained_grid
21.5,86.25,Mayurbhanj,76128533B34216851275023,contained_grid
21.5,86.5,Mayurbhanj,76128533B34216851275023,contained_grid
21.5,86.75,Baleshwar,76128533B81147724102706,contained_grid
21.5,87.0,Baleshwar,76128533B81147724102706,contained_grid
21.75,69.5,Porbandar,76128533B84417945851362,contained_grid
21.75,69.75,Porbandar,76128533B84417945851362,contained_grid
21.75,70.0,Porbandar,76128533B84417945851362,contained_grid
21.75,70.25,Rajkot,76128533B74992405432705,contained_grid
21.75,70.5,Rajkot,76128533B74992405432705,contained_grid
21.75,70.75,Rajkot,76128533B74992405432705,contained_grid
21.75,71.0,Rajkot,76128533B74992405432705,contained_grid
21.75,71.25,Amreli,76128533B43737470294384,contained_grid
21.75,71.5,Amreli,76128533B43737470294384,contained_grid
21.75,71.75,Bhavnagar,76128533B93450974047240,contained_grid
21.75,72.0,Bhavnagar,76128533B93450974047240,contained_grid
21.75,72.25,Bhavnagar,76128533B93450974047240,contained_grid
21.75,72.75,Bharuch,76128533B63599385776584,contained_grid
21.75,73.0,Bharuch,76128533B63599385776584,contained_grid
21.75,73.25,Bharuch,76128533B63599385776584,contained_grid
21.75,73.5,Narmada,76128533B46866455993508,contained_grid
21.75,73.75,Narmada,76128533B46866455993508,contained_grid
21.75,74.0,Nandurbar,76128533B61304308285665,contained_grid
21.75,74.25,Nandurbar,76128533B61304308285665,contained_grid
21.75,74.5,Nandurbar,76128533B61304308285665,contained_grid
21.75,74.75,Barwani,76128533B668165975951,contained_grid
21.75,75.0,Barwani,76128533B668165975951,contained_grid
21.75,75.25,Barwani,76128533B668165975951,contained_grid
21.75,75.5,Khargone (West Nimar),76128533B69481535535995,contained_grid
21.75,75.75,Khargone (West Nimar),76128533B69481535535995,contained_grid
21.75,76.0,Khargone (West Nimar),76128533B69481535535995,contained_grid
21.75,76.25,Khandwa (East Nimar),76128533B71271011331008,contained_grid
21.75,76.5,Khandwa (East Nimar),76128533B71271011331008,contained_grid
21.75,76.75,Khandwa (East Nimar),76128533B71271011331008,contained_grid
21.75,77.0,Khandwa (East Nimar),76128533B71271011331008,contained_grid
21.75,77.25,Betul,76128533B82559220423608,contained_grid
21.75,77.5,Betul,76128533B82559220423608,contained_grid
21.75,77.75,Betul,76128533B82559220423608,contained_grid
21.75,78.0,Betul,76128533B82559220423608,contained_grid
21.75,78.25,Betul,76128533B82559220423608,contained_grid
21.75,78.5,Chhindwara,76128533B70646408240587,contained_grid
21.75,78.75,Chhindwara,76128533B70646408240587,contained_grid
21.75,79.0,Chhindwara,76128533B70646408240587,contained_grid
21.75,79.25,Seoni,76128533B78482805703540,contained_grid
21.75,79.5,Seoni,76128533B78482805703540,contained_grid
21.75,79.75,Balaghat,76128533B66134271591289,contained_grid
21.75,80.0,Balaghat,76128533B66134271591289,contained_grid
21.75,80.25,Balaghat,76128533B66134271591289,contained_grid
21.75,80.5,Balaghat,76128533B66134271591289,contained_grid
21.75,80.75,Rajnandgaon,76128533B25020556592153,contained_grid
21.75,81.0,Kabeerdham,76128533B48077510234542,contained_grid
21.75,81.25,Kabeerdham,76128533B48077510234542,contained_grid
21.75,81.5,Bemetra,76128533B73736605657091,contained_grid
21.75,81.75,Baloda Bazar,76128533B54306414631532,contained_grid
21.75,82.0,Baloda Bazar,76128533B54306414631532,contained_grid
21.75,82.25,Bilaspur,76128533B81964529079574,contained_grid
21.75,82.5,Janjgir-Champa,76128533B6310527412636,contained_grid
21.75,82.75,Janjgir-Champa,76128533B6310527412636,contained_grid
21.75,83.0,Janjgir-Champa,76128533B6310527412636,contained_grid
21.75,83.25,Janjgir-Champa,76128533B6310527412636,contained_grid
21.75,83.5,Jharsuguda,76128533B93240759409313,contained_grid
21.75,83.75,Jharsuguda,76128533B93240759409313,contained_grid
21.75,84.0,Sambalpur,76128533B84129562351919,contained_grid
21.75,84.25,Sambalpur,76128533B84129562351919,contained_grid
21.75,84.5,Sambalpur,76128533B84129562351919,contained_grid
21.75,84.75,Sundargarh,76128533B6128685860104,contained_grid
21.75,85.0,Sundargarh,76128533B6128685860104,contained_grid
21.75,85.25,Kendujhar,76128533B59504628511334,contained_grid
21.75,85.5,Kendujhar,76128533B59504628511334,contained_grid
21.75,85.75,Kendujhar,76128533B59504628511334,contained_grid
21.75,86.0,Mayurbhanj,76128533B34216851275023,contained_grid
21.75,86.25,Mayurbhanj,76128533B34216851275023,contained_grid
21.75,86.5,Mayurbhanj,76128533B34216851275023,contained_grid
21.75,86.75,Mayurbhanj,76128533B34216851275023,contained_grid
21.75,87.0,Mayurbhanj,76128533B34216851275023,contained_grid
21.75,87.25,Baleshwar,76128533B81147724102706,contained_grid
21.75,87.5,Purba Medinipur,76128533B25373378863054,contained_grid
21.75,87.75,Purba Medinipur,76128533B25373378863054,contained_grid
21.75,88.25,South Twenty Four Parganas,76128533B2860535426345,contained_grid
21.75,88.5,South Twenty Four Parganas,76128533B2860535426345,contained_grid
21.75,88.75,South Twenty Four Parganas,76128533B2860535426345,contained_grid
21.75,89.0,South Twenty Four Parganas,76128533B2860535426345,contained_grid
22.0,69.25,Devbhumi Dwarka,76128533B74381554567803,contained_grid
22.0,69.5,Devbhumi Dwarka,76128533B74381554567803,contained_grid
22.0,69.75,Devbhumi Dwarka,76128533B74381554567803,contained_grid
22.0,70.0,Jamnagar,76128533B35205406647638,contained_grid
22.0,70.25,Jamnagar,76128533B35205406647638,contained_grid
22.0,70.5,Rajkot,76128533B74992405432705,contained_grid
22.0,70.75,Rajkot,76128533B74992405432705,contained_grid
22.0,71.0,Rajkot,76128533B74992405432705,contained_grid
22.0,71.25,Amreli,76128533B43737470294384,contained_grid
22.0,71.5,Batod,76128533B48885555323596,contained_grid
22.0,71.75,Bhavnagar,76128533B93450974047240,contained_grid
22.0,72.0,Bhavnagar,76128533B93450974047240,contained_grid
22.0,72.75,Bharuch,76128533B63599385776584,contained_grid
22.0,73.0,Bharuch,76128533B63599385776584,contained_grid
22.0,73.25,Vadodara,76128533B33151011563565,contained_grid
22.0,73.5,Vadodara,76128533B33151011563565,contained_grid
22.0,73.75,Chhota Udaipur,76128533B69417260894674,contained_grid
22.0,74.0,Chhota Udaipur,76128533B69417260894674,contained_grid
22.0,74.25,Alirajpur,76128533B35167844027544,contained_grid
22.0,74.5,Barwani,76128533B668165975951,contained_grid
22.0,74.75,Barwani,76128533B668165975951,contained_grid
22.0,75.0,Barwani,76128533B668165975951,contained_grid
22.0,75.25,Barwani,76128533B668165975951,contained_grid
22.0,75.5,Khargone (West Nimar),76128533B69481535535995,contained_grid
22.0,75.75,Khargone (West Nimar),76128533B69481535535995,contained_grid
22.0,76.0,Khargone (West Nimar),76128533B69481535535995,contained_grid
22.0,76.25,Khandwa (East Nimar),76128533B71271011331008,contained_grid
22.0,76.5,Khandwa (East Nimar),76128533B71271011331008,contained_grid
22.0,76.75,Khandwa (East Nimar),76128533B71271011331008,contained_grid
22.0,77.0,Harda,76128533B21179322085415,contained_grid
22.0,77.25,Harda,76128533B21179322085415,contained_grid
22.0,77.5,Betul,76128533B82559220423608,contained_grid
22.0,77.75,Betul,76128533B82559220423608,contained_grid
22.0,78.0,Betul,76128533B82559220423608,contained_grid
22.0,78.25,Betul,76128533B82559220423608,contained_grid
22.0,78.5,Chhindwara,76128533B70646408240587,contained_grid
22.0,78.75,Chhindwara,76128533B70646408240587,contained_grid
22.0,79.0,Chhindwara,76128533B70646408240587,contained_grid
22.0,79.25,Chhindwara,76128533B70646408240587,contained_grid
22.0,79.5,Seoni,76128533B78482805703540,contained_grid
22.0,79.75,Seoni,76128533B78482805703540,contained_grid
22.0,80.0,Balaghat,76128533B66134271591289,contained_grid
22.0,80.25,Balaghat,76128533B66134271591289,contained_grid
22.0,80.5,Balaghat,76128533B66134271591289,contained_grid
22.0,80.75,Balaghat,76128533B66134271591289,contained_grid
22.0,81.0,Kabeerdham,76128533B48077510234542,contained_grid
22.0,81.25,Kabeerdham,76128533B48077510234542,contained_grid
22.0,81.5,Bemetra,76128533B73736605657091,contained_grid
22.0,81.75,Mungeli,76128533B17292264941997,contained_grid
22.0,82.0,Bilaspur,76128533B81964529079574,contained_grid
22.0,82.25,Bilaspur,76128533B81964529079574,contained_grid
22.0,82.5,Janjgir-Champa,76128533B6310527412636,contained_grid
22.0,82.75,Janjgir-Champa,76128533B6310527412636,contained_grid
22.0,83.0,Janjgir-Champa,76128533B6310527412636,contained_grid
22.0,83.25,Raigarh,76128533B67018657649043,contained_grid
22.0,83.5,Raigarh,76128533B67018657649043,contained_grid
22.0,83.75,Sundargarh,76128533B6128685860104,contained_grid
22.0,84.0,Sundargarh,76128533B6128685860104,contained_grid
22.0,84.25,Sundargarh,76128533B6128685860104,contained_grid
22.0,84.5,Sambalpur,76128533B84129562351919,contained_grid
22.0,84.75,Sundargarh,76128533B6128685860104,contained_grid
22.0,85.0,Sundargarh,76128533B6128685860104,contained_grid
22.0,85.25,Kendujhar,76128533B59504628511334,contained_grid
22.0,85.5,Kendujhar,76128533B59504628511334,contained_grid
22.0,85.75,Mayurbhanj,76128533B34216851275023,contained_grid
22.0,86.0,Mayurbhanj,76128533B34216851275023,contained_grid
22.0,86.25,Mayurbhanj,76128533B34216851275023,contained_grid
22.0,86.5,Mayurbhanj,76128533B34216851275023,contained_grid
22.0,86.75,Mayurbhanj,76128533B34216851275023,contained_grid
22.0,87.0,Mayurbhanj,76128533B34216851275023,contained_grid
22.0,87.25,Paschim Medinipur,76128533B88812350838807,contained_grid
22.0,87.5,Purba Medinipur,76128533B25373378863054,contained_grid
22.0,87.75,Purba Medinipur,76128533B25373378863054,contained_grid
22.0,88.0,Purba Medinipur,76128533B25373378863054,contained_grid
22.0,88.25,South Twenty Four Parganas,76128533B2860535426345,contained_grid
22.0,88.5,South Twenty Four Parganas,76128533B2860535426345,contained_grid
22.0,88.75,South Twenty Four Parganas,76128533B2860535426345,contained_grid
22.0,89.0,South Twenty Four Parganas,76128533B2860535426345,contained_grid
22.0,93.0,Saiha,76128533B35468154415031,contained_grid
22.25,69.0,Devbhumi Dwarka,76128533B74381554567803,contained_grid
22.25,69.25,Devbhumi Dwarka,76128533B74381554567803,contained_grid
22.25,69.5,Devbhumi Dwarka,76128533B74381554567803,contained_grid
22.25,69.75,Devbhumi Dwarka,76128533B74381554567803,contained_grid
22.25,70.0,Jamnagar,76128533B35205406647638,contained_grid
22.25,70.25,Jamnagar,76128533B35205406647638,contained_grid
22.25,70.5,Jamnagar,76128533B35205406647638,contained_grid
22.25,70.75,Rajkot,76128533B74992405432705,contained_grid
22.25,71.0,Rajkot,76128533B74992405432705,contained_grid
22.25,71.25,Rajkot,76128533B74992405432705,contained_grid
22.25,71.5,Batod,76128533B48885555323596,contained_grid
22.25,71.75,Batod,76128533B48885555323596,contained_grid
22.25,72.0,Batod,76128533B48885555323596,contained_grid
22.25,72.25,Ahmadabad,76128533B93113981386565,contained_grid
22.25,72.75,Anand,76128533B69438085511257,contained_grid
22.25,73.0,Vadodara,76128533B33151011563565,contained_grid
22.25,73.25,Vadodara,76128533B33151011563565,contained_grid
22.25,73.5,Vadodara,76128533B33151011563565,contained_grid
22.25,73.75,Chhota Udaipur,76128533B69417260894674,contained_grid
22.25,74.0,Chhota Udaipur,76128533B69417260894674,contained_grid
22.25,74.25,Alirajpur,76128533B35167844027544,contained_grid
22.25,74.5,Alirajpur,76128533B35167844027544,contained_grid
22.25,74.75,Dhar,76128533B42880544505675,contained_grid
22.25,75.0,Dhar,76128533B42880544505675,contained_grid
22.25,75.25,Dhar,76128533B42880544505675,contained_grid
22.25,75.5,Dhar,76128533B42880544505675,contained_grid
22.25,75.75,Khargone (West Nimar),76128533B69481535535995,contained_grid
22.25,76.0,Khargone (West Nimar),76128533B69481535535995,contained_grid
22.25,76.25,Khandwa (East Nimar),76128533B71271011331008,contained_grid
22.25,76.5,Khandwa (East Nimar),76128533B71271011331008,contained_grid
22.25,76.75,Khandwa (East Nimar),76128533B71271011331008,contained_grid
22.25,77.0,Harda,76128533B21179322085415,contained_grid
22.25,77.25,Harda,76128533B21179322085415,contained_grid
22.25,77.5,Betul,76128533B82559220423608,contained_grid
22.25,77.75,Betul,76128533B82559220423608,contained_grid
22.25,78.0,Betul,76128533B82559220423608,contained_grid
22.25,78.25,Betul,76128533B82559220423608,contained_grid
22.25,78.5,Chhindwara,76128533B70646408240587,contained_grid
22.25,78.75,Chhindwara,76128533B70646408240587,contained_grid
22.25,79.0,Chhindwara,76128533B70646408240587,contained_grid
22.25,79.25,Chhindwara,76128533B70646408240587,contained_grid
22.25,79.5,Seoni,76128533B78482805703540,contained_grid
22.25,79.75,Seoni,76128533B78482805703540,contained_grid
22.25,80.0,Seoni,76128533B78482805703540,contained_grid
22.25,80.25,Balaghat,76128533B66134271591289,contained_grid
22.25,80.5,Balaghat,76128533B66134271591289,contained_grid
22.25,80.75,Balaghat,76128533B66134271591289,contained_grid
22.25,81.0,Balaghat,76128533B66134271591289,contained_grid
22.25,81.25,Kabeerdham,76128533B48077510234542,contained_grid
22.25,81.5,Kabeerdham,76128533B48077510234542,contained_grid
22.25,81.75,Mungeli,76128533B17292264941997,contained_grid
22.25,82.0,Bilaspur,76128533B81964529079574,contained_grid
22.25,82.25,Bilaspur,76128533B81964529079574,contained_grid
22.25,82.5,Korba,76128533B89438858641946,contained_grid
22.25,82.75,Korba,76128533B89438858641946,contained_grid
22.25,83.0,Korba,76128533B89438858641946,contained_grid
22.25,83.25,Raigarh,76128533B67018657649043,contained_grid
22.25,83.5,Raigarh,76128533B67018657649043,contained_grid
22.25,83.75,Raigarh,76128533B67018657649043,contained_grid
22.25,84.0,Sundargarh,76128533B6128685860104,contained_grid
22.25,84.25,Sundargarh,76128533B6128685860104,contained_grid
22.25,84.5,Sundargarh,76128533B6128685860104,contained_grid
22.25,84.75,Sundargarh,76128533B6128685860104,contained_grid
22.25,85.0,Sundargarh,76128533B6128685860104,contained_grid
22.25,85.25,Pashchimi Singhbhum,76128533B60893804631193,contained_grid
22.25,85.5,Pashchimi Singhbhum,76128533B60893804631193,contained_grid
22.25,85.75,Pashchimi Singhbhum,76128533B60893804631193,contained_grid
22.25,86.0,Mayurbhanj,76128533B34216851275023,contained_grid
22.25,86.25,Mayurbhanj,76128533B34216851275023,contained_grid
22.25,86.5,Mayurbhanj,76128533B34216851275023,contained_grid
22.25,86.75,Purbi Singhbhum,76128533B18931932305748,contained_grid
22.25,87.0,Jhargram,76128533B24861976740713,contained_grid
22.25,87.25,Paschim Medinipur,76128533B88812350838807,contained_grid
22.25,87.5,Paschim Medinipur,76128533B88812350838807,contained_grid
22.25,87.75,Purba Medinipur,76128533B25373378863054,contained_grid
22.25,88.0,Haora,76128533B22077262393417,contained_grid
22.25,88.25,South Twenty Four Parganas,76128533B2860535426345,contained_grid
22.25,88.5,South Twenty Four Parganas,76128533B2860535426345,contained_grid
22.25,88.75,South Twenty Four Parganas,76128533B2860535426345,contained_grid
22.25,89.0,North Twenty Four Parganas,76128533B93453964263910,contained_grid
22.25,92.75,Lawngtlai,76128533B70210707786180,contained_grid
22.25,93.0,Saiha,76128533B35468154415031,contained_grid
22.5,70.0,Jamnagar,76128533B35205406647638,contained_grid
22.5,70.25,Jamnagar,76128533B35205406647638,contained_grid
22.5,70.5,Jamnagar,76128533B35205406647638,contained_grid
22.5,70.75,Morbi,76128533B2080752988715,contained_grid
22.5,71.0,Morbi,76128533B2080752988715,contained_grid
22.5,71.25,Surendranagar,76128533B7851306475665,contained_grid
22.5,71.5,Surendranagar,76128533B7851306475665,contained_grid
22.5,71.75,Surendranagar,76128533B7851306475665,contained_grid
22.5,72.0,Ahmadabad,76128533B93113981386565,contained_grid
22.5,72.25,Ahmadabad,76128533B93113981386565,contained_grid
22.5,72.5,Anand,76128533B69438085511257,contained_grid
22.5,72.75,Anand,76128533B69438085511257,contained_grid
22.5,73.0,Anand,76128533B69438085511257,contained_grid
22.5,73.25,Vadodara,76128533B33151011563565,contained_grid
22.5,73.5,Panch Mahals,76128533B16476001647323,contained_grid
22.5,73.75,Chhota Udaipur,76128533B69417260894674,contained_grid
22.5,74.0,Chhota Udaipur,76128533B69417260894674,contained_grid
22.5,74.25,Alirajpur,76128533B35167844027544,contained_grid
22.5,74.5,Alirajpur,76128533B35167844027544,contained_grid
22.5,74.75,Dhar,76128533B42880544505675,contained_grid
22.5,75.0,Dhar,76128533B42880544505675,contained_grid
22.5,75.25,Dhar,76128533B42880544505675,contained_grid
22.5,75.5,Dhar,76128533B42880544505675,contained_grid
22.5,75.75,Indore,76128533B60360721573267,contained_grid
22.5,76.0,Indore,76128533B60360721573267,contained_grid
22.5,76.25,Dewas,76128533B53549946596470,contained_grid
22.5,76.5,Dewas,76128533B53549946596470,contained_grid
22.5,76.75,Dewas,76128533B53549946596470,contained_grid
22.5,77.0,Dewas,76128533B53549946596470,contained_grid
22.5,77.25,Harda,76128533B21179322085415,contained_grid
22.5,77.5,Hoshangabad,76128533B45314020251888,contained_grid
22.5,77.75,Hoshangabad,76128533B45314020251888,contained_grid
22.5,78.0,Hoshangabad,76128533B45314020251888,contained_grid
22.5,78.25,Hoshangabad,76128533B45314020251888,contained_grid
22.5,78.5,Hoshangabad,76128533B45314020251888,contained_grid
22.5,78.75,Chhindwara,76128533B70646408240587,contained_grid
22.5,79.0,Chhindwara,76128533B70646408240587,contained_grid
22.5,79.25,Chhindwara,76128533B70646408240587,contained_grid
22.5,79.5,Seoni,76128533B78482805703540,contained_grid
22.5,79.75,Seoni,76128533B78482805703540,contained_grid
22.5,80.0,Seoni,76128533B78482805703540,contained_grid
22.5,80.25,Mandla,76128533B79087524886024,contained_grid
22.5,80.5,Mandla,76128533B79087524886024,contained_grid
22.5,80.75,Mandla,76128533B79087524886024,contained_grid
22.5,81.0,Mandla,76128533B79087524886024,contained_grid
22.5,81.25,Dindori,76128533B20502827346807,contained_grid
22.5,81.5,Mungeli,76128533B17292264941997,contained_grid
22.5,81.75,Mungeli,76128533B17292264941997,contained_grid
22.5,82.0,Bilaspur,76128533B81964529079574,contained_grid
22.5,82.25,Korba,76128533B89438858641946,contained_grid
22.5,82.5,Korba,76128533B89438858641946,contained_grid
22.5,82.75,Korba,76128533B89438858641946,contained_grid
22.5,83.0,Korba,76128533B89438858641946,contained_grid
22.5,83.25,Raigarh,76128533B67018657649043,contained_grid
22.5,83.5,Jashpur,76128533B53609934827566,contained_grid
22.5,83.75,Jashpur,76128533B53609934827566,contained_grid
22.5,84.0,Sundargarh,76128533B6128685860104,contained_grid
22.5,84.25,Simdega,76128533B15601995412161,contained_grid
22.5,84.5,Simdega,76128533B15601995412161,contained_grid
22.5,84.75,Simdega,76128533B15601995412161,contained_grid
22.5,85.0,Simdega,76128533B15601995412161,contained_grid
22.5,85.25,Pashchimi Singhbhum,76128533B60893804631193,contained_grid
22.5,85.5,Pashchimi Singhbhum,76128533B60893804631193,contained_grid
22.5,85.75,Pashchimi Singhbhum,76128533B60893804631193,contained_grid
22.5,86.0,Mayurbhanj,76128533B34216851275023,contained_grid
22.5,86.25,Purbi Singhbhum,76128533B18931932305748,contained_grid
22.5,86.5,Purbi Singhbhum,76128533B18931932305748,contained_grid
22.5,86.75,Purbi Singhbhum,76128533B18931932305748,contained_grid
22.5,87.0,Jhargram,76128533B24861976740713,contained_grid
22.5,87.25,Paschim Medinipur,76128533B88812350838807,contained_grid
22.5,87.5,Paschim Medinipur,76128533B88812350838807,contained_grid
22.5,87.75,Paschim Medinipur,76128533B88812350838807,contained_grid
22.5,88.0,Haora,76128533B22077262393417,contained_grid
22.5,88.25,South Twenty Four Parganas,76128533B2860535426345,contained_grid
22.5,88.5,South Twenty Four Parganas,76128533B2860535426345,contained_grid
22.5,88.75,North Twenty Four Parganas,76128533B93453964263910,contained_grid
22.5,92.75,Lawngtlai,76128533B70210707786180,contained_grid
22.5,93.0,Saiha,76128533B35468154415031,contained_grid
22.75,70.5,Jamnagar,76128533B35205406647638,contained_grid
22.75,70.75,Morbi,76128533B2080752988715,contained_grid
22.75,71.0,Morbi,76128533B2080752988715,contained_grid
22.75,71.25,Surendranagar,76128533B7851306475665,contained_grid
22.75,71.5,Surendranagar,76128533B7851306475665,contained_grid
22.75,71.75,Surendranagar,76128533B7851306475665,contained_grid
22.75,72.0,Surendranagar,76128533B7851306475665,contained_grid
22.75,72.25,Ahmadabad,76128533B93113981386565,contained_grid
22.75,72.5,Ahmadabad,76128533B93113981386565,contained_grid
22.75,72.75,Kheda,76128533B39046535416628,contained_grid
22.75,73.0,Kheda,76128533B39046535416628,contained_grid
22.75,73.25,Kheda,76128533B39046535416628,contained_grid
22.75,73.5,Panch Mahals,76128533B16476001647323,contained_grid
22.75,73.75,Panch Mahals,76128533B16476001647323,contained_grid
22.75,74.0,Dohad,76128533B70576899889534,contained_grid
22.75,74.25,Dohad,76128533B70576899889534,contained_grid
22.75,74.5,Jhabua,76128533B67004768724668,contained_grid
22.75,74.75,Jhabua,76128533B67004768724668,contained_grid
22.75,75.0,Dhar,76128533B42880544505675,contained_grid
22.75,75.25,Dhar,76128533B42880544505675,contained_grid
22.75,75.5,Indore,76128533B60360721573267,contained_grid
22.75,75.75,Indore,76128533B60360721573267,contained_grid
22.75,76.0,Indore,76128533B60360721573267,contained_grid
22.75,76.25,Dewas,76128533B53549946596470,contained_grid
22.75,76.5,Dewas,76128533B53549946596470,contained_grid
22.75,76.75,Dewas,76128533B53549946596470,contained_grid
22.75,77.0,Dewas,76128533B53549946596470,contained_grid
22.75,77.25,Sehore,76128533B39959897010345,contained_grid
22.75,77.5,Sehore,76128533B39959897010345,contained_grid
22.75,77.75,Hoshangabad,76128533B45314020251888,contained_grid
22.75,78.0,Hoshangabad,76128533B45314020251888,contained_grid
22.75,78.25,Hoshangabad,76128533B45314020251888,contained_grid
22.75,78.5,Hoshangabad,76128533B45314020251888,contained_grid
22.75,78.75,Narsimhapur,76128533B20683890392439,contained_grid
22.75,79.0,Narsimhapur,76128533B20683890392439,contained_grid
22.75,79.25,Narsimhapur,76128533B20683890392439,contained_grid
22.75,79.5,Narsimhapur,76128533B20683890392439,contained_grid
22.75,79.75,Seoni,76128533B78482805703540,contained_grid
22.75,80.0,Seoni,76128533B78482805703540,contained_grid
22.75,80.25,Seoni,76128533B78482805703540,contained_grid
22.75,80.5,Mandla,76128533B79087524886024,contained_grid
22.75,80.75,Mandla,76128533B79087524886024,contained_grid
22.75,81.0,Dindori,76128533B20502827346807,contained_grid
22.75,81.25,Dindori,76128533B20502827346807,contained_grid
22.75,81.5,Anuppur,76128533B25468964623139,contained_grid
22.75,81.75,Anuppur,76128533B25468964623139,contained_grid
22.75,82.0,Gaurella Pendra Marwahi,76128533B38203190611533,contained_grid
22.75,82.25,Korba,76128533B89438858641946,contained_grid
22.75,82.5,Korba,76128533B89438858641946,contained_grid
22.75,82.75,Korba,76128533B89438858641946,contained_grid
22.75,83.0,Surguja,76128533B52487813780503,contained_grid
22.75,83.25,Raigarh,76128533B67018657649043,contained_grid
22.75,83.5,Surguja,76128533B52487813780503,contained_grid
22.75,83.75,Jashpur,76128533B53609934827566,contained_grid
22.75,84.0,Jashpur,76128533B53609934827566,contained_grid
22.75,84.25,Simdega,76128533B15601995412161,contained_grid
22.75,84.5,Simdega,76128533B15601995412161,contained_grid
22.75,84.75,Simdega,76128533B15601995412161,contained_grid
22.75,85.0,Simdega,76128533B15601995412161,contained_grid
22.75,85.25,Pashchimi Singhbhum,76128533B60893804631193,contained_grid
22.75,85.5,Pashchimi Singhbhum,76128533B60893804631193,contained_grid
22.75,85.75,Saraikela-Kharsawan,76128533B50275440439236,contained_grid
22.75,86.0,Saraikela-Kharsawan,76128533B50275440439236,contained_grid
22.75,86.25,Purbi Singhbhum,76128533B18931932305748,contained_grid
22.75,86.5,Puruliya,76128533B16811573188243,contained_grid
22.75,86.75,Bankura,76128533B20752885472650,contained_grid
22.75,87.0,Bankura,76128533B20752885472650,contained_grid
22.75,87.25,Paschim Medinipur,76128533B88812350838807,contained_grid
22.75,87.5,Paschim Medinipur,76128533B88812350838807,contained_grid
22.75,87.75,Hugli,76128533B81857725777974,contained_grid
22.75,88.0,Haora,76128533B22077262393417,contained_grid
22.75,88.25,Hugli,76128533B81857725777974,contained_grid
22.75,88.5,North Twenty Four Parganas,76128533B93453964263910,contained_grid
22.75,88.75,North Twenty Four Parganas,76128533B93453964263910,contained_grid
22.75,92.5,Lunglei,76128533B97836280165555,contained_grid
22.75,92.75,Lunglei,76128533B97836280165555,contained_grid
22.75,93.0,Lawngtlai,76128533B70210707786180,contained_grid
23.0,69.0,Kachchh,76128533B91881382098572,contained_grid
23.0,69.25,Kachchh,76128533B91881382098572,contained_grid
23.0,69.5,Kachchh,76128533B91881382098572,contained_grid
23.0,69.75,Kachchh,76128533B91881382098572,contained_grid
23.0,70.0,Kachchh,76128533B91881382098572,contained_grid
23.0,70.25,Kachchh,76128533B91881382098572,contained_grid
23.0,70.5,Kachchh,76128533B91881382098572,contained_grid
23.0,70.75,Morbi,76128533B2080752988715,contained_grid
23.0,71.0,Morbi,76128533B2080752988715,contained_grid
23.0,71.25,Morbi,76128533B2080752988715,contained_grid
23.0,71.5,Surendranagar,76128533B7851306475665,contained_grid
23.0,71.75,Surendranagar,76128533B7851306475665,contained_grid
23.0,72.0,Surendranagar,76128533B7851306475665,contained_grid
23.0,72.25,Ahmadabad,76128533B93113981386565,contained_grid
23.0,72.5,Ahmadabad,76128533B93113981386565,contained_grid
23.0,72.75,Ahmadabad,76128533B93113981386565,contained_grid
23.0,73.0,Kheda,76128533B39046535416628,contained_grid
23.0,73.25,Kheda,76128533B39046535416628,contained_grid
23.0,73.5,Mahisagar,76128533B49615943426842,contained_grid
23.0,73.75,Panch Mahals,76128533B16476001647323,contained_grid
23.0,74.0,Dohad,76128533B70576899889534,contained_grid
23.0,74.25,Dohad,76128533B70576899889534,contained_grid
23.0,74.5,Jhabua,76128533B67004768724668,contained_grid
23.0,74.75,Jhabua,76128533B67004768724668,contained_grid
23.0,75.0,Jhabua,76128533B67004768724668,contained_grid
23.0,75.25,Dhar,76128533B42880544505675,contained_grid
23.0,75.5,Ujjain,76128533B89286042589317,contained_grid
23.0,75.75,Indore,76128533B60360721573267,contained_grid
23.0,76.0,Dewas,76128533B53549946596470,contained_grid
23.0,76.25,Dewas,76128533B53549946596470,contained_grid
23.0,76.5,Sehore,76128533B39959897010345,contained_grid
23.0,76.75,Sehore,76128533B39959897010345,contained_grid
23.0,77.0,Sehore,76128533B39959897010345,contained_grid
23.0,77.25,Sehore,76128533B39959897010345,contained_grid
23.0,77.5,Raisen,76128533B57893545331548,contained_grid
23.0,77.75,Raisen,76128533B57893545331548,contained_grid
23.0,78.0,Raisen,76128533B57893545331548,contained_grid
23.0,78.25,Raisen,76128533B57893545331548,contained_grid
23.0,78.5,Narsimhapur,76128533B20683890392439,contained_grid
23.0,78.75,Narsimhapur,76128533B20683890392439,contained_grid
23.0,79.0,Narsimhapur,76128533B20683890392439,contained_grid
23.0,79.25,Narsimhapur,76128533B20683890392439,contained_grid
23.0,79.5,Narsimhapur,76128533B20683890392439,contained_grid
23.0,79.75,Jabalpur,76128533B27615708126939,contained_grid
23.0,80.0,Mandla,76128533B79087524886024,contained_grid
23.0,80.25,Mandla,76128533B79087524886024,contained_grid
23.0,80.5,Mandla,76128533B79087524886024,contained_grid
23.0,80.75,Dindori,76128533B20502827346807,contained_grid
23.0,81.0,Dindori,76128533B20502827346807,contained_grid
23.0,81.25,Anuppur,76128533B25468964623139,contained_grid
23.0,81.5,Anuppur,76128533B25468964623139,contained_grid
23.0,81.75,Anuppur,76128533B25468964623139,contained_grid
23.0,82.0,Gaurella Pendra Marwahi,76128533B38203190611533,contained_grid
23.0,82.25,Koriya,76128533B1621599562140,contained_grid
23.0,82.5,Koriya,76128533B1621599562140,contained_grid
23.0,82.75,Surguja,76128533B52487813780503,contained_grid
23.0,83.0,Surguja,76128533B52487813780503,contained_grid
23.0,83.25,Surguja,76128533B52487813780503,contained_grid
23.0,83.5,Surguja,76128533B52487813780503,contained_grid
23.0,83.75,Jashpur,76128533B53609934827566,contained_grid
23.0,84.0,Jashpur,76128533B53609934827566,contained_grid
23.0,84.25,Gumla,76128533B80916614857890,contained_grid
23.0,84.5,Gumla,76128533B80916614857890,contained_grid
23.0,84.75,Gumla,76128533B80916614857890,contained_grid
23.0,85.0,Khunti,76128533B27414563922025,contained_grid
23.0,85.25,Khunti,76128533B27414563922025,contained_grid
23.0,85.5,Khunti,76128533B27414563922025,contained_grid
23.0,85.75,Ranchi,76128533B71439508543442,contained_grid
23.0,86.0,Saraikela-Kharsawan,76128533B50275440439236,contained_grid
23.0,86.25,Puruliya,76128533B16811573188243,contained_grid
23.0,86.5,Puruliya,76128533B16811573188243,contained_grid
23.0,86.75,Bankura,76128533B20752885472650,contained_grid
23.0,87.0,Bankura,76128533B20752885472650,contained_grid
23.0,87.25,Bankura,76128533B20752885472650,contained_grid
23.0,87.5,Bankura,76128533B20752885472650,contained_grid
23.0,87.75,Barddhaman,76128533B59121537940607,contained_grid
23.0,88.0,Barddhaman,76128533B59121537940607,contained_grid
23.0,88.25,Hugli,76128533B81857725777974,contained_grid
23.0,88.5,Nadia,76128533B71390118115414,contained_grid
23.0,88.75,North Twenty Four Parganas,76128533B93453964263910,contained_grid
23.0,92.5,Lunglei,76128533B97836280165555,contained_grid
23.0,92.75,Lunglei,76128533B97836280165555,contained_grid
23.0,93.0,Hnahthial,76128533B64903504311414,contained_grid
23.25,68.75,Kachchh,76128533B91881382098572,contained_grid
23.25,69.0,Kachchh,76128533B91881382098572,contained_grid
23.25,69.25,Kachchh,76128533B91881382098572,contained_grid
23.25,69.5,Kachchh,76128533B91881382098572,contained_grid
23.25,69.75,Kachchh,76128533B91881382098572,contained_grid
23.25,70.0,Kachchh,76128533B91881382098572,contained_grid
23.25,70.25,Kachchh,76128533B91881382098572,contained_grid
23.25,70.5,Kachchh,76128533B91881382098572,contained_grid
23.25,70.75,Kachchh,76128533B91881382098572,contained_grid
23.25,71.0,Kachchh,76128533B91881382098572,contained_grid
23.25,71.25,Kachchh,76128533B91881382098572,contained_grid
23.25,71.5,Kachchh,76128533B91881382098572,contained_grid
23.25,71.75,Surendranagar,76128533B7851306475665,contained_grid
23.25,72.0,Surendranagar,76128533B7851306475665,contained_grid
23.25,72.25,Mahesana,76128533B81661995166840,contained_grid
23.25,72.5,Gandhinagar,76128533B7606365706860,contained_grid
23.25,72.75,Gandhinagar,76128533B7606365706860,contained_grid
23.25,73.0,Aravali,76128533B62153454383166,contained_grid
23.25,73.25,Aravali,76128533B62153454383166,contained_grid
23.25,73.5,Mahisagar,76128533B49615943426842,contained_grid
23.25,73.75,Mahisagar,76128533B49615943426842,contained_grid
23.25,74.0,Dohad,76128533B70576899889534,contained_grid
23.25,74.25,Banswara,76128533B96584288929219,contained_grid
23.25,74.5,Banswara,76128533B96584288929219,contained_grid
23.25,74.75,Ratlam,76128533B19341883513630,contained_grid
23.25,75.0,Ratlam,76128533B19341883513630,contained_grid
23.25,75.25,Ratlam,76128533B19341883513630,contained_grid
23.25,75.5,Ujjain,76128533B89286042589317,contained_grid
23.25,75.75,Ujjain,76128533B89286042589317,contained_grid
23.25,76.0,Ujjain,76128533B89286042589317,contained_grid
23.25,76.25,Shajapur,76128533B30477486088156,contained_grid
23.25,76.5,Shajapur,76128533B30477486088156,contained_grid
23.25,76.75,Shajapur,76128533B30477486088156,contained_grid
23.25,77.0,Sehore,76128533B39959897010345,contained_grid
23.25,77.25,Bhopal,76128533B22439249004073,contained_grid
23.25,77.5,Bhopal,76128533B22439249004073,contained_grid
23.25,77.75,Raisen,76128533B57893545331548,contained_grid
23.25,78.0,Raisen,76128533B57893545331548,contained_grid
23.25,78.25,Raisen,76128533B57893545331548,contained_grid
23.25,78.5,Raisen,76128533B57893545331548,contained_grid
23.25,78.75,Raisen,76128533B57893545331548,contained_grid
23.25,79.0,Sagar,76128533B30447764775083,contained_grid
23.25,79.25,Damoh,76128533B44250373880839,contained_grid
23.25,79.5,Jabalpur,76128533B27615708126939,contained_grid
23.25,79.75,Jabalpur,76128533B27615708126939,contained_grid
23.25,80.0,Jabalpur,76128533B27615708126939,contained_grid
23.25,80.25,Jabalpur,76128533B27615708126939,contained_grid
23.25,80.5,Jabalpur,76128533B27615708126939,contained_grid
23.25,80.75,Umaria,76128533B4466876522971,contained_grid
23.25,81.0,Umaria,76128533B4466876522971,contained_grid
23.25,81.25,Umaria,76128533B4466876522971,contained_grid
23.25,81.5,Shahdol,76128533B79303776608295,contained_grid
23.25,81.75,Shahdol,76128533B79303776608295,contained_grid
23.25,82.0,Anuppur,76128533B25468964623139,contained_grid
23.25,82.25,Koriya,76128533B1621599562140,contained_grid
23.25,82.5,Koriya,76128533B1621599562140,contained_grid
23.25,82.75,Koriya,76128533B1621599562140,contained_grid
23.25,83.0,Surajpur,76128533B46979893461805,contained_grid
23.25,83.25,Balrampur,76128533B14598081584747,contained_grid
23.25,83.5,Balrampur,76128533B14598081584747,contained_grid
23.25,83.75,Balrampur,76128533B14598081584747,contained_grid
23.25,84.0,Balrampur,76128533B14598081584747,contained_grid
23.25,84.25,Gumla,76128533B80916614857890,contained_grid
23.25,84.5,Gumla,76128533B80916614857890,contained_grid
23.25,84.75,Gumla,76128533B80916614857890,contained_grid
23.25,85.0,Ranchi,76128533B71439508543442,contained_grid
23.25,85.25,Ranchi,76128533B71439508543442,contained_grid
23.25,85.5,Ranchi,76128533B71439508543442,contained_grid
23.25,85.75,Ranchi,76128533B71439508543442,contained_grid
23.25,86.0,Puruliya,76128533B16811573188243,contained_grid
23.25,86.25,Puruliya,76128533B16811573188243,contained_grid
23.25,86.5,Puruliya,76128533B16811573188243,contained_grid
23.25,86.75,Puruliya,76128533B16811573188243,contained_grid
23.25,87.0,Bankura,76128533B20752885472650,contained_grid
23.25,87.25,Bankura,76128533B20752885472650,contained_grid
23.25,87.5,Bankura,76128533B20752885472650,contained_grid
23.25,87.75,Barddhaman,76128533B59121537940607,contained_grid
23.25,88.0,Barddhaman,76128533B59121537940607,contained_grid
23.25,88.25,Barddhaman,76128533B59121537940607,contained_grid
23.25,88.5,Nadia,76128533B71390118115414,contained_grid
23.25,91.5,South Tripura,76128533B67748245133340,contained_grid
23.25,91.75,Gomati,76128533B94126463611805,contained_grid
23.25,92.5,Lunglei,76128533B97836280165555,contained_grid
23.25,92.75,Serchhip,76128533B49456368048033,contained_grid
23.25,93.0,Serchhip,76128533B49456368048033,contained_grid
23.25,93.25,Champhai,76128533B39039541714099,contained_grid
23.5,68.75,Kachchh,76128533B91881382098572,contained_grid
23.5,69.0,Kachchh,76128533B91881382098572,contained_grid
23.5,69.25,Kachchh,76128533B91881382098572,contained_grid
23.5,69.5,Kachchh,76128533B91881382098572,contained_grid
23.5,69.75,Kachchh,76128533B91881382098572,contained_grid
23.5,70.0,Kachchh,76128533B91881382098572,contained_grid
23.5,70.25,Kachchh,76128533B91881382098572,contained_grid
23.5,70.5,Kachchh,76128533B91881382098572,contained_grid
23.5,70.75,Kachchh,76128533B91881382098572,contained_grid
23.5,71.0,Kachchh,76128533B91881382098572,contained_grid
23.5,71.25,Kachchh,76128533B91881382098572,contained_grid
23.5,71.5,Kachchh,76128533B91881382098572,contained_grid
23.5,71.75,Patan,76128533B42839853072341,contained_grid
23.5,72.0,Surendranagar,76128533B7851306475665,contained_grid
23.5,72.25,Mahesana,76128533B81661995166840,contained_grid
23.5,72.5,Mahesana,76128533B81661995166840,contained_grid
23.5,72.75,Gandhinagar,76128533B7606365706860,contained_grid
23.5,73.0,Sabar Kantha,76128533B35129325000613,contained_grid
23.5,73.25,Aravali,76128533B62153454383166,contained_grid
23.5,73.5,Aravali,76128533B62153454383166,contained_grid
23.5,73.75,Dungarpur,76128533B12079567451207,contained_grid
23.5,74.0,Dungarpur,76128533B12079567451207,contained_grid
23.5,74.25,Banswara,76128533B96584288929219,contained_grid
23.5,74.5,Banswara,76128533B96584288929219,contained_grid
23.5,74.75,Ratlam,76128533B19341883513630,contained_grid
23.5,75.0,Ratlam,76128533B19341883513630,contained_grid
23.5,75.25,Ujjain,76128533B89286042589317,contained_grid
23.5,75.5,Ujjain,76128533B89286042589317,contained_grid
23.5,75.75,Ujjain,76128533B89286042589317,contained_grid
23.5,76.0,Ujjain,76128533B89286042589317,contained_grid
23.5,76.25,Shajapur,76128533B30477486088156,contained_grid
23.5,76.5,Shajapur,76128533B30477486088156,contained_grid
23.5,76.75,Rajgarh,76128533B28521131010314,contained_grid
23.5,77.0,Rajgarh,76128533B28521131010314,contained_grid
23.5,77.25,Sehore,76128533B39959897010345,contained_grid
23.5,77.5,Bhopal,76128533B22439249004073,contained_grid
23.5,77.75,Raisen,76128533B57893545331548,contained_grid
23.5,78.0,Vidisha,76128533B64834018186186,contained_grid
23.5,78.25,Raisen,76128533B57893545331548,contained_grid
23.5,78.5,Raisen,76128533B57893545331548,contained_grid
23.5,78.75,Sagar,76128533B30447764775083,contained_grid
23.5,79.0,Sagar,76128533B30447764775083,contained_grid
23.5,79.25,Sagar,76128533B30447764775083,contained_grid
23.5,79.5,Damoh,76128533B44250373880839,contained_grid
23.5,79.75,Damoh,76128533B44250373880839,contained_grid
23.5,80.0,Jabalpur,76128533B27615708126939,contained_grid
23.5,80.25,Katni,76128533B16674973717653,contained_grid
23.5,80.5,Katni,76128533B16674973717653,contained_grid
23.5,80.75,Umaria,76128533B4466876522971,contained_grid
23.5,81.0,Umaria,76128533B4466876522971,contained_grid
23.5,81.25,Umaria,76128533B4466876522971,contained_grid
23.5,81.5,Shahdol,76128533B79303776608295,contained_grid
23.5,81.75,Shahdol,76128533B79303776608295,contained_grid
23.5,82.0,Koriya,76128533B1621599562140,contained_grid
23.5,82.25,Koriya,76128533B1621599562140,contained_grid
23.5,82.5,Koriya,76128533B1621599562140,contained_grid
23.5,82.75,Balrampur,76128533B14598081584747,contained_grid
23.5,83.0,Surajpur,76128533B46979893461805,contained_grid
23.5,83.25,Surajpur,76128533B46979893461805,contained_grid
23.5,83.5,Balrampur,76128533B14598081584747,contained_grid
23.5,83.75,Balrampur,76128533B14598081584747,contained_grid
23.5,84.0,Balrampur,76128533B14598081584747,contained_grid
23.5,84.25,Latehar,76128533B35143550659673,contained_grid
23.5,84.5,Lohardaga,76128533B35439951183692,contained_grid
23.5,84.75,Lohardaga,76128533B35439951183692,contained_grid
23.5,85.0,Ranchi,76128533B71439508543442,contained_grid
23.5,85.25,Ranchi,76128533B71439508543442,contained_grid
23.5,85.5,Ranchi,76128533B71439508543442,contained_grid
23.5,85.75,Ramgarh,76128533B79263581040575,contained_grid
23.5,86.0,Bokaro,76128533B30016122738302,contained_grid
23.5,86.25,Bokaro,76128533B30016122738302,contained_grid
23.5,86.5,Puruliya,76128533B16811573188243,contained_grid
23.5,86.75,Puruliya,76128533B16811573188243,contained_grid
23.5,87.0,Bankura,76128533B20752885472650,contained_grid
23.5,87.25,Bankura,76128533B20752885472650,contained_grid
23.5,87.5,Barddhaman,76128533B59121537940607,contained_grid
23.5,87.75,Barddhaman,76128533B59121537940607,contained_grid
23.5,88.0,Barddhaman,76128533B59121537940607,contained_grid
23.5,88.25,Barddhaman,76128533B59121537940607,contained_grid
23.5,88.5,Nadia,76128533B71390118115414,contained_grid
23.5,91.25,Sipahijula,76128533B43965372582859,contained_grid
23.5,91.5,Gomati,76128533B94126463611805,contained_grid
23.5,91.75,Gomati,76128533B94126463611805,contained_grid
23.5,92.5,Mamit,76128533B77336742344288,contained_grid
23.5,92.75,Aizawl,76128533B34203923268864,contained_grid
23.5,93.0,Aizawl,76128533B34203923268864,contained_grid
23.5,93.25,Khawzawl,76128533B41321006511827,contained_grid
23.75,68.25,Kachchh,76128533B91881382098572,contained_grid
23.75,68.5,Kachchh,76128533B91881382098572,contained_grid
23.75,68.75,Kachchh,76128533B91881382098572,contained_grid
23.75,69.0,Kachchh,76128533B91881382098572,contained_grid
23.75,69.25,Kachchh,76128533B91881382098572,contained_grid
23.75,69.5,Kachchh,76128533B91881382098572,contained_grid
23.75,69.75,Kachchh,76128533B91881382098572,contained_grid
23.75,70.0,Kachchh,76128533B91881382098572,contained_grid
23.75,70.25,Kachchh,76128533B91881382098572,contained_grid
23.75,70.5,Kachchh,76128533B91881382098572,contained_grid
23.75,70.75,Kachchh,76128533B91881382098572,contained_grid
23.75,71.0,Kachchh,76128533B91881382098572,contained_grid
23.75,71.25,Kachchh,76128533B91881382098572,contained_grid
23.75,71.5,Patan,76128533B42839853072341,contained_grid
23.75,71.75,Patan,76128533B42839853072341,contained_grid
23.75,72.0,Patan,76128533B42839853072341,contained_grid
23.75,72.25,Patan,76128533B42839853072341,contained_grid
23.75,72.5,Mahesana,76128533B81661995166840,contained_grid
23.75,72.75,Mahesana,76128533B81661995166840,contained_grid
23.75,73.0,Sabar Kantha,76128533B35129325000613,contained_grid
23.75,73.25,Aravali,76128533B62153454383166,contained_grid
23.75,73.5,Dungarpur,76128533B12079567451207,contained_grid
23.75,73.75,Dungarpur,76128533B12079567451207,contained_grid
23.75,74.0,Dungarpur,76128533B12079567451207,contained_grid
23.75,74.25,Banswara,76128533B96584288929219,contained_grid
23.75,74.5,Banswara,76128533B96584288929219,contained_grid
23.75,74.75,Pratapgarh,76128533B50613523798301,contained_grid
23.75,75.0,Ratlam,76128533B19341883513630,contained_grid
23.75,75.25,Ratlam,76128533B19341883513630,contained_grid
23.75,75.5,Ratlam,76128533B19341883513630,contained_grid
23.75,75.75,Agar,76128533B29721759389119,contained_grid
23.75,76.0,Agar,76128533B29721759389119,contained_grid
23.75,76.25,Agar,76128533B29721759389119,contained_grid
23.75,76.5,Rajgarh,76128533B28521131010314,contained_grid
23.75,76.75,Rajgarh,76128533B28521131010314,contained_grid
23.75,77.0,Rajgarh,76128533B28521131010314,contained_grid
23.75,77.25,Bhopal,76128533B22439249004073,contained_grid
23.75,77.5,Bhopal,76128533B22439249004073,contained_grid
23.75,77.75,Vidisha,76128533B64834018186186,contained_grid
23.75,78.0,Vidisha,76128533B64834018186186,contained_grid
23.75,78.25,Vidisha,76128533B64834018186186,contained_grid
23.75,78.5,Sagar,76128533B30447764775083,contained_grid
23.75,78.75,Sagar,76128533B30447764775083,contained_grid
23.75,79.0,Sagar,76128533B30447764775083,contained_grid
23.75,79.25,Sagar,76128533B30447764775083,contained_grid
23.75,79.5,Damoh,76128533B44250373880839,contained_grid
23.75,79.75,Damoh,76128533B44250373880839,contained_grid
23.75,80.0,Katni,76128533B16674973717653,contained_grid
23.75,80.25,Katni,76128533B16674973717653,contained_grid
23.75,80.5,Katni,76128533B16674973717653,contained_grid
23.75,80.75,Katni,76128533B16674973717653,contained_grid
23.75,81.0,Umaria,76128533B4466876522971,contained_grid
23.75,81.25,Shahdol,76128533B79303776608295,contained_grid
23.75,81.5,Shahdol,76128533B79303776608295,contained_grid
23.75,81.75,Koriya,76128533B1621599562140,contained_grid
23.75,82.0,Koriya,76128533B1621599562140,contained_grid
23.75,82.25,Koriya,76128533B1621599562140,contained_grid
23.75,82.5,Koriya,76128533B1621599562140,contained_grid
23.75,82.75,Balrampur,76128533B14598081584747,contained_grid
23.75,83.0,Surajpur,76128533B46979893461805,contained_grid
23.75,83.25,Balrampur,76128533B14598081584747,contained_grid
23.75,83.5,Balrampur,76128533B14598081584747,contained_grid
23.75,83.75,Garhwa,76128533B12294379827032,contained_grid
23.75,84.0,Latehar,76128533B35143550659673,contained_grid
23.75,84.25,Latehar,76128533B35143550659673,contained_grid
23.75,84.5,Latehar,76128533B35143550659673,contained_grid
23.75,84.75,Latehar,76128533B35143550659673,contained_grid
23.75,85.0,Chatra,76128533B44632955875385,contained_grid
23.75,85.25,Hazaribagh,76128533B1222571856670,contained_grid
23.75,85.5,Ramgarh,76128533B79263581040575,contained_grid
23.75,85.75,Bokaro,76128533B30016122738302,contained_grid
23.75,86.0,Bokaro,76128533B30016122738302,contained_grid
23.75,86.25,Dhanbad,76128533B94847743365739,contained_grid
23.75,86.5,Dhanbad,76128533B94847743365739,contained_grid
23.75,86.75,Dhanbad,76128533B94847743365739,contained_grid
23.75,87.0,Paschim Barddhaman,76128533B60845263086042,contained_grid
23.75,87.25,Birbhum,76128533B53366745705922,contained_grid
23.75,87.5,Birbhum,76128533B53366745705922,contained_grid
23.75,87.75,Birbhum,76128533B53366745705922,contained_grid
23.75,88.0,Barddhaman,76128533B59121537940607,contained_grid
23.75,88.25,Nadia,76128533B71390118115414,contained_grid
23.75,88.5,Nadia,76128533B71390118115414,contained_grid
23.75,91.25,West Tripura,76128533B97225684979956,contained_grid
23.75,91.5,West Tripura,76128533B97225684979956,contained_grid
23.75,91.75,Khowai,76128533B67044589012853,contained_grid
23.75,92.0,Dhalai,76128533B42970684683247,contained_grid
23.75,92.25,North Tripura,76128533B77134386587213,contained_grid
23.75,92.5,Mamit,76128533B77336742344288,contained_grid
23.75,92.75,Aizawl,76128533B34203923268864,contained_grid
23.75,93.0,Aizawl,76128533B34203923268864,contained_grid
23.75,93.25,Saitual,76128533B62486414019241,contained_grid
24.0,69.0,Kachchh,76128533B91881382098572,contained_grid
24.0,69.25,Kachchh,76128533B91881382098572,contained_grid
24.0,69.5,Kachchh,76128533B91881382098572,contained_grid
24.0,69.75,Kachchh,76128533B91881382098572,contained_grid
24.0,70.0,Kachchh,76128533B91881382098572,contained_grid
24.0,70.25,Kachchh,76128533B91881382098572,contained_grid
24.0,70.5,Kachchh,76128533B91881382098572,contained_grid
24.0,70.75,Kachchh,76128533B91881382098572,contained_grid
24.0,71.0,Kachchh,76128533B91881382098572,contained_grid
24.0,71.25,Kachchh,76128533B91881382098572,contained_grid
24.0,71.5,Banas Kantha,76128533B52902360321344,contained_grid
24.0,71.75,Banas Kantha,76128533B52902360321344,contained_grid
24.0,72.0,Banas Kantha,76128533B52902360321344,contained_grid
24.0,72.25,Patan,76128533B42839853072341,contained_grid
24.0,72.5,Banas Kantha,76128533B52902360321344,contained_grid
24.0,72.75,Mahesana,76128533B81661995166840,contained_grid
24.0,73.0,Sabar Kantha,76128533B35129325000613,contained_grid
24.0,73.25,Sabar Kantha,76128533B35129325000613,contained_grid
24.0,73.5,Udaipur,76128533B37392223136185,contained_grid
24.0,73.75,Udaipur,76128533B37392223136185,contained_grid
24.0,74.0,Udaipur,76128533B37392223136185,contained_grid
24.0,74.25,Udaipur,76128533B37392223136185,contained_grid
24.0,74.5,Pratapgarh,76128533B50613523798301,contained_grid
24.0,74.75,Pratapgarh,76128533B50613523798301,contained_grid
24.0,75.0,Mandsaur,76128533B25679991785711,contained_grid
24.0,75.25,Mandsaur,76128533B25679991785711,contained_grid
24.0,75.5,Jhalawar,76128533B91943656836526,contained_grid
24.0,75.75,Mandsaur,76128533B25679991785711,contained_grid
24.0,76.0,Agar,76128533B29721759389119,contained_grid
24.0,76.25,Agar,76128533B29721759389119,contained_grid
24.0,76.5,Rajgarh,76128533B28521131010314,contained_grid
24.0,76.75,Rajgarh,76128533B28521131010314,contained_grid
24.0,77.0,Rajgarh,76128533B28521131010314,contained_grid
24.0,77.25,Guna,76128533B79048012717121,contained_grid
24.0,77.5,Vidisha,76128533B64834018186186,contained_grid
24.0,77.75,Vidisha,76128533B64834018186186,contained_grid
24.0,78.0,Vidisha,76128533B64834018186186,contained_grid
24.0,78.25,Vidisha,76128533B64834018186186,contained_grid
24.0,78.5,Sagar,76128533B30447764775083,contained_grid
24.0,78.75,Sagar,76128533B30447764775083,contained_grid
24.0,79.0,Sagar,76128533B30447764775083,contained_grid
24.0,79.25,Damoh,76128533B44250373880839,contained_grid
24.0,79.5,Damoh,76128533B44250373880839,contained_grid
24.0,79.75,Damoh,76128533B44250373880839,contained_grid
24.0,80.0,Panna,76128533B81607600692021,contained_grid
24.0,80.25,Panna,76128533B81607600692021,contained_grid
24.0,80.5,Katni,76128533B16674973717653,contained_grid
24.0,80.75,Katni,76128533B16674973717653,contained_grid
24.0,81.0,Umaria,76128533B4466876522971,contained_grid
24.0,81.25,Shahdol,76128533B79303776608295,contained_grid
24.0,81.5,Shahdol,76128533B79303776608295,contained_grid
24.0,81.75,Sidhi,76128533B53791014455989,contained_grid
24.0,82.0,Sidhi,76128533B53791014455989,contained_grid
24.0,82.25,Singrauli,76128533B50014751336341,contained_grid
24.0,82.5,Singrauli,76128533B50014751336341,contained_grid
24.0,82.75,Singrauli,76128533B50014751336341,contained_grid
24.0,83.0,Sonbhadra,76128533B52058654769647,contained_grid
24.0,83.25,Balrampur,76128533B14598081584747,contained_grid
24.0,83.5,Balrampur,76128533B14598081584747,contained_grid
24.0,83.75,Garhwa,76128533B12294379827032,contained_grid
24.0,84.0,Palamu,76128533B6050540865870,contained_grid
24.0,84.25,Palamu,76128533B6050540865870,contained_grid
24.0,84.5,Palamu,76128533B6050540865870,contained_grid
24.0,84.75,Chatra,76128533B44632955875385,contained_grid
24.0,85.0,Chatra,76128533B44632955875385,contained_grid
24.0,85.25,Hazaribagh,76128533B1222571856670,contained_grid
24.0,85.5,Hazaribagh,76128533B1222571856670,contained_grid
24.0,85.75,Hazaribagh,76128533B1222571856670,contained_grid
24.0,86.0,Giridih,76128533B75529869544465,contained_grid
24.0,86.25,Giridih,76128533B75529869544465,contained_grid
24.0,86.5,Dhanbad,76128533B94847743365739,contained_grid
24.0,86.75,Jamtara,76128533B17261532861377,contained_grid
24.0,87.0,Jamtara,76128533B17261532861377,contained_grid
24.0,87.25,Jamtara,76128533B17261532861377,contained_grid
24.0,87.5,Birbhum,76128533B53366745705922,contained_grid
24.0,87.75,Birbhum,76128533B53366745705922,contained_grid
24.0,88.0,Murshidabad,76128533B51402332870635,contained_grid
24.0,88.25,Murshidabad,76128533B51402332870635,contained_grid
24.0,88.5,Murshidabad,76128533B51402332870635,contained_grid
24.0,88.75,Nadia,76128533B71390118115414,contained_grid
24.0,91.5,West Tripura,76128533B97225684979956,contained_grid
24.0,91.75,Khowai,76128533B67044589012853,contained_grid
24.0,92.0,Dhalai,76128533B42970684683247,contained_grid
24.0,92.25,North Tripura,76128533B77134386587213,contained_grid
24.0,92.5,Mamit,76128533B77336742344288,contained_grid
24.0,92.75,Kolasib,76128533B38141181853016,contained_grid
24.0,93.0,Saitual,76128533B62486414019241,contained_grid
24.0,93.25,Saitual,76128533B62486414019241,contained_grid
24.0,93.5,Churachandpur,76128533B50969226102213,contained_grid
24.0,94.0,Chandel,76128533B59855617266389,contained_grid
24.25,69.25,Kachchh,76128533B91881382098572,contained_grid
24.25,69.5,Kachchh,76128533B91881382098572,contained_grid
24.25,70.25,Kachchh,76128533B91881382098572,contained_grid
24.25,70.5,Kachchh,76128533B91881382098572,contained_grid
24.25,71.0,Kachchh,76128533B91881382098572,contained_grid
24.25,71.25,Kachchh,76128533B91881382098572,contained_grid
24.25,71.5,Banas Kantha,76128533B52902360321344,contained_grid
24.25,71.75,Banas Kantha,76128533B52902360321344,contained_grid
24.25,72.0,Banas Kantha,76128533B52902360321344,contained_grid
24.25,72.25,Banas Kantha,76128533B52902360321344,contained_grid
24.25,72.5,Banas Kantha,76128533B52902360321344,contained_grid
24.25,72.75,Banas Kantha,76128533B52902360321344,contained_grid
24.25,73.0,Banas Kantha,76128533B52902360321344,contained_grid
24.25,73.25,Udaipur,76128533B37392223136185,contained_grid
24.25,73.5,Udaipur,76128533B37392223136185,contained_grid
24.25,73.75,Udaipur,76128533B37392223136185,contained_grid
24.25,74.0,Udaipur,76128533B37392223136185,contained_grid
24.25,74.25,Udaipur,76128533B37392223136185,contained_grid
24.25,74.5,Pratapgarh,76128533B50613523798301,contained_grid
24.25,74.75,Pratapgarh,76128533B50613523798301,contained_grid
24.25,75.0,Mandsaur,76128533B25679991785711,contained_grid
24.25,75.25,Mandsaur,76128533B25679991785711,contained_grid
24.25,75.5,Mandsaur,76128533B25679991785711,contained_grid
24.25,75.75,Mandsaur,76128533B25679991785711,contained_grid
24.25,76.0,Jhalawar,76128533B91943656836526,contained_grid
24.25,76.25,Jhalawar,76128533B91943656836526,contained_grid
24.25,76.5,Jhalawar,76128533B91943656836526,contained_grid
24.25,76.75,Jhalawar,76128533B91943656836526,contained_grid
24.25,77.0,Guna,76128533B79048012717121,contained_grid
24.25,77.25,Guna,76128533B79048012717121,contained_grid
24.25,77.5,Vidisha,76128533B64834018186186,contained_grid
24.25,77.75,Vidisha,76128533B64834018186186,contained_grid
24.25,78.0,Ashoknagar,76128533B75548370501185,contained_grid
24.25,78.25,Sagar,76128533B30447764775083,contained_grid
24.25,78.5,Sagar,76128533B30447764775083,contained_grid
24.25,78.75,Lalitpur,76128533B59256192226816,contained_grid
24.25,79.0,Sagar,76128533B30447764775083,contained_grid
24.25,79.25,Chhatarpur,76128533B42922918567330,contained_grid
24.25,79.5,Damoh,76128533B44250373880839,contained_grid
24.25,79.75,Damoh,76128533B44250373880839,contained_grid
24.25,80.0,Panna,76128533B81607600692021,contained_grid
24.25,80.25,Panna,76128533B81607600692021,contained_grid
24.25,80.5,Panna,76128533B81607600692021,contained_grid
24.25,80.75,Satna,76128533B39705008578419,contained_grid
24.25,81.0,Satna,76128533B39705008578419,contained_grid
24.25,81.25,Satna,76128533B39705008578419,contained_grid
24.25,81.5,Sidhi,76128533B53791014455989,contained_grid
24.25,81.75,Sidhi,76128533B53791014455989,contained_grid
24.25,82.0,Singrauli,76128533B50014751336341,contained_grid
24.25,82.25,Singrauli,76128533B50014751336341,contained_grid
24.25,82.5,Singrauli,76128533B50014751336341,contained_grid
24.25,82.75,Singrauli,76128533B50014751336341,contained_grid
24.25,83.0,Sonbhadra,76128533B52058654769647,contained_grid
24.25,83.25,Sonbhadra,76128533B52058654769647,contained_grid
24.25,83.5,Garhwa,76128533B12294379827032,contained_grid
24.25,83.75,Garhwa,76128533B12294379827032,contained_grid
24.25,84.0,Palamu,76128533B6050540865870,contained_grid
24.25,84.25,Palamu,76128533B6050540865870,contained_grid
24.25,84.5,Chatra,76128533B44632955875385,contained_grid
24.25,84.75,Chatra,76128533B44632955875385,contained_grid
24.25,85.0,Chatra,76128533B44632955875385,contained_grid
24.25,85.25,Chatra,76128533B44632955875385,contained_grid
24.25,85.5,Hazaribagh,76128533B1222571856670,contained_grid
24.25,85.75,Hazaribagh,76128533B1222571856670,contained_grid
24.25,86.0,Giridih,76128533B75529869544465,contained_grid
24.25,86.25,Giridih,76128533B75529869544465,contained_grid
24.25,86.5,Deoghar,76128533B90068096507942,contained_grid
24.25,86.75,Deoghar,76128533B90068096507942,contained_grid
24.25,87.0,Deoghar,76128533B90068096507942,contained_grid
24.25,87.25,Dumka,76128533B18802630191461,contained_grid
24.25,87.5,Dumka,76128533B18802630191461,contained_grid
24.25,87.75,Birbhum,76128533B53366745705922,contained_grid
24.25,88.0,Birbhum,76128533B53366745705922,contained_grid
24.25,88.25,Murshidabad,76128533B51402332870635,contained_grid
24.25,88.5,Murshidabad,76128533B51402332870635,contained_grid
24.25,92.0,Unokoti,76128533B4720703924950,contained_grid
24.25,92.25,Karimganj,76128533B23092176497025,contained_grid
24.25,92.5,Hailakandi,76128533B16749627383755,contained_grid
24.25,92.75,Kolasib,76128533B38141181853016,contained_grid
24.25,93.0,Aizawl,76128533B34203923268864,contained_grid
24.25,93.25,Pherzawl,76128533B71254158898830,contained_grid
24.25,93.5,Churachandpur,76128533B50969226102213,contained_grid
24.25,93.75,Churachandpur,76128533B50969226102213,contained_grid
24.25,94.0,Chandel,76128533B59855617266389,contained_grid
24.25,94.25,Tengnoupal,76128533B61831576863813,contained_grid
24.5,71.25,Kachchh,76128533B91881382098572,contained_grid
24.5,71.5,Banas Kantha,76128533B52902360321344,contained_grid
24.5,71.75,Banas Kantha,76128533B52902360321344,contained_grid
24.5,72.0,Banas Kantha,76128533B52902360321344,contained_grid
24.5,72.25,Banas Kantha,76128533B52902360321344,contained_grid
24.5,72.5,Sirohi,76128533B49867917697487,contained_grid
24.5,72.75,Sirohi,76128533B49867917697487,contained_grid
24.5,73.0,Sirohi,76128533B49867917697487,contained_grid
24.5,73.25,Udaipur,76128533B37392223136185,contained_grid
24.5,73.5,Udaipur,76128533B37392223136185,contained_grid
24.5,73.75,Udaipur,76128533B37392223136185,contained_grid
24.5,74.0,Udaipur,76128533B37392223136185,contained_grid
24.5,74.25,Chittaurgarh,76128533B58527154065354,contained_grid
24.5,74.5,Chittaurgarh,76128533B58527154065354,contained_grid
24.5,74.75,Neemuch,76128533B77191913035963,contained_grid
24.5,75.0,Neemuch,76128533B77191913035963,contained_grid
24.5,75.25,Neemuch,76128533B77191913035963,contained_grid
24.5,75.5,Neemuch,76128533B77191913035963,contained_grid
24.5,75.75,Mandsaur,76128533B25679991785711,contained_grid
24.5,76.0,Jhalawar,76128533B91943656836526,contained_grid
24.5,76.25,Jhalawar,76128533B91943656836526,contained_grid
24.5,76.5,Jhalawar,76128533B91943656836526,contained_grid
24.5,76.75,Baran,76128533B98308664713511,contained_grid
24.5,77.0,Baran,76128533B98308664713511,contained_grid
24.5,77.25,Guna,76128533B79048012717121,contained_grid
24.5,77.5,Ashoknagar,76128533B75548370501185,contained_grid
24.5,77.75,Ashoknagar,76128533B75548370501185,contained_grid
24.5,78.0,Ashoknagar,76128533B75548370501185,contained_grid
24.5,78.25,Lalitpur,76128533B59256192226816,contained_grid
24.5,78.5,Lalitpur,76128533B59256192226816,contained_grid
24.5,78.75,Lalitpur,76128533B59256192226816,contained_grid
24.5,79.0,Tikamgarh,76128533B1566053393466,contained_grid
24.5,79.25,Chhatarpur,76128533B42922918567330,contained_grid
24.5,79.5,Chhatarpur,76128533B42922918567330,contained_grid
24.5,79.75,Chhatarpur,76128533B42922918567330,contained_grid
24.5,80.0,Panna,76128533B81607600692021,contained_grid
24.5,80.25,Panna,76128533B81607600692021,contained_grid
24.5,80.5,Satna,76128533B39705008578419,contained_grid
24.5,80.75,Satna,76128533B39705008578419,contained_grid
24.5,81.0,Satna,76128533B39705008578419,contained_grid
24.5,81.25,Rewa,76128533B31161316175613,contained_grid
24.5,81.5,Rewa,76128533B31161316175613,contained_grid
24.5,81.75,Rewa,76128533B31161316175613,contained_grid
24.5,82.0,Sidhi,76128533B53791014455989,contained_grid
24.5,82.25,Sidhi,76128533B53791014455989,contained_grid
24.5,82.5,Singrauli,76128533B50014751336341,contained_grid
24.5,82.75,Sonbhadra,76128533B52058654769647,contained_grid
24.5,83.0,Sonbhadra,76128533B52058654769647,contained_grid
24.5,83.25,Sonbhadra,76128533B52058654769647,contained_grid
24.5,83.5,Garhwa,76128533B12294379827032,contained_grid
24.5,83.75,Garhwa,76128533B12294379827032,contained_grid
24.5,84.0,Palamu,76128533B6050540865870,contained_grid
24.5,84.25,Palamu,76128533B6050540865870,contained_grid
24.5,84.5,Gaya,76128533B91871300208785,contained_grid
24.5,84.75,Gaya,76128533B91871300208785,contained_grid
24.5,85.0,Gaya,76128533B91871300208785,contained_grid
24.5,85.25,Gaya,76128533B91871300208785,contained_grid
24.5,85.5,Kodarma,76128533B43180268042348,contained_grid
24.5,85.75,Kodarma,76128533B43180268042348,contained_grid
24.5,86.0,Giridih,76128533B75529869544465,contained_grid
24.5,86.25,Giridih,76128533B75529869544465,contained_grid
24.5,86.5,Jamui,76128533B16781044866906,contained_grid
24.5,86.75,Deoghar,76128533B90068096507942,contained_grid
24.5,87.0,Dumka,76128533B18802630191461,contained_grid
24.5,87.25,Dumka,76128533B18802630191461,contained_grid
24.5,87.5,Dumka,76128533B18802630191461,contained_grid
24.5,87.75,Pakur,76128533B45381195840581,contained_grid
24.5,88.0,Murshidabad,76128533B51402332870635,contained_grid
24.5,92.25,Karimganj,76128533B23092176497025,contained_grid
24.5,92.5,Karimganj,76128533B23092176497025,contained_grid
24.5,92.75,Hailakandi,76128533B16749627383755,contained_grid
24.5,93.0,Cachar,76128533B26964150246712,contained_grid
24.5,93.25,Pherzawl,76128533B71254158898830,contained_grid
24.5,93.5,Churachandpur,76128533B50969226102213,contained_grid
24.5,93.75,Bishnupur,76128533B14403163214152,contained_grid
24.5,94.0,Kakching,76128533B82279368215419,contained_grid
24.5,94.25,Tengnoupal,76128533B61831576863813,contained_grid
24.75,71.25,Barmer,76128533B75922461866405,contained_grid
24.75,71.5,Jalor,76128533B59459156188335,contained_grid
24.75,71.75,Jalor,76128533B59459156188335,contained_grid
24.75,72.0,Jalor,76128533B59459156188335,contained_grid
24.75,72.25,Jalor,76128533B59459156188335,contained_grid
24.75,72.5,Sirohi,76128533B49867917697487,contained_grid
24.75,72.75,Sirohi,76128533B49867917697487,contained_grid
24.75,73.0,Sirohi,76128533B49867917697487,contained_grid
24.75,73.25,Udaipur,76128533B37392223136185,contained_grid
24.75,73.5,Udaipur,76128533B37392223136185,contained_grid
24.75,73.75,Rajsamand,76128533B11082155919544,contained_grid
24.75,74.0,Udaipur,76128533B37392223136185,contained_grid
24.75,74.25,Chittaurgarh,76128533B58527154065354,contained_grid
24.75,74.5,Chittaurgarh,76128533B58527154065354,contained_grid
24.75,74.75,Chittaurgarh,76128533B58527154065354,contained_grid
24.75,75.0,Neemuch,76128533B77191913035963,contained_grid
24.75,75.25,Chittaurgarh,76128533B58527154065354,contained_grid
24.75,75.5,Chittaurgarh,76128533B58527154065354,contained_grid
24.75,75.75,Mandsaur,76128533B25679991785711,contained_grid
24.75,76.0,Kota,76128533B74447895476194,contained_grid
24.75,76.25,Jhalawar,76128533B91943656836526,contained_grid
24.75,76.5,Baran,76128533B98308664713511,contained_grid
24.75,76.75,Baran,76128533B98308664713511,contained_grid
24.75,77.0,Guna,76128533B79048012717121,contained_grid
24.75,77.25,Guna,76128533B79048012717121,contained_grid
24.75,77.5,Guna,76128533B79048012717121,contained_grid
24.75,77.75,Ashoknagar,76128533B75548370501185,contained_grid
24.75,78.0,Ashoknagar,76128533B75548370501185,contained_grid
24.75,78.25,Lalitpur,76128533B59256192226816,contained_grid
24.75,78.5,Lalitpur,76128533B59256192226816,contained_grid
24.75,78.75,Lalitpur,76128533B59256192226816,contained_grid
24.75,79.0,Tikamgarh,76128533B1566053393466,contained_grid
24.75,79.25,Tikamgarh,76128533B1566053393466,contained_grid
24.75,79.5,Chhatarpur,76128533B42922918567330,contained_grid
24.75,79.75,Chhatarpur,76128533B42922918567330,contained_grid
24.75,80.0,Chhatarpur,76128533B42922918567330,contained_grid
24.75,80.25,Panna,76128533B81607600692021,contained_grid
24.75,80.5,Satna,76128533B39705008578419,contained_grid
24.75,80.75,Satna,76128533B39705008578419,contained_grid
24.75,81.0,Satna,76128533B39705008578419,contained_grid
24.75,81.25,Rewa,76128533B31161316175613,contained_grid
24.75,81.5,Rewa,76128533B31161316175613,contained_grid
24.75,81.75,Rewa,76128533B31161316175613,contained_grid
24.75,82.0,Rewa,76128533B31161316175613,contained_grid
24.75,82.25,Rewa,76128533B31161316175613,contained_grid
24.75,82.5,Mirzapur,76128533B18243475101734,contained_grid
24.75,82.75,Sonbhadra,76128533B52058654769647,contained_grid
24.75,83.0,Sonbhadra,76128533B52058654769647,contained_grid
24.75,83.25,Chandauli,76128533B13673614951516,contained_grid
24.75,83.5,Kaimur (Bhabua),76128533B78904410352326,contained_grid
24.75,83.75,Kaimur (Bhabua),76128533B78904410352326,contained_grid
24.75,84.0,Rohtas,76128533B33458049385696,contained_grid
24.75,84.25,Aurangabad,76128533B21485639457044,contained_grid
24.75,84.5,Aurangabad,76128533B21485639457044,contained_grid
24.75,84.75,Gaya,76128533B91871300208785,contained_grid
24.75,85.0,Gaya,76128533B91871300208785,contained_grid
24.75,85.25,Gaya,76128533B91871300208785,contained_grid
24.75,85.5,Nawada,76128533B36625800127334,contained_grid
24.75,85.75,Kodarma,76128533B43180268042348,contained_grid
24.75,86.0,Giridih,76128533B75529869544465,contained_grid
24.75,86.25,Jamui,76128533B16781044866906,contained_grid
24.75,86.5,Jamui,76128533B16781044866906,contained_grid
24.75,86.75,Banka,76128533B54517225652088,contained_grid
24.75,87.0,Banka,76128533B54517225652088,contained_grid
24.75,87.25,Godda,76128533B58697472287618,contained_grid
24.75,87.5,Pakur,76128533B45381195840581,contained_grid
24.75,87.75,Pakur,76128533B45381195840581,contained_grid
24.75,88.0,Maldah,76128533B36734405131975,contained_grid
24.75,92.5,Karimganj,76128533B23092176497025,contained_grid
24.75,92.75,Cachar,76128533B26964150246712,contained_grid
24.75,93.0,Cachar,76128533B26964150246712,contained_grid
24.75,93.25,Tamenglong,76128533B11421856387892,contained_grid
24.75,93.5,Noney,76128533B36594996191182,contained_grid
24.75,93.75,Kangpokpi,76128533B56326354019534,contained_grid
24.75,94.0,Kangpokpi,76128533B56326354019534,contained_grid
24.75,94.25,Kamjong,76128533B66815680293072,contained_grid
24.75,94.5,Kamjong,76128533B66815680293072,contained_grid
25.0,71.0,Barmer,76128533B75922461866405,contained_grid
25.0,71.25,Barmer,76128533B75922461866405,contained_grid
25.0,71.5,Jalor,76128533B59459156188335,contained_grid
25.0,71.75,Jalor,76128533B59459156188335,contained_grid
25.0,72.0,Jalor,76128533B59459156188335,contained_grid
25.0,72.25,Jalor,76128533B59459156188335,contained_grid
25.0,72.5,Jalor,76128533B59459156188335,contained_grid
25.0,72.75,Sirohi,76128533B49867917697487,contained_grid
25.0,73.0,Sirohi,76128533B49867917697487,contained_grid
25.0,73.25,Pali,76128533B9783509419210,contained_grid
25.0,73.5,Udaipur,76128533B37392223136185,contained_grid
25.0,73.75,Rajsamand,76128533B11082155919544,contained_grid
25.0,74.0,Rajsamand,76128533B11082155919544,contained_grid
25.0,74.25,Rajsamand,76128533B11082155919544,contained_grid
25.0,74.5,Chittaurgarh,76128533B58527154065354,contained_grid
25.0,74.75,Chittaurgarh,76128533B58527154065354,contained_grid
25.0,75.0,Chittaurgarh,76128533B58527154065354,contained_grid
25.0,75.25,Neemuch,76128533B77191913035963,contained_grid
25.0,75.5,Chittaurgarh,76128533B58527154065354,contained_grid
25.0,75.75,Kota,76128533B74447895476194,contained_grid
25.0,76.0,Kota,76128533B74447895476194,contained_grid
25.0,76.25,Kota,76128533B74447895476194,contained_grid
25.0,76.5,Baran,76128533B98308664713511,contained_grid
25.0,76.75,Baran,76128533B98308664713511,contained_grid
25.0,77.0,Guna,76128533B79048012717121,contained_grid
25.0,77.25,Guna,76128533B79048012717121,contained_grid
25.0,77.5,Shivpuri,76128533B66335428496945,contained_grid
25.0,77.75,Shivpuri,76128533B66335428496945,contained_grid
25.0,78.0,Shivpuri,76128533B66335428496945,contained_grid
25.0,78.25,Shivpuri,76128533B66335428496945,contained_grid
25.0,78.5,Lalitpur,76128533B59256192226816,contained_grid
25.0,78.75,Tikamgarh,76128533B1566053393466,contained_grid
25.0,79.0,Tikamgarh,76128533B1566053393466,contained_grid
25.0,79.25,Tikamgarh,76128533B1566053393466,contained_grid
25.0,79.5,Chhatarpur,76128533B42922918567330,contained_grid
25.0,79.75,Chhatarpur,76128533B42922918567330,contained_grid
25.0,80.0,Chhatarpur,76128533B42922918567330,contained_grid
25.0,80.25,Panna,76128533B81607600692021,contained_grid
25.0,80.5,Satna,76128533B39705008578419,contained_grid
25.0,80.75,Satna,76128533B39705008578419,contained_grid
25.0,81.0,Chitrakoot,76128533B53725063754801,contained_grid
25.0,81.25,Rewa,76128533B31161316175613,contained_grid
25.0,81.5,Rewa,76128533B31161316175613,contained_grid
25.0,81.75,Rewa,76128533B31161316175613,contained_grid
25.0,82.0,Allahabad,76128533B51368558457506,contained_grid
25.0,82.25,Allahabad,76128533B51368558457506,contained_grid
25.0,82.5,Mirzapur,76128533B18243475101734,contained_grid
25.0,82.75,Mirzapur,76128533B18243475101734,contained_grid
25.0,83.0,Mirzapur,76128533B18243475101734,contained_grid
25.0,83.25,Chandauli,76128533B13673614951516,contained_grid
25.0,83.5,Kaimur (Bhabua),76128533B78904410352326,contained_grid
25.0,83.75,Kaimur (Bhabua),76128533B78904410352326,contained_grid
25.0,84.0,Rohtas,76128533B33458049385696,contained_grid
25.0,84.25,Rohtas,76128533B33458049385696,contained_grid
25.0,84.5,Aurangabad,76128533B21485639457044,contained_grid
25.0,84.75,Aurangabad,76128533B21485639457044,contained_grid
25.0,85.0,Gaya,76128533B91871300208785,contained_grid
25.0,85.25,Gaya,76128533B91871300208785,contained_grid
25.0,85.5,Nawada,76128533B36625800127334,contained_grid
25.0,85.75,Nawada,76128533B36625800127334,contained_grid
25.0,86.0,Lakhisarai,76128533B98985252129882,contained_grid
25.0,86.25,Jamui,76128533B16781044866906,contained_grid
25.0,86.5,Munger,76128533B40868676647207,contained_grid
25.0,86.75,Banka,76128533B54517225652088,contained_grid
25.0,87.0,Banka,76128533B54517225652088,contained_grid
25.0,87.25,Godda,76128533B58697472287618,contained_grid
25.0,87.5,Sahibganj,76128533B49805675626253,contained_grid
25.0,87.75,Sahibganj,76128533B49805675626253,contained_grid
25.0,88.0,Maldah,76128533B36734405131975,contained_grid
25.0,88.25,Maldah,76128533B36734405131975,contained_grid
25.0,92.5,Cachar,76128533B26964150246712,contained_grid
25.0,92.75,Cachar,76128533B26964150246712,contained_grid
25.0,93.0,Cachar,76128533B26964150246712,contained_grid
25.0,93.25,Dima Hasao,76128533B66125202864966,contained_grid
25.0,93.5,Tamenglong,76128533B11421856387892,contained_grid
25.0,93.75,Tamenglong,76128533B11421856387892,contained_grid
25.0,94.0,Kangpokpi,76128533B56326354019534,contained_grid
25.0,94.25,Ukhrul,76128533B44190672061408,contained_grid
25.0,94.5,Kamjong,76128533B66815680293072,contained_grid
25.25,71.0,Barmer,76128533B75922461866405,contained_grid
25.25,71.25,Barmer,76128533B75922461866405,contained_grid
25.25,71.5,Barmer,76128533B75922461866405,contained_grid
25.25,71.75,Barmer,76128533B75922461866405,contained_grid
25.25,72.0,Jalor,76128533B59459156188335,contained_grid
25.25,72.25,Jalor,76128533B59459156188335,contained_grid
25.25,72.5,Jalor,76128533B59459156188335,contained_grid
25.25,72.75,Jalor,76128533B59459156188335,contained_grid
25.25,73.0,Pali,76128533B9783509419210,contained_grid
25.25,73.25,Pali,76128533B9783509419210,contained_grid
25.25,73.5,Pali,76128533B9783509419210,contained_grid
25.25,73.75,Rajsamand,76128533B11082155919544,contained_grid
25.25,74.0,Rajsamand,76128533B11082155919544,contained_grid
25.25,74.25,Bhilwara,76128533B93441663686573,contained_grid
25.25,74.5,Bhilwara,76128533B93441663686573,contained_grid
25.25,74.75,Bhilwara,76128533B93441663686573,contained_grid
25.25,75.0,Bhilwara,76128533B93441663686573,contained_grid
25.25,75.25,Bhilwara,76128533B93441663686573,contained_grid
25.25,75.5,Bundi,76128533B69412164931619,contained_grid
25.25,75.75,Bundi,76128533B69412164931619,contained_grid
25.25,76.0,Bundi,76128533B69412164931619,contained_grid
25.25,76.25,Kota,76128533B74447895476194,contained_grid
25.25,76.5,Baran,76128533B98308664713511,contained_grid
25.25,76.75,Baran,76128533B98308664713511,contained_grid
25.25,77.0,Baran,76128533B98308664713511,contained_grid
25.25,77.25,Baran,76128533B98308664713511,contained_grid
25.25,77.5,Shivpuri,76128533B66335428496945,contained_grid
25.25,77.75,Shivpuri,76128533B66335428496945,contained_grid
25.25,78.0,Shivpuri,76128533B66335428496945,contained_grid
25.25,78.25,Shivpuri,76128533B66335428496945,contained_grid
25.25,78.5,Jhansi,76128533B66072086060089,contained_grid
25.25,78.75,Niwari,76128533B38767180038480,contained_grid
25.25,79.0,Tikamgarh,76128533B1566053393466,contained_grid
25.25,79.25,Jhansi,76128533B66072086060089,contained_grid
25.25,79.5,Mahoba,76128533B11083100419963,contained_grid
25.25,79.75,Mahoba,76128533B11083100419963,contained_grid
25.25,80.0,Chhatarpur,76128533B42922918567330,contained_grid
25.25,80.25,Chhatarpur,76128533B42922918567330,contained_grid
25.25,80.5,Banda,76128533B45099378029175,contained_grid
25.25,80.75,Banda,76128533B45099378029175,contained_grid
25.25,81.0,Chitrakoot,76128533B53725063754801,contained_grid
25.25,81.25,Chitrakoot,76128533B53725063754801,contained_grid
25.25,81.5,Chitrakoot,76128533B53725063754801,contained_grid
25.25,81.75,Allahabad,76128533B51368558457506,contained_grid
25.25,82.0,Allahabad,76128533B51368558457506,contained_grid
25.25,82.25,Sant Ravidas Nagar (Bhadohi),76128533B87515288456202,contained_grid
25.25,82.5,Sant Ravidas Nagar (Bhadohi),76128533B87515288456202,contained_grid
25.25,82.75,Varanasi,76128533B7622369120497,contained_grid
25.25,83.0,Varanasi,76128533B7622369120497,contained_grid
25.25,83.25,Chandauli,76128533B13673614951516,contained_grid
25.25,83.5,Kaimur (Bhabua),76128533B78904410352326,contained_grid
25.25,83.75,Kaimur (Bhabua),76128533B78904410352326,contained_grid
25.25,84.0,Rohtas,76128533B33458049385696,contained_grid
25.25,84.25,Rohtas,76128533B33458049385696,contained_grid
25.25,84.5,Bhojpur,76128533B66426066081507,contained_grid
25.25,84.75,Arwal,76128533B45623818137574,contained_grid
25.25,85.0,Jehanabad,76128533B24101991435637,contained_grid
25.25,85.25,Nalanda,76128533B51363853289247,contained_grid
25.25,85.5,Nalanda,76128533B51363853289247,contained_grid
25.25,85.75,Sheikhpura,76128533B29672216830072,contained_grid
25.25,86.0,Lakhisarai,76128533B98985252129882,contained_grid
25.25,86.25,Lakhisarai,76128533B98985252129882,contained_grid
25.25,86.5,Munger,76128533B40868676647207,contained_grid
25.25,86.75,Bhagalpur,76128533B83462627230182,contained_grid
25.25,87.0,Bhagalpur,76128533B83462627230182,contained_grid
25.25,87.25,Bhagalpur,76128533B83462627230182,contained_grid
25.25,87.5,Sahibganj,76128533B49805675626253,contained_grid
25.25,87.75,Sahibganj,76128533B49805675626253,contained_grid
25.25,88.0,Maldah,76128533B36734405131975,contained_grid
25.25,88.25,Maldah,76128533B36734405131975,contained_grid
25.25,88.5,Dakshin Dinajpur,76128533B43049220506604,contained_grid
25.25,88.75,Dakshin Dinajpur,76128533B43049220506604,contained_grid
25.25,90.25,West Garo Hills,76128533B96195300293897,contained_grid
25.25,90.5,South Garo Hills,76128533B79750857313751,contained_grid
25.25,90.75,South Garo Hills,76128533B79750857313751,contained_grid
25.25,91.0,South West Khasi Hills,76128533B27102120636500,contained_grid
25.25,91.25,South West Khasi Hills,76128533B27102120636500,contained_grid
25.25,91.5,East Khasi Hills,76128533B49246671500878,contained_grid
25.25,91.75,East Khasi Hills,76128533B49246671500878,contained_grid
25.25,92.0,West Jaintia Hills,76128533B84622469201834,contained_grid
25.25,92.25,East Jaintia Hills,76128533B70185077694103,contained_grid
25.25,92.5,East Jaintia Hills,76128533B70185077694103,contained_grid
25.25,92.75,East Jaintia Hills,76128533B70185077694103,contained_grid
25.25,93.0,Dima Hasao,76128533B66125202864966,contained_grid
25.25,93.25,Dima Hasao,76128533B66125202864966,contained_grid
25.25,93.5,Peren,76128533B2970909480221,contained_grid
25.25,93.75,Tamenglong,76128533B11421856387892,contained_grid
25.25,94.0,Kangpokpi,76128533B56326354019534,contained_grid
25.25,94.25,Senapati,76128533B95642877176862,contained_grid
25.25,94.5,Ukhrul,76128533B44190672061408,contained_grid
25.5,70.75,Barmer,76128533B75922461866405,contained_grid
25.5,71.0,Barmer,76128533B75922461866405,contained_grid
25.5,71.25,Barmer,76128533B75922461866405,contained_grid
25.5,71.5,Barmer,76128533B75922461866405,contained_grid
25.5,71.75,Barmer,76128533B75922461866405,contained_grid
25.5,72.0,Barmer,76128533B75922461866405,contained_grid
25.5,72.25,Barmer,76128533B75922461866405,contained_grid
25.5,72.5,Barmer,76128533B75922461866405,contained_grid
25.5,72.75,Jalor,76128533B59459156188335,contained_grid
25.5,73.0,Jalor,76128533B59459156188335,contained_grid
25.5,73.25,Pali,76128533B9783509419210,contained_grid
25.5,73.5,Pali,76128533B9783509419210,contained_grid
25.5,73.75,Pali,76128533B9783509419210,contained_grid
25.5,74.0,Rajsamand,76128533B11082155919544,contained_grid
25.5,74.25,Bhilwara,76128533B93441663686573,contained_grid
25.5,74.5,Bhilwara,76128533B93441663686573,contained_grid
25.5,74.75,Bhilwara,76128533B93441663686573,contained_grid
25.5,75.0,Bhilwara,76128533B93441663686573,contained_grid
25.5,75.25,Bhilwara,76128533B93441663686573,contained_grid
25.5,75.5,Bundi,76128533B69412164931619,contained_grid
25.5,75.75,Bundi,76128533B69412164931619,contained_grid
25.5,76.0,Bundi,76128533B69412164931619,contained_grid
25.5,76.25,Kota,76128533B74447895476194,contained_grid
25.5,76.5,Kota,76128533B74447895476194,contained_grid
25.5,76.75,Sheopur,76128533B82240600990321,contained_grid
25.5,77.0,Sheopur,76128533B82240600990321,contained_grid
25.5,77.25,Shivpuri,76128533B66335428496945,contained_grid
25.5,77.5,Shivpuri,76128533B66335428496945,contained_grid
25.5,77.75,Shivpuri,76128533B66335428496945,contained_grid
25.5,78.0,Shivpuri,76128533B66335428496945,contained_grid
25.5,78.25,Shivpuri,76128533B66335428496945,contained_grid
25.5,78.5,Jhansi,76128533B66072086060089,contained_grid
25.5,78.75,Jhansi,76128533B66072086060089,contained_grid
25.5,79.0,Jhansi,76128533B66072086060089,contained_grid
25.5,79.25,Jhansi,76128533B66072086060089,contained_grid
25.5,79.5,Hamirpur,76128533B27201270098470,contained_grid
25.5,79.75,Mahoba,76128533B11083100419963,contained_grid
25.5,80.0,Mahoba,76128533B11083100419963,contained_grid
25.5,80.25,Banda,76128533B45099378029175,contained_grid
25.5,80.5,Banda,76128533B45099378029175,contained_grid
25.5,80.75,Banda,76128533B45099378029175,contained_grid
25.5,81.0,Banda,76128533B45099378029175,contained_grid
25.5,81.25,Fatehpur,76128533B7124697440629,contained_grid
25.5,81.5,Kaushambi,76128533B98420041301261,contained_grid
25.5,81.75,Allahabad,76128533B51368558457506,contained_grid
25.5,82.0,Allahabad,76128533B51368558457506,contained_grid
25.5,82.25,Allahabad,76128533B51368558457506,contained_grid
25.5,82.5,Jaunpur,76128533B64732849735713,contained_grid
25.5,82.75,Varanasi,76128533B7622369120497,contained_grid
25.5,83.0,Varanasi,76128533B7622369120497,contained_grid
25.5,83.25,Chandauli,76128533B13673614951516,contained_grid
25.5,83.5,Ghazipur,76128533B49460554954204,contained_grid
25.5,83.75,Ghazipur,76128533B49460554954204,contained_grid
25.5,84.0,Buxar,76128533B12244320360965,contained_grid
25.5,84.25,Buxar,76128533B12244320360965,contained_grid
25.5,84.5,Bhojpur,76128533B66426066081507,contained_grid
25.5,84.75,Bhojpur,76128533B66426066081507,contained_grid
25.5,85.0,Patna,76128533B60721316645780,contained_grid
25.5,85.25,Patna,76128533B60721316645780,contained_grid
25.5,85.5,Patna,76128533B60721316645780,contained_grid
25.5,85.75,Patna,76128533B60721316645780,contained_grid
25.5,86.0,Begusarai,76128533B5855800361016,contained_grid
25.5,86.25,Begusarai,76128533B5855800361016,contained_grid
25.5,86.5,Khagaria,76128533B78970756356546,contained_grid
25.5,86.75,Khagaria,76128533B78970756356546,contained_grid
25.5,87.0,Madhepura,76128533B29293163114565,contained_grid
25.5,87.25,Katihar,76128533B27432148084533,contained_grid
25.5,87.5,Katihar,76128533B27432148084533,contained_grid
25.5,87.75,Katihar,76128533B27432148084533,contained_grid
25.5,88.0,Katihar,76128533B27432148084533,contained_grid
25.5,88.25,Uttar Dinajpur,76128533B7157007143985,contained_grid
25.5,88.5,Dakshin Dinajpur,76128533B43049220506604,contained_grid
25.5,90.0,South West Garo Hills,76128533B52906466328910,contained_grid
25.5,90.25,West Garo Hills,76128533B96195300293897,contained_grid
25.5,90.5,East Garo Hills,76128533B40535123096970,contained_grid
25.5,90.75,East Garo Hills,76128533B40535123096970,contained_grid
25.5,91.0,West Khasi Hills,76128533B42153891534463,contained_grid
25.5,91.25,West Khasi Hills,76128533B42153891534463,contained_grid
25.5,91.5,West Khasi Hills,76128533B42153891534463,contained_grid
25.5,91.75,East Khasi Hills,76128533B49246671500878,contained_grid
25.5,92.0,East Khasi Hills,76128533B49246671500878,contained_grid
25.5,92.25,West Jaintia Hills,76128533B84622469201834,contained_grid
25.5,92.5,West Jaintia Hills,76128533B84622469201834,contained_grid
25.5,92.75,Dima Hasao,76128533B66125202864966,contained_grid
25.5,93.0,Dima Hasao,76128533B66125202864966,contained_grid
25.5,93.25,Dima Hasao,76128533B66125202864966,contained_grid
25.5,93.5,Peren,76128533B2970909480221,contained_grid
25.5,93.75,Peren,76128533B2970909480221,contained_grid
25.5,94.0,Senapati,76128533B95642877176862,contained_grid
25.5,94.25,Phek,76128533B13733639953372,contained_grid
25.5,94.5,Ukhrul,76128533B44190672061408,contained_grid
25.5,94.75,Phek,76128533B13733639953372,contained_grid
25.75,70.5,Barmer,76128533B75922461866405,contained_grid
25.75,70.75,Barmer,76128533B75922461866405,contained_grid
25.75,71.0,Barmer,76128533B75922461866405,contained_grid
25.75,71.25,Barmer,76128533B75922461866405,contained_grid
25.75,71.5,Barmer,76128533B75922461866405,contained_grid
25.75,71.75,Barmer,76128533B75922461866405,contained_grid
25.75,72.0,Barmer,76128533B75922461866405,contained_grid
25.75,72.25,Barmer,76128533B75922461866405,contained_grid
25.75,72.5,Barmer,76128533B75922461866405,contained_grid
25.75,72.75,Jalor,76128533B59459156188335,contained_grid
25.75,73.0,Pali,76128533B9783509419210,contained_grid
25.75,73.25,Pali,76128533B9783509419210,contained_grid
25.75,73.5,Pali,76128533B9783509419210,contained_grid
25.75,73.75,Pali,76128533B9783509419210,contained_grid
25.75,74.0,Ajmer,76128533B60180372390230,contained_grid
25.75,74.25,Bhilwara,76128533B93441663686573,contained_grid
25.75,74.5,Bhilwara,76128533B93441663686573,contained_grid
25.75,74.75,Bhilwara,76128533B93441663686573,contained_grid
25.75,75.0,Bhilwara,76128533B93441663686573,contained_grid
25.75,75.25,Ajmer,76128533B60180372390230,contained_grid
25.75,75.5,Tonk,76128533B54301724756864,contained_grid
25.75,75.75,Bundi,76128533B69412164931619,contained_grid
25.75,76.0,Bundi,76128533B69412164931619,contained_grid
25.75,76.25,Bundi,76128533B69412164931619,contained_grid
25.75,76.5,Kota,76128533B74447895476194,contained_grid
25.75,76.75,Sheopur,76128533B82240600990321,contained_grid
25.75,77.0,Sheopur,76128533B82240600990321,contained_grid
25.75,77.25,Sheopur,76128533B82240600990321,contained_grid
25.75,77.5,Shivpuri,76128533B66335428496945,contained_grid
25.75,77.75,Shivpuri,76128533B66335428496945,contained_grid
25.75,78.0,Shivpuri,76128533B66335428496945,contained_grid
25.75,78.25,Shivpuri,76128533B66335428496945,contained_grid
25.75,78.5,Datia,76128533B80958502091898,contained_grid
25.75,78.75,Datia,76128533B80958502091898,contained_grid
25.75,79.0,Jhansi,76128533B66072086060089,contained_grid
25.75,79.25,Jhansi,76128533B66072086060089,contained_grid
25.75,79.5,Hamirpur,76128533B27201270098470,contained_grid
25.75,79.75,Hamirpur,76128533B27201270098470,contained_grid
25.75,80.0,Hamirpur,76128533B27201270098470,contained_grid
25.75,80.25,Hamirpur,76128533B27201270098470,contained_grid
25.75,80.5,Banda,76128533B45099378029175,contained_grid
25.75,80.75,Fatehpur,76128533B7124697440629,contained_grid
25.75,81.0,Fatehpur,76128533B7124697440629,contained_grid
25.75,81.25,Kaushambi,76128533B98420041301261,contained_grid
25.75,81.5,Pratapgarh,76128533B20647769792365,contained_grid
25.75,81.75,Pratapgarh,76128533B20647769792365,contained_grid
25.75,82.0,Pratapgarh,76128533B20647769792365,contained_grid
25.75,82.25,Jaunpur,76128533B64732849735713,contained_grid
25.75,82.5,Jaunpur,76128533B64732849735713,contained_grid
25.75,82.75,Jaunpur,76128533B64732849735713,contained_grid
25.75,83.0,Azamgarh,76128533B73925919155567,contained_grid
25.75,83.25,Ghazipur,76128533B49460554954204,contained_grid
25.75,83.5,Ghazipur,76128533B49460554954204,contained_grid
25.75,83.75,Ghazipur,76128533B49460554954204,contained_grid
25.75,84.0,Ballia,76128533B73769926250842,contained_grid
25.75,84.25,Ballia,76128533B73769926250842,contained_grid
25.75,84.5,Ballia,76128533B73769926250842,contained_grid
25.75,84.75,Saran,76128533B19903856317609,contained_grid
25.75,85.0,Saran,76128533B19903856317609,contained_grid
25.75,85.25,Vaishali,76128533B91445917652173,contained_grid
25.75,85.5,Vaishali,76128533B91445917652173,contained_grid
25.75,85.75,Samastipur,76128533B66790149147330,contained_grid
25.75,86.0,Samastipur,76128533B66790149147330,contained_grid
25.75,86.25,Samastipur,76128533B66790149147330,contained_grid
25.75,86.5,Saharsa,76128533B24755983727265,contained_grid
25.75,86.75,Saharsa,76128533B24755983727265,contained_grid
25.75,87.0,Madhepura,76128533B29293163114565,contained_grid
25.75,87.25,Purnia,76128533B32499449492865,contained_grid
25.75,87.5,Purnia,76128533B32499449492865,contained_grid
25.75,87.75,Katihar,76128533B27432148084533,contained_grid
25.75,88.0,Uttar Dinajpur,76128533B7157007143985,contained_grid
25.75,88.25,Uttar Dinajpur,76128533B7157007143985,contained_grid
25.75,90.0,West Garo Hills,76128533B96195300293897,contained_grid
25.75,90.25,West Garo Hills,76128533B96195300293897,contained_grid
25.75,90.5,East Garo Hills,76128533B40535123096970,contained_grid
25.75,90.75,East Garo Hills,76128533B40535123096970,contained_grid
25.75,91.0,West Khasi Hills,76128533B42153891534463,contained_grid
25.75,91.25,Kamrup,76128533B66682530790248,contained_grid
25.75,91.5,West Khasi Hills,76128533B42153891534463,contained_grid
25.75,91.75,West Khasi Hills,76128533B42153891534463,contained_grid
25.75,92.0,Ribhoi,76128533B70570208114113,contained_grid
25.75,92.25,Karbi Anglong West,76128533B57995625790051,contained_grid
25.75,92.5,Karbi Anglong West,76128533B57995625790051,contained_grid
25.75,92.75,Karbi Anglong West,76128533B57995625790051,contained_grid
25.75,93.0,Dima Hasao,76128533B66125202864966,contained_grid
25.75,93.25,Karbi Anglong East,76128533B38548995376745,contained_grid
25.75,93.5,Karbi Anglong East,76128533B38548995376745,contained_grid
25.75,93.75,Dimapur,76128533B85747247216737,contained_grid
25.75,94.0,Kohima,76128533B53671786151110,contained_grid
25.75,94.25,Kohima,76128533B53671786151110,contained_grid
25.75,94.5,Phek,76128533B13733639953372,contained_grid
25.75,94.75,Phek,76128533B13733639953372,contained_grid
25.75,95.0,Kiphire,76128533B49100243723360,contained_grid
26.0,70.25,Barmer,76128533B75922461866405,contained_grid
26.0,70.5,Barmer,76128533B75922461866405,contained_grid
26.0,70.75,Barmer,76128533B75922461866405,contained_grid
26.0,71.0,Barmer,76128533B75922461866405,contained_grid
26.0,71.25,Barmer,76128533B75922461866405,contained_grid
26.0,71.5,Barmer,76128533B75922461866405,contained_grid
26.0,71.75,Barmer,76128533B75922461866405,contained_grid
26.0,72.0,Barmer,76128533B75922461866405,contained_grid
26.0,72.25,Barmer,76128533B75922461866405,contained_grid
26.0,72.5,Barmer,76128533B75922461866405,contained_grid
26.0,72.75,Jodhpur,76128533B84094142280102,contained_grid
26.0,73.0,Jodhpur,76128533B84094142280102,contained_grid
26.0,73.25,Pali,76128533B9783509419210,contained_grid
26.0,73.5,Pali,76128533B9783509419210,contained_grid
26.0,73.75,Pali,76128533B9783509419210,contained_grid
26.0,74.0,Pali,76128533B9783509419210,contained_grid
26.0,74.25,Ajmer,76128533B60180372390230,contained_grid
26.0,74.5,Ajmer,76128533B60180372390230,contained_grid
26.0,74.75,Ajmer,76128533B60180372390230,contained_grid
26.0,75.0,Ajmer,76128533B60180372390230,contained_grid
26.0,75.25,Ajmer,76128533B60180372390230,contained_grid
26.0,75.5,Tonk,76128533B54301724756864,contained_grid
26.0,75.75,Tonk,76128533B54301724756864,contained_grid
26.0,76.0,Tonk,76128533B54301724756864,contained_grid
26.0,76.25,Tonk,76128533B54301724756864,contained_grid
26.0,76.5,Sawai Madhopur,76128533B28138828116492,contained_grid
26.0,76.75,Sawai Madhopur,76128533B28138828116492,contained_grid
26.0,77.0,Sheopur,76128533B82240600990321,contained_grid
26.0,77.25,Sheopur,76128533B82240600990321,contained_grid
26.0,77.5,Sheopur,76128533B82240600990321,contained_grid
26.0,77.75,Gwalior,76128533B90551733723251,contained_grid
26.0,78.0,Gwalior,76128533B90551733723251,contained_grid
26.0,78.25,Gwalior,76128533B90551733723251,contained_grid
26.0,78.5,Gwalior,76128533B90551733723251,contained_grid
26.0,78.75,Datia,76128533B80958502091898,contained_grid
26.0,79.0,Jalaun,76128533B15835290978888,contained_grid
26.0,79.25,Jalaun,76128533B15835290978888,contained_grid
26.0,79.5,Jalaun,76128533B15835290978888,contained_grid
26.0,79.75,Jalaun,76128533B15835290978888,contained_grid
26.0,80.0,Hamirpur,76128533B27201270098470,contained_grid
26.0,80.25,Fatehpur,76128533B7124697440629,contained_grid
26.0,80.5,Fatehpur,76128533B7124697440629,contained_grid
26.0,80.75,Fatehpur,76128533B7124697440629,contained_grid
26.0,81.0,Fatehpur,76128533B7124697440629,contained_grid
26.0,81.25,Rae Bareli,76128533B74057284038879,contained_grid
26.0,81.5,Rae Bareli,76128533B74057284038879,contained_grid
26.0,81.75,Pratapgarh,76128533B20647769792365,contained_grid
26.0,82.0,Pratapgarh,76128533B20647769792365,contained_grid
26.0,82.25,Pratapgarh,76128533B20647769792365,contained_grid
26.0,82.5,Sultanpur,76128533B1996088953603,contained_grid
26.0,82.75,Azamgarh,76128533B73925919155567,contained_grid
26.0,83.0,Azamgarh,76128533B73925919155567,contained_grid
26.0,83.25,Azamgarh,76128533B73925919155567,contained_grid
26.0,83.5,Mau,76128533B88623139855224,contained_grid
26.0,83.75,Mau,76128533B88623139855224,contained_grid
26.0,84.0,Ballia,76128533B73769926250842,contained_grid
26.0,84.25,Siwan,76128533B14033116794334,contained_grid
26.0,84.5,Saran,76128533B19903856317609,contained_grid
26.0,84.75,Saran,76128533B19903856317609,contained_grid
26.0,85.0,Saran,76128533B19903856317609,contained_grid
26.0,85.25,Vaishali,76128533B91445917652173,contained_grid
26.0,85.5,Muzaffarpur,76128533B88481188307630,contained_grid
26.0,85.75,Samastipur,76128533B66790149147330,contained_grid
26.0,86.0,Darbhanga,76128533B12694285477701,contained_grid
26.0,86.25,Darbhanga,76128533B12694285477701,contained_grid
26.0,86.5,Supaul,76128533B62794162648247,contained_grid
26.0,86.75,Madhepura,76128533B29293163114565,contained_grid
26.0,87.0,Madhepura,76128533B29293163114565,contained_grid
26.0,87.25,Araria,76128533B4745348385341,contained_grid
26.0,87.5,Araria,76128533B4745348385341,contained_grid
26.0,87.75,Purnia,76128533B32499449492865,contained_grid
26.0,88.0,Uttar Dinajpur,76128533B7157007143985,contained_grid
26.0,90.0,Dhubri,76128533B25835998628545,contained_grid
26.0,90.25,Goalpara,76128533B91472319248603,contained_grid
26.0,90.5,North Garo Hills,76128533B35759455556328,contained_grid
26.0,90.75,Goalpara,76128533B91472319248603,contained_grid
26.0,91.0,Goalpara,76128533B91472319248603,contained_grid
26.0,91.25,Kamrup,76128533B66682530790248,contained_grid
26.0,91.5,Kamrup,76128533B66682530790248,contained_grid
26.0,91.75,Ribhoi,76128533B70570208114113,contained_grid
26.0,92.0,Ribhoi,76128533B70570208114113,contained_grid
26.0,92.25,Karbi Anglong West,76128533B57995625790051,contained_grid
26.0,92.5,Karbi Anglong West,76128533B57995625790051,contained_grid
26.0,92.75,Karbi Anglong West,76128533B57995625790051,contained_grid
26.0,93.0,Hojai,76128533B70315194619807,contained_grid
26.0,93.25,Karbi Anglong East,76128533B38548995376745,contained_grid
26.0,93.5,Karbi Anglong East,76128533B38548995376745,contained_grid
26.0,93.75,Karbi Anglong East,76128533B38548995376745,contained_grid
26.0,94.0,Wokha,76128533B67210465807627,contained_grid
26.0,94.25,Kohima,76128533B53671786151110,contained_grid
26.0,94.5,Zunheboto,76128533B58058152513003,contained_grid
26.0,94.75,Kiphire,76128533B49100243723360,contained_grid
26.0,95.0,Tuensang,76128533B82052450002431,contained_grid
26.25,70.25,Jaisalmer,76128533B14849085202492,contained_grid
26.25,70.5,Jaisalmer,76128533B14849085202492,contained_grid
26.25,70.75,Jaisalmer,76128533B14849085202492,contained_grid
26.25,71.0,Barmer,76128533B75922461866405,contained_grid
26.25,71.25,Barmer,76128533B75922461866405,contained_grid
26.25,71.5,Barmer,76128533B75922461866405,contained_grid
26.25,71.75,Barmer,76128533B75922461866405,contained_grid
26.25,72.0,Barmer,76128533B75922461866405,contained_grid
26.25,72.25,Jodhpur,76128533B84094142280102,contained_grid
26.25,72.5,Barmer,76128533B75922461866405,contained_grid
26.25,72.75,Jodhpur,76128533B84094142280102,contained_grid
26.25,73.0,Jodhpur,76128533B84094142280102,contained_grid
26.25,73.25,Jodhpur,76128533B84094142280102,contained_grid
26.25,73.5,Jodhpur,76128533B84094142280102,contained_grid
26.25,73.75,Jodhpur,76128533B84094142280102,contained_grid
26.25,74.0,Pali,76128533B9783509419210,contained_grid
26.25,74.25,Pali,76128533B9783509419210,contained_grid
26.25,74.5,Ajmer,76128533B60180372390230,contained_grid
26.25,74.75,Ajmer,76128533B60180372390230,contained_grid
26.25,75.0,Ajmer,76128533B60180372390230,contained_grid
26.25,75.25,Tonk,76128533B54301724756864,contained_grid
26.25,75.5,Tonk,76128533B54301724756864,contained_grid
26.25,75.75,Tonk,76128533B54301724756864,contained_grid
26.25,76.0,Tonk,76128533B54301724756864,contained_grid
26.25,76.25,Sawai Madhopur,76128533B28138828116492,contained_grid
26.25,76.5,Sawai Madhopur,76128533B28138828116492,contained_grid
26.25,76.75,Karauli,76128533B34069028331411,contained_grid
26.25,77.0,Karauli,76128533B34069028331411,contained_grid
26.25,77.25,Morena,76128533B12343314564708,contained_grid
26.25,77.5,Morena,76128533B12343314564708,contained_grid
26.25,77.75,Morena,76128533B12343314564708,contained_grid
26.25,78.0,Gwalior,76128533B90551733723251,contained_grid
26.25,78.25,Gwalior,76128533B90551733723251,contained_grid
26.25,78.5,Gwalior,76128533B90551733723251,contained_grid
26.25,78.75,Datia,76128533B80958502091898,contained_grid
26.25,79.0,Bhind,76128533B57712033428660,contained_grid
26.25,79.25,Jalaun,76128533B15835290978888,contained_grid
26.25,79.5,Jalaun,76128533B15835290978888,contained_grid
26.25,79.75,Kanpur Dehat,76128533B80299348876357,contained_grid
26.25,80.0,Kanpur Dehat,76128533B80299348876357,contained_grid
26.25,80.25,Kanpur Nagar,76128533B23710487943819,contained_grid
26.25,80.5,Kanpur Nagar,76128533B23710487943819,contained_grid
26.25,80.75,Unnao,76128533B42623703243160,contained_grid
26.25,81.0,Rae Bareli,76128533B74057284038879,contained_grid
26.25,81.25,Rae Bareli,76128533B74057284038879,contained_grid
26.25,81.5,Amethi,76128533B13908294104682,contained_grid
26.25,81.75,Amethi,76128533B13908294104682,contained_grid
26.25,82.0,Sultanpur,76128533B1996088953603,contained_grid
26.25,82.25,Sultanpur,76128533B1996088953603,contained_grid
26.25,82.5,Sultanpur,76128533B1996088953603,contained_grid
26.25,82.75,Azamgarh,76128533B73925919155567,contained_grid
26.25,83.0,Azamgarh,76128533B73925919155567,contained_grid
26.25,83.25,Azamgarh,76128533B73925919155567,contained_grid
26.25,83.5,Mau,76128533B88623139855224,contained_grid
26.25,83.75,Mau,76128533B88623139855224,contained_grid
26.25,84.0,Deoria,76128533B40023971667984,contained_grid
26.25,84.25,Siwan,76128533B14033116794334,contained_grid
26.25,84.5,Siwan,76128533B14033116794334,contained_grid
26.25,84.75,Gopalganj,76128533B93214480696409,contained_grid
26.25,85.0,Muzaffarpur,76128533B88481188307630,contained_grid
26.25,85.25,Muzaffarpur,76128533B88481188307630,contained_grid
26.25,85.5,Muzaffarpur,76128533B88481188307630,contained_grid
26.25,85.75,Darbhanga,76128533B12694285477701,contained_grid
26.25,86.0,Darbhanga,76128533B12694285477701,contained_grid
26.25,86.25,Madhubani,76128533B90384580518633,contained_grid
26.25,86.5,Madhubani,76128533B90384580518633,contained_grid
26.25,86.75,Supaul,76128533B62794162648247,contained_grid
26.25,87.0,Supaul,76128533B62794162648247,contained_grid
26.25,87.25,Araria,76128533B4745348385341,contained_grid
26.25,87.5,Araria,76128533B4745348385341,contained_grid
26.25,87.75,Kishanganj,76128533B65773363805797,contained_grid
26.25,88.0,Kishanganj,76128533B65773363805797,contained_grid
26.25,88.25,Uttar Dinajpur,76128533B7157007143985,contained_grid
26.25,89.0,Koch Bihar,76128533B64156747739715,contained_grid
26.25,89.25,Koch Bihar,76128533B64156747739715,contained_grid
26.25,89.5,Koch Bihar,76128533B64156747739715,contained_grid
26.25,89.75,Dhubri,76128533B25835998628545,contained_grid
26.25,90.0,Kokrajhar,76128533B91480770176940,contained_grid
26.25,90.25,Dhubri,76128533B25835998628545,contained_grid
26.25,90.5,Bongaigaon,76128533B46490409917345,contained_grid
26.25,90.75,Barpeta,76128533B47772746709007,contained_grid
26.25,91.0,Barpeta,76128533B47772746709007,contained_grid
26.25,91.25,Nalbari,76128533B40995085026980,contained_grid
26.25,91.5,Kamrup,76128533B66682530790248,contained_grid
26.25,91.75,Kamrup,76128533B66682530790248,contained_grid
26.25,92.0,Morigaon,76128533B17968019348564,contained_grid
26.25,92.25,Morigaon,76128533B17968019348564,contained_grid
26.25,92.5,Nagaon,76128533B13437137070957,contained_grid
26.25,92.75,Nagaon,76128533B13437137070957,contained_grid
26.25,93.0,Karbi Anglong East,76128533B38548995376745,contained_grid
26.25,93.25,Karbi Anglong East,76128533B38548995376745,contained_grid
26.25,93.5,Karbi Anglong East,76128533B38548995376745,contained_grid
26.25,93.75,Karbi Anglong East,76128533B38548995376745,contained_grid
26.25,94.0,Golaghat,76128533B55519385298440,contained_grid
26.25,94.25,Wokha,76128533B67210465807627,contained_grid
26.25,94.5,Zunheboto,76128533B58058152513003,contained_grid
26.25,94.75,Tuensang,76128533B82052450002431,contained_grid
26.25,95.0,Tuensang,76128533B82052450002431,contained_grid
26.5,70.25,Jaisalmer,76128533B14849085202492,contained_grid
26.5,70.5,Jaisalmer,76128533B14849085202492,contained_grid
26.5,70.75,Jaisalmer,76128533B14849085202492,contained_grid
26.5,71.0,Jaisalmer,76128533B14849085202492,contained_grid
26.5,71.25,Jaisalmer,76128533B14849085202492,contained_grid
26.5,71.5,Jaisalmer,76128533B14849085202492,contained_grid
26.5,71.75,Jaisalmer,76128533B14849085202492,contained_grid
26.5,72.0,Jaisalmer,76128533B14849085202492,contained_grid
26.5,72.25,Jodhpur,76128533B84094142280102,contained_grid
26.5,72.5,Jodhpur,76128533B84094142280102,contained_grid
26.5,72.75,Jodhpur,76128533B84094142280102,contained_grid
26.5,73.0,Jodhpur,76128533B84094142280102,contained_grid
26.5,73.25,Jodhpur,76128533B84094142280102,contained_grid
26.5,73.5,Jodhpur,76128533B84094142280102,contained_grid
26.5,73.75,Jodhpur,76128533B84094142280102,contained_grid
26.5,74.0,Nagaur,76128533B43544960343942,contained_grid
26.5,74.25,Nagaur,76128533B43544960343942,contained_grid
26.5,74.5,Ajmer,76128533B60180372390230,contained_grid
26.5,74.75,Ajmer,76128533B60180372390230,contained_grid
26.5,75.0,Ajmer,76128533B60180372390230,contained_grid
26.5,75.25,Tonk,76128533B54301724756864,contained_grid
26.5,75.5,Jaipur,76128533B28755611410447,contained_grid
26.5,75.75,Jaipur,76128533B28755611410447,contained_grid
26.5,76.0,Jaipur,76128533B28755611410447,contained_grid
26.5,76.25,Dausa,76128533B73809971322123,contained_grid
26.5,76.5,Sawai Madhopur,76128533B28138828116492,contained_grid
26.5,76.75,Sawai Madhopur,76128533B28138828116492,contained_grid
26.5,77.0,Karauli,76128533B34069028331411,contained_grid
26.5,77.25,Dhaulpur,76128533B64898456093948,contained_grid
26.5,77.5,Dhaulpur,76128533B64898456093948,contained_grid
26.5,77.75,Morena,76128533B12343314564708,contained_grid
26.5,78.0,Morena,76128533B12343314564708,contained_grid
26.5,78.25,Bhind,76128533B57712033428660,contained_grid
26.5,78.5,Bhind,76128533B57712033428660,contained_grid
26.5,78.75,Bhind,76128533B57712033428660,contained_grid
26.5,79.0,Bhind,76128533B57712033428660,contained_grid
26.5,79.25,Etawah,76128533B79784438258239,contained_grid
26.5,79.5,Auraiya,76128533B20660206691661,contained_grid
26.5,79.75,Kanpur Dehat,76128533B80299348876357,contained_grid
26.5,80.0,Kanpur Dehat,76128533B80299348876357,contained_grid
26.5,80.25,Kanpur Nagar,76128533B23710487943819,contained_grid
26.5,80.5,Unnao,76128533B42623703243160,contained_grid
26.5,80.75,Unnao,76128533B42623703243160,contained_grid
26.5,81.0,Rae Bareli,76128533B74057284038879,contained_grid
26.5,81.25,Rae Bareli,76128533B74057284038879,contained_grid
26.5,81.5,Amethi,76128533B13908294104682,contained_grid
26.5,81.75,Amethi,76128533B13908294104682,contained_grid
26.5,82.0,Faizabad,76128533B60320291189162,contained_grid
26.5,82.25,Faizabad,76128533B60320291189162,contained_grid
26.5,82.5,Ambedkar Nagar,76128533B7879459377699,contained_grid
26.5,82.75,Ambedkar Nagar,76128533B7879459377699,contained_grid
26.5,83.0,Sant Kabir Nagar,76128533B54279951806726,contained_grid
26.5,83.25,Gorakhpur,76128533B40226077866964,contained_grid
26.5,83.5,Gorakhpur,76128533B40226077866964,contained_grid
26.5,83.75,Deoria,76128533B40023971667984,contained_grid
26.5,84.0,Gopalganj,76128533B93214480696409,contained_grid
26.5,84.25,Gopalganj,76128533B93214480696409,contained_grid
26.5,84.5,Gopalganj,76128533B93214480696409,contained_grid
26.5,84.75,Purba Champaran,76128533B49017555803526,contained_grid
26.5,85.0,Purba Champaran,76128533B49017555803526,contained_grid
26.5,85.25,Sheohar,76128533B74961596993088,contained_grid
26.5,85.5,Sitamarhi,76128533B21922686388534,contained_grid
26.5,85.75,Sitamarhi,76128533B21922686388534,contained_grid
26.5,86.0,Madhubani,76128533B90384580518633,contained_grid
26.5,86.25,Madhubani,76128533B90384580518633,contained_grid
26.5,86.5,Madhubani,76128533B90384580518633,contained_grid
26.5,87.0,Supaul,76128533B62794162648247,contained_grid
26.5,88.25,Darjiling,76128533B17109302371020,contained_grid
26.5,88.75,Jalpaiguri,76128533B99051523080987,contained_grid
26.5,89.0,Koch Bihar,76128533B64156747739715,contained_grid
26.5,89.25,Alipurduar,76128533B23858286755005,contained_grid
26.5,89.5,Alipurduar,76128533B23858286755005,contained_grid
26.5,89.75,Alipurduar,76128533B23858286755005,contained_grid
26.5,90.0,Kokrajhar,76128533B91480770176940,contained_grid
26.5,90.25,Kokrajhar,76128533B91480770176940,contained_grid
26.5,90.5,Chirang,76128533B56012535339305,contained_grid
26.5,90.75,Chirang,76128533B56012535339305,contained_grid
26.5,91.0,Barpeta,76128533B47772746709007,contained_grid
26.5,91.25,Barpeta,76128533B47772746709007,contained_grid
26.5,91.5,Nalbari,76128533B40995085026980,contained_grid
26.5,91.75,Baksa,76128533B8221925175605,contained_grid
26.5,92.0,Darrang,76128533B96719327593873,contained_grid
26.5,92.25,Darrang,76128533B96719327593873,contained_grid
26.5,92.5,Nagaon,76128533B13437137070957,contained_grid
26.5,92.75,Nagaon,76128533B13437137070957,contained_grid
26.5,93.0,Nagaon,76128533B13437137070957,contained_grid
26.5,93.25,Karbi Anglong East,76128533B38548995376745,contained_grid
26.5,93.5,Karbi Anglong East,76128533B38548995376745,contained_grid
26.5,93.75,Karbi Anglong East,76128533B38548995376745,contained_grid
26.5,94.0,Golaghat,76128533B55519385298440,contained_grid
26.5,94.25,Wokha,76128533B67210465807627,contained_grid
26.5,94.5,Mokokchung,76128533B82793215586362,contained_grid
26.5,94.75,Longleng,76128533B66411945144923,contained_grid
26.5,95.0,Mon,76128533B23611090346849,contained_grid
26.75,69.75,Jaisalmer,76128533B14849085202492,contained_grid
26.75,70.0,Jaisalmer,76128533B14849085202492,contained_grid
26.75,70.25,Jaisalmer,76128533B14849085202492,contained_grid
26.75,70.5,Jaisalmer,76128533B14849085202492,contained_grid
26.75,70.75,Jaisalmer,76128533B14849085202492,contained_grid
26.75,71.0,Jaisalmer,76128533B14849085202492,contained_grid
26.75,71.25,Jaisalmer,76128533B14849085202492,contained_grid
26.75,71.5,Jaisalmer,76128533B14849085202492,contained_grid
26.75,71.75,Jaisalmer,76128533B14849085202492,contained_grid
26.75,72.0,Jaisalmer,76128533B14849085202492,contained_grid
26.75,72.25,Jodhpur,76128533B84094142280102,contained_grid
26.75,72.5,Jodhpur,76128533B84094142280102,contained_grid
26.75,72.75,Jodhpur,76128533B84094142280102,contained_grid
26.75,73.0,Jodhpur,76128533B84094142280102,contained_grid
26.75,73.25,Jodhpur,76128533B84094142280102,contained_grid
26.75,73.5,Jodhpur,76128533B84094142280102,contained_grid
26.75,73.75,Nagaur,76128533B43544960343942,contained_grid
26.75,74.0,Nagaur,76128533B43544960343942,contained_grid
26.75,74.25,Nagaur,76128533B43544960343942,contained_grid
26.75,74.5,Nagaur,76128533B43544960343942,contained_grid
26.75,74.75,Ajmer,76128533B60180372390230,contained_grid
26.75,75.0,Ajmer,76128533B60180372390230,contained_grid
26.75,75.25,Jaipur,76128533B28755611410447,contained_grid
26.75,75.5,Jaipur,76128533B28755611410447,contained_grid
26.75,75.75,Jaipur,76128533B28755611410447,contained_grid
26.75,76.0,Jaipur,76128533B28755611410447,contained_grid
26.75,76.25,Dausa,76128533B73809971322123,contained_grid
26.75,76.5,Dausa,76128533B73809971322123,contained_grid
26.75,76.75,Karauli,76128533B34069028331411,contained_grid
26.75,77.0,Karauli,76128533B34069028331411,contained_grid
26.75,77.25,Karauli,76128533B34069028331411,contained_grid
26.75,77.5,Dhaulpur,76128533B64898456093948,contained_grid
26.75,77.75,Dhaulpur,76128533B64898456093948,contained_grid
26.75,78.0,Dhaulpur,76128533B64898456093948,contained_grid
26.75,78.25,Morena,76128533B12343314564708,contained_grid
26.75,78.5,Morena,76128533B12343314564708,contained_grid
26.75,78.75,Bhind,76128533B57712033428660,contained_grid
26.75,79.0,Etawah,76128533B79784438258239,contained_grid
26.75,79.25,Etawah,76128533B79784438258239,contained_grid
26.75,79.5,Auraiya,76128533B20660206691661,contained_grid
26.75,79.75,Kanpur Dehat,76128533B80299348876357,contained_grid
26.75,80.0,Kanpur Nagar,76128533B23710487943819,contained_grid
26.75,80.25,Unnao,76128533B42623703243160,contained_grid
26.75,80.5,Unnao,76128533B42623703243160,contained_grid
26.75,80.75,Lucknow,76128533B49436035281620,contained_grid
26.75,81.0,Lucknow,76128533B49436035281620,contained_grid
26.75,81.25,Bara Banki,76128533B74938989340684,contained_grid
26.75,81.5,Bara Banki,76128533B74938989340684,contained_grid
26.75,81.75,Faizabad,76128533B60320291189162,contained_grid
26.75,82.0,Faizabad,76128533B60320291189162,contained_grid
26.75,82.25,Basti,76128533B18648944871057,contained_grid
26.75,82.5,Basti,76128533B18648944871057,contained_grid
26.75,82.75,Basti,76128533B18648944871057,contained_grid
26.75,83.0,Sant Kabir Nagar,76128533B54279951806726,contained_grid
26.75,83.25,Gorakhpur,76128533B40226077866964,contained_grid
26.75,83.5,Gorakhpur,76128533B40226077866964,contained_grid
26.75,83.75,Kushinagar,76128533B26931973511551,contained_grid
26.75,84.0,Kushinagar,76128533B26931973511551,contained_grid
26.75,84.25,Pashchim Champaran,76128533B17762399278073,contained_grid
26.75,84.5,Pashchim Champaran,76128533B17762399278073,contained_grid
26.75,84.75,Purba Champaran,76128533B49017555803526,contained_grid
26.75,85.0,Purba Champaran,76128533B49017555803526,contained_grid
26.75,85.25,Purba Champaran,76128533B49017555803526,contained_grid
26.75,85.5,Sitamarhi,76128533B21922686388534,contained_grid
26.75,88.25,Darjiling,76128533B17109302371020,contained_grid
26.75,88.5,Jalpaiguri,76128533B99051523080987,contained_grid
26.75,88.75,Jalpaiguri,76128533B99051523080987,contained_grid
26.75,89.0,Jalpaiguri,76128533B99051523080987,contained_grid
26.75,89.25,Alipurduar,76128533B23858286755005,contained_grid
26.75,89.5,Alipurduar,76128533B23858286755005,contained_grid
26.75,90.25,Kokrajhar,76128533B91480770176940,contained_grid
26.75,90.5,Chirang,76128533B56012535339305,contained_grid
26.75,90.75,Chirang,76128533B56012535339305,contained_grid
26.75,91.0,Baksa,76128533B8221925175605,contained_grid
26.75,91.25,Baksa,76128533B8221925175605,contained_grid
26.75,91.5,Baksa,76128533B8221925175605,contained_grid
26.75,91.75,Udalguri,76128533B20307518801538,contained_grid
26.75,92.0,Udalguri,76128533B20307518801538,contained_grid
26.75,92.25,Udalguri,76128533B20307518801538,contained_grid
26.75,92.5,Sonitpur,76128533B41005496708834,contained_grid
26.75,92.75,Sonitpur,76128533B41005496708834,contained_grid
26.75,93.0,Sonitpur,76128533B41005496708834,contained_grid
26.75,93.25,Biswanath,76128533B40714385808093,contained_grid
26.75,93.5,Golaghat,76128533B55519385298440,contained_grid
26.75,93.75,Golaghat,76128533B55519385298440,contained_grid
26.75,94.0,Golaghat,76128533B55519385298440,contained_grid
26.75,94.25,Jorhat,76128533B334793883930,contained_grid
26.75,94.5,Jorhat,76128533B334793883930,contained_grid
26.75,94.75,Mokokchung,76128533B82793215586362,contained_grid
26.75,95.0,Mon,76128533B23611090346849,contained_grid
26.75,95.25,Longding,76128533B22715430000002,contained_grid
27.0,69.75,Jaisalmer,76128533B14849085202492,contained_grid
27.0,70.0,Jaisalmer,76128533B14849085202492,contained_grid
27.0,70.25,Jaisalmer,76128533B14849085202492,contained_grid
27.0,70.5,Jaisalmer,76128533B14849085202492,contained_grid
27.0,70.75,Jaisalmer,76128533B14849085202492,contained_grid
27.0,71.0,Jaisalmer,76128533B14849085202492,contained_grid
27.0,71.25,Jaisalmer,76128533B14849085202492,contained_grid
27.0,71.5,Jaisalmer,76128533B14849085202492,contained_grid
27.0,71.75,Jaisalmer,76128533B14849085202492,contained_grid
27.0,72.0,Jaisalmer,76128533B14849085202492,contained_grid
27.0,72.25,Jodhpur,76128533B84094142280102,contained_grid
27.0,72.5,Jodhpur,76128533B84094142280102,contained_grid
27.0,72.75,Jodhpur,76128533B84094142280102,contained_grid
27.0,73.0,Jodhpur,76128533B84094142280102,contained_grid
27.0,73.25,Nagaur,76128533B43544960343942,contained_grid
27.0,73.5,Nagaur,76128533B43544960343942,contained_grid
27.0,73.75,Nagaur,76128533B43544960343942,contained_grid
27.0,74.0,Nagaur,76128533B43544960343942,contained_grid
27.0,74.25,Nagaur,76128533B43544960343942,contained_grid
27.0,74.5,Nagaur,76128533B43544960343942,contained_grid
27.0,74.75,Nagaur,76128533B43544960343942,contained_grid
27.0,75.0,Nagaur,76128533B43544960343942,contained_grid
27.0,75.25,Jaipur,76128533B28755611410447,contained_grid
27.0,75.5,Jaipur,76128533B28755611410447,contained_grid
27.0,75.75,Jaipur,76128533B28755611410447,contained_grid
27.0,76.0,Jaipur,76128533B28755611410447,contained_grid
27.0,76.25,Jaipur,76128533B28755611410447,contained_grid
27.0,76.5,Dausa,76128533B73809971322123,contained_grid
27.0,76.75,Dausa,76128533B73809971322123,contained_grid
27.0,77.0,Dausa,76128533B73809971322123,contained_grid
27.0,77.25,Bharatpur,76128533B25576352747885,contained_grid
27.0,77.5,Bharatpur,76128533B25576352747885,contained_grid
27.0,77.75,Bharatpur,76128533B25576352747885,contained_grid
27.0,78.0,Agra,76128533B26296891809198,contained_grid
27.0,78.25,Agra,76128533B26296891809198,contained_grid
27.0,78.5,Firozabad,76128533B91640519747726,contained_grid
27.0,78.75,Firozabad,76128533B91640519747726,contained_grid
27.0,79.0,Mainpuri,76128533B84772439394056,contained_grid
27.0,79.25,Mainpuri,76128533B84772439394056,contained_grid
27.0,79.5,Kannauj,76128533B80966996849325,contained_grid
27.0,79.75,Kannauj,76128533B80966996849325,contained_grid
27.0,80.0,Kannauj,76128533B80966996849325,contained_grid
27.0,80.25,Unnao,76128533B42623703243160,contained_grid
27.0,80.5,Hardoi,76128533B25208535254310,contained_grid
27.0,80.75,Lucknow,76128533B49436035281620,contained_grid
27.0,81.0,Lucknow,76128533B49436035281620,contained_grid
27.0,81.25,Bara Banki,76128533B74938989340684,contained_grid
27.0,81.5,Bara Banki,76128533B74938989340684,contained_grid
27.0,81.75,Gonda,76128533B67530641452031,contained_grid
27.0,82.0,Gonda,76128533B67530641452031,contained_grid
27.0,82.25,Gonda,76128533B67530641452031,contained_grid
27.0,82.5,Gonda,76128533B67530641452031,contained_grid
27.0,82.75,Basti,76128533B18648944871057,contained_grid
27.0,83.0,Sant Kabir Nagar,76128533B54279951806726,contained_grid
27.0,83.25,Gorakhpur,76128533B40226077866964,contained_grid
27.0,83.5,Mahrajganj,76128533B29554440319099,contained_grid
27.0,83.75,Mahrajganj,76128533B29554440319099,contained_grid
27.0,84.0,Kushinagar,76128533B26931973511551,contained_grid
27.0,84.25,Pashchim Champaran,76128533B17762399278073,contained_grid
27.0,84.5,Pashchim Champaran,76128533B17762399278073,contained_grid
27.0,84.75,Pashchim Champaran,76128533B17762399278073,contained_grid
27.0,88.25,Darjiling,76128533B17109302371020,contained_grid
27.0,88.5,Kalimpong,76128533B78458325839103,contained_grid
27.0,88.75,Kalimpong,76128533B78458325839103,contained_grid
27.0,92.25,West Kameng,76128533B61235952222315,contained_grid
27.0,92.5,West Kameng,76128533B61235952222315,contained_grid
27.0,92.75,Sonitpur,76128533B41005496708834,contained_grid
27.0,93.0,Pakke Kessang,76128533B24017517661394,contained_grid
27.0,93.25,Pakke Kessang,76128533B24017517661394,contained_grid
27.0,93.5,Papum Pare,76128533B17472905712757,contained_grid
27.0,93.75,Lakhimpur,76128533B85627242103654,contained_grid
27.0,94.0,Lakhimpur,76128533B85627242103654,contained_grid
27.0,94.25,Majuli,76128533B15157901669242,contained_grid
27.0,94.5,Sivasagar,76128533B21722277889516,contained_grid
27.0,94.75,Sivasagar,76128533B21722277889516,contained_grid
27.0,95.0,Charaideo,76128533B89228414823983,contained_grid
27.0,95.25,Longding,76128533B22715430000002,contained_grid
27.0,95.5,Tirap,76128533B99469070633974,contained_grid
27.0,95.75,Changlang,76128533B9558749744242,contained_grid
27.25,69.75,Jaisalmer,76128533B14849085202492,contained_grid
27.25,70.0,Jaisalmer,76128533B14849085202492,contained_grid
27.25,70.25,Jaisalmer,76128533B14849085202492,contained_grid
27.25,70.5,Jaisalmer,76128533B14849085202492,contained_grid
27.25,70.75,Jaisalmer,76128533B14849085202492,contained_grid
27.25,71.0,Jaisalmer,76128533B14849085202492,contained_grid
27.25,71.25,Jaisalmer,76128533B14849085202492,contained_grid
27.25,71.5,Jaisalmer,76128533B14849085202492,contained_grid
27.25,71.75,Jaisalmer,76128533B14849085202492,contained_grid
27.25,72.0,Jodhpur,76128533B84094142280102,contained_grid
27.25,72.25,Jodhpur,76128533B84094142280102,contained_grid
27.25,72.5,Jodhpur,76128533B84094142280102,contained_grid
27.25,72.75,Jodhpur,76128533B84094142280102,contained_grid
27.25,73.0,Jodhpur,76128533B84094142280102,contained_grid
27.25,73.25,Nagaur,76128533B43544960343942,contained_grid
27.25,73.5,Nagaur,76128533B43544960343942,contained_grid
27.25,73.75,Nagaur,76128533B43544960343942,contained_grid
27.25,74.0,Nagaur,76128533B43544960343942,contained_grid
27.25,74.25,Nagaur,76128533B43544960343942,contained_grid
27.25,74.5,Nagaur,76128533B43544960343942,contained_grid
27.25,74.75,Nagaur,76128533B43544960343942,contained_grid
27.25,75.0,Nagaur,76128533B43544960343942,contained_grid
27.25,75.25,Sikar,76128533B20732636837048,contained_grid
27.25,75.5,Jaipur,76128533B28755611410447,contained_grid
27.25,75.75,Jaipur,76128533B28755611410447,contained_grid
27.25,76.0,Jaipur,76128533B28755611410447,contained_grid
27.25,76.25,Alwar,76128533B5628791558965,contained_grid
27.25,76.5,Alwar,76128533B5628791558965,contained_grid
27.25,76.75,Alwar,76128533B5628791558965,contained_grid
27.25,77.0,Alwar,76128533B5628791558965,contained_grid
27.25,77.25,Bharatpur,76128533B25576352747885,contained_grid
27.25,77.5,Bharatpur,76128533B25576352747885,contained_grid
27.25,77.75,Mathura,76128533B88758450653156,contained_grid
27.25,78.0,Agra,76128533B26296891809198,contained_grid
27.25,78.25,Firozabad,76128533B91640519747726,contained_grid
27.25,78.5,Firozabad,76128533B91640519747726,contained_grid
27.25,78.75,Firozabad,76128533B91640519747726,contained_grid
27.25,79.0,Mainpuri,76128533B84772439394056,contained_grid
27.25,79.25,Mainpuri,76128533B84772439394056,contained_grid
27.25,79.5,Farrukhabad,76128533B59596968713717,contained_grid
27.25,79.75,Hardoi,76128533B25208535254310,contained_grid
27.25,80.0,Hardoi,76128533B25208535254310,contained_grid
27.25,80.25,Hardoi,76128533B25208535254310,contained_grid
27.25,80.5,Hardoi,76128533B25208535254310,contained_grid
27.25,80.75,Sitapur,76128533B8998698404381,contained_grid
27.25,81.0,Sitapur,76128533B8998698404381,contained_grid
27.25,81.25,Bara Banki,76128533B74938989340684,contained_grid
27.25,81.5,Bahraich,76128533B66612397499770,contained_grid
27.25,81.75,Gonda,76128533B67530641452031,contained_grid
27.25,82.0,Gonda,76128533B67530641452031,contained_grid
27.25,82.25,Gonda,76128533B67530641452031,contained_grid
27.25,82.5,Siddharthnagar,76128533B40509297062120,contained_grid
27.25,82.75,Siddharthnagar,76128533B40509297062120,contained_grid
27.25,83.0,Siddharthnagar,76128533B40509297062120,contained_grid
27.25,83.25,Mahrajganj,76128533B29554440319099,contained_grid
27.25,83.5,Mahrajganj,76128533B29554440319099,contained_grid
27.25,83.75,Mahrajganj,76128533B29554440319099,contained_grid
27.25,84.0,Pashchim Champaran,76128533B17762399278073,contained_grid
27.25,84.25,Pashchim Champaran,76128533B17762399278073,contained_grid
27.25,84.5,Pashchim Champaran,76128533B17762399278073,contained_grid
27.25,88.25,West District,76128533B30151252629779,contained_grid
27.25,88.5,East District,76128533B67639510673366,contained_grid
27.25,88.75,East District,76128533B67639510673366,contained_grid
27.25,92.25,West Kameng,76128533B61235952222315,contained_grid
27.25,92.5,West Kameng,76128533B61235952222315,contained_grid
27.25,92.75,West Kameng,76128533B61235952222315,contained_grid
27.25,93.0,Pakke Kessang,76128533B24017517661394,contained_grid
27.25,93.25,Papum Pare,76128533B17472905712757,contained_grid
27.25,93.5,Papum Pare,76128533B17472905712757,contained_grid
27.25,93.75,Papum Pare,76128533B17472905712757,contained_grid
27.25,94.0,Lakhimpur,76128533B85627242103654,contained_grid
27.25,94.25,Lakhimpur,76128533B85627242103654,contained_grid
27.25,94.5,Lakhimpur,76128533B85627242103654,contained_grid
27.25,94.75,Dibrugarh,76128533B57825981663822,contained_grid
27.25,95.0,Dibrugarh,76128533B57825981663822,contained_grid
27.25,95.25,Dibrugarh,76128533B57825981663822,contained_grid
27.25,95.5,Tinsukia,76128533B8920527783032,contained_grid
27.25,95.75,Changlang,76128533B9558749744242,contained_grid
27.25,96.0,Changlang,76128533B9558749744242,contained_grid
27.25,97.0,Changlang,76128533B9558749744242,contained_grid
27.5,70.0,Jaisalmer,76128533B14849085202492,contained_grid
27.5,70.25,Jaisalmer,76128533B14849085202492,contained_grid
27.5,70.5,Jaisalmer,76128533B14849085202492,contained_grid
27.5,70.75,Jaisalmer,76128533B14849085202492,contained_grid
27.5,71.0,Jaisalmer,76128533B14849085202492,contained_grid
27.5,71.25,Jaisalmer,76128533B14849085202492,contained_grid
27.5,71.5,Jaisalmer,76128533B14849085202492,contained_grid
27.5,71.75,Jaisalmer,76128533B14849085202492,contained_grid
27.5,72.0,Jodhpur,76128533B84094142280102,contained_grid
27.5,72.25,Jodhpur,76128533B84094142280102,contained_grid
27.5,72.5,Jodhpur,76128533B84094142280102,contained_grid
27.5,72.75,Jodhpur,76128533B84094142280102,contained_grid
27.5,73.0,Bikaner,76128533B55039756001726,contained_grid
27.5,73.25,Bikaner,76128533B55039756001726,contained_grid
27.5,73.5,Bikaner,76128533B55039756001726,contained_grid
27.5,73.75,Nagaur,76128533B43544960343942,contained_grid
27.5,74.0,Nagaur,76128533B43544960343942,contained_grid
27.5,74.25,Nagaur,76128533B43544960343942,contained_grid
27.5,74.5,Nagaur,76128533B43544960343942,contained_grid
27.5,74.75,Nagaur,76128533B43544960343942,contained_grid
27.5,75.0,Sikar,76128533B20732636837048,contained_grid
27.5,75.25,Sikar,76128533B20732636837048,contained_grid
27.5,75.5,Sikar,76128533B20732636837048,contained_grid
27.5,75.75,Sikar,76128533B20732636837048,contained_grid
27.5,76.0,Jaipur,76128533B28755611410447,contained_grid
27.5,76.25,Alwar,76128533B5628791558965,contained_grid
27.5,76.5,Alwar,76128533B5628791558965,contained_grid
27.5,76.75,Alwar,76128533B5628791558965,contained_grid
27.5,77.0,Alwar,76128533B5628791558965,contained_grid
27.5,77.25,Bharatpur,76128533B25576352747885,contained_grid
27.5,77.5,Mathura,76128533B88758450653156,contained_grid
27.5,77.75,Mathura,76128533B88758450653156,contained_grid
27.5,78.0,Mahamaya Nagar,76128533B8878807356913,contained_grid
27.5,78.25,Etah,76128533B15342706434354,contained_grid
27.5,78.5,Etah,76128533B15342706434354,contained_grid
27.5,78.75,Etah,76128533B15342706434354,contained_grid
27.5,79.0,Etah,76128533B15342706434354,contained_grid
27.5,79.25,Etah,76128533B15342706434354,contained_grid
27.5,79.5,Farrukhabad,76128533B59596968713717,contained_grid
27.5,79.75,Hardoi,76128533B25208535254310,contained_grid
27.5,80.0,Hardoi,76128533B25208535254310,contained_grid
27.5,80.25,Hardoi,76128533B25208535254310,contained_grid
27.5,80.5,Sitapur,76128533B8998698404381,contained_grid
27.5,80.75,Sitapur,76128533B8998698404381,contained_grid
27.5,81.0,Sitapur,76128533B8998698404381,contained_grid
27.5,81.25,Sitapur,76128533B8998698404381,contained_grid
27.5,81.5,Bahraich,76128533B66612397499770,contained_grid
27.5,81.75,Bahraich,76128533B66612397499770,contained_grid
27.5,82.0,Shrawasti,76128533B34832354589031,contained_grid
27.5,82.25,Balrampur,76128533B87371000929659,contained_grid
27.5,82.5,Balrampur,76128533B87371000929659,contained_grid
27.5,82.75,Siddharthnagar,76128533B40509297062120,contained_grid
27.5,88.25,West District,76128533B30151252629779,contained_grid
27.5,88.5,North District,76128533B65820903826030,contained_grid
27.5,88.75,North District,76128533B65820903826030,contained_grid
27.5,91.75,Tawang,76128533B18668117085772,contained_grid
27.5,92.0,Tawang,76128533B18668117085772,contained_grid
27.5,92.25,West Kameng,76128533B61235952222315,contained_grid
27.5,92.5,West Kameng,76128533B61235952222315,contained_grid
27.5,92.75,East Kameng,76128533B76129461078086,contained_grid
27.5,93.0,East Kameng,76128533B76129461078086,contained_grid
27.5,93.25,East Kameng,76128533B76129461078086,contained_grid
27.5,93.5,Papum Pare,76128533B17472905712757,contained_grid
27.5,93.75,Lower Subansiri,76128533B90913053845537,contained_grid
27.5,94.0,Kamle,76128533B19898496046456,contained_grid
27.5,94.25,Lakhimpur,76128533B85627242103654,contained_grid
27.5,94.5,Dhemaji,76128533B50650763703739,contained_grid
27.5,94.75,Dhemaji,76128533B50650763703739,contained_grid
27.5,95.0,Dibrugarh,76128533B57825981663822,contained_grid
27.5,95.25,Tinsukia,76128533B8920527783032,contained_grid
27.5,95.5,Tinsukia,76128533B8920527783032,contained_grid
27.5,95.75,Tinsukia,76128533B8920527783032,contained_grid
27.5,96.0,Changlang,76128533B9558749744242,contained_grid
27.5,96.25,Changlang,76128533B9558749744242,contained_grid
27.5,96.5,Changlang,76128533B9558749744242,contained_grid
27.5,96.75,Changlang,76128533B9558749744242,contained_grid
27.75,70.25,Jaisalmer,76128533B14849085202492,contained_grid
27.75,70.5,Jaisalmer,76128533B14849085202492,contained_grid
27.75,71.25,Jaisalmer,76128533B14849085202492,contained_grid
27.75,71.5,Jaisalmer,76128533B14849085202492,contained_grid
27.75,71.75,Jaisalmer,76128533B14849085202492,contained_grid
27.75,72.0,Jaisalmer,76128533B14849085202492,contained_grid
27.75,72.25,Bikaner,76128533B55039756001726,contained_grid
27.75,72.5,Bikaner,76128533B55039756001726,contained_grid
27.75,72.75,Bikaner,76128533B55039756001726,contained_grid
27.75,73.0,Bikaner,76128533B55039756001726,contained_grid
27.75,73.25,Bikaner,76128533B55039756001726,contained_grid
27.75,73.5,Bikaner,76128533B55039756001726,contained_grid
27.75,73.75,Bikaner,76128533B55039756001726,contained_grid
27.75,74.0,Churu,76128533B66825707357376,contained_grid
27.75,74.25,Churu,76128533B66825707357376,contained_grid
27.75,74.5,Churu,76128533B66825707357376,contained_grid
27.75,74.75,Sikar,76128533B20732636837048,contained_grid
27.75,75.0,Sikar,76128533B20732636837048,contained_grid
27.75,75.25,Sikar,76128533B20732636837048,contained_grid
27.75,75.5,Jhunjhunun,76128533B86135761305702,contained_grid
27.75,75.75,Sikar,76128533B20732636837048,contained_grid
27.75,76.0,Sikar,76128533B20732636837048,contained_grid
27.75,76.25,Alwar,76128533B5628791558965,contained_grid
27.75,76.5,Alwar,76128533B5628791558965,contained_grid
27.75,76.75,Alwar,76128533B5628791558965,contained_grid
27.75,77.0,Mewat,76128533B80016894369263,contained_grid
27.75,77.25,Bharatpur,76128533B25576352747885,contained_grid
27.75,77.5,Mathura,76128533B88758450653156,contained_grid
27.75,77.75,Mathura,76128533B88758450653156,contained_grid
27.75,78.0,Aligarh,76128533B60862799554879,contained_grid
27.75,78.25,Aligarh,76128533B60862799554879,contained_grid
27.75,78.5,Kanshiram Nagar,76128533B7643504807381,contained_grid
27.75,78.75,Kanshiram Nagar,76128533B7643504807381,contained_grid
27.75,79.0,Kanshiram Nagar,76128533B7643504807381,contained_grid
27.75,79.25,Budaun,76128533B84679668760735,contained_grid
27.75,79.5,Shahjahanpur,76128533B96870418529164,contained_grid
27.75,79.75,Shahjahanpur,76128533B96870418529164,contained_grid
27.75,80.0,Shahjahanpur,76128533B96870418529164,contained_grid
27.75,80.25,Hardoi,76128533B25208535254310,contained_grid
27.75,80.5,Sitapur,76128533B8998698404381,contained_grid
27.75,80.75,Sitapur,76128533B8998698404381,contained_grid
27.75,81.0,Sitapur,76128533B8998698404381,contained_grid
27.75,81.25,Kheri,76128533B76479861129777,contained_grid
27.75,81.5,Bahraich,76128533B66612397499770,contained_grid
27.75,81.75,Shrawasti,76128533B34832354589031,contained_grid
27.75,82.0,Shrawasti,76128533B34832354589031,contained_grid
27.75,82.25,Balrampur,76128533B87371000929659,contained_grid
27.75,88.25,North District,76128533B65820903826030,contained_grid
27.75,88.5,North District,76128533B65820903826030,contained_grid
27.75,88.75,North District,76128533B65820903826030,contained_grid
27.75,91.75,Tawang,76128533B18668117085772,contained_grid
27.75,92.0,Tawang,76128533B18668117085772,contained_grid
27.75,92.25,Tawang,76128533B18668117085772,contained_grid
27.75,92.5,East Kameng,76128533B76129461078086,contained_grid
27.75,92.75,East Kameng,76128533B76129461078086,contained_grid
27.75,93.0,East Kameng,76128533B76129461078086,contained_grid
27.75,93.25,Kurung Kumey,76128533B31405919461443,contained_grid
27.75,93.5,Kurung Kumey,76128533B31405919461443,contained_grid
27.75,93.75,Kra Daadi,76128533B12129983841645,contained_grid
27.75,94.0,Kamle,76128533B19898496046456,contained_grid
27.75,94.25,Kamle,76128533B19898496046456,contained_grid
27.75,94.5,Lower Siang,76128533B49993259380917,contained_grid
27.75,94.75,Lower Siang,76128533B49993259380917,contained_grid
27.75,95.0,Dhemaji,76128533B50650763703739,contained_grid
27.75,95.25,Dhemaji,76128533B50650763703739,contained_grid
27.75,95.5,Tinsukia,76128533B8920527783032,contained_grid
27.75,95.75,Tinsukia,76128533B8920527783032,contained_grid
27.75,96.0,Namsai,76128533B1875965515331,contained_grid
27.75,96.25,Namsai,76128533B1875965515331,contained_grid
27.75,96.5,Lohit,76128533B6828791241172,contained_grid
27.75,96.75,Anjaw,76128533B55878637000592,contained_grid
27.75,97.0,Anjaw,76128533B55878637000592,contained_grid
28.0,70.5,Jaisalmer,76128533B14849085202492,contained_grid
28.0,72.0,Bikaner,76128533B55039756001726,contained_grid
28.0,72.25,Bikaner,76128533B55039756001726,contained_grid
28.0,72.5,Bikaner,76128533B55039756001726,contained_grid
28.0,72.75,Bikaner,76128533B55039756001726,contained_grid
28.0,73.0,Bikaner,76128533B55039756001726,contained_grid
28.0,73.25,Bikaner,76128533B55039756001726,contained_grid
28.0,73.5,Bikaner,76128533B55039756001726,contained_grid
28.0,73.75,Bikaner,76128533B55039756001726,contained_grid
28.0,74.0,Bikaner,76128533B55039756001726,contained_grid
28.0,74.25,Churu,76128533B66825707357376,contained_grid
28.0,74.5,Churu,76128533B66825707357376,contained_grid
28.0,74.75,Churu,76128533B66825707357376,contained_grid
28.0,75.0,Sikar,76128533B20732636837048,contained_grid
28.0,75.25,Jhunjhunun,76128533B86135761305702,contained_grid
28.0,75.5,Jhunjhunun,76128533B86135761305702,contained_grid
28.0,75.75,Jhunjhunun,76128533B86135761305702,contained_grid
28.0,76.0,Mahendragarh,76128533B64161607349718,contained_grid
28.0,76.25,Alwar,76128533B5628791558965,contained_grid
28.0,76.5,Alwar,76128533B5628791558965,contained_grid
28.0,76.75,Alwar,76128533B5628791558965,contained_grid
28.0,77.0,Mewat,76128533B80016894369263,contained_grid
28.0,77.25,Palwal,76128533B71088079535368,contained_grid
28.0,77.5,Palwal,76128533B71088079535368,contained_grid
28.0,77.75,Aligarh,76128533B60862799554879,contained_grid
28.0,78.0,Aligarh,76128533B60862799554879,contained_grid
28.0,78.25,Aligarh,76128533B60862799554879,contained_grid
28.0,78.5,Aligarh,76128533B60862799554879,contained_grid
28.0,78.75,Budaun,76128533B84679668760735,contained_grid
28.0,79.0,Budaun,76128533B84679668760735,contained_grid
28.0,79.25,Budaun,76128533B84679668760735,contained_grid
28.0,79.5,Shahjahanpur,76128533B96870418529164,contained_grid
28.0,79.75,Shahjahanpur,76128533B96870418529164,contained_grid
28.0,80.0,Shahjahanpur,76128533B96870418529164,contained_grid
28.0,80.25,Kheri,76128533B76479861129777,contained_grid
28.0,80.5,Kheri,76128533B76479861129777,contained_grid
28.0,80.75,Kheri,76128533B76479861129777,contained_grid
28.0,81.0,Kheri,76128533B76479861129777,contained_grid
28.0,81.25,Bahraich,76128533B66612397499770,contained_grid
28.0,81.5,Bahraich,76128533B66612397499770,contained_grid
28.0,88.5,North District,76128533B65820903826030,contained_grid
28.0,88.75,North District,76128533B65820903826030,contained_grid
28.0,92.75,Kurung Kumey,76128533B31405919461443,contained_grid
28.0,93.0,Kurung Kumey,76128533B31405919461443,contained_grid
28.0,93.25,Kurung Kumey,76128533B31405919461443,contained_grid
28.0,93.5,Kurung Kumey,76128533B31405919461443,contained_grid
28.0,93.75,Kra Daadi,76128533B12129983841645,contained_grid
28.0,94.0,Upper Subansiri,76128533B84689409020934,contained_grid
28.0,94.25,Upper Subansiri,76128533B84689409020934,contained_grid
28.0,94.5,Leparada,76128533B25448742967716,contained_grid
28.0,94.75,Leparada,76128533B25448742967716,contained_grid
28.0,95.0,East Siang,76128533B53717296822608,contained_grid
28.0,95.25,East Siang,76128533B53717296822608,contained_grid
28.0,95.5,East Siang,76128533B53717296822608,contained_grid
28.0,95.75,Lower Dibang Valley,76128533B38784530776316,contained_grid
28.0,96.0,Lower Dibang Valley,76128533B38784530776316,contained_grid
28.0,96.25,Lohit,76128533B6828791241172,contained_grid
28.0,96.5,Anjaw,76128533B55878637000592,contained_grid
28.0,96.75,Anjaw,76128533B55878637000592,contained_grid
28.0,97.0,Anjaw,76128533B55878637000592,contained_grid
28.0,97.25,Anjaw,76128533B55878637000592,contained_grid
28.25,72.25,Bikaner,76128533B55039756001726,contained_grid
28.25,72.5,Bikaner,76128533B55039756001726,contained_grid
28.25,72.75,Bikaner,76128533B55039756001726,contained_grid
28.25,73.0,Bikaner,76128533B55039756001726,contained_grid
28.25,73.25,Bikaner,76128533B55039756001726,contained_grid
28.25,73.5,Bikaner,76128533B55039756001726,contained_grid
28.25,73.75,Bikaner,76128533B55039756001726,contained_grid
28.25,74.0,Bikaner,76128533B55039756001726,contained_grid
28.25,74.25,Churu,76128533B66825707357376,contained_grid
28.25,74.5,Churu,76128533B66825707357376,contained_grid
28.25,74.75,Churu,76128533B66825707357376,contained_grid
28.25,75.0,Churu,76128533B66825707357376,contained_grid
28.25,75.25,Jhunjhunun,76128533B86135761305702,contained_grid
28.25,75.5,Jhunjhunun,76128533B86135761305702,contained_grid
28.25,75.75,Jhunjhunun,76128533B86135761305702,contained_grid
28.25,76.0,Jhunjhunun,76128533B86135761305702,contained_grid
28.25,76.25,Mahendragarh,76128533B64161607349718,contained_grid
28.25,76.5,Rewari,76128533B22722327711505,contained_grid
28.25,76.75,Gurgaon,76128533B67580812983244,contained_grid
28.25,77.0,Mewat,76128533B80016894369263,contained_grid
28.25,77.25,Palwal,76128533B71088079535368,contained_grid
28.25,77.5,Faridabad,76128533B40638696154891,contained_grid
28.25,77.75,Bulandshahr,76128533B13272482176343,contained_grid
28.25,78.0,Bulandshahr,76128533B13272482176343,contained_grid
28.25,78.25,Bulandshahr,76128533B13272482176343,contained_grid
28.25,78.5,Sambhal,76128533B7545062765383,contained_grid
28.25,78.75,Budaun,76128533B84679668760735,contained_grid
28.25,79.0,Budaun,76128533B84679668760735,contained_grid
28.25,79.25,Bareilly,76128533B68554447699730,contained_grid
28.25,79.5,Bareilly,76128533B68554447699730,contained_grid
28.25,79.75,Pilibhit,76128533B90071703601852,contained_grid
28.25,80.0,Shahjahanpur,76128533B96870418529164,contained_grid
28.25,80.25,Shahjahanpur,76128533B96870418529164,contained_grid
28.25,80.5,Kheri,76128533B76479861129777,contained_grid
28.25,80.75,Kheri,76128533B76479861129777,contained_grid
28.25,81.0,Kheri,76128533B76479861129777,contained_grid
28.25,81.25,Bahraich,76128533B66612397499770,contained_grid
28.25,93.25,Kurung Kumey,76128533B31405919461443,contained_grid
28.25,93.5,Kra Daadi,76128533B12129983841645,contained_grid
28.25,93.75,Kra Daadi,76128533B12129983841645,contained_grid
28.25,94.0,Upper Subansiri,76128533B84689409020934,contained_grid
28.25,94.25,Upper Subansiri,76128533B84689409020934,contained_grid
28.25,94.5,West Siang,76128533B95764075909869,contained_grid
28.25,94.75,West Siang,76128533B95764075909869,contained_grid
28.25,95.0,Siang,76128533B95910687666425,contained_grid
28.25,95.25,Upper Siang,76128533B76058958071350,contained_grid
28.25,95.5,East Siang,76128533B53717296822608,contained_grid
28.25,95.75,Lower Dibang Valley,76128533B38784530776316,contained_grid
28.25,96.0,Lower Dibang Valley,76128533B38784530776316,contained_grid
28.25,96.25,Lower Dibang Valley,76128533B38784530776316,contained_grid
28.25,96.5,Anjaw,76128533B55878637000592,contained_grid
28.25,96.75,Anjaw,76128533B55878637000592,contained_grid
28.25,97.0,Anjaw,76128533B55878637000592,contained_grid
28.25,97.25,Anjaw,76128533B55878637000592,contained_grid
28.5,72.25,Bikaner,76128533B55039756001726,contained_grid
28.5,72.5,Bikaner,76128533B55039756001726,contained_grid
28.5,72.75,Bikaner,76128533B55039756001726,contained_grid
28.5,73.0,Bikaner,76128533B55039756001726,contained_grid
28.5,73.25,Bikaner,76128533B55039756001726,contained_grid
28.5,73.5,Bikaner,76128533B55039756001726,contained_grid
28.5,73.75,Bikaner,76128533B55039756001726,contained_grid
28.5,74.0,Bikaner,76128533B55039756001726,contained_grid
28.5,74.25,Churu,76128533B66825707357376,contained_grid
28.5,74.5,Churu,76128533B66825707357376,contained_grid
28.5,74.75,Churu,76128533B66825707357376,contained_grid
28.5,75.0,Churu,76128533B66825707357376,contained_grid
28.5,75.25,Churu,76128533B66825707357376,contained_grid
28.5,75.5,Churu,76128533B66825707357376,contained_grid
28.5,75.75,Bhiwani,76128533B42646400584570,contained_grid
28.5,76.0,Bhiwani,76128533B42646400584570,contained_grid
28.5,76.25,Bhiwani,76128533B42646400584570,contained_grid
28.5,76.5,Jhajjar,76128533B70554191137208,contained_grid
28.5,76.75,Jhajjar,76128533B70554191137208,contained_grid
28.5,77.0,Gurgaon,76128533B67580812983244,contained_grid
28.5,77.25,South,76128533B97089774514948,contained_grid
28.5,77.5,Gautam Buddha Nagar,76128533B34462889864078,contained_grid
28.5,77.75,Bulandshahr,76128533B13272482176343,contained_grid
28.5,78.0,Bulandshahr,76128533B13272482176343,contained_grid
28.5,78.25,Jyotiba Phule Nagar,76128533B21119051307760,contained_grid
28.5,78.5,Sambhal,76128533B7545062765383,contained_grid
28.5,78.75,Sambhal,76128533B7545062765383,contained_grid
28.5,79.0,Rampur,76128533B46682008877369,contained_grid
28.5,79.25,Bareilly,76128533B68554447699730,contained_grid
28.5,79.5,Bareilly,76128533B68554447699730,contained_grid
28.5,79.75,Pilibhit,76128533B90071703601852,contained_grid
28.5,80.0,Pilibhit,76128533B90071703601852,contained_grid
28.5,80.25,Pilibhit,76128533B90071703601852,contained_grid
28.5,80.5,Kheri,76128533B76479861129777,contained_grid
28.5,80.75,Kheri,76128533B76479861129777,contained_grid
28.5,93.5,Upper Subansiri,76128533B84689409020934,contained_grid
28.5,93.75,Upper Subansiri,76128533B84689409020934,contained_grid
28.5,94.0,Upper Subansiri,76128533B84689409020934,contained_grid
28.5,94.25,Shi Yomi,76128533B46084756537322,contained_grid
28.5,94.5,Shi Yomi,76128533B46084756537322,contained_grid
28.5,94.75,West Siang,76128533B95764075909869,contained_grid
28.5,95.0,Upper Siang,76128533B76058958071350,contained_grid
28.5,95.25,Upper Siang,76128533B76058958071350,contained_grid
28.5,95.5,Dibang Valley,76128533B11651252780045,contained_grid
28.5,95.75,Dibang Valley,76128533B11651252780045,contained_grid
28.5,96.0,Dibang Valley,76128533B11651252780045,contained_grid
28.5,96.25,Lower Dibang Valley,76128533B38784530776316,contained_grid
28.75,72.5,Bikaner,76128533B55039756001726,contained_grid
28.75,72.75,Bikaner,76128533B55039756001726,contained_grid
28.75,73.0,Ganganagar,76128533B72079972234594,contained_grid
28.75,73.25,Bikaner,76128533B55039756001726,contained_grid
28.75,73.5,Bikaner,76128533B55039756001726,contained_grid
28.75,73.75,Bikaner,76128533B55039756001726,contained_grid
28.75,74.0,Bikaner,76128533B55039756001726,contained_grid
28.75,74.25,Churu,76128533B66825707357376,contained_grid
28.75,74.5,Churu,76128533B66825707357376,contained_grid
28.75,74.75,Churu,76128533B66825707357376,contained_grid
28.75,75.0,Churu,76128533B66825707357376,contained_grid
28.75,75.25,Churu,76128533B66825707357376,contained_grid
28.75,75.5,Churu,76128533B66825707357376,contained_grid
28.75,75.75,Bhiwani,76128533B42646400584570,contained_grid
28.75,76.0,Bhiwani,76128533B42646400584570,contained_grid
28.75,76.25,Bhiwani,76128533B42646400584570,contained_grid
28.75,76.5,Rohtak,76128533B12244045944458,contained_grid
28.75,76.75,Jhajjar,76128533B70554191137208,contained_grid
28.75,77.0,North West,76128533B71353370080255,contained_grid
28.75,77.25,North East,76128533B9976625304286,contained_grid
28.75,77.5,Ghaziabad,76128533B68984344044805,contained_grid
28.75,77.75,Meerut,76128533B61760400952464,contained_grid
28.75,78.0,Hapur,76128533B87317961648652,contained_grid
28.75,78.25,Jyotiba Phule Nagar,76128533B21119051307760,contained_grid
28.75,78.5,Sambhal,76128533B7545062765383,contained_grid
28.75,78.75,Moradabad,76128533B51849218363622,contained_grid
28.75,79.0,Moradabad,76128533B51849218363622,contained_grid
28.75,79.25,Rampur,76128533B46682008877369,contained_grid
28.75,79.5,Bareilly,76128533B68554447699730,contained_grid
28.75,79.75,Pilibhit,76128533B90071703601852,contained_grid
28.75,80.0,Udham Singh Nagar,76128533B46531174070538,contained_grid
28.75,80.25,Pilibhit,76128533B90071703601852,contained_grid
28.75,94.0,Shi Yomi,76128533B46084756537322,contained_grid
28.75,94.25,Shi Yomi,76128533B46084756537322,contained_grid
28.75,94.5,Shi Yomi,76128533B46084756537322,contained_grid
28.75,94.75,Upper Siang,76128533B76058958071350,contained_grid
28.75,95.0,Upper Siang,76128533B76058958071350,contained_grid
28.75,95.25,Upper Siang,76128533B76058958071350,contained_grid
28.75,95.5,Dibang Valley,76128533B11651252780045,contained_grid
28.75,95.75,Dibang Valley,76128533B11651252780045,contained_grid
28.75,96.0,Dibang Valley,76128533B11651252780045,contained_grid
28.75,96.25,Dibang Valley,76128533B11651252780045,contained_grid
28.75,96.5,Dibang Valley,76128533B11651252780045,contained_grid
29.0,73.0,Ganganagar,76128533B72079972234594,contained_grid
29.0,73.25,Ganganagar,76128533B72079972234594,contained_grid
29.0,73.5,Bikaner,76128533B55039756001726,contained_grid
29.0,73.75,Bikaner,76128533B55039756001726,contained_grid
29.0,74.0,Ganganagar,76128533B72079972234594,contained_grid
29.0,74.25,Hanumangarh,76128533B92044109913630,contained_grid
29.0,74.5,Hanumangarh,76128533B92044109913630,contained_grid
29.0,74.75,Hanumangarh,76128533B92044109913630,contained_grid
29.0,75.0,Hanumangarh,76128533B92044109913630,contained_grid
29.0,75.25,Hanumangarh,76128533B92044109913630,contained_grid
29.0,75.5,Hanumangarh,76128533B92044109913630,contained_grid
29.0,75.75,Hisar,76128533B22732185131019,contained_grid
29.0,76.0,Bhiwani,76128533B42646400584570,contained_grid
29.0,76.25,Rohtak,76128533B12244045944458,contained_grid
29.0,76.5,Rohtak,76128533B12244045944458,contained_grid
29.0,76.75,Rohtak,76128533B12244045944458,contained_grid
29.0,77.0,Sonipat,76128533B69536039643660,contained_grid
29.0,77.25,Baghpat,76128533B46268976217915,contained_grid
29.0,77.5,Meerut,76128533B61760400952464,contained_grid
29.0,77.75,Meerut,76128533B61760400952464,contained_grid
29.0,78.0,Meerut,76128533B61760400952464,contained_grid
29.0,78.25,Jyotiba Phule Nagar,76128533B21119051307760,contained_grid
29.0,78.5,Jyotiba Phule Nagar,76128533B21119051307760,contained_grid
29.0,78.75,Moradabad,76128533B51849218363622,contained_grid
29.0,79.0,Rampur,76128533B46682008877369,contained_grid
29.0,79.25,Rampur,76128533B46682008877369,contained_grid
29.0,79.5,Udham Singh Nagar,76128533B46531174070538,contained_grid
29.0,79.75,Udham Singh Nagar,76128533B46531174070538,contained_grid
29.0,80.0,Udham Singh Nagar,76128533B46531174070538,contained_grid
29.0,94.25,Shi Yomi,76128533B46084756537322,contained_grid
29.0,94.5,Upper Siang,76128533B76058958071350,contained_grid
29.0,94.75,Upper Siang,76128533B76058958071350,contained_grid
29.0,95.0,Upper Siang,76128533B76058958071350,contained_grid
29.0,95.25,Upper Siang,76128533B76058958071350,contained_grid
29.0,95.5,Dibang Valley,76128533B11651252780045,contained_grid
29.0,95.75,Dibang Valley,76128533B11651252780045,contained_grid
29.0,96.0,Dibang Valley,76128533B11651252780045,contained_grid
29.25,73.25,Ganganagar,76128533B72079972234594,contained_grid
29.25,73.5,Ganganagar,76128533B72079972234594,contained_grid
29.25,73.75,Ganganagar,76128533B72079972234594,contained_grid
29.25,74.0,Ganganagar,76128533B72079972234594,contained_grid
29.25,74.25,Hanumangarh,76128533B92044109913630,contained_grid
29.25,74.5,Hanumangarh,76128533B92044109913630,contained_grid
29.25,74.75,Hanumangarh,76128533B92044109913630,contained_grid
29.25,75.0,Hanumangarh,76128533B92044109913630,contained_grid
29.25,75.25,Hanumangarh,76128533B92044109913630,contained_grid
29.25,75.5,Hisar,76128533B22732185131019,contained_grid
29.25,75.75,Hisar,76128533B22732185131019,contained_grid
29.25,76.0,Hisar,76128533B22732185131019,contained_grid
29.25,76.25,Jind,76128533B45106682783501,contained_grid
29.25,76.5,Jind,76128533B45106682783501,contained_grid
29.25,76.75,Sonipat,76128533B69536039643660,contained_grid
29.25,77.0,Panipat,76128533B86048662040782,contained_grid
29.25,77.25,Baghpat,76128533B46268976217915,contained_grid
29.25,77.5,Muzaffarnagar,76128533B87051210355251,contained_grid
29.25,77.75,Muzaffarnagar,76128533B87051210355251,contained_grid
29.25,78.0,Muzaffarnagar,76128533B87051210355251,contained_grid
29.25,78.25,Bijnor,76128533B14534161138054,contained_grid
29.25,78.5,Bijnor,76128533B14534161138054,contained_grid
29.25,78.75,Moradabad,76128533B51849218363622,contained_grid
29.25,79.0,Udham Singh Nagar,76128533B46531174070538,contained_grid
29.25,79.25,Nainital,76128533B50374927918374,contained_grid
29.25,79.5,Nainital,76128533B50374927918374,contained_grid
29.25,79.75,Nainital,76128533B50374927918374,contained_grid
29.25,80.0,Champawat,76128533B2761749808956,contained_grid
29.25,80.25,Champawat,76128533B2761749808956,contained_grid
29.25,94.75,Upper Siang,76128533B76058958071350,contained_grid
29.25,95.75,Dibang Valley,76128533B11651252780045,contained_grid
29.25,96.0,Dibang Valley,76128533B11651252780045,contained_grid
29.5,73.25,Ganganagar,76128533B72079972234594,contained_grid
29.5,73.5,Ganganagar,76128533B72079972234594,contained_grid
29.5,73.75,Ganganagar,76128533B72079972234594,contained_grid
29.5,74.0,Hanumangarh,76128533B92044109913630,contained_grid
29.5,74.25,Hanumangarh,76128533B92044109913630,contained_grid
29.5,74.5,Hanumangarh,76128533B92044109913630,contained_grid
29.5,74.75,Sirsa,76128533B84837672903805,contained_grid
29.5,75.0,Sirsa,76128533B84837672903805,contained_grid
29.5,75.25,Sirsa,76128533B84837672903805,contained_grid
29.5,75.5,Fatehabad,76128533B10727492375508,contained_grid
29.5,75.75,Fatehabad,76128533B10727492375508,contained_grid
29.5,76.0,Jind,76128533B45106682783501,contained_grid
29.5,76.25,Jind,76128533B45106682783501,contained_grid
29.5,76.5,Jind,76128533B45106682783501,contained_grid
29.5,76.75,Karnal,76128533B6330405394721,contained_grid
29.5,77.0,Karnal,76128533B6330405394721,contained_grid
29.5,77.25,Samli,76128533B35465481868600,contained_grid
29.5,77.5,Muzaffarnagar,76128533B87051210355251,contained_grid
29.5,77.75,Muzaffarnagar,76128533B87051210355251,contained_grid
29.5,78.0,Bijnor,76128533B14534161138054,contained_grid
29.5,78.25,Bijnor,76128533B14534161138054,contained_grid
29.5,78.5,Bijnor,76128533B14534161138054,contained_grid
29.5,78.75,Garhwal,76128533B46926146855114,contained_grid
29.5,79.0,Nainital,76128533B50374927918374,contained_grid
29.5,79.25,Nainital,76128533B50374927918374,contained_grid
29.5,79.5,Almora,76128533B74917207853309,contained_grid
29.5,79.75,Almora,76128533B74917207853309,contained_grid
29.5,80.0,Almora,76128533B74917207853309,contained_grid
29.5,80.25,Pithoragarh,76128533B38561771925520,contained_grid
29.75,73.5,Ganganagar,76128533B72079972234594,contained_grid
29.75,73.75,Ganganagar,76128533B72079972234594,contained_grid
29.75,74.0,Ganganagar,76128533B72079972234594,contained_grid
29.75,74.25,Hanumangarh,76128533B92044109913630,contained_grid
29.75,74.5,Sirsa,76128533B84837672903805,contained_grid
29.75,74.75,Sirsa,76128533B84837672903805,contained_grid
29.75,75.0,Sirsa,76128533B84837672903805,contained_grid
29.75,75.25,Mansa,76128533B41499938690181,contained_grid
29.75,75.5,Fatehabad,76128533B10727492375508,contained_grid
29.75,75.75,Fatehabad,76128533B10727492375508,contained_grid
29.75,76.0,Sangrur,76128533B82601690264832,contained_grid
29.75,76.25,Kaithal,76128533B64596101949699,contained_grid
29.75,76.5,Kaithal,76128533B64596101949699,contained_grid
29.75,76.75,Karnal,76128533B6330405394721,contained_grid
29.75,77.0,Karnal,76128533B6330405394721,contained_grid
29.75,77.25,Saharanpur,76128533B33437990510331,contained_grid
29.75,77.5,Saharanpur,76128533B33437990510331,contained_grid
29.75,77.75,Saharanpur,76128533B33437990510331,contained_grid
29.75,78.0,Hardwar,76128533B87833640460819,contained_grid
29.75,78.25,Hardwar,76128533B87833640460819,contained_grid
29.75,78.5,Garhwal,76128533B46926146855114,contained_grid
29.75,78.75,Garhwal,76128533B46926146855114,contained_grid
29.75,79.0,Garhwal,76128533B46926146855114,contained_grid
29.75,79.25,Almora,76128533B74917207853309,contained_grid
29.75,79.5,Almora,76128533B74917207853309,contained_grid
29.75,79.75,Bageshwar,76128533B64217423710469,contained_grid
29.75,80.0,Pithoragarh,76128533B38561771925520,contained_grid
29.75,80.25,Pithoragarh,76128533B38561771925520,contained_grid
30.0,73.75,Ganganagar,76128533B72079972234594,contained_grid
30.0,74.0,Fazilka,76128533B7291413308870,contained_grid
30.0,74.25,Fazilka,76128533B7291413308870,contained_grid
30.0,74.5,Muktsar,76128533B50184713016881,contained_grid
30.0,74.75,Bathinda,76128533B13791982054894,contained_grid
30.0,75.0,Bathinda,76128533B13791982054894,contained_grid
30.0,75.25,Bathinda,76128533B13791982054894,contained_grid
30.0,75.5,Mansa,76128533B41499938690181,contained_grid
30.0,75.75,Sangrur,76128533B82601690264832,contained_grid
30.0,76.0,Sangrur,76128533B82601690264832,contained_grid
30.0,76.25,Kaithal,76128533B64596101949699,contained_grid
30.0,76.5,Kurukshetra,76128533B94710820075529,contained_grid
30.0,76.75,Kurukshetra,76128533B94710820075529,contained_grid
30.0,77.0,Kurukshetra,76128533B94710820075529,contained_grid
30.0,77.25,Yamunanagar,76128533B23956636471502,contained_grid
30.0,77.5,Saharanpur,76128533B33437990510331,contained_grid
30.0,77.75,Saharanpur,76128533B33437990510331,contained_grid
30.0,78.0,Hardwar,76128533B87833640460819,contained_grid
30.0,78.25,Garhwal,76128533B46926146855114,contained_grid
30.0,78.5,Garhwal,76128533B46926146855114,contained_grid
30.0,78.75,Garhwal,76128533B46926146855114,contained_grid
30.0,79.0,Garhwal,76128533B46926146855114,contained_grid
30.0,79.25,Chamoli,76128533B69844709752120,contained_grid
30.0,79.5,Bageshwar,76128533B64217423710469,contained_grid
30.0,79.75,Bageshwar,76128533B64217423710469,contained_grid
30.0,80.0,Bageshwar,76128533B64217423710469,contained_grid
30.0,80.25,Pithoragarh,76128533B38561771925520,contained_grid
30.0,80.5,Pithoragarh,76128533B38561771925520,contained_grid
30.25,74.0,Fazilka,76128533B7291413308870,contained_grid
30.25,74.25,Fazilka,76128533B7291413308870,contained_grid
30.25,74.5,Muktsar,76128533B50184713016881,contained_grid
30.25,74.75,Bathinda,76128533B13791982054894,contained_grid
30.25,75.0,Bathinda,76128533B13791982054894,contained_grid
30.25,75.25,Bathinda,76128533B13791982054894,contained_grid
30.25,75.5,Barnala,76128533B39051871473194,contained_grid
30.25,75.75,Sangrur,76128533B82601690264832,contained_grid
30.25,76.0,Sangrur,76128533B82601690264832,contained_grid
30.25,76.25,Patiala,76128533B39368211148513,contained_grid
30.25,76.5,Patiala,76128533B39368211148513,contained_grid
30.25,76.75,Ambala,76128533B95049353851516,contained_grid
30.25,77.0,Ambala,76128533B95049353851516,contained_grid
30.25,77.25,Yamunanagar,76128533B23956636471502,contained_grid
30.25,77.5,Yamunanagar,76128533B23956636471502,contained_grid
30.25,77.75,Saharanpur,76128533B33437990510331,contained_grid
30.25,78.0,Dehradun,76128533B67005208112053,contained_grid
30.25,78.25,Dehradun,76128533B67005208112053,contained_grid
30.25,78.5,Tehri Garhwal,76128533B61134942989820,contained_grid
30.25,78.75,Tehri Garhwal,76128533B61134942989820,contained_grid
30.25,79.0,Rudraprayag,76128533B46038384763988,contained_grid
30.25,79.25,Chamoli,76128533B69844709752120,contained_grid
30.25,79.5,Chamoli,76128533B69844709752120,contained_grid
30.25,79.75,Chamoli,76128533B69844709752120,contained_grid
30.25,80.0,Bageshwar,76128533B64217423710469,contained_grid
30.25,80.25,Pithoragarh,76128533B38561771925520,contained_grid
30.25,80.5,Pithoragarh,76128533B38561771925520,contained_grid
30.25,80.75,Pithoragarh,76128533B38561771925520,contained_grid
30.25,81.0,Pithoragarh,76128533B38561771925520,contained_grid
30.5,74.0,Fazilka,76128533B7291413308870,contained_grid
30.5,74.25,Fazilka,76128533B7291413308870,contained_grid
30.5,74.5,Muktsar,76128533B50184713016881,contained_grid
30.5,74.75,Faridkot,76128533B13552746017223,contained_grid
30.5,75.0,Moga,76128533B18834172694083,contained_grid
30.5,75.25,Bathinda,76128533B13791982054894,contained_grid
30.5,75.5,Barnala,76128533B39051871473194,contained_grid
30.5,75.75,Sangrur,76128533B82601690264832,contained_grid
30.5,76.0,Sangrur,76128533B82601690264832,contained_grid
30.5,76.25,Patiala,76128533B39368211148513,contained_grid
30.5,76.5,Patiala,76128533B39368211148513,contained_grid
30.5,76.75,Patiala,76128533B39368211148513,contained_grid
30.5,77.0,Panchkula,76128533B58876508630362,contained_grid
30.5,77.25,Sirmaur,76128533B11802210119774,contained_grid
30.5,77.5,Sirmaur,76128533B11802210119774,contained_grid
30.5,77.75,Sirmaur,76128533B11802210119774,contained_grid
30.5,78.0,Tehri Garhwal,76128533B61134942989820,contained_grid
30.5,78.25,Tehri Garhwal,76128533B61134942989820,contained_grid
30.5,78.5,Tehri Garhwal,76128533B61134942989820,contained_grid
30.5,78.75,Tehri Garhwal,76128533B61134942989820,contained_grid
30.5,79.0,Rudraprayag,76128533B46038384763988,contained_grid
30.5,79.25,Chamoli,76128533B69844709752120,contained_grid
30.5,79.5,Chamoli,76128533B69844709752120,contained_grid
30.5,79.75,Chamoli,76128533B69844709752120,contained_grid
30.5,80.0,Chamoli,76128533B69844709752120,contained_grid
30.5,80.25,Pithoragarh,76128533B38561771925520,contained_grid
30.75,74.5,Faridkot,76128533B13552746017223,contained_grid
30.75,74.75,Faridkot,76128533B13552746017223,contained_grid
30.75,75.0,Moga,76128533B18834172694083,contained_grid
30.75,75.25,Moga,76128533B18834172694083,contained_grid
30.75,75.5,Ludhiana,76128533B46195204843409,contained_grid
30.75,75.75,Ludhiana,76128533B46195204843409,contained_grid
30.75,76.0,Ludhiana,76128533B46195204843409,contained_grid
30.75,76.25,Ludhiana,76128533B46195204843409,contained_grid
30.75,76.5,Rupnagar,76128533B24759700890118,contained_grid
30.75,76.75,Chandigarh,76128533B56050914259601,contained_grid
30.75,77.0,Panchkula,76128533B58876508630362,contained_grid
30.75,77.25,Sirmaur,76128533B11802210119774,contained_grid
30.75,77.5,Sirmaur,76128533B11802210119774,contained_grid
30.75,77.75,Dehradun,76128533B67005208112053,contained_grid
30.75,78.0,Dehradun,76128533B67005208112053,contained_grid
30.75,78.25,Uttarkashi,76128533B81694682724865,contained_grid
30.75,78.5,Uttarkashi,76128533B81694682724865,contained_grid
30.75,78.75,Uttarkashi,76128533B81694682724865,contained_grid
30.75,79.0,Tehri Garhwal,76128533B61134942989820,contained_grid
30.75,79.25,Uttarkashi,76128533B81694682724865,contained_grid
30.75,79.5,Chamoli,76128533B69844709752120,contained_grid
30.75,79.75,Chamoli,76128533B69844709752120,contained_grid
30.75,80.0,Chamoli,76128533B69844709752120,contained_grid
31.0,74.75,Firozpur,76128533B421757708753,contained_grid
31.0,75.0,Firozpur,76128533B421757708753,contained_grid
31.0,75.25,Moga,76128533B18834172694083,contained_grid
31.0,75.5,Jalandhar,76128533B91211372620495,contained_grid
31.0,75.75,Ludhiana,76128533B46195204843409,contained_grid
31.0,76.0,Shahid Bhagat Singh Nagar,76128533B14984770113274,contained_grid
31.0,76.25,Ludhiana,76128533B46195204843409,contained_grid
31.0,76.5,Shahid Bhagat Singh Nagar,76128533B14984770113274,contained_grid
31.0,76.75,Solan,76128533B58569599021232,contained_grid
31.0,77.0,Solan,76128533B58569599021232,contained_grid
31.0,77.25,Shimla,76128533B77537928419507,contained_grid
31.0,77.5,Shimla,76128533B77537928419507,contained_grid
31.0,77.75,Shimla,76128533B77537928419507,contained_grid
31.0,78.0,Uttarkashi,76128533B81694682724865,contained_grid
31.0,78.25,Uttarkashi,76128533B81694682724865,contained_grid
31.0,78.5,Uttarkashi,76128533B81694682724865,contained_grid
31.0,78.75,Uttarkashi,76128533B81694682724865,contained_grid
31.0,79.0,Uttarkashi,76128533B81694682724865,contained_grid
31.0,79.25,Uttarkashi,76128533B81694682724865,contained_grid
31.0,79.5,Chamoli,76128533B69844709752120,contained_grid
31.25,74.75,Tarn Taran,76128533B54652028494758,contained_grid
31.25,75.0,Tarn Taran,76128533B54652028494758,contained_grid
31.25,75.25,Kapurthala,76128533B37199077904074,contained_grid
31.25,75.5,Jalandhar,76128533B91211372620495,contained_grid
31.25,75.75,Kapurthala,76128533B37199077904074,contained_grid
31.25,76.0,Hoshiarpur,76128533B41747884279129,contained_grid
31.25,76.25,Hoshiarpur,76128533B41747884279129,contained_grid
31.25,76.5,Rupnagar,76128533B24759700890118,contained_grid
31.25,76.75,Bilaspur,76128533B85695392289827,contained_grid
31.25,77.0,Solan,76128533B58569599021232,contained_grid
31.25,77.25,Shimla,76128533B77537928419507,contained_grid
31.25,77.5,Shimla,76128533B77537928419507,contained_grid
31.25,77.75,Shimla,76128533B77537928419507,contained_grid
31.25,78.0,Shimla,76128533B77537928419507,contained_grid
31.25,78.25,Shimla,76128533B77537928419507,contained_grid
31.25,78.5,Kinnaur,76128533B50011981829203,contained_grid
31.25,78.75,Kinnaur,76128533B50011981829203,contained_grid
31.25,79.0,Uttarkashi,76128533B81694682724865,contained_grid
31.5,74.75,Tarn Taran,76128533B54652028494758,contained_grid
31.5,75.0,Tarn Taran,76128533B54652028494758,contained_grid
31.5,75.25,Tarn Taran,76128533B54652028494758,contained_grid
31.5,75.5,Kapurthala,76128533B37199077904074,contained_grid
31.5,75.75,Hoshiarpur,76128533B41747884279129,contained_grid
31.5,76.0,Hoshiarpur,76128533B41747884279129,contained_grid
31.5,76.25,Una,76128533B75262864015847,contained_grid
31.5,76.5,Hamirpur,76128533B35956162202704,contained_grid
31.5,76.75,Bilaspur,76128533B85695392289827,contained_grid
31.5,77.0,Mandi,76128533B23735146933631,contained_grid
31.5,77.25,Mandi,76128533B23735146933631,contained_grid
31.5,77.5,Kullu,76128533B97425778881707,contained_grid
31.5,77.75,Shimla,76128533B77537928419507,contained_grid
31.5,78.0,Kinnaur,76128533B50011981829203,contained_grid
31.5,78.25,Kinnaur,76128533B50011981829203,contained_grid
31.5,78.5,Kinnaur,76128533B50011981829203,contained_grid
31.75,74.75,Amritsar,76128533B8426545955058,contained_grid
31.75,75.0,Amritsar,76128533B8426545955058,contained_grid
31.75,75.25,Gurdaspur,76128533B51331331726928,contained_grid
31.75,75.5,Gurdaspur,76128533B51331331726928,contained_grid
31.75,75.75,Hoshiarpur,76128533B41747884279129,contained_grid
31.75,76.0,Una,76128533B75262864015847,contained_grid
31.75,76.25,Kangra,76128533B13697452453823,contained_grid
31.75,76.5,Hamirpur,76128533B35956162202704,contained_grid
31.75,76.75,Mandi,76128533B23735146933631,contained_grid
31.75,77.0,Mandi,76128533B23735146933631,contained_grid
31.75,77.25,Kullu,76128533B97425778881707,contained_grid
31.75,77.5,Kullu,76128533B97425778881707,contained_grid
31.75,77.75,Kullu,76128533B97425778881707,contained_grid
31.75,78.0,Kinnaur,76128533B50011981829203,contained_grid
31.75,78.25,Kinnaur,76128533B50011981829203,contained_grid
31.75,78.5,Kinnaur,76128533B50011981829203,contained_grid
32.0,75.0,Gurdaspur,76128533B51331331726928,contained_grid
32.0,75.25,Gurdaspur,76128533B51331331726928,contained_grid
32.0,75.5,Gurdaspur,76128533B51331331726928,contained_grid
32.0,75.75,Hoshiarpur,76128533B41747884279129,contained_grid
32.0,76.0,Kangra,76128533B13697452453823,contained_grid
32.0,76.25,Kangra,76128533B13697452453823,contained_grid
32.0,76.5,Kangra,76128533B13697452453823,contained_grid
32.0,76.75,Mandi,76128533B23735146933631,contained_grid
32.0,77.0,Kullu,76128533B97425778881707,contained_grid
32.0,77.25,Kullu,76128533B97425778881707,contained_grid
32.0,77.5,Kullu,76128533B97425778881707,contained_grid
32.0,77.75,Kullu,76128533B97425778881707,contained_grid
32.0,78.0,Lahul & Spiti,76128533B75359793481950,contained_grid
32.0,78.25,Lahul & Spiti,76128533B75359793481950,contained_grid
32.0,78.5,Kinnaur,76128533B50011981829203,contained_grid
32.0,78.75,Kinnaur,76128533B50011981829203,contained_grid
32.25,75.5,Pathankot,76128533B19630094725383,contained_grid
32.25,75.75,Kangra,76128533B13697452453823,contained_grid
32.25,76.0,Kangra,76128533B13697452453823,contained_grid
32.25,76.25,Kangra,76128533B13697452453823,contained_grid
32.25,76.5,Chamba,76128533B58537895532859,contained_grid
32.25,76.75,Chamba,76128533B58537895532859,contained_grid
32.25,77.0,Kangra,76128533B13697452453823,contained_grid
32.25,77.25,Kullu,76128533B97425778881707,contained_grid
32.25,77.5,Lahul & Spiti,76128533B75359793481950,contained_grid
32.25,77.75,Lahul & Spiti,76128533B75359793481950,contained_grid
32.25,78.0,Lahul & Spiti,76128533B75359793481950,contained_grid
32.25,78.25,Lahul & Spiti,76128533B75359793481950,contained_grid
32.5,74.75,Jammu,76128533B3371867518692,contained_grid
32.5,75.0,Samba,76128533B49429513424897,contained_grid
32.5,75.25,Kathua,76128533B79652855441225,contained_grid
32.5,75.5,Kathua,76128533B79652855441225,contained_grid
32.5,75.75,Kathua,76128533B79652855441225,contained_grid
32.5,76.0,Chamba,76128533B58537895532859,contained_grid
32.5,76.25,Chamba,76128533B58537895532859,contained_grid
32.5,76.5,Chamba,76128533B58537895532859,contained_grid
32.5,76.75,Chamba,76128533B58537895532859,contained_grid
32.5,77.0,Lahul & Spiti,76128533B75359793481950,contained_grid
32.5,77.25,Lahul & Spiti,76128533B75359793481950,contained_grid
32.5,77.5,Lahul & Spiti,76128533B75359793481950,contained_grid
32.5,77.75,Lahul & Spiti,76128533B75359793481950,contained_grid
32.5,78.0,Lahul & Spiti,76128533B75359793481950,contained_grid
32.5,78.25,Lahul & Spiti,76128533B75359793481950,contained_grid
32.5,79.0,Leh(Ladakh),76128533B57183548666997,contained_grid
32.75,74.75,Jammu,76128533B3371867518692,contained_grid
32.75,75.0,Samba,76128533B49429513424897,contained_grid
32.75,75.25,Udhampur,76128533B31127900859310,contained_grid
32.75,75.5,Kathua,76128533B79652855441225,contained_grid
32.75,75.75,Kathua,76128533B79652855441225,contained_grid
32.75,76.0,Chamba,76128533B58537895532859,contained_grid
32.75,76.25,Chamba,76128533B58537895532859,contained_grid
32.75,76.5,Lahul & Spiti,76128533B75359793481950,contained_grid
32.75,76.75,Lahul & Spiti,76128533B75359793481950,contained_grid
32.75,77.0,Lahul & Spiti,76128533B75359793481950,contained_grid
32.75,77.25,Lahul & Spiti,76128533B75359793481950,contained_grid
32.75,77.5,Lahul & Spiti,76128533B75359793481950,contained_grid
32.75,77.75,Lahul & Spiti,76128533B75359793481950,contained_grid
32.75,78.0,Leh(Ladakh),76128533B57183548666997,contained_grid
32.75,78.25,Leh(Ladakh),76128533B57183548666997,contained_grid
32.75,78.5,Leh(Ladakh),76128533B57183548666997,contained_grid
32.75,78.75,Leh(Ladakh),76128533B57183548666997,contained_grid
32.75,79.0,Leh(Ladakh),76128533B57183548666997,contained_grid
32.75,79.25,Leh(Ladakh),76128533B57183548666997,contained_grid
32.75,79.5,Leh(Ladakh),76128533B57183548666997,contained_grid
33.0,74.0,DATA NOT AVAILABLE,76128533B2782141712775,contained_grid
33.0,74.25,DATA NOT AVAILABLE,76128533B2782141712775,contained_grid
33.0,74.5,Rajouri,76128533B45655211862788,contained_grid
33.0,74.75,Jammu,76128533B3371867518692,contained_grid
33.0,75.0,Udhampur,76128533B31127900859310,contained_grid
33.0,75.25,Udhampur,76128533B31127900859310,contained_grid
33.0,75.5,Doda,76128533B48708628358161,contained_grid
33.0,75.75,Doda,76128533B48708628358161,contained_grid
33.0,76.0,Doda,76128533B48708628358161,contained_grid
33.0,76.25,Chamba,76128533B58537895532859,contained_grid
33.0,76.5,Chamba,76128533B58537895532859,contained_grid
33.0,76.75,Chamba,76128533B58537895532859,contained_grid
33.0,77.0,Kargil,76128533B47664895117076,contained_grid
33.0,77.25,Kargil,76128533B47664895117076,contained_grid
33.0,77.5,Leh(Ladakh),76128533B57183548666997,contained_grid
33.0,77.75,Leh(Ladakh),76128533B57183548666997,contained_grid
33.0,78.0,Leh(Ladakh),76128533B57183548666997,contained_grid
33.0,78.25,Leh(Ladakh),76128533B57183548666997,contained_grid
33.0,78.5,Leh(Ladakh),76128533B57183548666997,contained_grid
33.0,78.75,Leh(Ladakh),76128533B57183548666997,contained_grid
33.0,79.0,Leh(Ladakh),76128533B57183548666997,contained_grid
33.0,79.25,Leh(Ladakh),76128533B57183548666997,contained_grid
33.25,73.75,DATA NOT AVAILABLE,76128533B2782141712775,contained_grid
33.25,74.0,DATA NOT AVAILABLE,76128533B2782141712775,contained_grid
33.25,74.25,Rajouri,76128533B45655211862788,contained_grid
33.25,74.5,Rajouri,76128533B45655211862788,contained_grid
33.25,74.75,Reasi,76128533B50784044604286,contained_grid
33.25,75.0,Reasi,76128533B50784044604286,contained_grid
33.25,75.25,Ramban,76128533B92985585225784,contained_grid
33.25,75.5,Doda,76128533B48708628358161,contained_grid
33.25,75.75,Kishtwar,76128533B20458430922604,contained_grid
33.25,76.0,Kishtwar,76128533B20458430922604,contained_grid
33.25,76.25,Kishtwar,76128533B20458430922604,contained_grid
33.25,76.5,Kishtwar,76128533B20458430922604,contained_grid
33.25,76.75,Kargil,76128533B47664895117076,contained_grid
33.25,77.0,Kargil,76128533B47664895117076,contained_grid
33.25,77.25,Kargil,76128533B47664895117076,contained_grid
33.25,77.5,Leh(Ladakh),76128533B57183548666997,contained_grid
33.25,77.75,Leh(Ladakh),76128533B57183548666997,contained_grid
33.25,78.0,Leh(Ladakh),76128533B57183548666997,contained_grid
33.25,78.25,Leh(Ladakh),76128533B57183548666997,contained_grid
33.25,78.5,Leh(Ladakh),76128533B57183548666997,contained_grid
33.25,78.75,Leh(Ladakh),76128533B57183548666997,contained_grid
33.25,79.0,Leh(Ladakh),76128533B57183548666997,contained_grid
33.25,79.25,Leh(Ladakh),76128533B57183548666997,contained_grid
33.5,73.75,DATA NOT AVAILABLE,76128533B2782141712775,contained_grid
33.5,74.0,DATA NOT AVAILABLE,76128533B2782141712775,contained_grid
33.5,74.25,Rajouri,76128533B45655211862788,contained_grid
33.5,74.5,Punch,76128533B32998994032811,contained_grid
33.5,74.75,Kulgam,76128533B87327155385261,contained_grid
33.5,75.0,Kulgam,76128533B87327155385261,contained_grid
33.5,75.25,Anantnag,76128533B6393836306469,contained_grid
33.5,75.5,Kishtwar,76128533B20458430922604,contained_grid
33.5,75.75,Kishtwar,76128533B20458430922604,contained_grid
33.5,76.0,Kishtwar,76128533B20458430922604,contained_grid
33.5,76.25,Kishtwar,76128533B20458430922604,contained_grid
33.5,76.5,Kargil,76128533B47664895117076,contained_grid
33.5,76.75,Kargil,76128533B47664895117076,contained_grid
33.5,77.0,Kargil,76128533B47664895117076,contained_grid
33.5,77.25,Kargil,76128533B47664895117076,contained_grid
33.5,77.5,Leh(Ladakh),76128533B57183548666997,contained_grid
33.5,77.75,Leh(Ladakh),76128533B57183548666997,contained_grid
33.5,78.0,Leh(Ladakh),76128533B57183548666997,contained_grid
33.5,78.25,Leh(Ladakh),76128533B57183548666997,contained_grid
33.5,78.5,Leh(Ladakh),76128533B57183548666997,contained_grid
33.5,78.75,Leh(Ladakh),76128533B57183548666997,contained_grid
33.75,73.75,DATA NOT AVAILABLE,76128533B2782141712775,contained_grid
33.75,74.0,DATA NOT AVAILABLE,76128533B2782141712775,contained_grid
33.75,74.25,Punch,76128533B32998994032811,contained_grid
33.75,74.5,Punch,76128533B32998994032811,contained_grid
33.75,74.75,Shupiyan,76128533B37825396764028,contained_grid
33.75,75.0,Shupiyan,76128533B37825396764028,contained_grid
33.75,75.25,Anantnag,76128533B6393836306469,contained_grid
33.75,75.5,Kishtwar,76128533B20458430922604,contained_grid
33.75,75.75,Kishtwar,76128533B20458430922604,contained_grid
33.75,76.0,Kishtwar,76128533B20458430922604,contained_grid
33.75,76.25,Kargil,76128533B47664895117076,contained_grid
33.75,76.5,Kargil,76128533B47664895117076,contained_grid
33.75,76.75,Kargil,76128533B47664895117076,contained_grid
33.75,77.0,Leh(Ladakh),76128533B57183548666997,contained_grid
33.75,77.25,Leh(Ladakh),76128533B57183548666997,contained_grid
33.75,77.5,Leh(Ladakh),76128533B57183548666997,contained_grid
33.75,77.75,Leh(Ladakh),76128533B57183548666997,contained_grid
33.75,78.0,Leh(Ladakh),76128533B57183548666997,contained_grid
33.75,78.25,Leh(Ladakh),76128533B57183548666997,contained_grid
33.75,78.5,Leh(Ladakh),76128533B57183548666997,contained_grid
33.75,78.75,Leh(Ladakh),76128533B57183548666997,contained_grid
33.75,79.0,Leh(Ladakh),76128533B57183548666997,contained_grid
34.0,73.75,DATA NOT AVAILABLE,76128533B2782141712775,contained_grid
34.0,74.0,DATA NOT AVAILABLE,76128533B2782141712775,contained_grid
34.0,74.25,DATA NOT AVAILABLE,76128533B2782141712775,contained_grid
34.0,74.5,Baramula,76128533B15567489974292,contained_grid
34.0,74.75,Srinagar,76128533B32249045995424,contained_grid
34.0,75.0,Pulwama,76128533B74958462315105,contained_grid
34.0,75.25,Anantnag,76128533B6393836306469,contained_grid
34.0,75.5,Kishtwar,76128533B20458430922604,contained_grid
34.0,75.75,Kishtwar,76128533B20458430922604,contained_grid
34.0,76.0,Kargil,76128533B47664895117076,contained_grid
34.0,76.25,Kargil,76128533B47664895117076,contained_grid
34.0,76.5,Kargil,76128533B47664895117076,contained_grid
34.0,76.75,Leh(Ladakh),76128533B57183548666997,contained_grid
34.0,77.0,Leh(Ladakh),76128533B57183548666997,contained_grid
34.0,77.25,Leh(Ladakh),76128533B57183548666997,contained_grid
34.0,77.5,Leh(Ladakh),76128533B57183548666997,contained_grid
34.0,77.75,Leh(Ladakh),76128533B57183548666997,contained_grid
34.0,78.0,Leh(Ladakh),76128533B57183548666997,contained_grid
34.0,78.25,Leh(Ladakh),76128533B57183548666997,contained_grid
34.0,78.5,Leh(Ladakh),76128533B57183548666997,contained_grid
34.0,78.75,Leh(Ladakh),76128533B57183548666997,contained_grid
34.25,73.5,DATA NOT AVAILABLE,76128533B2782141712775,contained_grid
34.25,73.75,DATA NOT AVAILABLE,76128533B2782141712775,contained_grid
34.25,74.0,DATA NOT AVAILABLE,76128533B2782141712775,contained_grid
34.25,74.25,Baramula,76128533B15567489974292,contained_grid
34.25,74.5,Baramula,76128533B15567489974292,contained_grid
34.25,74.75,Ganderbal,76128533B20504715877560,contained_grid
34.25,75.0,Ganderbal,76128533B20504715877560,contained_grid
34.25,75.25,Ganderbal,76128533B20504715877560,contained_grid
34.25,75.5,Kargil,76128533B47664895117076,contained_grid
34.25,75.75,Kargil,76128533B47664895117076,contained_grid
34.25,76.0,Kargil,76128533B47664895117076,contained_grid
34.25,76.25,Kargil,76128533B47664895117076,contained_grid
34.25,76.5,Kargil,76128533B47664895117076,contained_grid
34.25,76.75,Leh(Ladakh),76128533B57183548666997,contained_grid
34.25,77.0,Leh(Ladakh),76128533B57183548666997,contained_grid
34.25,77.25,Leh(Ladakh),76128533B57183548666997,contained_grid
34.25,77.5,Leh(Ladakh),76128533B57183548666997,contained_grid
34.25,77.75,Leh(Ladakh),76128533B57183548666997,contained_grid
34.25,78.0,Leh(Ladakh),76128533B57183548666997,contained_grid
34.25,78.25,Leh(Ladakh),76128533B57183548666997,contained_grid
34.25,78.5,Leh(Ladakh),76128533B57183548666997,contained_grid
34.25,78.75,Leh(Ladakh),76128533B57183548666997,contained_grid
34.25,79.0,Leh(Ladakh),76128533B57183548666997,contained_grid
34.25,79.25,Leh(Ladakh),76128533B57183548666997,contained_grid
34.25,79.5,Leh(Ladakh),76128533B57183548666997,contained_grid
34.5,73.5,DATA NOT AVAILABLE,76128533B2782141712775,contained_grid
34.5,73.75,DATA NOT AVAILABLE,76128533B2782141712775,contained_grid
34.5,74.0,Kupwara,76128533B68195849750399,contained_grid
34.5,74.25,Kupwara,76128533B68195849750399,contained_grid
34.5,74.5,Bandipore,76128533B41744580856133,contained_grid
34.5,74.75,Bandipore,76128533B41744580856133,contained_grid
34.5,75.0,Bandipore,76128533B41744580856133,contained_grid
34.5,75.25,Bandipore,76128533B41744580856133,contained_grid
34.5,75.5,Kargil,76128533B47664895117076,contained_grid
34.5,75.75,Kargil,76128533B47664895117076,contained_grid
34.5,76.0,Kargil,76128533B47664895117076,contained_grid
34.5,76.25,Kargil,76128533B47664895117076,contained_grid
34.5,76.5,Kargil,76128533B47664895117076,contained_grid
34.5,76.75,Leh(Ladakh),76128533B57183548666997,contained_grid
34.5,77.0,Leh(Ladakh),76128533B57183548666997,contained_grid
34.5,77.25,Leh(Ladakh),76128533B57183548666997,contained_grid
34.5,77.5,Leh(Ladakh),76128533B57183548666997,contained_grid
34.5,77.75,Leh(Ladakh),76128533B57183548666997,contained_grid
34.5,78.0,Leh(Ladakh),76128533B57183548666997,contained_grid
34.5,78.25,Leh(Ladakh),76128533B57183548666997,contained_grid
34.5,78.5,Leh(Ladakh),76128533B57183548666997,contained_grid
34.5,78.75,Leh(Ladakh),76128533B57183548666997,contained_grid
34.5,79.0,Leh(Ladakh),76128533B57183548666997,contained_grid
34.5,79.25,Leh(Ladakh),76128533B57183548666997,contained_grid
34.5,79.5,Leh(Ladakh),76128533B57183548666997,contained_grid
34.5,79.75,Leh(Ladakh),76128533B57183548666997,contained_grid
34.75,73.75,DATA NOT AVAILABLE,76128533B2782141712775,contained_grid
34.75,74.0,DATA NOT AVAILABLE,76128533B2782141712775,contained_grid
34.75,74.25,Kupwara,76128533B68195849750399,contained_grid
34.75,74.5,Kupwara,76128533B68195849750399,contained_grid
34.75,74.75,DATA NOT AVAILABLE,76128533B2782141712775,contained_grid
34.75,75.0,DATA NOT AVAILABLE,76128533B2782141712775,contained_grid
34.75,75.25,DATA NOT AVAILABLE,76128533B2782141712775,contained_grid
34.75,75.5,DATA NOT AVAILABLE,76128533B2782141712775,contained_grid
34.75,75.75,DATA NOT AVAILABLE,76128533B2782141712775,contained_grid
34.75,76.0,DATA NOT AVAILABLE,76128533B2782141712775,contained_grid
34.75,76.25,DATA NOT AVAILABLE,76128533B2782141712775,contained_grid
34.75,76.5,Leh(Ladakh),76128533B57183548666997,contained_grid
34.75,76.75,Leh(Ladakh),76128533B57183548666997,contained_grid
34.75,77.0,Leh(Ladakh),76128533B57183548666997,contained_grid
34.75,77.25,Leh(Ladakh),76128533B57183548666997,contained_grid
34.75,77.5,Leh(Ladakh),76128533B57183548666997,contained_grid
34.75,77.75,Leh(Ladakh),76128533B57183548666997,contained_grid
34.75,78.0,Leh(Ladakh),76128533B57183548666997,contained_grid
34.75,78.25,Leh(Ladakh),76128533B57183548666997,contained_grid
34.75,78.5,Leh(Ladakh),76128533B57183548666997,contained_grid
34.75,78.75,Leh(Ladakh),76128533B57183548666997,contained_grid
34.75,79.0,Leh(Ladakh),76128533B57183548666997,contained_grid
34.75,79.25,Leh(Ladakh),76128533B57183548666997,contained_grid
34.75,79.5,Leh(Ladakh),76128533B57183548666997,contained_grid
34.75,79.75,Leh(Ladakh),76128533B57183548666997,contained_grid
34.75,80.0,Leh(Ladakh),76128533B57183548666997,contained_grid
35.0,74.25,DATA NOT AVAILABLE,76128533B2782141712775,contained_grid
35.0,74.5,DATA NOT AVAILABLE,76128533B2782141712775,contained_grid
35.0,74.75,DATA NOT AVAILABLE,76128533B2782141712775,contained_grid
35.0,75.0,DATA NOT AVAILABLE,76128533B2782141712775,contained_grid
35.0,75.25,DATA NOT AVAILABLE,76128533B2782141712775,contained_grid
35.0,75.5,DATA NOT AVAILABLE,76128533B2782141712775,contained_grid
35.0,75.75,DATA NOT AVAILABLE,76128533B2782141712775,contained_grid
35.0,76.0,DATA NOT AVAILABLE,76128533B2782141712775,contained_grid
35.0,76.25,DATA NOT AVAILABLE,76128533B2782141712775,contained_grid
35.0,76.5,DATA NOT AVAILABLE,76128533B2782141712775,contained_grid
35.0,76.75,DATA NOT AVAILABLE,76128533B2782141712775,contained_grid
35.0,77.0,DATA NOT AVAILABLE,76128533B2782141712775,contained_grid
35.0,77.25,Leh(Ladakh),76128533B57183548666997,contained_grid
35.0,77.5,Leh(Ladakh),76128533B57183548666997,contained_grid
35.0,77.75,Leh(Ladakh),76128533B57183548666997,contained_grid
35.0,78.0,Leh(Ladakh),76128533B57183548666997,contained_grid
35.0,78.25,Leh(Ladakh),76128533B57183548666997,contained_grid
35.0,78.5,Leh(Ladakh),76128533B57183548666997,contained_grid
35.0,78.75,Leh(Ladakh),76128533B57183548666997,contained_grid
35.0,79.0,Leh(Ladakh),76128533B57183548666997,contained_grid
35.0,79.25,Leh(Ladakh),76128533B57183548666997,contained_grid
35.0,79.5,Leh(Ladakh),76128533B57183548666997,contained_grid
35.0,79.75,Leh(Ladakh),76128533B57183548666997,contained_grid
35.0,80.0,Leh(Ladakh),76128533B57183548666997,contained_grid
35.25,74.0,DATA NOT AVAILABLE,76128533B2782141712775,contained_grid
35.25,74.25,DATA NOT AVAILABLE,76128533B2782141712775,contained_grid
35.25,74.5,DATA NOT AVAILABLE,76128533B2782141712775,contained_grid
35.25,74.75,DATA NOT AVAILABLE,76128533B2782141712775,contained_grid
35.25,75.0,DATA NOT AVAILABLE,76128533B2782141712775,contained_grid
35.25,75.25,DATA NOT AVAILABLE,76128533B2782141712775,contained_grid
35.25,75.5,DATA NOT AVAILABLE,76128533B2782141712775,contained_grid
35.25,75.75,DATA NOT AVAILABLE,76128533B2782141712775,contained_grid
35.25,76.0,DATA NOT AVAILABLE,76128533B2782141712775,contained_grid
35.25,76.25,DATA NOT AVAILABLE,76128533B2782141712775,contained_grid
35.25,76.5,DATA NOT AVAILABLE,76128533B2782141712775,contained_grid
35.25,76.75,DATA NOT AVAILABLE,76128533B2782141712775,contained_grid
35.25,77.0,DATA NOT AVAILABLE,76128533B2782141712775,contained_grid
35.25,77.25,DATA NOT AVAILABLE,76128533B2782141712775,contained_grid
35.25,77.5,Leh(Ladakh),76128533B57183548666997,contained_grid
35.25,77.75,Leh(Ladakh),76128533B57183548666997,contained_grid
35.25,78.0,Leh(Ladakh),76128533B57183548666997,contained_grid
35.25,78.25,Leh(Ladakh),76128533B57183548666997,contained_grid
35.25,78.5,Leh(Ladakh),76128533B57183548666997,contained_grid
35.25,78.75,Leh(Ladakh),76128533B57183548666997,contained_grid
35.25,79.0,Leh(Ladakh),76128533B57183548666997,contained_grid
35.25,79.25,Leh(Ladakh),76128533B57183548666997,contained_grid
35.25,79.5,Leh(Ladakh),76128533B57183548666997,contained_grid
35.25,79.75,Leh(Ladakh),76128533B57183548666997,contained_grid
35.25,80.0,Leh(Ladakh),76128533B57183548666997,contained_grid
35.5,74.0,DATA NOT AVAILABLE,76128533B2782141712775,contained_grid
35.5,74.25,DATA NOT AVAILABLE,76128533B2782141712775,contained_grid
35.5,74.5,DATA NOT AVAILABLE,76128533B2782141712775,contained_grid
35.5,74.75,DATA NOT AVAILABLE,76128533B2782141712775,contained_grid
35.5,75.0,DATA NOT AVAILABLE,76128533B2782141712775,contained_grid
35.5,75.25,DATA NOT AVAILABLE,76128533B2782141712775,contained_grid
35.5,75.5,DATA NOT AVAILABLE,76128533B2782141712775,contained_grid
35.5,75.75,DATA NOT AVAILABLE,76128533B2782141712775,contained_grid
35.5,76.0,DATA NOT AVAILABLE,76128533B2782141712775,contained_grid
35.5,76.25,DATA NOT AVAILABLE,76128533B2782141712775,contained_grid
35.5,76.5,DATA NOT AVAILABLE,76128533B2782141712775,contained_grid
35.5,76.75,DATA NOT AVAILABLE,76128533B2782141712775,contained_grid
35.5,77.0,DATA NOT AVAILABLE,76128533B2782141712775,contained_grid
35.5,77.25,DATA NOT AVAILABLE,76128533B2782141712775,contained_grid
35.5,77.75,DATA NOT AVAILABLE,76128533B2782141712775,contained_grid
35.5,78.0,Leh(Ladakh),76128533B57183548666997,contained_grid
35.5,78.25,Leh(Ladakh),76128533B57183548666997,contained_grid
35.5,78.5,Leh(Ladakh),76128533B57183548666997,contained_grid
35.5,78.75,Leh(Ladakh),76128533B57183548666997,contained_grid
35.5,79.0,Leh(Ladakh),76128533B57183548666997,contained_grid
35.5,79.25,Leh(Ladakh),76128533B57183548666997,contained_grid
35.5,79.5,Leh(Ladakh),76128533B57183548666997,contained_grid
35.5,79.75,Leh(Ladakh),76128533B57183548666997,contained_grid
35.5,80.0,Leh(Ladakh),76128533B57183548666997,contained_grid
35.5,80.25,Leh(Ladakh),76128533B57183548666997,contained_grid
35.75,73.25,DATA NOT AVAILABLE,76128533B2782141712775,contained_grid
35.75,73.5,DATA NOT AVAILABLE,76128533B2782141712775,contained_grid
35.75,73.75,DATA NOT AVAILABLE,76128533B2782141712775,contained_grid
35.75,74.0,DATA NOT AVAILABLE,76128533B2782141712775,contained_grid
35.75,74.25,DATA NOT AVAILABLE,76128533B2782141712775,contained_grid
35.75,74.5,DATA NOT AVAILABLE,76128533B2782141712775,contained_grid
35.75,74.75,DATA NOT AVAILABLE,76128533B2782141712775,contained_grid
35.75,75.0,DATA NOT AVAILABLE,76128533B2782141712775,contained_grid
35.75,75.25,DATA NOT AVAILABLE,76128533B2782141712775,contained_grid
35.75,75.5,DATA NOT AVAILABLE,76128533B2782141712775,contained_grid
35.75,75.75,DATA NOT AVAILABLE,76128533B2782141712775,contained_grid
35.75,76.0,DATA NOT AVAILABLE,76128533B2782141712775,contained_grid
35.75,76.25,DATA NOT AVAILABLE,76128533B2782141712775,contained_grid
35.75,76.5,DATA NOT AVAILABLE,76128533B2782141712775,contained_grid
35.75,76.75,DATA NOT AVAILABLE,76128533B2782141712775,contained_grid
35.75,77.0,DATA NOT AVAILABLE,76128533B2782141712775,contained_grid
35.75,78.5,Leh(Ladakh),76128533B57183548666997,contained_grid
35.75,78.75,Leh(Ladakh),76128533B57183548666997,contained_grid
35.75,79.0,Leh(Ladakh),76128533B57183548666997,contained_grid
35.75,79.25,Leh(Ladakh),76128533B57183548666997,contained_grid
35.75,79.5,Leh(Ladakh),76128533B57183548666997,contained_grid
35.75,79.75,Leh(Ladakh),76128533B57183548666997,contained_grid
35.75,80.0,Leh(Ladakh),76128533B57183548666997,contained_grid
36.0,72.75,DATA NOT AVAILABLE,76128533B2782141712775,contained_grid
36.0,73.0,DATA NOT AVAILABLE,76128533B2782141712775,contained_grid
36.0,73.25,DATA NOT AVAILABLE,76128533B2782141712775,contained_grid
36.0,73.5,DATA NOT AVAILABLE,76128533B2782141712775,contained_grid
36.0,73.75,DATA NOT AVAILABLE,76128533B2782141712775,contained_grid
36.0,74.0,DATA NOT AVAILABLE,76128533B2782141712775,contained_grid
36.0,74.25,DATA NOT AVAILABLE,76128533B2782141712775,contained_grid
36.0,74.5,DATA NOT AVAILABLE,76128533B2782141712775,contained_grid
36.0,74.75,DATA NOT AVAILABLE,76128533B2782141712775,contained_grid
36.0,75.0,DATA NOT AVAILABLE,76128533B2782141712775,contained_grid
36.0,75.25,DATA NOT AVAILABLE,76128533B2782141712775,contained_grid
36.0,75.5,DATA NOT AVAILABLE,76128533B2782141712775,contained_grid
36.0,75.75,DATA NOT AVAILABLE,76128533B2782141712775,contained_grid
36.0,76.0,DATA NOT AVAILABLE,76128533B2782141712775,contained_grid
36.0,76.25,DATA NOT AVAILABLE,76128533B2782141712775,contained_grid
36.0,76.5,DATA NOT AVAILABLE,76128533B2782141712775,contained_grid
36.0,76.75,DATA NOT AVAILABLE,76128533B2782141712775,contained_grid
36.25,72.75,DATA NOT AVAILABLE,76128533B2782141712775,contained_grid
36.25,73.0,DATA NOT AVAILABLE,76128533B2782141712775,contained_grid
36.25,73.25,DATA NOT AVAILABLE,76128533B2782141712775,contained_grid
36.25,73.5,DATA NOT AVAILABLE,76128533B2782141712775,contained_grid
36.25,73.75,DATA NOT AVAILABLE,76128533B2782141712775,contained_grid
36.25,74.0,DATA NOT AVAILABLE,76128533B2782141712775,contained_grid
36.25,74.25,DATA NOT AVAILABLE,76128533B2782141712775,contained_grid
36.25,74.5,DATA NOT AVAILABLE,76128533B2782141712775,contained_grid
36.25,74.75,DATA NOT AVAILABLE,76128533B2782141712775,contained_grid
36.25,75.0,DATA NOT AVAILABLE,76128533B2782141712775,contained_grid
36.25,75.25,DATA NOT AVAILABLE,76128533B2782141712775,contained_grid
36.25,75.5,DATA NOT AVAILABLE,76128533B2782141712775,contained_grid
36.25,75.75,DATA NOT AVAILABLE,76128533B2782141712775,contained_grid
36.25,76.0,DATA NOT AVAILABLE,76128533B2782141712775,contained_grid
36.25,76.25,DATA NOT AVAILABLE,76128533B2782141712775,contained_grid
36.5,73.0,DATA NOT AVAILABLE,76128533B2782141712775,contained_grid
36.5,73.25,DATA NOT AVAILABLE,76128533B2782141712775,contained_grid
36.5,73.5,DATA NOT AVAILABLE,76128533B2782141712775,contained_grid
36.5,73.75,DATA NOT AVAILABLE,76128533B2782141712775,contained_grid
36.5,74.0,DATA NOT AVAILABLE,76128533B2782141712775,contained_grid
36.5,74.25,DATA NOT AVAILABLE,76128533B2782141712775,contained_grid
36.5,74.5,DATA NOT AVAILABLE,76128533B2782141712775,contained_grid
36.5,74.75,DATA NOT AVAILABLE,76128533B2782141712775,contained_grid
36.5,75.0,DATA NOT AVAILABLE,76128533B2782141712775,contained_grid
36.5,75.25,DATA NOT AVAILABLE,76128533B2782141712775,contained_grid
36.5,75.5,DATA NOT AVAILABLE,76128533B2782141712775,contained_grid
36.5,75.75,DATA NOT AVAILABLE,76128533B2782141712775,contained_grid
36.75,73.25,DATA NOT AVAILABLE,76128533B2782141712775,contained_grid
36.75,73.5,DATA NOT AVAILABLE,76128533B2782141712775,contained_grid
36.75,73.75,DATA NOT AVAILABLE,76128533B2782141712775,contained_grid
36.75,74.0,DATA NOT AVAILABLE,76128533B2782141712775,contained_grid
36.75,74.25,DATA NOT AVAILABLE,76128533B2782141712775,contained_grid
36.75,74.5,DATA NOT AVAILABLE,76128533B2782141712775,contained_grid
36.75,74.75,DATA NOT AVAILABLE,76128533B2782141712775,contained_grid
36.75,75.0,DATA NOT AVAILABLE,76128533B2782141712775,contained_grid
36.75,75.25,DATA NOT AVAILABLE,76128533B2782141712775,contained_grid
36.75,75.5,DATA NOT AVAILABLE,76128533B2782141712775,contained_grid
37.0,74.75,DATA NOT AVAILABLE,76128533B2782141712775,contained_grid
37.0,75.25,DATA NOT AVAILABLE,76128533B2782141712775,contained_grid
33.75,74.75,Badgam,76128533B88214376170788,nearest_grid
20.5,72.75,Daman,76128533B15180319517641,nearest_grid
20.75,71.0,Diu,76128533B56857410767766,nearest_grid
26.0,92.0,Kamrup Metropolitan,76128533B38230828972906,nearest_grid
16.75,82.25,Yanam,76128533B83105693975079,nearest_grid
11.0,79.75,Karaikal,76128533B62624361588317,nearest_grid
11.75,75.5,Mahe,76128533B41246169049488,nearest_grid
24.75,94.0,Thoubal,76128533B44197302080139,nearest_grid
24.75,94.0,Imphal East,76128533B30779259886340,nearest_grid
24.75,93.75,Imphal West,76128533B99807650893733,nearest_grid
11.25,72.0,Lakshadweep,76128533B41477629049356,nearest_grid
27.25,88.5,South District,76128533B10270619600482,nearest_grid
22.5,88.25,Kolkata,76128533B72507508533064,nearest_grid
30.75,76.5,Fatehgarh Sahib,76128533B99919205026025,nearest_grid
30.75,76.75,Sahibzada Ajit Singh Nagar,76128533B12197302963241,nearest_grid
19.0,72.75,Mumbai,76128533B16442413169750,nearest_grid
19.25,73.0,Mumbai Suburban,76128533B67326016655833,nearest_grid
17.5,78.5,Medchal,76128533B71056110198347,nearest_grid
25.75,90.0,South Salmara-Mankachar,76128533B20298037622173,nearest_grid
24.75,93.0,Jiribam,76128533B64881202564500,nearest_grid
28.5,77.25,New Delhi,76128533B58262202014972,nearest_grid
28.75,77.25,East,76128533B72485933575946,nearest_grid
28.5,77.0,South West,76128533B53136419849111,nearest_grid
28.75,77.0,West,76128533B68379889579232,nearest_grid
28.75,77.0,North ,76128533B45574198291616,nearest_grid
28.5,77.25,South East,76128533B1420136949169,nearest_grid
28.75,77.25,Central,76128533B19832024635761,nearest_grid
28.75,77.25,Shahdara,76128533B81419063387740,nearest_grid
