shapeID,shapeName,mapping_method,geographic_grid_cells,elevation_mean_m,elevation_max_m,terrain_relief_mean_m,terrain_relief_max_m,slope_mean_degrees,slope_max_degrees,distance_to_coast_min_km,distance_to_coast_mean_km,coastal_fraction_25km,coastal_fraction_50km,coastal_fraction_75km,coastal_fraction_100km,coastal_fraction_150km,orographic_cell_fraction,coastal_orographic_fraction,dominant_geographic_regime_code,coastal_district_75km,orographic_district,dominant_geographic_regime
76128533B10270619600482,South District,nearest_grid,1,1310.07,3123.0,1812.93,1812.93,1.6575863,1.6575863,446.2396,446.2396,0.0,0.0,0.0,0.0,0.0,1.0,0.0,2,False,True,Interior orographic
76128533B10727492375508,Fatehabad,contained_grid,4,217.16833,228.0,6.581665,7.3155518,0.015503442,0.015959417,830.49304,847.4886,0.0,0.0,0.0,0.0,0.0,0.0,0.0,0,False,False,Interior plain
76128533B1083016608278,Gulbarga,contained_grid,15,468.50488,665.0,96.22845,163.9989,0.10418581,0.20681582,305.99554,349.3448,0.0,0.0,0.0,0.0,0.0,0.0,0.0,0,False,False,Interior plain
76128533B11082155919544,Rajsamand,contained_grid,7,593.13763,1141.0,245.71951,442.37555,0.23316458,0.37287942,282.4433,325.50018,0.0,0.0,0.0,0.0,0.0,0.0,0.0,0,False,False,Interior plain
76128533B11083100419963,Mahoba,contained_grid,4,181.08028,281.0,51.41972,71.178894,0.08791621,0.099558026,736.6551,764.9773,0.0,0.0,0.0,0.0,0.0,0.0,0.0,0,False,False,Interior plain
76128533B11403491783632,Tirupathur,contained_grid,3,514.4937,1188.0,520.83966,612.9722,0.2085455,0.2771821,131.91225,143.80316,0.0,0.0,0.0,0.0,0.6666666666666666,0.6666666666666666,0.0,2,False,True,Interior orographic
76128533B11421856387892,Tamenglong,contained_grid,4,911.19025,2466.0,1115.3098,1232.6711,0.65865564,1.0787985,267.8879,309.12213,0.0,0.0,0.0,0.0,0.0,1.0,0.0,2,False,True,Interior orographic
76128533B11651252780045,Dibang Valley,contained_grid,13,2920.7668,5126.0,1379.3103,1980.6855,1.4613525,2.433194,719.0794,769.9844,0.0,0.0,0.0,0.0,0.0,1.0,0.0,2,False,True,Interior orographic
76128533B11802210119774,Sirmaur,contained_grid,5,1012.596,3457.0,1130.804,1600.3422,1.5030591,1.8253928,996.6502,1015.2751,0.0,0.0,0.0,0.0,0.0,1.0,0.0,2,False,True,Interior orographic
76128533B12079567451207,Dungarpur,contained_grid,5,229.2631,452.0,97.73689,147.23221,0.14586377,0.2370711,157.95128,175.603,0.0,0.0,0.0,0.0,0.0,0.0,0.0,0,False,False,Interior plain
76128533B12129983841645,Kra Daadi,contained_grid,4,1912.5209,4651.0,1530.9791,2076.6255,1.2332478,2.1425257,548.8624,574.3417,0.0,0.0,0.0,0.0,0.0,1.0,0.0,2,False,True,Interior orographic
76128533B12144400448811,Kondagaon,contained_grid,8,612.9146,830.0,136.58542,246.27441,0.09146412,0.1987363,243.56305,268.76562,0.0,0.0,0.0,0.0,0.0,0.0,0.0,0,False,False,Interior plain
76128533B12197302963241,Sahibzada Ajit Singh Nagar,nearest_grid,1,349.7,549.0,199.29999,199.29999,0.623141,0.623141,1001.8889,1001.8889,0.0,0.0,0.0,0.0,0.0,0.0,0.0,0,False,False,Interior plain
76128533B1222571856670,Hazaribagh,contained_grid,6,470.08835,734.0,186.745,247.12112,0.16587783,0.26963404,277.15985,300.96863,0.0,0.0,0.0,0.0,0.0,0.0,0.0,0,False,False,Interior plain
76128533B12244045944458,Rohtak,contained_grid,4,220.85416,231.0,8.645836,12.531113,0.008579353,0.012329826,792.08563,810.6072,0.0,0.0,0.0,0.0,0.0,0.0,0.0,0,False,False,Interior plain
76128533B12244320360965,Buxar,contained_grid,2,68.00166,83.0,11.498333,13.633331,0.022528823,0.026999433,497.1394,506.52444,0.0,0.0,0.0,0.0,0.0,0.0,0.0,0,False,False,Interior plain
76128533B12294379827032,Garhwa,contained_grid,6,315.33148,704.0,235.00185,374.9,0.20145436,0.3812904,415.7073,454.83252,0.0,0.0,0.0,0.0,0.0,0.0,0.0,0,False,False,Interior plain
76128533B12343314564708,Morena,contained_grid,7,189.00429,371.0,91.42428,151.50111,0.077289306,0.16653404,613.7281,673.59454,0.0,0.0,0.0,0.0,0.0,0.0,0.0,0,False,False,Interior plain
76128533B12380735325851,Akola,contained_grid,6,311.27908,465.0,69.55426,114.73221,0.16554949,0.29787433,403.64188,428.15976,0.0,0.0,0.0,0.0,0.0,0.0,0.0,0,False,False,Interior plain
76128533B12519626815499,Tapi,contained_grid,6,120.95278,627.0,213.21388,481.43665,0.19858527,0.33744586,37.081326,76.50683,0.0,0.16666666666666666,0.5,0.8333333333333334,1.0,0.0,0.0,0,True,False,Interior plain
76128533B12694285477701,Darbhanga,contained_grid,4,51.438335,62.0,6.5616655,8.078888,0.011815731,0.014308679,424.10483,446.9616,0.0,0.0,0.0,0.0,0.0,0.0,0.0,0,False,False,Interior plain
76128533B13272482176343,Bulandshahr,contained_grid,5,199.26022,212.0,6.7397795,8.581116,0.018837217,0.021943046,810.71106,831.50244,0.0,0.0,0.0,0.0,0.0,0.0,0.0,0,False,False,Interior plain
76128533B13437137070957,Nagaon,contained_grid,5,99.05577,765.0,291.54425,630.7833,0.20339265,0.36452994,344.0573,368.87936,0.0,0.0,0.0,0.0,0.0,0.4,0.0,0,False,True,Interior plain
76128533B13552746017223,Faridkot,contained_grid,3,198.24481,210.0,7.4218545,9.987778,0.020536691,0.025868677,910.51306,923.2075,0.0,0.0,0.0,0.0,0.0,0.0,0.0,0,False,False,Interior plain
76128533B13673614951516,Chandauli,contained_grid,4,155.89528,435.0,83.10472,197.71777,0.12840168,0.24213487,525.1002,550.9912,0.0,0.0,0.0,0.0,0.0,0.0,0.0,0,False,False,Interior plain
76128533B13697452453823,Kangra,contained_grid,8,1195.0813,5539.0,986.16876,2757.2368,1.4714985,3.110446,1088.8773,1125.3264,0.0,0.0,0.0,0.0,0.0,0.625,0.0,2,False,True,Interior orographic
76128533B13733639953372,Phek,contained_grid,4,1464.3975,2884.0,1114.1025,1307.16,0.50876427,0.7614971,395.73987,427.71344,0.0,0.0,0.0,0.0,0.0,1.0,0.0,2,False,True,Interior orographic
76128533B13791982054894,Bathinda,contained_grid,7,209.5319,227.0,6.0395246,7.0588837,0.019567506,0.024512988,862.3034,889.01324,0.0,0.0,0.0,0.0,0.0,0.0,0.0,0,False,False,Interior plain
76128533B13908294104682,Amethi,contained_grid,4,108.08889,117.0,6.41111,7.7211075,0.011649504,0.013201947,744.015,761.6762,0.0,0.0,0.0,0.0,0.0,0.0,0.0,0,False,False,Interior plain
76128533B14033116794334,Siwan,contained_grid,3,64.87815,74.0,6.1218514,6.834442,0.011605288,0.012832877,535.11487,543.0964,0.0,0.0,0.0,0.0,0.0,0.0,0.0,0,False,False,Interior plain
76128533B1420136949169,South East,nearest_grid,1,231.76334,308.0,76.236664,76.236664,0.026391849,0.026391849,805.08435,805.08435,0.0,0.0,0.0,0.0,0.0,0.0,0.0,0,False,False,Interior plain
76128533B14243635342908,Bhandara,contained_grid,6,278.6372,445.0,106.19613,143.39557,0.091952644,0.17635319,479.4402,516.6984,0.0,0.0,0.0,0.0,0.0,0.0,0.0,0,False,False,Interior plain
76128533B14292125820380,Dakshin Bastar Dantewada,contained_grid,4,480.9864,1162.0,396.5136,588.7244,0.2500942,0.4271012,183.47743,206.65671,0.0,0.0,0.0,0.0,0.0,0.25,0.0,0,False,True,Interior plain
76128533B14403163214152,Bishnupur,contained_grid,1,916.70447,1936.0,1019.29553,1019.29553,0.03565949,0.03565949,286.10574,286.10574,0.0,0.0,0.0,0.0,0.0,1.0,0.0,2,False,True,Interior orographic
76128533B14534161138054,Bijnor,contained_grid,5,241.5109,686.0,99.28911,419.86444,0.11792989,0.41716802,927.85095,944.28015,0.0,0.0,0.0,0.0,0.0,0.0,0.0,0,False,False,Interior plain
76128533B14598081584747,Balrampur,contained_grid,13,615.867,1178.0,280.67145,490.71667,0.2804131,0.520462,362.84296,428.4426,0.0,0.0,0.0,0.0,0.0,0.0,0.0,0,False,False,Interior plain
76128533B14849085202492,Jaisalmer,contained_grid,55,166.49588,333.0,39.7223,80.6311,0.07434543,0.14875919,295.5202,405.54636,0.0,0.0,0.0,0.0,0.0,0.0,0.0,0,False,False,Interior plain
76128533B14968875277413,Narayanpet,contained_grid,3,457.72742,644.0,107.93926,172.42444,0.13306744,0.2081328,302.87372,307.42297,0.0,0.0,0.0,0.0,0.0,0.0,0.0,0,False,False,Interior plain
76128533B14984770113274,Shahid Bhagat Singh Nagar,contained_grid,2,272.09723,447.0,81.40278,151.28223,0.18171547,0.336051,1002.61615,1010.6111,0.0,0.0,0.0,0.0,0.0,0.0,0.0,0,False,False,Interior plain
76128533B15157901669242,Majuli,contained_grid,1,85.541115,91.0,5.458885,5.458885,0.010440593,0.010440593,515.5196,515.5196,0.0,0.0,0.0,0.0,0.0,0.0,0.0,0,False,False,Interior plain
76128533B15180319517641,Daman,nearest_grid,1,0.84555554,40.0,39.154446,39.154446,0.035826404,0.035826404,10.290179,10.290179,1.0,1.0,1.0,1.0,1.0,0.0,0.0,1,True,False,Coastal plain
76128533B15337568968545,Erode,contained_grid,8,576.17737,2028.0,660.07263,1240.6755,0.53868604,1.2166356,135.26701,171.6249,0.0,0.0,0.0,0.0,0.25,0.625,0.0,2,False,True,Interior orographic
76128533B15342706434354,Etah,contained_grid,5,165.54733,180.0,6.452667,6.736664,0.014689687,0.016496314,780.0501,815.1589,0.0,0.0,0.0,0.0,0.0,0.0,0.0,0,False,False,Interior plain
76128533B15550697205080,Chikmagalur,contained_grid,9,850.50415,1810.0,501.82916,934.7389,0.41573015,0.9856903,52.86702,94.97828,0.0,0.0,0.3333333333333333,0.5555555555555556,1.0,0.6666666666666666,0.2222222222222222,2,True,True,Interior orographic
76128533B15567489974292,Baramula,contained_grid,3,2048.932,4400.0,1293.0682,1912.9556,1.3948817,2.3094988,1207.4778,1216.5542,0.0,0.0,0.0,0.0,0.0,1.0,0.0,2,False,True,Interior orographic
76128533B15601995412161,Simdega,contained_grid,8,442.50082,829.0,194.74918,253.11224,0.28873894,0.37373295,233.31393,273.09293,0.0,0.0,0.0,0.0,0.0,0.0,0.0,0,False,False,Interior plain
76128533B1566053393466,Tikamgarh,contained_grid,7,293.56476,392.0,67.863815,90.67557,0.105969705,0.12835066,657.5519,678.9219,0.0,0.0,0.0,0.0,0.0,0.0,0.0,0,False,False,Interior plain
76128533B15835290978888,Jalaun,contained_grid,6,141.01129,169.0,11.65537,13.21666,0.024946637,0.03287966,732.6699,769.0926,0.0,0.0,0.0,0.0,0.0,0.0,0.0,0,False,False,Interior plain
76128533B15993411864574,Durg,contained_grid,4,294.185,340.0,35.065002,47.581116,0.04480531,0.077881455,389.6938,415.51413,0.0,0.0,0.0,0.0,0.0,0.0,0.0,0,False,False,Interior plain
76128533B1621599562140,Koriya,contained_grid,12,576.6698,985.0,195.24684,261.6911,0.22279714,0.4082351,450.85596,501.62305,0.0,0.0,0.0,0.0,0.0,0.0,0.0,0,False,False,Interior plain
76128533B16271917438029,The Dangs,contained_grid,3,354.26553,1007.0,350.06778,521.1289,0.6008346,0.70767057,56.7657,75.13967,0.0,0.0,0.3333333333333333,1.0,1.0,0.3333333333333333,0.0,0,True,True,Interior plain
76128533B1629699732681,Ramanathapuram,contained_grid,6,21.081297,92.0,26.585371,59.195557,0.055422485,0.08529246,3.6654236,17.919298,0.6666666666666666,1.0,1.0,1.0,1.0,0.0,0.0,1,True,False,Coastal plain
76128533B16442413169750,Mumbai,nearest_grid,1,1.5477778,36.0,34.45222,34.45222,0.02469831,0.02469831,4.8028655,4.8028655,1.0,1.0,1.0,1.0,1.0,0.0,0.0,1,True,False,Coastal plain
76128533B1645877589145,Tiruchirappalli,contained_grid,6,192.58482,1272.0,342.08182,871.05,0.20126724,0.29997388,80.81566,114.44761,0.0,0.0,0.0,0.16666666666666666,1.0,0.5,0.0,0,False,True,Interior plain
76128533B16476001647323,Panch Mahals,contained_grid,4,126.89111,600.0,178.35889,497.49,0.15193212,0.17400199,64.12483,89.49147,0.0,0.0,0.25,0.75,1.0,0.0,0.0,0,True,False,Interior plain
76128533B16628456658675,Chamarajanagar,contained_grid,7,772.42395,1655.0,457.57602,776.82776,0.41158554,0.7325799,93.41011,153.19255,0.0,0.0,0.0,0.14285714285714285,0.42857142857142855,0.42857142857142855,0.0,0,False,True,Interior plain
76128533B16674973717653,Katni,contained_grid,8,424.09015,650.0,165.53487,247.22,0.08996661,0.18438132,631.6518,655.5389,0.0,0.0,0.0,0.0,0.0,0.0,0.0,0,False,False,Interior plain
76128533B16749627383755,Hailakandi,contained_grid,2,108.817215,534.0,371.18277,401.33777,0.29285342,0.3015376,178.49757,196.86954,0.0,0.0,0.0,0.0,0.0,0.0,0.0,0,False,False,Interior plain
76128533B16781044866906,Jamui,contained_grid,4,191.67612,444.0,214.32388,291.09113,0.1592992,0.21780257,267.05035,296.92636,0.0,0.0,0.0,0.0,0.0,0.0,0.0,0,False,False,Interior plain
76128533B16811573188243,Puruliya,contained_grid,9,224.00075,814.0,218.77704,545.7978,0.107665904,0.14205942,146.80962,172.2089,0.0,0.0,0.0,0.0,0.2222222222222222,0.1111111111111111,0.0,0,False,False,Interior plain
76128533B16889790752134,Ariyalur,contained_grid,3,60.434444,126.0,46.232224,59.08889,0.06999573,0.078545,46.931957,61.69102,0.0,0.3333333333333333,0.6666666666666666,1.0,1.0,0.0,0.0,1,True,False,Coastal plain
76128533B17109302371020,Darjiling,contained_grid,3,592.72076,2494.0,834.6126,1335.79,1.1122764,1.7023867,386.59235,410.26685,0.0,0.0,0.0,0.0,0.0,0.6666666666666666,0.0,2,False,True,Interior orographic
76128533B1711704044407,North Goa,contained_grid,2,217.81111,961.0,592.1889,596.0578,0.6026032,0.77598727,11.812976,22.442215,0.5,1.0,1.0,1.0,1.0,1.0,1.0,3,True,True,Coastal orographic
76128533B17261532861377,Jamtara,contained_grid,3,164.53111,374.0,127.80222,241.23,0.11426827,0.12219022,184.16495,195.50163,0.0,0.0,0.0,0.0,0.0,0.0,0.0,0,False,False,Interior plain
76128533B17292264941997,Mungeli,contained_grid,4,473.86334,1054.0,284.38666,507.33777,0.37692043,0.5821764,433.0981,458.39322,0.0,0.0,0.0,0.0,0.0,0.25,0.0,0,False,True,Interior plain
76128533B17472905712757,Papum Pare,contained_grid,5,1258.8373,3363.0,1328.3627,1447.0511,1.7124412,2.0120976,467.8099,490.1408,0.0,0.0,0.0,0.0,0.0,1.0,0.0,2,False,True,Interior orographic
76128533B17762399278073,Pashchim Champaran,contained_grid,8,98.918335,650.0,135.83167,512.6,0.10456947,0.2724502,582.08435,614.4976,0.0,0.0,0.0,0.0,0.0,0.125,0.0,0,False,False,Interior plain
76128533B17968019348564,Morigaon,contained_grid,2,70.27389,489.0,269.72614,407.80334,0.38167804,0.39257845,319.80838,325.51404,0.0,0.0,0.0,0.0,0.0,0.0,0.0,0,False,False,Interior plain
76128533B18243475101734,Mirzapur,contained_grid,4,183.61278,346.0,113.13722,147.18333,0.19295475,0.23649614,561.9011,580.8183,0.0,0.0,0.0,0.0,0.0,0.0,0.0,0,False,False,Interior plain
76128533B18648944871057,Basti,contained_grid,4,90.19889,107.0,7.551111,11.42778,0.011589168,0.013440264,698.6816,717.3278,0.0,0.0,0.0,0.0,0.0,0.0,0.0,0,False,False,Interior plain
76128533B18668117085772,Tawang,contained_grid,5,3766.1023,6106.0,1376.2977,1843.4478,1.8104496,2.3352113,440.29498,461.75006,0.0,0.0,0.0,0.0,0.0,1.0,0.0,2,False,True,Interior orographic
76128533B1875965515331,Namsai,contained_grid,2,289.36,1919.0,929.64,1540.3033,1.1954153,2.0451183,693.55994,701.699,0.0,0.0,0.0,0.0,0.0,0.5,0.0,0,False,True,Interior plain
76128533B18802630191461,Dumka,contained_grid,5,172.88089,540.0,194.31912,371.06,0.11880275,0.17022806,203.31071,224.65315,0.0,0.0,0.0,0.0,0.0,0.0,0.0,0,False,False,Interior plain
76128533B18834172694083,Moga,contained_grid,4,216.56,230.0,7.9399986,9.641113,0.024617927,0.02846949,922.0649,951.5235,0.0,0.0,0.0,0.0,0.0,0.0,0.0,0,False,False,Interior plain
76128533B18931932305748,Purbi Singhbhum,contained_grid,5,155.82932,649.0,233.77068,377.15112,0.13927214,0.19739792,88.77664,125.43978,0.0,0.0,0.0,0.2,0.8,0.0,0.0,0,False,False,Interior plain
76128533B19335918192159,Karur,contained_grid,3,149.70369,525.0,220.29631,339.28333,0.14950432,0.23315963,102.46698,130.71889,0.0,0.0,0.0,0.0,0.6666666666666666,0.0,0.0,0,False,False,Interior plain
76128533B19341883513630,Ratlam,contained_grid,8,458.7379,582.0,73.387085,135.88779,0.10035896,0.25729126,213.90187,255.52855,0.0,0.0,0.0,0.0,0.0,0.0,0.0,0,False,False,Interior plain
76128533B19545859035458,Kallakurichi,contained_grid,5,253.06934,1176.0,302.33066,680.63,0.35850447,0.51506156,57.05167,91.42275,0.0,0.0,0.2,0.6,1.0,0.4,0.0,0,True,True,Interior plain
76128533B19581555782120,Palakkad,contained_grid,6,264.75778,1853.0,777.9089,1417.1945,0.5405675,1.6096063,31.766699,56.090084,0.0,0.3333333333333333,0.8333333333333334,1.0,1.0,0.6666666666666666,0.5,3,True,True,Coastal orographic
76128533B19630094725383,Pathankot,contained_grid,1,284.13443,370.0,85.86557,85.86557,0.38563624,0.38563624,1115.1436,1115.1436,0.0,0.0,0.0,0.0,0.0,0.0,0.0,0,False,False,Interior plain
76128533B19792346411952,West Godavari,contained_grid,11,65.05515,614.0,122.853935,404.96002,0.1025412,0.30446944,14.472186,55.372746,0.18181818181818182,0.45454545454545453,0.7272727272727273,1.0,1.0,0.0,0.0,1,True,False,Coastal plain
76128533B19832024635761,Central,nearest_grid,1,212.87666,250.0,37.123337,37.123337,0.009841178,0.009841178,828.20355,828.20355,0.0,0.0,0.0,0.0,0.0,0.0,0.0,0,False,False,Interior plain
76128533B19898496046456,Kamle,contained_grid,3,1224.3256,2819.0,1288.6744,1443.7811,1.0652704,1.6820195,541.0703,560.5872,0.0,0.0,0.0,0.0,0.0,1.0,0.0,2,False,True,Interior orographic
76128533B19903856317609,Saran,contained_grid,5,56.684887,65.0,5.515111,6.994446,0.0073421905,0.010300351,465.38528,490.84366,0.0,0.0,0.0,0.0,0.0,0.0,0.0,0,False,False,Interior plain
76128533B1996088953603,Sultanpur,contained_grid,4,93.16778,109.0,7.082222,9.773331,0.011345964,0.015139859,667.28253,694.29865,0.0,0.0,0.0,0.0,0.0,0.0,0.0,0,False,False,Interior plain
76128533B20298037622173,South Salmara-Mankachar,nearest_grid,1,67.096664,312.0,244.90334,244.90334,0.28265134,0.28265134,241.38507,241.38507,0.0,0.0,0.0,0.0,0.0,0.0,0.0,0,False,False,Interior plain
76128533B20307518801538,Udalguri,contained_grid,3,135.34074,873.0,378.65927,709.63776,1.4365362,1.7229172,361.49313,370.40482,0.0,0.0,0.0,0.0,0.0,1.0,0.0,2,False,True,Interior orographic
76128533B20458430922604,Kishtwar,contained_grid,13,3638.1682,6013.0,1434.4473,1889.5222,1.8518435,2.4566345,1225.1582,1256.8384,0.0,0.0,0.0,0.0,0.0,1.0,0.0,2,False,True,Interior orographic
76128533B20474666262371,Osmanabad,contained_grid,11,612.3396,789.0,73.20586,168.60553,0.12835263,0.26033908,251.26447,308.05734,0.0,0.0,0.0,0.0,0.0,0.0,0.0,0,False,False,Interior plain
76128533B20502827346807,Dindori,contained_grid,5,754.7064,999.0,199.89355,256.63776,0.19314083,0.3685542,505.95676,541.8023,0.0,0.0,0.0,0.0,0.0,0.0,0.0,0,False,False,Interior plain
76128533B20504715877560,Ganderbal,contained_grid,3,2909.0107,4978.0,1610.3226,2176.9412,2.2253811,2.7113051,1243.7992,1259.3903,0.0,0.0,0.0,0.0,0.0,1.0,0.0,2,False,True,Interior orographic
76128533B20647769792365,Pratapgarh,contained_grid,6,98.62444,112.0,6.375557,8.683334,0.010631016,0.014358581,687.7329,708.5083,0.0,0.0,0.0,0.0,0.0,0.0,0.0,0,False,False,Interior plain
76128533B20660206691661,Auraiya,contained_grid,2,139.87445,149.0,6.6255493,7.5522156,0.012137143,0.012241141,803.9029,811.6741,0.0,0.0,0.0,0.0,0.0,0.0,0.0,0,False,False,Interior plain
76128533B20683890392439,Narsimhapur,contained_grid,9,410.86185,898.0,178.24925,457.71777,0.1852173,0.4223483,561.04517,613.7613,0.0,0.0,0.0,0.0,0.0,0.0,0.0,0,False,False,Interior plain
76128533B20732636837048,Sikar,contained_grid,11,424.33972,920.0,200.20575,487.61667,0.11105192,0.18546419,590.9822,633.5444,0.0,0.0,0.0,0.0,0.0,0.0,0.0,0,False,False,Interior plain
76128533B20752885472650,Bankura,contained_grid,11,97.83455,330.0,65.52909,206.5289,0.08697567,0.13607103,75.030136,113.99978,0.0,0.0,0.0,0.36363636363636365,1.0,0.0,0.0,0,False,False,Interior plain
76128533B2080752988715,Morbi,contained_grid,7,67.141426,246.0,56.43,107.34334,0.10724159,0.14415452,22.645,51.402065,0.14285714285714285,0.42857142857142855,1.0,1.0,1.0,0.0,0.0,1,True,False,Coastal plain
76128533B21068662878849,Kamareddy,contained_grid,5,459.768,635.0,118.23201,178.18222,0.10706414,0.17571157,334.1193,368.52924,0.0,0.0,0.0,0.0,0.0,0.0,0.0,0,False,False,Interior plain
76128533B21119051307760,Jyotiba Phule Nagar,contained_grid,4,207.83417,228.0,11.6658325,14.76889,0.024072573,0.027951136,862.3007,893.0448,0.0,0.0,0.0,0.0,0.0,0.0,0.0,0,False,False,Interior plain
76128533B21179322085415,Harda,contained_grid,5,360.45044,697.0,150.94955,291.01443,0.20109873,0.28522834,394.59082,411.99078,0.0,0.0,0.0,0.0,0.0,0.0,0.0,0,False,False,Interior plain
76128533B21485639457044,Aurangabad,contained_grid,4,100.851944,211.0,36.398056,99.541115,0.09836434,0.16393875,423.7429,434.9095,0.0,0.0,0.0,0.0,0.0,0.0,0.0,0,False,False,Interior plain
76128533B21485897206517,Rajanna Sircilla,contained_grid,2,419.90445,570.0,141.09555,165.28888,0.19454598,0.19493411,319.34366,330.94403,0.0,0.0,0.0,0.0,0.0,0.0,0.0,0,False,False,Interior plain
76128533B21722277889516,Sivasagar,contained_grid,2,93.59166,257.0,83.90834,159.98001,0.13684937,0.21198294,532.79,541.71436,0.0,0.0,0.0,0.0,0.0,0.0,0.0,0,False,False,Interior plain
76128533B21812274124310,The Nilgiris,contained_grid,3,1396.183,2536.0,1082.817,1147.8822,0.9529343,1.3485304,74.90396,89.6542,0.0,0.0,0.3333333333333333,0.6666666666666666,1.0,1.0,0.3333333333333333,2,True,True,Interior orographic
76128533B21922686388534,Sitamarhi,contained_grid,3,65.91037,88.0,9.089629,13.477776,0.031305958,0.050321877,494.46692,510.10318,0.0,0.0,0.0,0.0,0.0,0.0,0.0,0,False,False,Interior plain
76128533B22077262393417,Haora,contained_grid,3,6.9429626,17.0,5.723704,6.9888887,0.007882004,0.014263653,0.004953069,15.768271,0.6666666666666666,1.0,1.0,1.0,1.0,0.0,0.0,1,True,False,Coastal plain
76128533B22439249004073,Bhopal,contained_grid,5,478.9438,569.0,73.25622,88.88666,0.043011166,0.057946894,447.91492,471.42358,0.0,0.0,0.0,0.0,0.0,0.0,0.0,0,False,False,Interior plain
76128533B22471914548132,Chittoor,contained_grid,21,455.86276,1194.0,382.42294,699.67664,0.31824574,0.59414285,11.004787,112.76993,0.047619047619047616,0.19047619047619047,0.2857142857142857,0.42857142857142855,0.7142857142857143,0.23809523809523808,0.14285714285714285,0,True,False,Interior plain
76128533B22587307937261,South Andaman,contained_grid,4,32.4225,379.0,209.5775,332.02667,0.024378493,0.040681925,0.15338948,3.569107,1.0,1.0,1.0,1.0,1.0,0.0,0.0,1,True,False,Coastal plain
76128533B22687502928564,Ranipet,contained_grid,1,126.67111,266.0,139.32889,139.32889,0.17388876,0.17388876,83.33892,83.33892,0.0,0.0,0.0,1.0,1.0,0.0,0.0,0,False,False,Interior plain
76128533B22715430000002,Longding,contained_grid,2,678.9006,1971.0,919.5994,972.55554,1.4183047,1.5811821,562.8901,573.1376,0.0,0.0,0.0,0.0,0.0,1.0,0.0,2,False,True,Interior orographic
76128533B22722327711505,Rewari,contained_grid,1,251.88777,394.0,142.11223,142.11223,0.07470598,0.07470598,743.7666,743.7666,0.0,0.0,0.0,0.0,0.0,0.0,0.0,0,False,False,Interior plain
76128533B22732185131019,Hisar,contained_grid,4,213.80167,275.0,21.448334,60.623337,0.012805377,0.01601182,787.0345,806.4334,0.0,0.0,0.0,0.0,0.0,0.0,0.0,0,False,False,Interior plain
76128533B23092176497025,Karimganj,contained_grid,4,50.30389,362.0,178.6961,280.1089,0.12395997,0.16038577,165.49422,193.739,0.0,0.0,0.0,0.0,0.0,0.0,0.0,0,False,False,Interior plain
76128533B23611090346849,Mon,contained_grid,2,830.63,2502.0,1029.37,1383.99,1.3116136,1.3226316,526.0969,536.3599,0.0,0.0,0.0,0.0,0.0,1.0,0.0,2,False,True,Interior orographic
76128533B23710487943819,Kanpur Nagar,contained_grid,4,125.58194,141.0,7.4180565,9.381111,0.012478543,0.017254382,838.9746,854.4952,0.0,0.0,0.0,0.0,0.0,0.0,0.0,0,False,False,Interior plain
76128533B23735146933631,Mandi,contained_grid,5,1558.8433,3504.0,1300.9567,1983.78,1.6894165,3.2457907,1087.5819,1106.5784,0.0,0.0,0.0,0.0,0.0,1.0,0.0,2,False,True,Interior orographic
76128533B23858286755005,Alipurduar,contained_grid,5,167.53578,2101.0,597.2643,1675.3722,0.92685604,1.9515523,326.79092,345.51297,0.0,0.0,0.0,0.0,0.0,0.4,0.0,0,False,True,Interior plain
76128533B23956636471502,Yamunanagar,contained_grid,3,288.57556,554.0,98.0911,242.51443,0.24163492,0.45385563,947.5011,967.52765,0.0,0.0,0.0,0.0,0.0,0.0,0.0,0,False,False,Interior plain
76128533B24017517661394,Pakke Kessang,contained_grid,3,682.1971,2106.0,1213.8029,1408.1178,1.2535946,1.6723399,439.701,452.0469,0.0,0.0,0.0,0.0,0.0,1.0,0.0,2,False,True,Interior orographic
76128533B24101991435637,Jehanabad,contained_grid,1,64.59889,75.0,10.401108,10.401108,0.03391524,0.03391524,424.50284,424.50284,0.0,0.0,0.0,0.0,0.0,0.0,0.0,0,False,False,Interior plain
76128533B24594618908349,Suryapet,contained_grid,6,133.32704,322.0,106.33963,213.02222,0.08561843,0.12860136,111.79236,146.30116,0.0,0.0,0.0,0.0,0.6666666666666666,0.0,0.0,0,False,False,Interior plain
76128533B24755983727265,Saharsa,contained_grid,2,42.078888,48.0,5.421112,6.0233345,0.010841653,0.012974981,381.051,385.2259,0.0,0.0,0.0,0.0,0.0,0.0,0.0,0,False,False,Interior plain
76128533B24759700890118,Rupnagar,contained_grid,2,344.22943,1000.0,313.27054,593.58997,0.3781088,0.65215874,992.8625,1018.6637,0.0,0.0,0.0,0.0,0.0,0.5,0.0,0,False,True,Interior plain
76128533B24861976740713,Jhargram,contained_grid,2,64.026665,112.0,40.473335,41.331112,0.058312383,0.07786382,78.82196,85.54417,0.0,0.0,0.0,1.0,1.0,0.0,0.0,0,False,False,Interior plain
76128533B25020556592153,Rajnandgaon,contained_grid,10,399.5401,777.0,151.45988,297.02112,0.12736127,0.31457812,390.8306,443.63605,0.0,0.0,0.0,0.0,0.0,0.0,0.0,0,False,False,Interior plain
76128533B25208535254310,Hardoi,contained_grid,9,138.62666,155.0,8.151112,15.686661,0.012495682,0.01617933,871.6699,904.4749,0.0,0.0,0.0,0.0,0.0,0.0,0.0,0,False,False,Interior plain
76128533B25280172436550,Nirmal,contained_grid,5,364.84042,615.0,159.35956,297.97446,0.10801549,0.21447802,402.81262,428.0101,0.0,0.0,0.0,0.0,0.0,0.0,0.0,0,False,False,Interior plain
76128533B25344721013980,Dhule,contained_grid,9,336.5122,728.0,190.5989,364.7389,0.29387677,0.5945592,111.0097,165.95445,0.0,0.0,0.0,0.0,0.2222222222222222,0.0,0.0,0,False,False,Interior plain
76128533B25373378863054,Purba Medinipur,contained_grid,6,5.437407,17.0,6.562593,8.828889,0.0113139525,0.027234754,4.6483874,18.60364,0.6666666666666666,1.0,1.0,1.0,1.0,0.0,0.0,1,True,False,Coastal plain
76128533B25448742967716,Leparada,contained_grid,2,889.4561,2049.0,952.5439,1138.1978,0.58936286,1.0041732,614.3254,622.0403,0.0,0.0,0.0,0.0,0.0,1.0,0.0,2,False,True,Interior orographic
76128533B25468964623139,Anuppur,contained_grid,6,723.76495,1120.0,274.90167,473.80225,0.24681015,0.4195817,483.6884,508.92197,0.0,0.0,0.0,0.0,0.0,0.0,0.0,0,False,False,Interior plain
76128533B25576352747885,Bharatpur,contained_grid,7,190.31699,373.0,66.11159,154.51111,0.052204292,0.09335223,673.4826,703.9923,0.0,0.0,0.0,0.0,0.0,0.0,0.0,0,False,False,Interior plain
76128533B25679991785711,Mandsaur,contained_grid,9,434.0558,548.0,70.277534,100.18112,0.05570307,0.087609515,282.3115,334.47662,0.0,0.0,0.0,0.0,0.0,0.0,0.0,0,False,False,Interior plain
76128533B2576169508425,Kottayam,contained_grid,3,99.29444,945.0,439.70557,769.31775,0.54712653,0.87428325,11.389928,25.103292,0.3333333333333333,1.0,1.0,1.0,1.0,0.3333333333333333,0.3333333333333333,1,True,True,Coastal plain
76128533B25835998628545,Dhubri,contained_grid,3,36.283703,363.0,126.04962,317.46332,0.024072336,0.033691663,268.23297,286.48862,0.0,0.0,0.0,0.0,0.0,0.0,0.0,0,False,False,Interior plain
76128533B26296891809198,Agra,contained_grid,3,163.65297,176.0,8.013702,9.212219,0.01421013,0.016087137,723.88806,736.2725,0.0,0.0,0.0,0.0,0.0,0.0,0.0,0,False,False,Interior plain
76128533B26755490628656,Uttar Bastar Kanker,contained_grid,9,431.1327,814.0,264.7562,385.46335,0.1990284,0.31832862,308.76114,341.6498,0.0,0.0,0.0,0.0,0.0,0.0,0.0,0,False,False,Interior plain
76128533B26931973511551,Kushinagar,contained_grid,3,84.24259,96.0,7.0907416,8.503334,0.019572653,0.029763818,612.58655,625.0246,0.0,0.0,0.0,0.0,0.0,0.0,0.0,0,False,False,Interior plain
76128533B26964150246712,Cachar,contained_grid,6,192.53444,1588.0,792.9656,1202.71,0.60911965,1.1116763,230.9067,248.73145,0.0,0.0,0.0,0.0,0.0,0.8333333333333334,0.0,2,False,True,Interior orographic
76128533B27102120636500,South West Khasi Hills,contained_grid,2,368.38943,1520.0,824.6106,1063.7134,1.0872635,1.4117957,183.59627,186.92297,0.0,0.0,0.0,0.0,0.0,1.0,0.0,2,False,True,Interior orographic
76128533B27201270098470,Hamirpur,contained_grid,6,133.92926,228.0,22.737406,61.880005,0.034804415,0.07095926,748.58514,790.29517,0.0,0.0,0.0,0.0,0.0,0.0,0.0,0,False,False,Interior plain
76128533B27414563922025,Khunti,contained_grid,3,521.3137,661.0,134.6863,218.08112,0.2435118,0.28787947,229.93253,248.30774,0.0,0.0,0.0,0.0,0.0,0.0,0.0,0,False,False,Interior plain
76128533B27432148084533,Katihar,contained_grid,5,32.720665,43.0,5.8793335,6.252224,0.014861092,0.03125329,315.96655,336.63364,0.0,0.0,0.0,0.0,0.0,0.0,0.0,0,False,False,Interior plain
76128533B27604563137530,Tenkasi,contained_grid,3,213.34741,1453.0,445.31924,1105.9222,0.4919341,0.9267344,64.604836,76.01593,0.0,0.0,0.3333333333333333,1.0,1.0,0.6666666666666666,0.3333333333333333,0,True,True,Interior plain
76128533B27609096170969,Parbhani,contained_grid,10,417.96158,574.0,76.13845,126.90668,0.08288799,0.18104894,331.8401,373.857,0.0,0.0,0.0,0.0,0.0,0.0,0.0,0,False,False,Interior plain
76128533B27615708126939,Jabalpur,contained_grid,7,443.85507,753.0,161.8592,191.8089,0.1415489,0.2676827,615.6502,654.8683,0.0,0.0,0.0,0.0,0.0,0.0,0.0,0,False,False,Interior plain
76128533B2761749808956,Champawat,contained_grid,2,1147.8256,2084.0,911.67444,1064.8167,1.0174943,1.0334616,1036.3531,1044.8088,0.0,0.0,0.0,0.0,0.0,1.0,0.0,2,False,True,Interior orographic
76128533B2782141712775,DATA NOT AVAILABLE,contained_grid,138,3929.2478,8238.0,1542.4623,3620.8289,0.97265494,2.3477213,1093.6017,1370.0792,0.0,0.0,0.0,0.0,0.0,0.9927536231884058,0.0,2,False,True,Interior orographic
76128533B28138828116492,Sawai Madhopur,contained_grid,6,259.75443,510.0,174.5789,238.41556,0.06789964,0.12217909,542.58466,566.14594,0.0,0.0,0.0,0.0,0.0,0.0,0.0,0,False,False,Interior plain
76128533B28290181894983,Mahabubabad,contained_grid,5,236.24556,533.0,172.55446,279.42224,0.1006483,0.13619532,184.19748,204.22333,0.0,0.0,0.0,0.0,0.0,0.0,0.0,0,False,False,Interior plain
76128533B28294794137747,Kurnool,contained_grid,23,376.90433,921.0,171.87827,431.96445,0.14863537,0.3092975,144.28821,225.98796,0.0,0.0,0.0,0.0,0.043478260869565216,0.0,0.0,0,False,False,Interior plain
76128533B28397307540277,North  & Middle Andaman,contained_grid,5,35.372665,638.0,234.82735,574.0256,0.030176735,0.06543818,0.49864483,3.47668,1.0,1.0,1.0,1.0,1.0,0.2,0.2,1,True,False,Coastal plain
76128533B284680734793,Raichur,contained_grid,12,421.49814,589.0,79.251854,117.0589,0.09925818,0.24239475,259.55466,300.73364,0.0,0.0,0.0,0.0,0.0,0.0,0.0,0,False,False,Interior plain
76128533B28521131010314,Rajgarh,contained_grid,8,434.77264,534.0,48.227356,97.6189,0.05406198,0.06452889,396.06714,424.05304,0.0,0.0,0.0,0.0,0.0,0.0,0.0,0,False,False,Interior plain
76128533B2860535426345,South Twenty Four Parganas,contained_grid,13,3.4531622,16.0,4.9314528,9.745556,0.0029652677,0.005405564,0.6771657,10.4917145,0.8461538461538461,1.0,1.0,1.0,1.0,0.0,0.0,1,True,False,Coastal plain
76128533B28755611410447,Jaipur,contained_grid,16,385.49478,751.0,120.06771,285.5589,0.10412076,0.19499478,528.6632,580.83704,0.0,0.0,0.0,0.0,0.0,0.0,0.0,0,False,False,Interior plain
76128533B28879432621383,Dindigul,contained_grid,8,472.0797,2416.0,832.6703,1264.7367,0.52209896,1.0093795,103.37318,138.11035,0.0,0.0,0.0,0.0,0.75,0.75,0.0,2,False,True,Interior orographic
76128533B29138015770556,East Godavari,contained_grid,15,184.83379,1342.0,299.3662,677.76886,0.30522096,0.6420926,2.7353463,38.562172,0.3333333333333333,0.6666666666666666,0.8,1.0,1.0,0.2,0.0,1,True,False,Coastal plain
76128533B29292403538801,Kolar,contained_grid,6,829.13995,1115.0,170.36,263.87665,0.15525371,0.20999049,172.1526,203.56024,0.0,0.0,0.0,0.0,0.0,0.0,0.0,0,False,False,Interior plain
76128533B29293163114565,Madhepura,contained_grid,4,45.038334,58.0,6.211667,7.5733337,0.01571541,0.020432664,347.76868,382.46527,0.0,0.0,0.0,0.0,0.0,0.0,0.0,0,False,False,Interior plain
76128533B29330052395581,Pathanamthitta,contained_grid,3,447.79996,1763.0,616.2,843.74335,0.72099704,0.986799,28.568317,48.091686,0.0,0.6666666666666666,1.0,1.0,1.0,0.6666666666666666,0.6666666666666666,3,True,True,Coastal orographic
76128533B29554440319099,Mahrajganj,contained_grid,5,91.459114,119.0,17.140888,23.506668,0.031018874,0.0721906,649.346,674.7367,0.0,0.0,0.0,0.0,0.0,0.0,0.0,0,False,False,Interior plain
76128533B29672216830072,Sheikhpura,contained_grid,1,47.15,97.0,49.85,49.85,0.026796475,0.026796475,376.75262,376.75262,0.0,0.0,0.0,0.0,0.0,0.0,0.0,0,False,False,Interior plain
76128533B2970909480221,Peren,contained_grid,3,908.0656,2271.0,1192.6011,1310.0845,1.1093386,1.6286495,325.72577,345.26685,0.0,0.0,0.0,0.0,0.0,1.0,0.0,2,False,True,Interior orographic
76128533B29721759389119,Agar,contained_grid,5,435.21777,523.0,55.382225,76.523346,0.078323096,0.1327078,328.35483,360.24506,0.0,0.0,0.0,0.0,0.0,0.0,0.0,0,False,False,Interior plain
76128533B29873478326363,Puducherry,contained_grid,1,20.354445,60.0,39.645554,39.645554,0.05523451,0.05523451,11.828259,11.828259,1.0,1.0,1.0,1.0,1.0,0.0,0.0,1,True,False,Coastal plain
76128533B30016122738302,Bokaro,contained_grid,4,296.1539,891.0,266.0961,536.92773,0.16651355,0.17477672,204.34637,232.94843,0.0,0.0,0.0,0.0,0.0,0.25,0.0,0,False,True,Interior plain
76128533B30151252629779,West District,contained_grid,2,2592.4744,5810.0,1922.0256,2127.7034,3.5334983,4.332751,457.68677,469.72882,0.0,0.0,0.0,0.0,0.0,1.0,0.0,2,False,True,Interior orographic
76128533B30246762498957,Bhadradri,contained_grid,16,183.9623,1034.0,364.35022,827.36,0.17478526,0.6237118,98.47143,157.05421,0.0,0.0,0.0,0.0625,0.4375,0.125,0.0,0,False,False,Interior plain
76128533B3026318797185,Nagpur,contained_grid,15,330.61475,570.0,107.785255,202.53333,0.11841301,0.23878394,495.2101,546.9875,0.0,0.0,0.0,0.0,0.0,0.0,0.0,0,False,False,Interior plain
76128533B30447764775083,Sagar,contained_grid,14,455.77396,629.0,89.51174,131.0589,0.111189015,0.16841535,579.1926,618.1486,0.0,0.0,0.0,0.0,0.0,0.0,0.0,0,False,False,Interior plain
76128533B30477486088156,Shajapur,contained_grid,5,464.26532,540.0,44.134674,58.9989,0.06468948,0.09433356,353.59042,376.20908,0.0,0.0,0.0,0.0,0.0,0.0,0.0,0,False,False,Interior plain
76128533B30779259886340,Imphal East,nearest_grid,1,825.07776,1452.0,626.92224,626.92224,0.19091035,0.19091035,322.53708,322.53708,0.0,0.0,0.0,0.0,0.0,1.0,0.0,2,False,True,Interior orographic
76128533B31111781432113,Siddipet,contained_grid,5,460.22446,624.0,96.975555,136.79333,0.17639792,0.20298512,269.52866,285.84015,0.0,0.0,0.0,0.0,0.0,0.0,0.0,0,False,False,Interior plain
76128533B31127900859310,Udhampur,contained_grid,3,1175.6115,2615.0,1111.0552,1243.7134,1.8276426,1.8792708,1154.8412,1163.9591,0.0,0.0,0.0,0.0,0.0,1.0,0.0,2,False,True,Interior orographic
76128533B31161316175613,Rewa,contained_grid,11,274.94385,618.0,147.96526,277.29224,0.15602605,0.2422462,601.20215,651.1526,0.0,0.0,0.0,0.0,0.0,0.0,0.0,0,False,False,Interior plain
76128533B31175522938788,Rangareddy,contained_grid,7,571.20984,701.0,100.93302,167.37555,0.17045984,0.37743035,215.46408,249.99695,0.0,0.0,0.0,0.0,0.0,0.0,0.0,0,False,False,Interior plain
76128533B31241181851990,Thoothukkudi,contained_grid,8,48.508194,176.0,60.116806,148.98666,0.081888154,0.107193016,2.257933,29.080832,0.625,0.75,1.0,1.0,1.0,0.0,0.0,1,True,False,Coastal plain
76128533B31246189674263,Nagarkurnool,contained_grid,9,466.13742,877.0,174.75148,355.91,0.2240687,0.41804564,148.05121,197.8121,0.0,0.0,0.0,0.0,0.1111111111111111,0.0,0.0,0,False,False,Interior plain
76128533B31342633028465,Chandrapur,contained_grid,14,225.24673,523.0,110.03896,249.28888,0.062445484,0.21394286,397.15106,447.27228,0.0,0.0,0.0,0.0,0.0,0.0,0.0,0,False,False,Interior plain
76128533B31405919461443,Kurung Kumey,contained_grid,7,2593.048,6605.0,1754.2375,2200.1355,2.0548594,3.928627,522.5569,541.89374,0.0,0.0,0.0,0.0,0.0,1.0,0.0,2,False,True,Interior orographic
76128533B32249045995424,Srinagar,contained_grid,1,1706.9811,2281.0,574.0189,574.0189,0.7125079,0.7125079,1223.0028,1223.0028,0.0,0.0,0.0,0.0,0.0,1.0,0.0,2,False,True,Interior orographic
76128533B32499449492865,Purnia,contained_grid,3,40.857037,49.0,6.476297,7.083332,0.017110897,0.019109022,365.28055,368.88394,0.0,0.0,0.0,0.0,0.0,0.0,0.0,0,False,False,Interior plain
76128533B32509926596077,Dhenkanal,contained_grid,4,90.86084,556.0,331.63916,459.38446,0.09699451,0.14395393,68.030815,88.40088,0.0,0.0,0.25,0.75,1.0,0.0,0.0,0,True,False,Interior plain
76128533B32949331695897,Jagatsinghapur,contained_grid,2,6.555,16.0,5.445,6.3100004,0.0129240565,0.01489585,5.757514,10.367754,1.0,1.0,1.0,1.0,1.0,0.0,0.0,1,True,False,Coastal plain
76128533B32998994032811,Punch,contained_grid,3,2702.3625,4518.0,1304.3041,1640.9956,2.2393441,3.1395786,1166.2233,1174.687,0.0,0.0,0.0,0.0,0.0,1.0,0.0,2,False,True,Interior orographic
76128533B33103505211400,Nicobars,contained_grid,2,45.724445,420.0,256.77557,344.77444,0.02982707,0.055571076,0.23875742,1.9366397,1.0,1.0,1.0,1.0,1.0,0.0,0.0,1,True,False,Coastal plain
76128533B33151011563565,Vadodara,contained_grid,6,40.828335,142.0,34.005,79.314445,0.06954684,0.13402975,7.8589716,35.964474,0.16666666666666666,0.8333333333333334,1.0,1.0,1.0,0.0,0.0,1,True,False,Coastal plain
76128533B33162455176756,Thiruvananthapuram,contained_grid,3,76.92037,969.0,370.41296,817.92,0.42508522,0.6745682,4.8899097,13.682523,0.6666666666666666,1.0,1.0,1.0,1.0,0.3333333333333333,0.3333333333333333,1,True,True,Coastal plain
76128533B33226396095315,Komaram Bheem,contained_grid,8,283.73486,627.0,192.14014,259.25778,0.16690497,0.23812367,355.2921,387.07196,0.0,0.0,0.0,0.0,0.0,0.0,0.0,0,False,False,Interior plain
76128533B33437990510331,Saharanpur,contained_grid,6,302.6215,811.0,74.71185,332.89444,0.17034443,0.60710293,923.205,954.95575,0.0,0.0,0.0,0.0,0.0,0.0,0.0,0,False,False,Interior plain
76128533B33451850475260,Nuapada,contained_grid,4,426.3922,973.0,415.3578,505.60223,0.28060585,0.36732593,238.15437,265.7106,0.0,0.0,0.0,0.0,0.0,0.25,0.0,0,False,True,Interior plain
76128533B33458049385696,Rohtas,contained_grid,5,119.02312,544.0,110.37689,320.21112,0.10998236,0.28983808,462.53812,478.22687,0.0,0.0,0.0,0.0,0.0,0.0,0.0,0,False,False,Interior plain
76128533B334793883930,Jorhat,contained_grid,2,124.45111,871.0,378.0489,719.0911,0.30999345,0.48818213,496.1053,505.08298,0.0,0.0,0.0,0.0,0.0,0.5,0.0,0,False,True,Interior plain
76128533B3371867518692,Jammu,contained_grid,3,374.36258,1614.0,489.30408,1062.5767,0.59642243,1.2740301,1104.8569,1123.9067,0.0,0.0,0.0,0.0,0.0,0.3333333333333333,0.0,0,False,True,Interior plain
76128533B33966968116377,Gadag,contained_grid,8,607.4728,920.0,138.90222,293.9878,0.0773145,0.15791267,141.02641,168.63087,0.0,0.0,0.0,0.0,0.125,0.0,0.0,0,False,False,Interior plain
76128533B34069028331411,Karauli,contained_grid,6,272.2961,451.0,115.037224,151.3689,0.08328125,0.1383099,579.42413,617.1184,0.0,0.0,0.0,0.0,0.0,0.0,0.0,0,False,False,Interior plain
76128533B34203923268864,Aizawl,contained_grid,5,685.68134,1776.0,824.91864,929.3945,0.58008397,0.6975662,142.65721,169.9196,0.0,0.0,0.0,0.0,0.2,1.0,0.0,2,False,True,Interior orographic
76128533B34216851275023,Mayurbhanj,contained_grid,17,307.06482,1104.0,322.64105,676.0478,0.36482558,0.87798345,28.709764,88.58256,0.0,0.17647058823529413,0.4117647058823529,0.5882352941176471,0.9411764705882353,0.23529411764705882,0.17647058823529413,0,True,False,Interior plain
76128533B34462889864078,Gautam Buddha Nagar,contained_grid,1,202.26334,214.0,11.736664,11.736664,0.035763904,0.035763904,818.63635,818.63635,0.0,0.0,0.0,0.0,0.0,0.0,0.0,0,False,False,Interior plain
76128533B34824326075805,Warangal (U),contained_grid,1,287.3889,506.0,218.61111,218.61111,0.16699508,0.16699508,257.11945,257.11945,0.0,0.0,0.0,0.0,0.0,0.0,0.0,0,False,False,Interior plain
76128533B34832354589031,Shrawasti,contained_grid,3,123.671486,215.0,36.328518,83.96222,0.10162137,0.23960112,808.27216,826.6619,0.0,0.0,0.0,0.0,0.0,0.0,0.0,0,False,False,Interior plain
76128533B35083559759016,Idukki,contained_grid,6,989.32635,2514.0,944.67365,1515.0422,0.76768154,1.1694607,55.133953,77.973076,0.0,0.0,0.5,0.8333333333333334,1.0,0.8333333333333334,0.3333333333333333,2,True,True,Interior orographic
76128533B35129325000613,Sabar Kantha,contained_grid,4,223.37946,744.0,223.12054,376.4222,0.18922946,0.32745528,133.2663,168.03978,0.0,0.0,0.0,0.0,0.25,0.0,0.0,0,False,False,Interior plain
76128533B35143550659673,Latehar,contained_grid,5,496.77133,1118.0,452.02866,533.6589,0.4176804,0.55754894,341.27173,366.84558,0.0,0.0,0.0,0.0,0.0,0.2,0.0,0,False,False,Interior plain
76128533B35167844027544,Alirajpur,contained_grid,5,323.90823,835.0,213.69177,482.6378,0.13511436,0.2486413,116.823364,137.95763,0.0,0.0,0.0,0.0,0.8,0.0,0.0,0,False,False,Interior plain
76128533B35205406647638,Jamnagar,contained_grid,9,72.62704,229.0,69.48408,107.07111,0.09324967,0.13512519,4.5365133,31.459633,0.3333333333333333,0.8888888888888888,1.0,1.0,1.0,0.0,0.0,1,True,False,Coastal plain
76128533B35439951183692,Lohardaga,contained_grid,2,723.6039,1065.0,323.89612,360.47668,0.23011261,0.28103438,322.13354,331.47266,0.0,0.0,0.0,0.0,0.0,0.0,0.0,0,False,False,Interior plain
76128533B35465481868600,Samli,contained_grid,1,242.17778,254.0,11.82222,11.82222,0.023421165,0.023421165,899.1119,899.1119,0.0,0.0,0.0,0.0,0.0,0.0,0.0,0,False,False,Interior plain
76128533B35468154415031,Saiha,contained_grid,3,747.0989,1887.0,980.9011,1012.8467,0.9879608,1.0916715,103.93153,109.114044,0.0,0.0,0.0,0.0,1.0,1.0,0.0,2,False,True,Interior orographic
76128533B35717069663408,Krishnagiri,contained_grid,6,619.1376,1350.0,361.02908,742.93225,0.27619436,0.48858106,149.47787,204.85083,0.0,0.0,0.0,0.0,0.16666666666666666,0.16666666666666666,0.0,0,False,False,Interior plain
76128533B35759455556328,North Garo Hills,contained_grid,1,101.43445,456.0,354.56555,354.56555,0.21908471,0.21908471,261.70786,261.70786,0.0,0.0,0.0,0.0,0.0,0.0,0.0,0,False,False,Interior plain
76128533B35956162202704,Hamirpur,contained_grid,2,710.485,1063.0,323.51498,341.22998,0.57534623,0.58739525,1070.4327,1083.4685,0.0,0.0,0.0,0.0,0.0,0.0,0.0,0,False,False,Interior plain
76128533B36164606132718,Vizianagaram,contained_grid,8,157.33765,1172.0,421.41235,883.3345,0.40571195,1.031302,6.2451982,52.103596,0.25,0.5,0.75,1.0,1.0,0.375,0.125,1,True,True,Coastal plain
76128533B36594996191182,Noney,contained_grid,1,655.7167,1575.0,919.2833,919.2833,0.6544005,0.6544005,285.06088,285.06088,0.0,0.0,0.0,0.0,0.0,1.0,0.0,2,False,True,Interior orographic
76128533B36625800127334,Nawada,contained_grid,3,93.52,562.0,256.48,432.73334,0.16465479,0.26533055,350.63803,358.74588,0.0,0.0,0.0,0.0,0.0,0.0,0.0,0,False,False,Interior plain
76128533B36734405131975,Maldah,contained_grid,5,27.560223,50.0,14.039778,22.146667,0.024477813,0.05460696,253.89586,274.43375,0.0,0.0,0.0,0.0,0.0,0.0,0.0,0,False,False,Interior plain
76128533B36958871695926,Gadchiroli,contained_grid,21,253.66571,860.0,208.38191,422.52777,0.13113031,0.48365933,283.56494,365.89682,0.0,0.0,0.0,0.0,0.0,0.0,0.0,0,False,False,Interior plain
76128533B37096001761063,Burhanpur,contained_grid,6,385.772,771.0,248.72797,349.9989,0.20879187,0.2639309,293.78595,333.10733,0.0,0.0,0.0,0.0,0.0,0.0,0.0,0,False,False,Interior plain
76128533B37148244536449,Palghar,contained_grid,9,150.96716,862.0,339.36618,522.80334,0.29943016,0.6898333,1.3776406,27.45322,0.4444444444444444,0.7777777777777778,1.0,1.0,1.0,0.1111111111111111,0.1111111111111111,1,True,False,Coastal plain
76128533B37199077904074,Kapurthala,contained_grid,3,228.1637,253.0,13.169632,14.092224,0.031054348,0.03798716,1006.0795,1023.25446,0.0,0.0,0.0,0.0,0.0,0.0,0.0,0,False,False,Interior plain
76128533B37392223136185,Udaipur,contained_grid,17,493.90463,1157.0,245.15417,433.9167,0.2930975,0.46956173,196.8385,245.65984,0.0,0.0,0.0,0.0,0.0,0.0,0.0,0,False,False,Interior plain
76128533B37486272752374,Wardha,contained_grid,7,302.59097,560.0,100.5519,164.06,0.12583874,0.17836912,509.6873,535.7626,0.0,0.0,0.0,0.0,0.0,0.0,0.0,0,False,False,Interior plain
76128533B37825396764028,Shupiyan,contained_grid,2,2014.2278,3699.0,1013.7723,1376.06,1.7455728,2.5781293,1202.5162,1210.5623,0.0,0.0,0.0,0.0,0.0,1.0,0.0,2,False,True,Interior orographic
76128533B38141181853016,Kolasib,contained_grid,2,331.71613,1157.0,643.28394,743.8556,0.4992593,0.528577,174.24008,184.07195,0.0,0.0,0.0,0.0,0.0,1.0,0.0,2,False,True,Interior orographic
76128533B38203190611533,Gaurella Pendra Marwahi,contained_grid,2,566.30164,836.0,183.19833,242.81335,0.25426626,0.3197398,465.12012,474.76654,0.0,0.0,0.0,0.0,0.0,0.0,0.0,0,False,False,Interior plain
76128533B38230828972906,Kamrup Metropolitan,nearest_grid,1,423.91666,886.0,462.08334,462.08334,0.87049073,0.87049073,295.37717,295.37717,0.0,0.0,0.0,0.0,0.0,1.0,0.0,2,False,True,Interior orographic
76128533B38354309367879,Adilabad,contained_grid,5,355.548,587.0,177.852,288.3811,0.14093716,0.1727231,426.68213,448.0047,0.0,0.0,0.0,0.0,0.0,0.0,0.0,0,False,False,Interior plain
76128533B38548995376745,Karbi Anglong East,contained_grid,12,317.68637,1307.0,522.3136,831.29663,0.39549056,0.7287022,349.23022,395.1322,0.0,0.0,0.0,0.0,0.0,0.5,0.0,0,False,True,Interior plain
76128533B38561771925520,Pithoragarh,contained_grid,10,3211.8938,6318.0,1520.6062,2446.4443,1.6970348,3.5296838,1072.8868,1107.8816,0.0,0.0,0.0,0.0,0.0,1.0,0.0,2,False,True,Interior orographic
76128533B38767180038480,Niwari,contained_grid,1,266.97778,330.0,63.022217,63.022217,0.12525451,0.12525451,669.9,669.9,0.0,0.0,0.0,0.0,0.0,0.0,0.0,0,False,False,Interior plain
76128533B38784530776316,Lower Dibang Valley,contained_grid,6,1559.9467,4831.0,1462.5533,1984.4155,1.9312793,3.1551995,696.86145,730.279,0.0,0.0,0.0,0.0,0.0,1.0,0.0,2,False,True,Interior orographic
76128533B39039541714099,Champhai,contained_grid,1,1045.5989,1888.0,842.4011,842.4011,0.60997504,0.60997504,162.81807,162.81807,0.0,0.0,0.0,0.0,0.0,1.0,0.0,2,False,True,Interior orographic
76128533B39046535416628,Kheda,contained_grid,5,59.22867,146.0,29.371334,53.04,0.05691012,0.06862833,51.992905,66.20271,0.0,0.0,0.6,1.0,1.0,0.0,0.0,1,True,False,Coastal plain
76128533B39051871473194,Barnala,contained_grid,2,228.07722,240.0,8.422775,9.096664,0.024981774,0.026708012,909.25476,922.47375,0.0,0.0,0.0,0.0,0.0,0.0,0.0,0,False,False,Interior plain
76128533B39238815774480,Sindhudurg,contained_grid,9,158.42432,1012.0,409.24234,749.2689,0.47850248,0.8599286,1.0631506,19.494404,0.6666666666666666,1.0,1.0,1.0,1.0,0.5555555555555556,0.5555555555555556,3,True,True,Coastal orographic
76128533B39329594544563,Aurangabad,contained_grid,15,558.777,903.0,174.2897,413.3278,0.20619419,0.4847919,185.33403,239.45943,0.0,0.0,0.0,0.0,0.0,0.0,0.0,0,False,False,Interior plain
76128533B39368211148513,Patiala,contained_grid,5,260.4629,309.0,14.937109,28.05777,0.046431925,0.109636374,932.75586,955.3544,0.0,0.0,0.0,0.0,0.0,0.0,0.0,0,False,False,Interior plain
76128533B39705008578419,Satna,contained_grid,11,345.05615,644.0,185.5802,277.09222,0.12715451,0.29609263,636.13275,694.2954,0.0,0.0,0.0,0.0,0.0,0.0,0.0,0,False,False,Interior plain
76128533B3985531353014,Kozhikode,contained_grid,3,322.78036,1915.0,1030.553,1314.699,0.8556431,1.0087581,9.697846,22.133102,0.6666666666666666,1.0,1.0,1.0,1.0,1.0,1.0,3,True,True,Coastal orographic
76128533B39959897010345,Sehore,contained_grid,8,456.48193,625.0,113.26806,282.95444,0.11614366,0.2076266,367.49002,422.9217,0.0,0.0,0.0,0.0,0.0,0.0,0.0,0,False,False,Interior plain
76128533B40023971667984,Deoria,contained_grid,2,72.83722,82.0,5.162777,5.2322235,0.0116066355,0.013619301,571.9371,590.3363,0.0,0.0,0.0,0.0,0.0,0.0,0.0,0,False,False,Interior plain
76128533B40156838070,Jalgaon,contained_grid,15,273.486,954.0,187.314,556.43555,0.21560094,0.41152793,207.93634,257.29758,0.0,0.0,0.0,0.0,0.0,0.13333333333333333,0.0,0,False,False,Interior plain
76128533B40226077866964,Gorakhpur,contained_grid,5,79.078,103.0,11.321999,21.84111,0.008433435,0.0126198465,626.0443,652.0886,0.0,0.0,0.0,0.0,0.0,0.0,0.0,0,False,False,Interior plain
76128533B40480360118262,Sangareddy,contained_grid,5,554.8024,683.0,68.197556,95.97998,0.12821944,0.18008547,291.08588,329.24756,0.0,0.0,0.0,0.0,0.0,0.0,0.0,0,False,False,Interior plain
76128533B40495457052818,Bijapur,contained_grid,14,537.8709,697.0,77.48627,128.61667,0.097406745,0.16102958,198.62721,253.49146,0.0,0.0,0.0,0.0,0.0,0.0,0.0,0,False,False,Interior plain
76128533B40509297062120,Siddharthnagar,contained_grid,4,94.51556,146.0,16.234444,43.151108,0.07487815,0.24365698,718.9917,741.1501,0.0,0.0,0.0,0.0,0.0,0.0,0.0,0,False,False,Interior plain
76128533B40535123096970,East Garo Hills,contained_grid,4,383.85693,1301.0,521.14307,758.1189,0.34232113,0.51571286,207.10689,220.8268,0.0,0.0,0.0,0.0,0.0,0.5,0.0,0,False,True,Interior plain
76128533B40638696154891,Faridabad,contained_grid,1,195.49445,207.0,11.505554,11.505554,0.014983549,0.014983549,796.2248,796.2248,0.0,0.0,0.0,0.0,0.0,0.0,0.0,0,False,False,Interior plain
76128533B40714385808093,Biswanath,contained_grid,1,80.65,112.0,31.349998,31.349998,0.16837482,0.16837482,431.1897,431.1897,0.0,0.0,0.0,0.0,0.0,0.0,0.0,0,False,False,Interior plain
76128533B40868676647207,Munger,contained_grid,2,100.308334,406.0,283.69165,295.20444,0.10426338,0.12938985,314.57062,326.8558,0.0,0.0,0.0,0.0,0.0,0.0,0.0,0,False,False,Interior plain
76128533B40923846274136,Junagadh,contained_grid,7,104.86603,894.0,195.84825,757.5933,0.13990892,0.21175921,19.824171,43.075165,0.2857142857142857,0.5714285714285714,1.0,1.0,1.0,0.14285714285714285,0.14285714285714285,1,True,False,Coastal plain
76128533B40995085026980,Nalbari,contained_grid,2,50.30278,74.0,11.697222,16.255554,0.10149899,0.16790599,295.68512,311.9239,0.0,0.0,0.0,0.0,0.0,0.0,0.0,0,False,False,Interior plain
76128533B41005496708834,Sonitpur,contained_grid,4,125.64111,1201.0,270.8589,945.1644,0.56799424,1.0632647,391.00284,409.5774,0.0,0.0,0.0,0.0,0.0,0.25,0.0,0,False,True,Interior plain
76128533B41246169049488,Mahe,nearest_grid,1,17.77,142.0,124.229996,124.229996,0.34647885,0.34647885,1.1939886,1.1939886,1.0,1.0,1.0,1.0,1.0,0.0,0.0,1,True,False,Coastal plain
76128533B41321006511827,Khawzawl,contained_grid,1,1169.0577,1776.0,606.94226,606.94226,0.36043933,0.36043933,179.25227,179.25227,0.0,0.0,0.0,0.0,0.0,1.0,0.0,2,False,True,Interior orographic
76128533B41477629049356,Lakshadweep,nearest_grid,1,0.0,0.0,0.0,0.0,0.0,0.0,46.71868,46.71868,0.0,1.0,1.0,1.0,1.0,0.0,0.0,1,True,False,Coastal plain
76128533B41499938690181,Mansa,contained_grid,2,215.5611,226.0,5.438896,5.8688965,0.016639927,0.016973937,849.5891,866.24695,0.0,0.0,0.0,0.0,0.0,0.0,0.0,0,False,False,Interior plain
76128533B41744580856133,Bandipore,contained_grid,4,3248.1829,4993.0,1271.3171,1528.1677,1.5966519,2.1281571,1249.9474,1272.6359,0.0,0.0,0.0,0.0,0.0,1.0,0.0,2,False,True,Interior orographic
76128533B41747884279129,Hoshiarpur,contained_grid,6,312.49426,690.0,222.00574,383.64777,0.28319418,0.39448538,1028.9069,1057.6571,0.0,0.0,0.0,0.0,0.0,0.0,0.0,0,False,False,Interior plain
76128533B41976979530466,Kannur,contained_grid,4,232.3136,1551.0,596.1864,998.19446,0.7355045,1.0418234,1.1939886,20.83115,0.5,1.0,1.0,1.0,1.0,0.5,0.5,1,True,True,Coastal plain
76128533B42153891534463,West Khasi Hills,contained_grid,6,967.3515,1872.0,527.1485,904.6289,1.0544661,1.4971606,210.40373,233.0899,0.0,0.0,0.0,0.0,0.0,1.0,0.0,2,False,True,Interior orographic
76128533B421757708753,Firozpur,contained_grid,2,204.2911,219.0,8.708885,10.351105,0.021339465,0.022299904,959.5235,964.99524,0.0,0.0,0.0,0.0,0.0,0.0,0.0,0,False,False,Interior plain
76128533B42623703243160,Unnao,contained_grid,6,124.971855,143.0,7.8614807,12.555557,0.009928527,0.014380306,819.86005,860.6733,0.0,0.0,0.0,0.0,0.0,0.0,0.0,0,False,False,Interior plain
76128533B42646400584570,Bhiwani,contained_grid,7,233.65889,421.0,52.91254,158.59332,0.051208716,0.087446,736.1904,764.13153,0.0,0.0,0.0,0.0,0.0,0.0,0.0,0,False,False,Interior plain
76128533B42839853072341,Patan,contained_grid,6,55.332966,182.0,29.000368,63.32222,0.07065465,0.13735224,122.59554,147.50755,0.0,0.0,0.0,0.0,0.5,0.0,0.0,0,False,False,Interior plain
76128533B42880544505675,Dhar,contained_grid,11,390.44455,694.0,164.19183,455.04443,0.21954316,0.3463062,173.08075,219.98047,0.0,0.0,0.0,0.0,0.0,0.0,0.0,0,False,False,Interior plain
76128533B42922918567330,Chhatarpur,contained_grid,12,292.50888,538.0,112.24111,238.23444,0.12136236,0.21326321,673.7562,734.9241,0.0,0.0,0.0,0.0,0.0,0.0,0.0,0,False,False,Interior plain
76128533B42970684683247,Dhalai,contained_grid,2,142.955,403.0,250.04501,286.59113,0.16251534,0.18534003,105.56257,117.81285,0.0,0.0,0.0,0.0,1.0,0.0,0.0,0,False,False,Interior plain
76128533B43049220506604,Dakshin Dinajpur,contained_grid,3,28.973703,46.0,13.692963,19.028889,0.009978536,0.012902118,245.78314,263.39438,0.0,0.0,0.0,0.0,0.0,0.0,0.0,0,False,False,Interior plain
76128533B43180268042348,Kodarma,contained_grid,3,287.6826,558.0,220.65076,368.39,0.26526287,0.31964508,313.66815,326.34326,0.0,0.0,0.0,0.0,0.0,0.0,0.0,0,False,False,Interior plain
76128533B43252171579976,Dadra & Nagar Haveli,contained_grid,1,63.926666,264.0,200.07333,200.07333,0.2913851,0.2913851,23.304571,23.304571,1.0,1.0,1.0,1.0,1.0,0.0,0.0,1,True,False,Coastal plain
76128533B43335986553000,Mandya,contained_grid,8,749.8743,1036.0,138.7507,202.96002,0.12686995,0.19032466,133.59375,167.77304,0.0,0.0,0.0,0.0,0.25,0.0,0.0,0,False,False,Interior plain
76128533B43544960343942,Nagaur,contained_grid,27,339.5852,580.0,53.85922,168.60779,0.061325952,0.18731502,473.48465,540.80817,0.0,0.0,0.0,0.0,0.0,0.0,0.0,0,False,False,Interior plain
76128533B43737470294384,Amreli,contained_grid,10,147.33322,445.0,104.466774,249.92223,0.12796596,0.24266553,5.4099755,49.790348,0.2,0.4,0.7,1.0,1.0,0.0,0.0,1,True,False,Coastal plain
76128533B43965372582859,Sipahijula,contained_grid,1,26.518888,83.0,56.48111,56.48111,0.05238629,0.05238629,53.816418,53.816418,0.0,0.0,1.0,1.0,1.0,0.0,0.0,1,True,False,Coastal plain
76128533B44190672061408,Ukhrul,contained_grid,3,1360.0344,2705.0,867.2989,1072.6222,0.35807478,0.55863,359.04224,389.41232,0.0,0.0,0.0,0.0,0.0,1.0,0.0,2,False,True,Interior orographic
76128533B44197302080139,Thoubal,nearest_grid,1,825.07776,1452.0,626.92224,626.92224,0.19091035,0.19091035,322.53708,322.53708,0.0,0.0,0.0,0.0,0.0,1.0,0.0,2,False,True,Interior orographic
76128533B44250373880839,Damoh,contained_grid,10,391.6422,688.0,139.05779,235.75446,0.090540685,0.16070507,640.95636,687.39,0.0,0.0,0.0,0.0,0.0,0.0,0.0,0,False,False,Interior plain
76128533B44395557448920,Balangir,contained_grid,9,251.33792,971.0,261.551,619.68335,0.12695749,0.31449473,195.29056,229.99428,0.0,0.0,0.0,0.0,0.0,0.1111111111111111,0.0,0,False,False,Interior plain
76128533B44632955875385,Chatra,contained_grid,7,425.65256,717.0,154.9189,197.23666,0.25094962,0.3832388,324.4161,355.04013,0.0,0.0,0.0,0.0,0.0,0.0,0.0,0,False,False,Interior plain
76128533B4466876522971,Umaria,contained_grid,8,517.1153,976.0,230.25972,349.6489,0.22707161,0.40850237,557.7046,595.1274,0.0,0.0,0.0,0.0,0.0,0.0,0.0,0,False,False,Interior plain
76128533B4481773749911,Krishna,contained_grid,12,52.688244,443.0,122.728424,349.00446,0.064996235,0.14256792,9.820683,64.56547,0.25,0.3333333333333333,0.5833333333333334,0.75,1.0,0.0,0.0,1,True,False,Coastal plain
76128533B45037556977273,Gir Somnath,contained_grid,6,63.97778,370.0,116.18888,225.95111,0.17921029,0.27621168,0.6090669,12.447097,0.6666666666666666,1.0,1.0,1.0,1.0,0.0,0.0,1,True,False,Coastal plain
76128533B45072089356239,Thiruvarur,contained_grid,3,10.295926,30.0,15.037407,20.403334,0.029692642,0.035511836,10.833827,22.494997,0.6666666666666666,1.0,1.0,1.0,1.0,0.0,0.0,1,True,False,Coastal plain
76128533B45099378029175,Banda,contained_grid,7,121.770004,269.0,35.230003,132.8811,0.063045934,0.19775388,749.82477,777.05304,0.0,0.0,0.0,0.0,0.0,0.0,0.0,0,False,False,Interior plain
76128533B45106682783501,Jind,contained_grid,5,226.53976,237.0,6.6602235,9.51889,0.014271116,0.015916297,831.11285,848.3793,0.0,0.0,0.0,0.0,0.0,0.0,0.0,0,False,False,Interior plain
76128533B45314020251888,Hoshangabad,contained_grid,9,401.93494,1208.0,316.39838,661.2478,0.22606008,0.4448651,451.13223,508.8201,0.0,0.0,0.0,0.0,0.0,0.1111111111111111,0.0,0,False,False,Interior plain
76128533B45381195840581,Pakur,contained_grid,3,102.76704,537.0,252.89961,341.49222,0.15370975,0.1949282,226.98334,246.07143,0.0,0.0,0.0,0.0,0.0,0.0,0.0,0,False,False,Interior plain
76128533B45574198291616,North ,nearest_grid,1,215.66888,223.0,7.3311157,7.3311157,0.0058653606,0.0058653606,815.5891,815.5891,0.0,0.0,0.0,0.0,0.0,0.0,0.0,0,False,False,Interior plain
76128533B45592431373253,Thiruvallur,contained_grid,3,69.32815,520.0,174.67186,353.90778,0.12046058,0.24034108,7.516208,36.35286,0.3333333333333333,0.6666666666666666,1.0,1.0,1.0,0.0,0.0,1,True,False,Coastal plain
76128533B45623818137574,Arwal,contained_grid,1,71.19,81.0,9.809998,9.809998,0.030759115,0.030759115,442.1251,442.1251,0.0,0.0,0.0,0.0,0.0,0.0,0.0,0,False,False,Interior plain
76128533B45655211862788,Rajouri,contained_grid,4,1005.3925,2350.0,780.6075,1029.12,1.6565211,2.415741,1126.2972,1138.168,0.0,0.0,0.0,0.0,0.0,1.0,0.0,2,False,True,Interior orographic
76128533B46038384763988,Rudraprayag,contained_grid,2,1785.7533,3572.0,1415.2467,1555.79,1.565463,2.8050234,1059.3787,1070.6377,0.0,0.0,0.0,0.0,0.0,1.0,0.0,2,False,True,Interior orographic
76128533B46084756537322,Shi Yomi,contained_grid,6,2911.8508,4855.0,1485.6489,2137.2034,1.7956241,2.4325202,644.23987,665.7675,0.0,0.0,0.0,0.0,0.0,1.0,0.0,2,False,True,Interior orographic
76128533B46195204843409,Ludhiana,contained_grid,6,250.6189,361.0,25.047783,98.755554,0.04218161,0.11748806,962.21375,982.9685,0.0,0.0,0.0,0.0,0.0,0.0,0.0,0,False,False,Interior plain
76128533B46268976217915,Baghpat,contained_grid,2,227.39278,243.0,10.1072235,10.460007,0.020777363,0.021214608,851.5941,863.41516,0.0,0.0,0.0,0.0,0.0,0.0,0.0,0,False,False,Interior plain
76128533B46490409917345,Bongaigaon,contained_grid,1,48.497776,394.0,345.50223,345.50223,0.033305623,0.033305623,289.03076,289.03076,0.0,0.0,0.0,0.0,0.0,0.0,0.0,0,False,False,Interior plain
76128533B46531174070538,Udham Singh Nagar,contained_grid,5,245.51245,1046.0,346.48755,784.98444,0.6431981,1.1231494,972.0625,993.8586,0.0,0.0,0.0,0.0,0.0,0.4,0.0,0,False,True,Interior plain
76128533B46682008877369,Rampur,contained_grid,4,195.4164,252.0,20.583607,42.41777,0.07303702,0.167092,909.9629,943.61597,0.0,0.0,0.0,0.0,0.0,0.0,0.0,0,False,False,Interior plain
76128533B46866455993508,Narmada,contained_grid,4,228.47305,734.0,311.02695,415.68445,0.2894575,0.44700572,37.499786,54.014313,0.0,0.5,1.0,1.0,1.0,0.0,0.0,1,True,False,Coastal plain
76128533B46926146855114,Garhwal,contained_grid,8,992.15125,2699.0,811.72375,1049.5688,1.0806834,1.3805026,978.6553,1005.82983,0.0,0.0,0.0,0.0,0.0,1.0,0.0,2,False,True,Interior orographic
76128533B46979893461805,Surajpur,contained_grid,4,542.7403,901.0,246.25972,307.34442,0.13003185,0.20263007,440.9629,455.63116,0.0,0.0,0.0,0.0,0.0,0.0,0.0,0,False,False,Interior plain
76128533B4720703924950,Unokoti,contained_grid,1,67.80666,218.0,150.19333,150.19333,0.098453745,0.098453745,150.26344,150.26344,0.0,0.0,0.0,0.0,0.0,0.0,0.0,0,False,False,Interior plain
76128533B4743808419896,Dharmapuri,contained_grid,7,511.5235,1344.0,570.0479,873.1911,0.29106265,0.4310422,142.45013,188.12016,0.0,0.0,0.0,0.0,0.14285714285714285,0.5714285714285714,0.0,2,False,True,Interior orographic
76128533B47448948912370,Koraput,contained_grid,11,752.73065,1483.0,361.0876,692.69336,0.40127832,0.8670939,78.75489,124.94277,0.0,0.0,0.0,0.18181818181818182,0.7272727272727273,0.18181818181818182,0.0,0,False,False,Interior plain
76128533B4745348385341,Araria,contained_grid,4,52.75528,69.0,8.744722,9.196667,0.027364992,0.03753791,389.5904,404.38348,0.0,0.0,0.0,0.0,0.0,0.0,0.0,0,False,False,Interior plain
76128533B4753404177348,Coimbatore,contained_grid,7,712.23157,2492.0,972.91125,1387.9366,0.8778389,1.3443102,79.88822,100.84912,0.0,0.0,0.0,0.42857142857142855,1.0,0.8571428571428571,0.0,2,False,True,Interior orographic
76128533B47594161132413,Chitradurga,contained_grid,11,654.5703,1080.0,209.70241,397.50775,0.11657262,0.19148275,163.39511,202.71538,0.0,0.0,0.0,0.0,0.0,0.0,0.0,0,False,False,Interior plain
76128533B47664895117076,Kargil,contained_grid,25,4572.746,7005.0,1122.0142,2335.6436,0.5827768,1.246065,1243.0562,1307.324,0.0,0.0,0.0,0.0,0.0,1.0,0.0,2,False,True,Interior orographic
76128533B47772746709007,Barpeta,contained_grid,4,43.968334,250.0,61.781666,209.30556,0.117958575,0.24741945,289.14236,305.38083,0.0,0.0,0.0,0.0,0.0,0.0,0.0,0,False,False,Interior plain
76128533B47816398970283,Ahmadnagar,contained_grid,21,607.1138,1381.0,210.79094,631.37335,0.16351888,0.5792085,78.8236,165.88446,0.0,0.0,0.0,0.047619047619047616,0.2857142857142857,0.09523809523809523,0.0,0,False,False,Interior plain
76128533B47840093719460,Bastar,contained_grid,7,577.0733,1133.0,206.06953,615.9711,0.15457556,0.31514236,170.57321,208.08167,0.0,0.0,0.0,0.0,0.0,0.14285714285714285,0.0,0,False,False,Interior plain
76128533B48075109668277,Bangalore Rural,contained_grid,4,897.71277,1291.0,193.03723,385.84778,0.06954796,0.11915121,245.71559,254.73181,0.0,0.0,0.0,0.0,0.0,0.0,0.0,0,False,False,Interior plain
76128533B48077510234542,Kabeerdham,contained_grid,6,434.8035,893.0,252.02983,429.39,0.42660668,0.6293409,457.42996,477.3545,0.0,0.0,0.0,0.0,0.0,0.0,0.0,0,False,False,Interior plain
76128533B4839184447445,Udupi,contained_grid,5,94.22267,1141.0,503.17734,1063.9944,0.5612854,0.92112637,1.636529,15.266444,0.6,1.0,1.0,1.0,1.0,0.6,0.6,3,True,True,Coastal orographic
76128533B48708628358161,Doda,contained_grid,4,2490.1816,4231.0,1481.8184,1566.8711,1.1850404,1.9114732,1189.9537,1203.5088,0.0,0.0,0.0,0.0,0.0,1.0,0.0,2,False,True,Interior orographic
76128533B48885555323596,Batod,contained_grid,4,83.39333,247.0,65.10667,124.33,0.13645516,0.17708188,15.405832,43.143,0.25,0.5,1.0,1.0,1.0,0.0,0.0,1,True,False,Coastal plain
76128533B49017555803526,Purba Champaran,contained_grid,5,70.22467,86.0,7.9753327,12.1388855,0.02059212,0.036764607,531.42426,548.18616,0.0,0.0,0.0,0.0,0.0,0.0,0.0,0,False,False,Interior plain
76128533B49100243723360,Kiphire,contained_grid,2,1740.2622,3613.0,1220.2378,1590.7811,0.5958166,0.6871969,468.7696,469.09448,0.0,0.0,0.0,0.0,0.0,1.0,0.0,2,False,True,Interior orographic
76128533B49246671500878,East Khasi Hills,contained_grid,4,1093.4155,1918.0,731.0844,1087.7122,1.056744,1.707226,199.82808,223.909,0.0,0.0,0.0,0.0,0.0,1.0,0.0,2,False,True,Interior orographic
76128533B49394025943542,Wanaparthy,contained_grid,3,343.7611,561.0,154.90556,164.49445,0.15675034,0.2293602,209.90987,236.96094,0.0,0.0,0.0,0.0,0.0,0.0,0.0,0,False,False,Interior plain
76128533B49429513424897,Samba,contained_grid,2,401.53833,1038.0,377.96167,549.17004,0.6783262,1.063728,1119.83,1130.3965,0.0,0.0,0.0,0.0,0.0,0.5,0.0,0,False,True,Interior plain
76128533B49436035281620,Lucknow,contained_grid,4,122.73917,132.0,8.260834,9.694443,0.010784866,0.01233367,835.7626,853.37177,0.0,0.0,0.0,0.0,0.0,0.0,0.0,0,False,False,Interior plain
76128533B49456368048033,Serchhip,contained_grid,2,749.8889,1458.0,661.6111,725.49225,0.4863335,0.5053872,123.88943,133.1668,0.0,0.0,0.0,0.0,1.0,1.0,0.0,2,False,True,Interior orographic
76128533B49460554954204,Ghazipur,contained_grid,5,70.662445,79.0,4.937555,6.0177765,0.009004158,0.0110784,535.1957,561.0641,0.0,0.0,0.0,0.0,0.0,0.0,0.0,0,False,False,Interior plain
76128533B49597693387243,Davanagere,contained_grid,7,627.5,950.0,138.07143,238.58331,0.12089444,0.2159637,127.25536,153.38054,0.0,0.0,0.0,0.0,0.42857142857142855,0.0,0.0,0,False,False,Interior plain
76128533B49615943426842,Mahisagar,contained_grid,3,117.389626,230.0,75.610374,102.181114,0.08271804,0.08965821,98.80508,118.73458,0.0,0.0,0.0,0.3333333333333333,1.0,0.0,0.0,0,False,False,Interior plain
76128533B49805675626253,Sahibganj,contained_grid,4,81.46472,419.0,245.03528,288.79666,0.10426222,0.13117802,281.48062,296.31766,0.0,0.0,0.0,0.0,0.0,0.0,0.0,0,False,False,Interior plain
76128533B49867917697487,Sirohi,contained_grid,8,358.0496,1565.0,571.32544,1135.7922,0.22949846,0.27028337,232.98921,260.246,0.0,0.0,0.0,0.0,0.0,0.5,0.0,0,False,True,Interior plain
76128533B49993259380917,Lower Siang,contained_grid,2,604.3211,1748.0,1063.179,1086.9745,0.9399613,0.97719306,593.0789,601.07764,0.0,0.0,0.0,0.0,0.0,1.0,0.0,2,False,True,Interior orographic
76128533B50011981829203,Kinnaur,contained_grid,10,4380.109,6446.0,1503.591,2409.3467,1.3282412,2.092922,1126.122,1157.8674,0.0,0.0,0.0,0.0,0.0,1.0,0.0,2,False,True,Interior orographic
76128533B50014751336341,Singrauli,contained_grid,8,362.89374,751.0,198.35625,375.25,0.15863033,0.24913757,512.77704,550.1168,0.0,0.0,0.0,0.0,0.0,0.0,0.0,0,False,False,Interior plain
76128533B50056157736049,Nashik,contained_grid,23,594.53296,1270.0,311.90182,627.79224,0.23961401,0.6311662,62.905067,126.63282,0.0,0.0,0.08695652173913043,0.2608695652173913,0.7391304347826086,0.13043478260869565,0.0,0,True,False,Interior plain
76128533B50184713016881,Muktsar,contained_grid,3,193.98297,203.0,7.350367,7.9666595,0.017903635,0.021672895,850.60376,875.0064,0.0,0.0,0.0,0.0,0.0,0.0,0.0,0,False,False,Interior plain
76128533B50275440439236,Saraikela-Kharsawan,contained_grid,3,220.66779,811.0,395.99887,561.42444,0.17391579,0.28952587,176.12534,188.9998,0.0,0.0,0.0,0.0,0.0,0.3333333333333333,0.0,0,False,True,Interior plain
76128533B50374927918374,Nainital,contained_grid,5,777.1647,2479.0,1036.2354,1422.6333,1.4710071,1.7350632,987.5989,1002.5868,0.0,0.0,0.0,0.0,0.0,1.0,0.0,2,False,True,Interior orographic
76128533B50498617372937,Rayagada,contained_grid,10,471.83633,1396.0,551.2637,884.76666,0.29014048,0.49129415,73.18429,116.2407,0.0,0.0,0.2,0.3,1.0,0.6,0.1,2,True,True,Interior orographic
76128533B50613523798301,Pratapgarh,contained_grid,5,412.8331,571.0,136.3669,257.71,0.21880603,0.32038054,245.46687,261.76788,0.0,0.0,0.0,0.0,0.0,0.0,0.0,0,False,False,Interior plain
76128533B50650763703739,Dhemaji,contained_grid,4,148.4225,845.0,361.5775,690.36224,0.57299566,0.8677755,572.3678,607.4281,0.0,0.0,0.0,0.0,0.0,0.5,0.0,0,False,True,Interior plain
76128533B50784044604286,Reasi,contained_grid,2,1611.5557,3843.0,1557.4443,1974.2444,2.2564867,2.7808888,1162.5278,1170.8793,0.0,0.0,0.0,0.0,0.0,1.0,0.0,2,False,True,Interior orographic
76128533B50969226102213,Churachandpur,contained_grid,4,968.7739,2001.0,866.7261,949.7433,0.4845929,0.7088101,234.94954,255.47238,0.0,0.0,0.0,0.0,0.0,1.0,0.0,2,False,True,Interior orographic
76128533B51331331726928,Gurdaspur,contained_grid,5,245.88956,277.0,14.910443,22.761108,0.054002203,0.102323666,1055.0289,1072.1514,0.0,0.0,0.0,0.0,0.0,0.0,0.0,0,False,False,Interior plain
76128533B51363853289247,Nalanda,contained_grid,2,56.09111,74.0,15.90889,16.983334,0.038519472,0.039025743,391.70984,399.68695,0.0,0.0,0.0,0.0,0.0,0.0,0.0,0,False,False,Interior plain
76128533B51368558457506,Allahabad,contained_grid,7,103.94063,278.0,41.34508,160.09778,0.07942329,0.24795541,618.2093,657.49677,0.0,0.0,0.0,0.0,0.0,0.0,0.0,0,False,False,Interior plain
76128533B51372664315362,Namakkal,contained_grid,4,306.50696,1316.0,626.49304,940.2367,0.28170684,0.37798774,156.16455,169.46895,0.0,0.0,0.0,0.0,0.0,0.75,0.0,2,False,True,Interior orographic
76128533B51402332870635,Murshidabad,contained_grid,6,21.387594,39.0,10.779075,15.843334,0.016891377,0.03976392,172.06483,192.023,0.0,0.0,0.0,0.0,0.0,0.0,0.0,0,False,False,Interior plain
76128533B51799781997546,Perambalur,contained_grid,2,176.72389,869.0,344.77612,612.8589,0.26143754,0.3309864,74.18537,87.840164,0.0,0.0,0.5,0.5,1.0,0.5,0.0,1,True,True,Coastal plain
76128533B51849218363622,Moradabad,contained_grid,4,203.75473,275.0,20.745277,47.587784,0.05963827,0.14813797,914.39923,934.275,0.0,0.0,0.0,0.0,0.0,0.0,0.0,0,False,False,Interior plain
76128533B52058654769647,Sonbhadra,contained_grid,8,293.6957,597.0,177.5543,330.25555,0.10695238,0.18786256,489.09546,521.7465,0.0,0.0,0.0,0.0,0.0,0.0,0.0,0,False,False,Interior plain
76128533B5215906594478,Bid,contained_grid,15,594.57794,872.0,140.5554,229.57556,0.18190457,0.27881047,201.79985,280.4297,0.0,0.0,0.0,0.0,0.0,0.0,0.0,0,False,False,Interior plain
76128533B52487813780503,Surguja,contained_grid,6,633.6191,1128.0,356.0476,452.47668,0.28337282,0.4039893,369.02972,403.3534,0.0,0.0,0.0,0.0,0.0,0.0,0.0,0,False,False,Interior plain
76128533B52590639744160,Salem,contained_grid,7,374.993,1573.0,560.29266,974.1,0.31188494,0.54249954,103.76148,164.86635,0.0,0.0,0.0,0.0,0.42857142857142855,0.5714285714285714,0.0,2,False,True,Interior orographic
76128533B52639434516056,Tirunelveli,contained_grid,6,235.8726,1681.0,469.46072,1159.8989,0.32579723,0.75224286,6.218299,39.18398,0.16666666666666666,0.8333333333333334,1.0,1.0,1.0,0.5,0.5,1,True,True,Coastal plain
76128533B52664671961643,Anantapur,contained_grid,26,497.88934,930.0,195.57217,346.80667,0.18155497,0.36919278,192.81491,253.11066,0.0,0.0,0.0,0.0,0.0,0.0,0.0,0,False,False,Interior plain
76128533B52802748445403,Khordha,contained_grid,3,42.147038,194.0,127.1863,147.01889,0.092363365,0.1458662,11.060361,30.71047,0.3333333333333333,1.0,1.0,1.0,1.0,0.0,0.0,1,True,False,Coastal plain
76128533B52902360321344,Banas Kantha,contained_grid,15,134.66068,770.0,109.472664,475.50223,0.13764141,0.26733646,140.02846,189.91653,0.0,0.0,0.0,0.0,0.06666666666666667,0.0,0.0,0,False,False,Interior plain
76128533B52906466328910,South West Garo Hills,contained_grid,1,83.67778,555.0,471.3222,471.3222,0.4940159,0.4940159,214.66891,214.66891,0.0,0.0,0.0,0.0,0.0,0.0,0.0,0,False,False,Interior plain
76128533B53018054761164,Mancherial,contained_grid,4,196.53528,619.0,202.71472,335.11777,0.089541875,0.14810519,308.06046,336.0629,0.0,0.0,0.0,0.0,0.0,0.0,0.0,0,False,False,Interior plain
76128533B53136419849111,South West,nearest_grid,1,223.06111,300.0,76.93889,76.93889,0.037346113,0.037346113,792.0774,792.0774,0.0,0.0,0.0,0.0,0.0,0.0,0.0,0,False,False,Interior plain
76128533B53316015271969,Sukma,contained_grid,7,261.93668,1083.0,449.77762,623.9811,0.26044157,0.38880265,152.56192,167.8674,0.0,0.0,0.0,0.0,0.0,0.14285714285714285,0.0,0,False,False,Interior plain
76128533B53366745705922,Birbhum,contained_grid,7,57.133648,182.0,44.00921,101.60778,0.0762797,0.124189295,145.43164,171.87096,0.0,0.0,0.0,0.0,0.14285714285714285,0.0,0.0,0,False,False,Interior plain
76128533B53373614632193,Peddapalli,contained_grid,4,210.70444,515.0,194.79556,305.97223,0.11868135,0.15053701,300.52255,319.59033,0.0,0.0,0.0,0.0,0.0,0.0,0.0,0,False,False,Interior plain
76128533B53549946596470,Dewas,contained_grid,10,405.989,705.0,145.01099,302.62222,0.18638495,0.35075384,320.89526,360.45953,0.0,0.0,0.0,0.0,0.0,0.0,0.0,0,False,False,Interior plain
76128533B53609934827566,Jashpur,contained_grid,6,618.54315,1112.0,259.45688,388.84003,0.33940014,0.46483544,332.45926,347.69644,0.0,0.0,0.0,0.0,0.0,0.0,0.0,0,False,False,Interior plain
76128533B53671786151110,Kohima,contained_grid,3,1029.6564,2581.0,1230.3436,1525.6622,1.2635008,1.7361759,399.40732,417.07303,0.0,0.0,0.0,0.0,0.0,1.0,0.0,2,False,True,Interior orographic
76128533B53717296822608,East Siang,contained_grid,4,577.61444,2809.0,1119.1355,1916.1089,1.3012052,2.1377082,645.7644,671.5966,0.0,0.0,0.0,0.0,0.0,1.0,0.0,2,False,True,Interior orographic
76128533B53725063754801,Chitrakoot,contained_grid,4,169.15973,438.0,125.09028,156.44888,0.14288849,0.20453638,693.6925,714.1649,0.0,0.0,0.0,0.0,0.0,0.0,0.0,0,False,False,Interior plain
76128533B53791014455989,Sidhi,contained_grid,6,360.47592,723.0,219.8574,290.55222,0.112891614,0.22445008,567.8956,594.4029,0.0,0.0,0.0,0.0,0.0,0.0,0.0,0,False,False,Interior plain
76128533B53796141759805,Kanniyakumari,contained_grid,3,200.54222,1595.0,963.7911,1199.9634,0.5895428,0.79795676,7.2979097,17.40943,0.6666666666666666,1.0,1.0,1.0,1.0,1.0,1.0,3,True,True,Coastal orographic
76128533B54279577656282,Thanjavur,contained_grid,5,33.52289,126.0,33.677113,58.068886,0.05673462,0.08019558,2.998885,35.77903,0.4,0.8,1.0,1.0,1.0,0.0,0.0,1,True,False,Coastal plain
76128533B54279951806726,Sant Kabir Nagar,contained_grid,3,82.522224,89.0,5.811109,6.3499985,0.009435184,0.009894943,662.1323,680.70337,0.0,0.0,0.0,0.0,0.0,0.0,0.0,0,False,False,Interior plain
76128533B54301724756864,Tonk,contained_grid,10,302.70087,560.0,110.89911,245.70999,0.05079975,0.09430036,459.34488,504.00543,0.0,0.0,0.0,0.0,0.0,0.0,0.0,0,False,False,Interior plain
76128533B54306414631532,Baloda Bazar,contained_grid,5,277.56934,675.0,120.430664,351.4211,0.04753661,0.08399526,339.25586,379.2536,0.0,0.0,0.0,0.0,0.0,0.0,0.0,0,False,False,Interior plain
76128533B54396396829952,Dakshina Kannada,contained_grid,7,222.1138,1370.0,617.7433,1202.8789,0.6015925,1.1241585,13.125461,38.931488,0.2857142857142857,0.7142857142857143,1.0,1.0,1.0,0.5714285714285714,0.5714285714285714,3,True,True,Coastal orographic
76128533B54517225652088,Banka,contained_grid,4,112.68584,299.0,115.06416,149.40555,0.14910005,0.18499787,269.61572,287.07117,0.0,0.0,0.0,0.0,0.0,0.0,0.0,0,False,False,Interior plain
76128533B54652028494758,Tarn Taran,contained_grid,5,220.88045,242.0,12.119553,17.217773,0.023157787,0.030089203,984.28656,1007.70935,0.0,0.0,0.0,0.0,0.0,0.0,0.0,0,False,False,Interior plain
76128533B54775433755383,Hassan,contained_grid,10,895.04114,1489.0,243.25888,618.2789,0.2360075,0.7706066,86.34989,125.84023,0.0,0.0,0.0,0.2,0.8,0.1,0.0,0,False,False,Interior plain
76128533B55039756001726,Bikaner,contained_grid,43,204.42625,337.0,27.503977,53.808884,0.05781605,0.10968673,535.16797,617.3726,0.0,0.0,0.0,0.0,0.0,0.0,0.0,0,False,False,Interior plain
76128533B55519385298440,Golaghat,contained_grid,5,102.054214,617.0,105.145775,447.78888,0.105265275,0.35172966,440.8985,457.4831,0.0,0.0,0.0,0.0,0.0,0.0,0.0,0,False,False,Interior plain
76128533B55603381222870,Jalna,contained_grid,9,511.60123,700.0,93.06543,135.22443,0.08310876,0.15150993,281.43076,306.47568,0.0,0.0,0.0,0.0,0.0,0.0,0.0,0,False,False,Interior plain
76128533B55622097933343,Sri Potti Sriramulu Nellore,contained_grid,18,78.90957,993.0,205.36821,806.3689,0.12672442,0.258285,2.8315046,40.956425,0.3333333333333333,0.6111111111111112,0.8888888888888888,1.0,1.0,0.16666666666666666,0.1111111111111111,1,True,False,Coastal plain
76128533B55878637000592,Anjaw,contained_grid,10,2910.9995,4934.0,1516.4004,2079.9343,1.6335173,2.347068,743.81085,776.0394,0.0,0.0,0.0,0.0,0.0,1.0,0.0,2,False,True,Interior orographic
76128533B56012535339305,Chirang,contained_grid,4,173.55556,1681.0,653.69446,1281.9312,0.78012455,1.434073,316.36728,330.091,0.0,0.0,0.0,0.0,0.0,0.5,0.0,0,False,True,Interior plain
76128533B56050914259601,Chandigarh,contained_grid,1,349.7,549.0,199.29999,199.29999,0.623141,0.623141,1001.8889,1001.8889,0.0,0.0,0.0,0.0,0.0,0.0,0.0,0,False,False,Interior plain
76128533B5628791558965,Alwar,contained_grid,14,322.4758,693.0,170.30992,271.31445,0.14482227,0.2547557,637.02466,685.9464,0.0,0.0,0.0,0.0,0.0,0.0,0.0,0,False,False,Interior plain
76128533B56326354019534,Kangpokpi,contained_grid,4,1057.21,2737.0,1020.29004,1302.5,0.51280594,0.8243972,303.33997,331.20837,0.0,0.0,0.0,0.0,0.0,1.0,0.0,2,False,True,Interior orographic
76128533B56857410767766,Diu,nearest_grid,1,12.908889,56.0,43.09111,43.09111,0.14847036,0.14847036,1.2068017,1.2068017,1.0,1.0,1.0,1.0,1.0,0.0,0.0,1,True,False,Coastal plain
76128533B57036825942975,Tiruppur,contained_grid,8,321.1097,1947.0,256.6403,1461.9556,0.27629453,1.1948762,114.861336,150.61034,0.0,0.0,0.0,0.0,0.5,0.125,0.0,0,False,False,Interior plain
76128533B57183548666997,Leh(Ladakh),contained_grid,128,5087.216,7208.0,910.8546,1628.4612,0.55180883,1.8009853,1252.3632,1433.4614,0.0,0.0,0.0,0.0,0.0,1.0,0.0,2,False,True,Interior orographic
76128533B57609583882472,Kodagu,contained_grid,4,909.0933,1504.0,478.15668,619.8689,0.4677199,0.7819371,49.312977,63.29457,0.0,0.25,1.0,1.0,1.0,0.5,0.5,1,True,True,Coastal plain
76128533B57691508962219,Raipur,contained_grid,3,280.17,319.0,30.496664,33.98221,0.028548008,0.029893605,363.55075,382.65714,0.0,0.0,0.0,0.0,0.0,0.0,0.0,0,False,False,Interior plain
76128533B57712033428660,Bhind,contained_grid,6,149.36742,236.0,22.465925,71.61444,0.028081374,0.05002075,705.28436,740.8972,0.0,0.0,0.0,0.0,0.0,0.0,0.0,0,False,False,Interior plain
76128533B57825981663822,Dibrugarh,contained_grid,4,107.87195,272.0,46.87806,153.95334,0.11180221,0.2941123,569.4579,591.8026,0.0,0.0,0.0,0.0,0.0,0.0,0.0,0,False,False,Interior plain
76128533B57893545331548,Raisen,contained_grid,12,442.95352,647.0,151.46315,230.9878,0.14727242,0.24843971,463.27823,529.168,0.0,0.0,0.0,0.0,0.0,0.0,0.0,0,False,False,Interior plain
76128533B57995625790051,Karbi Anglong West,contained_grid,6,464.0472,1128.0,369.61948,482.46777,0.76412815,0.90376496,284.91037,310.6971,0.0,0.0,0.0,0.0,0.0,0.8333333333333334,0.0,2,False,True,Interior orographic
76128533B58058152513003,Zunheboto,contained_grid,2,1117.6683,2216.0,997.83167,1025.2822,1.0426044,1.3059978,452.44125,462.7437,0.0,0.0,0.0,0.0,0.0,1.0,0.0,2,False,True,Interior orographic
76128533B58104976570569,Karimnagar,contained_grid,3,283.73184,547.0,158.26814,250.21112,0.16539739,0.19855294,279.5913,300.92264,0.0,0.0,0.0,0.0,0.0,0.0,0.0,0,False,False,Interior plain
76128533B58170186574016,Mahabubnagar,contained_grid,4,464.40222,655.0,116.84779,179.88556,0.17313689,0.23907405,243.51102,270.35468,0.0,0.0,0.0,0.0,0.0,0.0,0.0,0,False,False,Interior plain
76128533B58262202014972,New Delhi,nearest_grid,1,231.76334,308.0,76.236664,76.236664,0.026391849,0.026391849,805.08435,805.08435,0.0,0.0,0.0,0.0,0.0,0.0,0.0,0,False,False,Interior plain
76128533B58493775523243,Nizamabad,contained_grid,7,413.68826,638.0,133.74033,201.79556,0.14297983,0.18199037,356.5167,387.80035,0.0,0.0,0.0,0.0,0.0,0.0,0.0,0,False,False,Interior plain
76128533B58527154065354,Chittaurgarh,contained_grid,11,446.64383,593.0,99.356155,159.53888,0.0680017,0.12922703,277.3471,335.335,0.0,0.0,0.0,0.0,0.0,0.0,0.0,0,False,False,Interior plain
76128533B58537895532859,Chamba,contained_grid,11,3115.7812,5956.0,1745.3098,2380.2766,2.2751544,3.315618,1148.9379,1187.2489,0.0,0.0,0.0,0.0,0.0,1.0,0.0,2,False,True,Interior orographic
76128533B5855800361016,Begusarai,contained_grid,2,43.098892,50.0,5.9011097,6.4033318,0.013533026,0.022021832,374.53635,380.42392,0.0,0.0,0.0,0.0,0.0,0.0,0.0,0,False,False,Interior plain
76128533B58569599021232,Solan,contained_grid,3,1011.9626,2280.0,876.3708,968.20776,1.2558213,1.5429996,1027.3896,1042.046,0.0,0.0,0.0,0.0,0.0,1.0,0.0,2,False,True,Interior orographic
76128533B58697472287618,Godda,contained_grid,2,104.05333,271.0,115.94667,131.38667,0.14107813,0.15214825,262.18475,275.43176,0.0,0.0,0.0,0.0,0.0,0.0,0.0,0,False,False,Interior plain
76128533B58797478961083,Bhadrak,contained_grid,2,7.96,27.0,10.54,14.425555,0.033665314,0.050431203,12.408919,24.377377,0.5,1.0,1.0,1.0,1.0,0.0,0.0,1,True,False,Coastal plain
76128533B58876508630362,Panchkula,contained_grid,2,538.74835,1687.0,643.25165,927.3333,1.0069376,1.4611932,986.3302,998.88165,0.0,0.0,0.0,0.0,0.0,0.5,0.0,0,False,True,Interior plain
76128533B59121537940607,Barddhaman,contained_grid,10,27.916111,86.0,14.083888,29.983334,0.029885117,0.051714808,63.222927,103.226364,0.0,0.0,0.2,0.5,1.0,0.0,0.0,0,True,False,Interior plain
76128533B59256192226816,Lalitpur,contained_grid,8,374.86902,574.0,73.880974,129.40668,0.09287156,0.122899994,589.4698,621.17847,0.0,0.0,0.0,0.0,0.0,0.0,0.0,0,False,False,Interior plain
76128533B59405966069108,Srikakulam,contained_grid,10,92.616776,1321.0,425.0832,1149.2156,0.28789937,0.67374134,0.1755339,20.14265,0.7,0.9,1.0,1.0,1.0,0.4,0.4,1,True,True,Coastal plain
76128533B59459156188335,Jalor,contained_grid,16,129.4598,713.0,181.7277,494.9422,0.117047735,0.22945619,204.81245,277.60965,0.0,0.0,0.0,0.0,0.0,0.0,0.0,0,False,False,Interior plain
76128533B59504628511334,Kendujhar,contained_grid,12,403.15714,1069.0,317.50952,516.7755,0.33681616,0.55856794,60.61452,128.29686,0.0,0.0,0.08333333333333333,0.25,0.75,0.08333333333333333,0.0,0,True,False,Interior plain
76128533B59596968713717,Farrukhabad,contained_grid,2,147.06555,157.0,8.434448,10.372223,0.018679794,0.01870742,852.3381,860.98047,0.0,0.0,0.0,0.0,0.0,0.0,0.0,0,False,False,Interior plain
76128533B59855617266389,Chandel,contained_grid,2,1109.6989,2245.0,910.30115,1134.1156,0.8694039,1.1077306,272.0767,281.01245,0.0,0.0,0.0,0.0,0.0,1.0,0.0,2,False,True,Interior orographic
76128533B59866172845044,Washim,contained_grid,6,476.95703,589.0,64.87629,101.62222,0.12891276,0.1732199,392.07114,439.90738,0.0,0.0,0.0,0.0,0.0,0.0,0.0,0,False,False,Interior plain
76128533B60180372390230,Ajmer,contained_grid,15,421.9533,782.0,138.98,316.15332,0.10970354,0.35977757,394.20535,468.808,0.0,0.0,0.0,0.0,0.0,0.0,0.0,0,False,False,Interior plain
76128533B60186573304899,Anugul,contained_grid,11,202.82982,1020.0,404.89746,858.2767,0.21051607,0.69530857,94.98623,132.82912,0.0,0.0,0.0,0.09090909090909091,0.7272727272727273,0.2727272727272727,0.0,0,False,True,Interior plain
76128533B60261306484775,Valsad,contained_grid,4,118.08861,573.0,207.16139,406.46887,0.29189128,0.45581633,0.67479426,24.20771,0.5,1.0,1.0,1.0,1.0,0.0,0.0,1,True,False,Coastal plain
76128533B60320291189162,Faizabad,contained_grid,4,102.10722,114.0,6.3927784,6.9033356,0.011254066,0.013353857,719.3793,747.31134,0.0,0.0,0.0,0.0,0.0,0.0,0.0,0,False,False,Interior plain
76128533B60322704115131,Jayashankar,contained_grid,4,173.40334,430.0,188.84666,254.47333,0.06647783,0.09596379,262.9587,278.53665,0.0,0.0,0.0,0.0,0.0,0.0,0.0,0,False,False,Interior plain
76128533B60360721573267,Indore,contained_grid,6,527.888,767.0,104.11203,186.41446,0.17657049,0.45406553,263.62604,289.8778,0.0,0.0,0.0,0.0,0.0,0.0,0.0,0,False,False,Interior plain
76128533B6050540865870,Palamu,contained_grid,7,262.41205,576.0,192.0165,389.09332,0.15897445,0.2751061,378.3295,417.41843,0.0,0.0,0.0,0.0,0.0,0.0,0.0,0,False,False,Interior plain
76128533B60721316645780,Patna,contained_grid,4,50.331665,65.0,7.418333,8.796665,0.010269186,0.017117053,399.3154,421.46762,0.0,0.0,0.0,0.0,0.0,0.0,0.0,0,False,False,Interior plain
76128533B60845263086042,Paschim Barddhaman,contained_grid,1,125.94778,186.0,60.052223,60.052223,0.07550517,0.07550517,171.08965,171.08965,0.0,0.0,0.0,0.0,0.0,0.0,0.0,0,False,False,Interior plain
76128533B60862799554879,Aligarh,contained_grid,6,184.62852,197.0,6.538147,8.901108,0.016785437,0.0198208,783.6637,805.7007,0.0,0.0,0.0,0.0,0.0,0.0,0.0,0,False,False,Interior plain
76128533B60893804631193,Pashchimi Singhbhum,contained_grid,8,396.27972,839.0,289.34528,390.5611,0.18306015,0.33161134,155.78166,193.6488,0.0,0.0,0.0,0.0,0.0,0.0,0.0,0,False,False,Interior plain
76128533B61117593923933,Kollam,contained_grid,2,111.97945,846.0,377.52057,667.56,0.2822042,0.3815537,9.057788,22.944574,0.5,1.0,1.0,1.0,1.0,0.5,0.5,1,True,True,Coastal plain
76128533B61134942989820,Tehri Garhwal,contained_grid,7,1937.1445,6724.0,1344.7126,2535.7969,1.5374233,3.300018,1030.523,1054.2216,0.0,0.0,0.0,0.0,0.0,1.0,0.0,2,False,True,Interior orographic
76128533B61235952222315,West Kameng,contained_grid,7,1862.7781,4820.0,1678.0791,2368.58,2.4444485,3.0957422,404.68893,437.20953,0.0,0.0,0.0,0.0,0.0,1.0,0.0,2,False,True,Interior orographic
76128533B6128685860104,Sundargarh,contained_grid,13,290.26736,863.0,269.5788,632.0211,0.18517306,0.3818901,197.77301,253.41763,0.0,0.0,0.0,0.0,0.0,0.07692307692307693,0.0,0,False,False,Interior plain
76128533B61304308285665,Nandurbar,contained_grid,7,356.9689,1116.0,417.60254,677.17334,0.31132635,0.5104164,88.43311,126.05961,0.0,0.0,0.0,0.14285714285714285,0.8571428571428571,0.42857142857142855,0.0,0,False,True,Interior plain
76128533B61321395333865,Cuddalore,contained_grid,7,38.666664,136.0,46.904762,73.87444,0.071452655,0.13900952,1.9996064,30.444426,0.42857142857142855,0.7142857142857143,0.8571428571428571,1.0,1.0,0.0,0.0,1,True,False,Coastal plain
76128533B61760400952464,Meerut,contained_grid,4,220.25778,233.0,9.242222,14.655548,0.019903284,0.02318541,855.03033,872.1237,0.0,0.0,0.0,0.0,0.0,0.0,0.0,0,False,False,Interior plain
76128533B61814103412294,Yavatmal,contained_grid,20,327.48328,567.0,116.916725,184.69446,0.09533232,0.17670862,464.26712,500.09857,0.0,0.0,0.0,0.0,0.0,0.0,0.0,0,False,False,Interior plain
76128533B61831576863813,Tengnoupal,contained_grid,2,688.9133,1533.0,748.0867,861.8944,0.97557056,1.0966607,308.73788,317.79694,0.0,0.0,0.0,0.0,0.0,1.0,0.0,2,False,True,Interior orographic
76128533B62153454383166,Aravali,contained_grid,5,156.05022,477.0,108.74978,243.34555,0.14681752,0.2601889,106.07933,132.90312,0.0,0.0,0.0,0.0,0.8,0.0,0.0,0,False,False,Interior plain
76128533B62486414019241,Saitual,contained_grid,3,889.30743,2022.0,931.3592,1029.47,0.6227073,0.70536655,193.32275,201.69574,0.0,0.0,0.0,0.0,0.0,1.0,0.0,2,False,True,Interior orographic
76128533B62490300334729,Solapur,contained_grid,23,511.7653,827.0,83.452126,220.1767,0.11460942,0.23379643,168.42004,237.74208,0.0,0.0,0.0,0.0,0.0,0.0,0.0,0,False,False,Interior plain
76128533B62624361588317,Karaikal,nearest_grid,1,6.01,17.0,10.99,10.99,0.019523636,0.019523636,10.833827,10.833827,1.0,1.0,1.0,1.0,1.0,0.0,0.0,1,True,False,Coastal plain
76128533B62794162648247,Supaul,contained_grid,4,61.989998,97.0,10.51,19.223335,0.049968023,0.12607512,414.95883,432.486,0.0,0.0,0.0,0.0,0.0,0.0,0.0,0,False,False,Interior plain
76128533B6310527412636,Janjgir-Champa,contained_grid,7,239.68666,669.0,151.17049,415.41223,0.057327412,0.09324273,298.2564,338.15317,0.0,0.0,0.0,0.0,0.0,0.0,0.0,0,False,False,Interior plain
76128533B63117839967753,South Goa,contained_grid,3,211.48741,856.0,444.1793,547.38,0.4586133,0.59957737,8.177946,17.487726,0.6666666666666666,1.0,1.0,1.0,1.0,0.6666666666666666,0.6666666666666666,3,True,True,Coastal orographic
76128533B63176236753619,Mayiladuthurai,contained_grid,1,4.9711113,12.0,7.0288887,7.0288887,0.024976732,0.024976732,8.233007,8.233007,1.0,1.0,1.0,1.0,1.0,0.0,0.0,1,True,False,Coastal plain
76128533B6330405394721,Karnal,contained_grid,4,242.97694,259.0,8.273056,9.463333,0.021780755,0.02467298,876.5756,894.3627,0.0,0.0,0.0,0.0,0.0,0.0,0.0,0,False,False,Interior plain
76128533B63366045987285,Kasaragod,contained_grid,3,100.33777,904.0,426.99557,723.0945,0.4041313,0.60489225,1.8515873,13.440338,0.6666666666666666,1.0,1.0,1.0,1.0,0.3333333333333333,0.3333333333333333,1,True,True,Coastal plain
76128533B633842538351,Ganjam,contained_grid,11,154.9897,1053.0,545.1012,774.30115,0.3627353,0.7171348,10.936071,43.360756,0.2727272727272727,0.6363636363636364,0.8181818181818182,1.0,1.0,0.5454545454545454,0.36363636363636365,1,True,True,Coastal plain
76128533B63599385776584,Bharuch,contained_grid,7,26.96016,284.0,51.754124,226.00888,0.0740468,0.1980331,1.7003803,11.685289,0.7142857142857143,1.0,1.0,1.0,1.0,0.0,0.0,1,True,False,Coastal plain
76128533B63783580004876,Nanded,contained_grid,15,404.9324,644.0,116.667625,241.87332,0.100609794,0.21558537,423.43433,452.26517,0.0,0.0,0.0,0.0,0.0,0.0,0.0,0,False,False,Interior plain
76128533B63815467309300,Amravati,contained_grid,16,401.63104,1127.0,227.18146,560.6389,0.22452252,0.54225445,373.3625,459.54025,0.0,0.0,0.0,0.0,0.0,0.0625,0.0,0,False,False,Interior plain
76128533B63833971372360,Warangal (R),contained_grid,2,244.36221,347.0,70.63778,94.94333,0.05403768,0.074092776,221.45421,231.63861,0.0,0.0,0.0,0.0,0.0,0.0,0.0,0,False,False,Interior plain
76128533B6393836306469,Anantnag,contained_grid,3,2391.8801,4422.0,1401.4532,1469.1978,1.8552917,2.989082,1215.3969,1235.0691,0.0,0.0,0.0,0.0,0.0,1.0,0.0,2,False,True,Interior orographic
76128533B6397758882978,Navsari,contained_grid,4,32.54667,336.0,75.70334,244.06445,0.1150359,0.281346,3.3289692,12.898224,0.75,1.0,1.0,1.0,1.0,0.0,0.0,1,True,False,Coastal plain
76128533B64003397477352,Pudukkottai,contained_grid,7,101.27842,493.0,116.0073,333.97888,0.13962212,0.24438529,19.794916,54.060726,0.14285714285714285,0.42857142857142855,0.7142857142857143,1.0,1.0,0.0,0.0,1,True,False,Coastal plain
76128533B64156747739715,Koch Bihar,contained_grid,4,53.88028,87.0,11.869722,16.477776,0.04264745,0.08066468,307.14322,325.0833,0.0,0.0,0.0,0.0,0.0,0.0,0.0,0,False,False,Interior plain
76128533B64161607349718,Mahendragarh,contained_grid,2,304.53223,480.0,91.46777,141.34222,0.1343727,0.16714907,696.64636,714.4088,0.0,0.0,0.0,0.0,0.0,0.0,0.0,0,False,False,Interior plain
76128533B64217423710469,Bageshwar,contained_grid,5,2325.2131,7280.0,1532.387,2810.6055,2.0513215,3.234519,1060.7333,1084.8857,0.0,0.0,0.0,0.0,0.0,1.0,0.0,2,False,True,Interior orographic
76128533B64596101949699,Kaithal,contained_grid,3,236.00407,250.0,8.662593,12.403336,0.019440392,0.021023542,881.64624,893.32404,0.0,0.0,0.0,0.0,0.0,0.0,0.0,0,False,False,Interior plain
76128533B64732849735713,Jaunpur,contained_grid,4,86.88167,98.0,5.1183357,6.046669,0.009935874,0.012901695,631.4252,647.79425,0.0,0.0,0.0,0.0,0.0,0.0,0.0,0,False,False,Interior plain
76128533B64749652826710,Debagarh,contained_grid,3,274.57443,718.0,424.0922,489.72888,0.15210296,0.27476218,180.58553,189.69794,0.0,0.0,0.0,0.0,0.0,0.0,0.0,0,False,False,Interior plain
76128533B64834018186186,Vidisha,contained_grid,10,453.53345,575.0,72.06655,127.77112,0.07880136,0.14271188,499.27295,532.2455,0.0,0.0,0.0,0.0,0.0,0.0,0.0,0,False,False,Interior plain
76128533B64881202564500,Jiribam,nearest_grid,1,62.044445,685.0,622.95557,622.95557,0.45442477,0.45442477,252.04723,252.04723,0.0,0.0,0.0,0.0,0.0,1.0,0.0,2,False,True,Interior orographic
76128533B64898456093948,Dhaulpur,contained_grid,5,213.99866,363.0,63.00133,92.903336,0.08193747,0.11717709,633.11456,669.121,0.0,0.0,0.0,0.0,0.0,0.0,0.0,0,False,False,Interior plain
76128533B64903504311414,Hnahthial,contained_grid,1,813.2889,1732.0,918.7111,918.7111,0.42611763,0.42611763,127.066574,127.066574,0.0,0.0,0.0,0.0,1.0,1.0,0.0,2,False,True,Interior orographic
76128533B64905184636422,Tumkur,contained_grid,12,742.7883,1197.0,198.96167,383.2967,0.14516903,0.2275172,173.4871,226.78253,0.0,0.0,0.0,0.0,0.0,0.0,0.0,0,False,False,Interior plain
76128533B65773363805797,Kishanganj,contained_grid,2,56.519447,68.0,10.980555,11.688889,0.04392188,0.044294897,377.75232,385.40164,0.0,0.0,0.0,0.0,0.0,0.0,0.0,0,False,False,Interior plain
76128533B65820903826030,North District,contained_grid,7,4278.0146,8121.0,1683.9854,2862.1724,2.0346203,3.1954043,461.16714,493.4903,0.0,0.0,0.0,0.0,0.0,1.0,0.0,2,False,True,Interior orographic
76128533B66072086060089,Jhansi,contained_grid,8,202.91945,319.0,42.580555,71.49333,0.077858254,0.10452882,648.06445,699.55676,0.0,0.0,0.0,0.0,0.0,0.0,0.0,0,False,False,Interior plain
76128533B66125202864966,Dima Hasao,contained_grid,7,444.11554,1689.0,601.4559,1162.49,0.57644075,1.146993,288.88135,309.1966,0.0,0.0,0.0,0.0,0.0,0.5714285714285714,0.0,2,False,True,Interior orographic
76128533B66134271591289,Balaghat,contained_grid,13,501.08658,918.0,224.75958,412.96335,0.23061705,0.38451427,495.4391,538.3408,0.0,0.0,0.0,0.0,0.0,0.0,0.0,0,False,False,Interior plain
76128533B66145460152555,Bijapur,contained_grid,12,302.98843,923.0,284.51157,509.10223,0.20375617,0.43387938,190.14809,251.2901,0.0,0.0,0.0,0.0,0.0,0.08333333333333333,0.0,0,False,False,Interior plain
76128533B66335428496945,Shivpuri,contained_grid,17,370.33163,503.0,69.96248,141.68445,0.1225842,0.19974016,548.49384,600.2073,0.0,0.0,0.0,0.0,0.0,0.0,0.0,0,False,False,Interior plain
76128533B66411945144923,Longleng,contained_grid,1,769.56775,1889.0,1119.4323,1119.4323,1.3467637,1.3467637,509.843,509.843,0.0,0.0,0.0,0.0,0.0,1.0,0.0,2,False,True,Interior orographic
76128533B66426066081507,Bhojpur,contained_grid,3,69.01815,90.0,10.64852,13.074448,0.024247697,0.028382583,460.44083,466.9283,0.0,0.0,0.0,0.0,0.0,0.0,0.0,0,False,False,Interior plain
76128533B66612397499770,Bahraich,contained_grid,7,126.84048,182.0,15.73095,33.44667,0.040585157,0.10311028,826.5519,865.8556,0.0,0.0,0.0,0.0,0.0,0.0,0.0,0,False,False,Interior plain
76128533B66682530790248,Kamrup,contained_grid,5,225.54355,1727.0,414.65643,936.5367,0.6435005,1.2841803,242.52007,279.8516,0.0,0.0,0.0,0.0,0.0,0.6,0.0,2,False,True,Interior orographic
76128533B66719908763317,Kolhapur,contained_grid,9,652.59283,1004.0,269.07385,330.43335,0.29524752,0.6817231,44.820187,74.25656,0.0,0.1111111111111111,0.5555555555555556,0.8888888888888888,1.0,0.0,0.0,1,True,False,Coastal plain
76128533B66790149147330,Samastipur,contained_grid,4,47.04028,58.0,5.4597216,6.865555,0.007804486,0.009034328,399.1504,419.4647,0.0,0.0,0.0,0.0,0.0,0.0,0.0,0,False,False,Interior plain
76128533B66815680293072,Kamjong,contained_grid,3,1046.9248,2583.0,982.7419,1203.2611,0.93135834,1.3604484,342.49783,361.43384,0.0,0.0,0.0,0.0,0.0,1.0,0.0,2,False,True,Interior orographic
76128533B668165975951,Barwani,contained_grid,8,341.2072,1053.0,331.9178,661.3778,0.19401547,0.29239005,141.7281,188.29955,0.0,0.0,0.0,0.0,0.125,0.125,0.0,0,False,False,Interior plain
76128533B66825707357376,Churu,contained_grid,22,267.26047,377.0,25.875908,50.97223,0.06067753,0.094501235,607.4554,687.94635,0.0,0.0,0.0,0.0,0.0,0.0,0.0,0,False,False,Interior plain
76128533B67004768724668,Jhabua,contained_grid,5,389.1709,558.0,105.82912,133.97556,0.14440577,0.1805283,168.64407,193.50745,0.0,0.0,0.0,0.0,0.0,0.0,0.0,0,False,False,Interior plain
76128533B67005208112053,Dehradun,contained_grid,4,1270.1709,2883.0,962.0791,1188.8933,1.2035635,1.527005,1006.75446,1030.8866,0.0,0.0,0.0,0.0,0.0,1.0,0.0,2,False,True,Interior orographic
76128533B67018657649043,Raigarh,contained_grid,9,382.33237,1158.0,259.1121,447.90112,0.2066662,0.490437,279.202,324.1051,0.0,0.0,0.0,0.0,0.0,0.0,0.0,0,False,False,Interior plain
76128533B67044589012853,Khowai,contained_grid,2,110.18445,372.0,219.81555,275.05444,0.10244264,0.103869654,95.87478,105.61806,0.0,0.0,0.0,0.5,1.0,0.0,0.0,0,False,False,Interior plain
76128533B67054925852429,Jagtial,contained_grid,4,275.9625,563.0,176.5375,223.82222,0.157213,0.1873015,353.77213,371.48413,0.0,0.0,0.0,0.0,0.0,0.0,0.0,0,False,False,Interior plain
76128533B67210465807627,Wokha,contained_grid,3,347.78555,1298.0,753.5478,934.5933,1.009193,1.225073,420.8856,451.98743,0.0,0.0,0.0,0.0,0.0,1.0,0.0,2,False,True,Interior orographic
76128533B67326016655833,Mumbai Suburban,nearest_grid,1,41.965557,391.0,349.03445,349.03445,0.08270087,0.08270087,0.009455531,0.009455531,1.0,1.0,1.0,1.0,1.0,0.0,0.0,1,True,False,Coastal plain
76128533B67530641452031,Gonda,contained_grid,7,102.81301,126.0,11.472697,23.108887,0.013355556,0.01747346,735.2224,774.8429,0.0,0.0,0.0,0.0,0.0,0.0,0.0,0,False,False,Interior plain
76128533B67580812983244,Gurgaon,contained_grid,2,232.57056,307.0,70.92944,76.93889,0.046902016,0.056457918,755.99976,774.0386,0.0,0.0,0.0,0.0,0.0,0.0,0.0,0,False,False,Interior plain
76128533B67639510673366,East District,contained_grid,2,1798.3838,4356.0,1941.1162,2069.3022,2.5142837,3.3709812,435.90524,441.07242,0.0,0.0,0.0,0.0,0.0,1.0,0.0,2,False,True,Interior orographic
76128533B67748245133340,South Tripura,contained_grid,1,37.74889,109.0,71.251114,71.251114,0.08313191,0.08313191,37.698647,37.698647,0.0,1.0,1.0,1.0,1.0,0.0,0.0,1,True,False,Coastal plain
76128533B68195849750399,Kupwara,contained_grid,4,2614.6877,4565.0,1346.5623,1442.1699,1.3864772,2.089867,1220.9175,1246.2585,0.0,0.0,0.0,0.0,0.0,1.0,0.0,2,False,True,Interior orographic
76128533B6828791241172,Lohit,contained_grid,2,1462.8177,3420.0,1952.1823,2398.1167,2.8644712,3.0086503,726.5991,728.4231,0.0,0.0,0.0,0.0,0.0,1.0,0.0,2,False,True,Interior orographic
76128533B68379889579232,West,nearest_grid,1,215.66888,223.0,7.3311157,7.3311157,0.0058653606,0.0058653606,815.5891,815.5891,0.0,0.0,0.0,0.0,0.0,0.0,0.0,0,False,False,Interior plain
76128533B68554447699730,Bareilly,contained_grid,5,174.586,203.0,10.414004,12.880005,0.028325353,0.05724116,907.0782,933.0124,0.0,0.0,0.0,0.0,0.0,0.0,0.0,0,False,False,Interior plain
76128533B6884509901047,Subarnapur,contained_grid,4,149.32138,443.0,188.17862,297.86667,0.06788027,0.12776162,186.19337,200.71298,0.0,0.0,0.0,0.0,0.0,0.0,0.0,0,False,False,Interior plain
76128533B68984344044805,Ghaziabad,contained_grid,1,214.88,225.0,10.119995,10.119995,0.021728108,0.021728108,841.35895,841.35895,0.0,0.0,0.0,0.0,0.0,0.0,0.0,0,False,False,Interior plain
76128533B69412164931619,Bundi,contained_grid,9,283.85495,546.0,151.81172,223.12889,0.10339966,0.20645645,415.74734,458.27002,0.0,0.0,0.0,0.0,0.0,0.0,0.0,0,False,False,Interior plain
76128533B69417260894674,Chhota Udaipur,contained_grid,6,172.33112,643.0,277.66888,407.20667,0.25723788,0.48507592,68.22473,91.12748,0.0,0.0,0.16666666666666666,0.6666666666666666,1.0,0.0,0.0,0,True,False,Interior plain
76128533B69438085511257,Anand,contained_grid,4,22.064167,52.0,13.685833,15.026667,0.032142416,0.035944052,0.55049765,17.444511,0.5,1.0,1.0,1.0,1.0,0.0,0.0,1,True,False,Coastal plain
76128533B69481535535995,Khargone (West Nimar),contained_grid,10,332.64767,898.0,229.85233,515.4733,0.2307307,0.42251644,241.24518,268.319,0.0,0.0,0.0,0.0,0.0,0.1,0.0,0,False,False,Interior plain
76128533B69536039643660,Sonipat,contained_grid,2,225.65222,235.0,6.8477783,8.378891,0.013931846,0.014437717,839.3543,845.68945,0.0,0.0,0.0,0.0,0.0,0.0,0.0,0,False,False,Interior plain
76128533B69844709752120,Chamoli,contained_grid,12,3635.3545,7409.0,1914.2289,2736.0466,2.0338655,3.5768645,1051.6149,1115.0011,0.0,0.0,0.0,0.0,0.0,1.0,0.0,2,False,True,Interior orographic
76128533B70021405538438,Buldana,contained_grid,16,440.35153,729.0,117.21097,375.9289,0.19173636,0.36810976,313.1305,354.7746,0.0,0.0,0.0,0.0,0.0,0.0,0.0,0,False,False,Interior plain
76128533B70185077694103,East Jaintia Hills,contained_grid,3,896.10034,1669.0,634.56635,765.04443,0.85266143,1.275725,241.05705,258.19998,0.0,0.0,0.0,0.0,0.0,1.0,0.0,2,False,True,Interior orographic
76128533B70210707786180,Lawngtlai,contained_grid,3,491.56815,1961.0,765.09845,1172.4667,0.7797541,0.88562065,85.74208,96.46975,0.0,0.0,0.0,0.6666666666666666,1.0,0.6666666666666666,0.0,2,False,True,Interior orographic
76128533B70315194619807,Hojai,contained_grid,1,88.21111,165.0,76.78889,76.78889,0.13026066,0.13026066,351.6749,351.6749,0.0,0.0,0.0,0.0,0.0,0.0,0.0,0,False,False,Interior plain
76128533B70554191137208,Jhajjar,contained_grid,3,218.46593,238.0,13.534073,19.070007,0.023580007,0.038107432,767.8087,783.6643,0.0,0.0,0.0,0.0,0.0,0.0,0.0,0,False,False,Interior plain
76128533B70570208114113,Ribhoi,contained_grid,3,554.36005,1346.0,427.63998,462.08334,0.8877371,0.9669586,271.5102,283.85843,0.0,0.0,0.0,0.0,0.0,1.0,0.0,2,False,True,Interior orographic
76128533B70576899889534,Dohad,contained_grid,5,261.7429,475.0,127.657104,169.92111,0.15943809,0.20655812,121.481125,142.22299,0.0,0.0,0.0,0.0,0.6,0.0,0.0,0,False,False,Interior plain
76128533B70646408240587,Chhindwara,contained_grid,15,658.3699,1149.0,204.69682,509.86444,0.2599993,0.43855777,546.85236,585.284,0.0,0.0,0.0,0.0,0.0,0.06666666666666667,0.0,0,False,False,Interior plain
76128533B70759200975708,Kalahandi,contained_grid,11,366.77454,1098.0,411.95273,598.9055,0.33365235,0.62567884,158.34293,185.77611,0.0,0.0,0.0,0.0,0.0,0.45454545454545453,0.0,0,False,True,Interior plain
76128533B70842759816811,Cuttack,contained_grid,7,78.94143,651.0,219.20143,470.43,0.08512189,0.15682338,19.562067,53.193134,0.14285714285714285,0.42857142857142855,0.8571428571428571,1.0,1.0,0.0,0.0,1,True,False,Coastal plain
76128533B70974512658911,Virudhunagar,contained_grid,5,170.42822,1733.0,329.9718,1251.0701,0.36312288,1.1013858,48.11152,73.43286,0.0,0.2,0.6,0.8,1.0,0.2,0.0,1,True,False,Coastal plain
76128533B71056110198347,Medchal,nearest_grid,1,558.82666,623.0,64.17334,64.17334,0.08665897,0.08665897,272.21466,272.21466,0.0,0.0,0.0,0.0,0.0,0.0,0.0,0,False,False,Interior plain
76128533B71088079535368,Palwal,contained_grid,3,194.29964,307.0,41.700367,103.98555,0.04637495,0.07410802,759.7503,772.0527,0.0,0.0,0.0,0.0,0.0,0.0,0.0,0,False,False,Interior plain
76128533B7124697440629,Fatehpur,contained_grid,7,112.65429,126.0,7.7742844,9.726669,0.009199529,0.020171572,729.99176,790.0223,0.0,0.0,0.0,0.0,0.0,0.0,0.0,0,False,False,Interior plain
76128533B71254158898830,Pherzawl,contained_grid,2,534.0389,1456.0,743.4611,746.6556,0.8260949,0.8348688,229.92604,239.02838,0.0,0.0,0.0,0.0,0.0,1.0,0.0,2,False,True,Interior orographic
76128533B71271011331008,Khandwa (East Nimar),contained_grid,10,303.84467,642.0,89.655334,215.85999,0.089532934,0.13996373,317.65018,349.5038,0.0,0.0,0.0,0.0,0.0,0.0,0.0,0,False,False,Interior plain
76128533B71353370080255,North West,contained_grid,1,215.66888,223.0,7.3311157,7.3311157,0.0058653606,0.0058653606,815.5891,815.5891,0.0,0.0,0.0,0.0,0.0,0.0,0.0,0,False,False,Interior plain
76128533B71380851181380,Pune,contained_grid,19,648.22546,1301.0,297.51132,591.5111,0.20545182,0.6017554,50.6558,105.68848,0.0,0.0,0.3157894736842105,0.5789473684210527,0.8421052631578947,0.10526315789473684,0.05263157894736842,0,True,False,Interior plain
76128533B71390118115414,Nadia,contained_grid,6,13.975555,26.0,8.857778,13.76,0.005825503,0.009716787,85.40724,131.46075,0.0,0.0,0.0,0.16666666666666666,0.6666666666666666,0.0,0.0,0,False,False,Interior plain
76128533B71439508543442,Ranchi,contained_grid,8,531.61804,956.0,217.75694,462.75446,0.24415106,0.43146417,213.19858,264.0134,0.0,0.0,0.0,0.0,0.0,0.0,0.0,0,False,False,Interior plain
76128533B71485440235524,Visakhapatnam,contained_grid,16,495.21902,1521.0,548.5935,842.0611,0.6273593,1.2525948,2.063251,53.97145,0.1875,0.5,0.75,0.875,1.0,0.625,0.5,3,True,True,Coastal orographic
76128533B7157007143985,Uttar Dinajpur,contained_grid,5,43.347557,77.0,9.052444,13.004444,0.02145796,0.03870657,298.7072,334.69815,0.0,0.0,0.0,0.0,0.0,0.0,0.0,0,False,False,Interior plain
76128533B71714250401862,Dhamtari,contained_grid,6,373.88205,716.0,95.11796,230.23001,0.13293663,0.22967973,293.2161,338.04312,0.0,0.0,0.0,0.0,0.0,0.0,0.0,0,False,False,Interior plain
76128533B71824979235503,Madurai,contained_grid,5,201.49222,1176.0,566.3078,937.7878,0.34440884,0.49070022,85.70886,102.21105,0.0,0.0,0.0,0.4,1.0,0.8,0.0,2,False,True,Interior orographic
76128533B72079972234594,Ganganagar,contained_grid,15,167.68889,214.0,14.911113,39.99556,0.023418913,0.055079516,663.89246,747.8067,0.0,0.0,0.0,0.0,0.0,0.0,0.0,0,False,False,Interior plain
76128533B72109128179340,Kadapa(YSR),contained_grid,22,280.81345,950.0,375.1411,594.30334,0.20719199,0.49759823,85.602615,144.71622,0.0,0.0,0.0,0.13636363636363635,0.5909090909090909,0.18181818181818182,0.0,0,False,False,Interior plain
76128533B72485933575946,East,nearest_grid,1,212.87666,250.0,37.123337,37.123337,0.009841178,0.009841178,828.20355,828.20355,0.0,0.0,0.0,0.0,0.0,0.0,0.0,0,False,False,Interior plain
76128533B72507508533064,Kolkata,nearest_grid,1,6.2544446,16.0,9.745556,9.745556,0.004496388,0.004496388,32.78356,32.78356,0.0,1.0,1.0,1.0,1.0,0.0,0.0,1,True,False,Coastal plain
76128533B72541188260561,Guntur,contained_grid,15,93.377846,600.0,170.62215,309.55334,0.10561474,0.25936392,11.315944,71.58965,0.13333333333333333,0.26666666666666666,0.5333333333333333,0.7333333333333333,1.0,0.0,0.0,1,True,False,Coastal plain
76128533B72829420975835,Jogulamba,contained_grid,4,334.79498,453.0,68.955,100.26001,0.051723126,0.05864709,234.85866,264.53326,0.0,0.0,0.0,0.0,0.0,0.0,0.0,0,False,False,Interior plain
76128533B7291413308870,Fazilka,contained_grid,6,182.7137,195.0,7.119629,10.149994,0.018165706,0.023524228,828.8495,859.02295,0.0,0.0,0.0,0.0,0.0,0.0,0.0,0,False,False,Interior plain
76128533B73736605657091,Bemetra,contained_grid,3,284.5826,332.0,27.750742,34.618896,0.064378746,0.11839474,420.62393,437.52597,0.0,0.0,0.0,0.0,0.0,0.0,0.0,0,False,False,Interior plain
76128533B73769926250842,Ballia,contained_grid,4,61.324165,71.0,5.9258337,6.6100006,0.010119932,0.01146933,498.2686,525.09644,0.0,0.0,0.0,0.0,0.0,0.0,0.0,0,False,False,Interior plain
76128533B73809971322123,Dausa,contained_grid,6,295.05594,569.0,175.61073,266.6311,0.074297294,0.097776465,569.2079,615.7667,0.0,0.0,0.0,0.0,0.0,0.0,0.0,0,False,False,Interior plain
76128533B73854359719990,Gajapati,contained_grid,5,569.0111,1397.0,588.7889,778.7211,0.47743797,0.6588307,38.098907,59.237385,0.0,0.2,0.8,1.0,1.0,0.6,0.6,3,True,True,Coastal orographic
76128533B73925919155567,Azamgarh,contained_grid,7,81.576035,91.0,4.2811117,5.1033325,0.009558878,0.011192576,607.9849,632.4626,0.0,0.0,0.0,0.0,0.0,0.0,0.0,0,False,False,Interior plain
76128533B74057284038879,Rae Bareli,contained_grid,6,114.0313,125.0,5.8020363,6.5611115,0.009571256,0.013908838,745.78156,785.46515,0.0,0.0,0.0,0.0,0.0,0.0,0.0,0,False,False,Interior plain
76128533B74319098136622,Belgaum,contained_grid,17,648.7798,987.0,164.8085,302.69,0.12656733,0.3318003,58.304367,116.96972,0.0,0.0,0.11764705882352941,0.35294117647058826,0.8235294117647058,0.0,0.0,0,True,False,Interior plain
76128533B74381554567803,Devbhumi Dwarka,contained_grid,7,31.54635,234.0,65.31079,158.88666,0.05654766,0.11319677,2.516325,13.506338,0.8571428571428571,1.0,1.0,1.0,1.0,0.0,0.0,1,True,False,Coastal plain
76128533B74447895476194,Kota,contained_grid,8,277.6214,511.0,72.87861,161.18,0.098994955,0.20014931,411.50085,459.97974,0.0,0.0,0.0,0.0,0.0,0.0,0.0,0,False,False,Interior plain
76128533B74482494441458,Bargarh,contained_grid,8,231.37138,957.0,366.8786,665.67554,0.09973375,0.14926146,223.57925,253.96065,0.0,0.0,0.0,0.0,0.0,0.25,0.0,0,False,True,Interior plain
76128533B74859418903113,Thane,contained_grid,5,120.75244,1117.0,638.04755,918.8489,0.39721832,0.77242786,0.009455531,31.59842,0.4,0.8,1.0,1.0,1.0,0.8,0.8,3,True,True,Coastal orographic
76128533B74887942950962,Vikarabad,contained_grid,5,560.8998,716.0,108.30022,168.04333,0.09917013,0.20345147,294.63776,321.71942,0.0,0.0,0.0,0.0,0.0,0.0,0.0,0,False,False,Interior plain
76128533B74917207853309,Almora,contained_grid,5,1468.2292,2580.0,814.5707,1003.79004,0.6425336,1.13275,1024.1742,1039.1432,0.0,0.0,0.0,0.0,0.0,1.0,0.0,2,False,True,Interior orographic
76128533B74938989340684,Bara Banki,contained_grid,5,114.96977,130.0,8.030223,11.868889,0.0149273,0.021947255,795.09564,819.9652,0.0,0.0,0.0,0.0,0.0,0.0,0.0,0,False,False,Interior plain
76128533B74958462315105,Pulwama,contained_grid,1,1975.5734,3991.0,2015.4266,2015.4266,2.028382,2.028382,1238.798,1238.798,0.0,0.0,0.0,0.0,0.0,1.0,0.0,2,False,True,Interior orographic
76128533B74961596993088,Sheohar,contained_grid,1,65.55889,72.0,6.4411087,6.4411087,0.017457683,0.017457683,518.1947,518.1947,0.0,0.0,0.0,0.0,0.0,0.0,0.0,0,False,False,Interior plain
76128533B74992405432705,Rajkot,contained_grid,10,141.1919,327.0,75.10811,168.77556,0.07624994,0.1183361,54.652393,82.606674,0.0,0.0,0.3,0.8,1.0,0.0,0.0,0,True,False,Interior plain
76128533B75110579117636,Dharwad,contained_grid,4,623.4339,747.0,83.3161,129.98999,0.09646355,0.16604924,91.315636,110.38087,0.0,0.0,0.0,0.25,1.0,0.0,0.0,0,False,False,Interior plain
76128533B75262864015847,Una,contained_grid,2,508.74722,957.0,409.25278,418.25,0.43327314,0.48096704,1062.6038,1072.178,0.0,0.0,0.0,0.0,0.0,0.0,0.0,0,False,False,Interior plain
76128533B75359793481950,Lahul & Spiti,contained_grid,18,4815.1187,6379.0,1173.5483,1858.0024,0.8455442,2.308001,1177.0201,1209.0542,0.0,0.0,0.0,0.0,0.0,1.0,0.0,2,False,True,Interior orographic
76128533B7545062765383,Sambhal,contained_grid,4,192.79028,215.0,9.459724,11.117783,0.023060799,0.028012278,857.0204,881.8414,0.0,0.0,0.0,0.0,0.0,0.0,0.0,0,False,False,Interior plain
76128533B75519739609062,Ernakulam,contained_grid,5,162.81822,1187.0,425.98178,697.56665,0.63831097,1.4085008,1.2936068,29.371576,0.4,0.8,1.0,1.0,1.0,0.6,0.6,3,True,True,Coastal orographic
76128533B75529869544465,Giridih,contained_grid,7,310.68826,1224.0,313.59744,907.79443,0.12834845,0.2641384,239.65419,275.7208,0.0,0.0,0.0,0.0,0.0,0.2857142857142857,0.0,0,False,True,Interior plain
76128533B75548370501185,Ashoknagar,contained_grid,6,456.00296,531.0,48.330368,78.609985,0.077136904,0.12306301,521.6067,553.82733,0.0,0.0,0.0,0.0,0.0,0.0,0.0,0,False,False,Interior plain
76128533B75696328527555,Thrissur,contained_grid,2,27.012222,493.0,331.4878,451.02335,0.20869169,0.28066584,1.6321051,10.99223,1.0,1.0,1.0,1.0,1.0,0.0,0.0,1,True,False,Coastal plain
76128533B75922461866405,Barmer,contained_grid,40,156.04625,815.0,108.05375,603.20667,0.095567726,0.1592709,193.49359,302.96564,0.0,0.0,0.0,0.0,0.0,0.025,0.0,0,False,False,Interior plain
76128533B76058958071350,Upper Siang,contained_grid,11,2151.5693,5312.0,1573.2488,2092.9033,1.8757043,2.9970684,682.43195,712.5226,0.0,0.0,0.0,0.0,0.0,1.0,0.0,2,False,True,Interior orographic
76128533B7606365706860,Gandhinagar,contained_grid,3,88.155556,140.0,25.844442,27.011108,0.07184431,0.080496624,96.89883,109.42733,0.0,0.0,0.0,0.3333333333333333,1.0,0.0,0.0,0,False,False,Interior plain
76128533B76129461078086,East Kameng,contained_grid,6,2426.1587,6916.0,1789.1747,2565.2312,2.4089098,4.177234,475.14426,493.53772,0.0,0.0,0.0,0.0,0.0,1.0,0.0,2,False,True,Interior orographic
76128533B7622369120497,Varanasi,contained_grid,4,80.30444,88.0,5.4455566,6.6477814,0.04781947,0.088155165,580.67737,597.8804,0.0,0.0,0.0,0.0,0.0,0.0,0.0,0,False,False,Interior plain
76128533B76286653784168,Gondiya,contained_grid,8,308.92,668.0,179.57999,333.7022,0.0853885,0.17184313,450.67468,487.85367,0.0,0.0,0.0,0.0,0.0,0.0,0.0,0,False,False,Interior plain
76128533B7643504807381,Kanshiram Nagar,contained_grid,3,168.14703,182.0,7.852961,9.681107,0.018284349,0.021688988,816.7281,833.98553,0.0,0.0,0.0,0.0,0.0,0.0,0.0,0,False,False,Interior plain
76128533B76479861129777,Kheri,contained_grid,10,148.70923,200.0,18.490778,33.839996,0.038617875,0.15823163,881.485,947.7455,0.0,0.0,0.0,0.0,0.0,0.0,0.0,0,False,False,Interior plain
76128533B76927648517269,Bangalore,contained_grid,3,846.68555,972.0,107.647766,171.67444,0.124401726,0.2140545,243.08418,247.38853,0.0,0.0,0.0,0.0,0.0,0.0,0.0,0,False,False,Interior plain
76128533B77134386587213,North Tripura,contained_grid,2,232.94112,811.0,542.05884,559.97,0.31160295,0.3452517,119.84883,130.86621,0.0,0.0,0.0,0.0,1.0,1.0,0.0,2,False,True,Interior orographic
76128533B77191913035963,Neemuch,contained_grid,6,465.60983,592.0,97.22351,145.69888,0.045084536,0.077136554,305.10287,340.1873,0.0,0.0,0.0,0.0,0.0,0.0,0.0,0,False,False,Interior plain
76128533B77336742344288,Mamit,contained_grid,3,416.68335,1306.0,687.3167,829.56335,0.4616382,0.56393874,120.75985,138.31587,0.0,0.0,0.0,0.0,0.6666666666666666,1.0,0.0,2,False,True,Interior orographic
76128533B77537928419507,Shimla,contained_grid,9,2390.4019,5410.0,1306.2648,2023.8123,1.4524217,2.5642827,1046.4678,1083.3531,0.0,0.0,0.0,0.0,0.0,1.0,0.0,2,False,True,Interior orographic
76128533B77719785699048,Nayagarh,contained_grid,6,183.03833,772.0,440.12833,502.52444,0.18261509,0.29990035,21.483557,54.689404,0.16666666666666666,0.5,0.8333333333333334,1.0,1.0,0.16666666666666666,0.0,1,True,False,Coastal plain
76128533B78458325839103,Kalimpong,contained_grid,2,863.41833,2973.0,1636.5815,2064.1177,1.7848756,2.2596748,410.92813,416.41138,0.0,0.0,0.0,0.0,0.0,1.0,0.0,2,False,True,Interior orographic
76128533B78482805703540,Seoni,contained_grid,13,519.3202,807.0,129.52599,220.70447,0.17007028,0.3063015,583.84247,611.3507,0.0,0.0,0.0,0.0,0.0,0.0,0.0,0,False,False,Interior plain
76128533B7851306475665,Surendranagar,contained_grid,13,59.48128,290.0,38.74949,126.55333,0.07647253,0.12617844,47.143677,84.921234,0.0,0.07692307692307693,0.3076923076923077,0.7692307692307693,1.0,0.0,0.0,0,True,False,Interior plain
76128533B7879459377699,Ambedkar Nagar,contained_grid,2,89.15611,96.0,5.343891,6.3177795,0.012032561,0.012583482,680.83356,690.3799,0.0,0.0,0.0,0.0,0.0,0.0,0.0,0,False,False,Interior plain
76128533B78904410352326,Kaimur (Bhabua),contained_grid,6,187.60777,562.0,144.89223,247.3211,0.19031852,0.31680876,488.96063,513.59955,0.0,0.0,0.0,0.0,0.0,0.0,0.0,0,False,False,Interior plain
76128533B78970756356546,Khagaria,contained_grid,2,37.948334,55.0,11.051666,15.959999,0.027400542,0.049337134,355.14883,359.62903,0.0,0.0,0.0,0.0,0.0,0.0,0.0,0,False,False,Interior plain
76128533B79048012717121,Guna,contained_grid,9,439.62112,540.0,67.267784,93.226654,0.11003576,0.165016,464.66843,500.12976,0.0,0.0,0.0,0.0,0.0,0.0,0.0,0,False,False,Interior plain
76128533B79087524886024,Mandla,contained_grid,9,560.44977,874.0,189.88358,262.2322,0.16907749,0.24688187,526.7205,582.01874,0.0,0.0,0.0,0.0,0.0,0.0,0.0,0,False,False,Interior plain
76128533B79135514077232,Theni,contained_grid,3,573.89777,1769.0,1144.4355,1333.3989,0.6293848,1.0230154,86.01343,106.86596,0.0,0.0,0.0,0.3333333333333333,1.0,1.0,0.0,2,False,True,Interior orographic
76128533B79180273895456,Uttara Kannada,contained_grid,13,415.25684,957.0,276.897,541.74225,0.31787077,0.5808826,0.16278659,40.75727,0.3076923076923077,0.6153846153846154,0.9230769230769231,1.0,1.0,0.23076923076923078,0.23076923076923078,1,True,False,Coastal plain
76128533B79263581040575,Ramgarh,contained_grid,2,392.7011,666.0,258.2989,285.94556,0.18501408,0.2562561,247.407,265.02548,0.0,0.0,0.0,0.0,0.0,0.0,0.0,0,False,False,Interior plain
76128533B79303776608295,Shahdol,contained_grid,8,451.14056,880.0,125.859436,332.38776,0.13902496,0.31149372,521.55505,568.79047,0.0,0.0,0.0,0.0,0.0,0.0,0.0,0,False,False,Interior plain
76128533B79600797037735,Ramanagara,contained_grid,4,752.3039,1090.0,264.1961,362.63776,0.1990111,0.28485802,206.91754,221.6121,0.0,0.0,0.0,0.0,0.0,0.0,0.0,0,False,False,Interior plain
76128533B79601545186231,Koppal,contained_grid,8,530.46405,708.0,97.03597,175.01111,0.13194251,0.19644211,188.2371,225.67654,0.0,0.0,0.0,0.0,0.0,0.0,0.0,0,False,False,Interior plain
76128533B79652855441225,Kathua,contained_grid,5,1129.6855,4196.0,1175.3145,2051.8855,1.7254673,2.5100107,1129.6606,1152.0762,0.0,0.0,0.0,0.0,0.0,0.8,0.0,2,False,True,Interior orographic
76128533B79750857313751,South Garo Hills,contained_grid,2,165.45667,930.0,528.04333,709.2833,0.50332046,0.5705028,179.83327,179.92358,0.0,0.0,0.0,0.0,0.0,0.5,0.0,0,False,True,Interior plain
76128533B79784438258239,Etawah,contained_grid,3,140.40741,154.0,9.925929,15.025558,0.012388323,0.019094871,779.95337,787.6953,0.0,0.0,0.0,0.0,0.0,0.0,0.0,0,False,False,Interior plain
76128533B80016894369263,Mewat,contained_grid,3,236.90704,435.0,155.09296,205.64555,0.08789765,0.120968,723.2873,746.00977,0.0,0.0,0.0,0.0,0.0,0.0,0.0,0,False,False,Interior plain
76128533B80299348876357,Kanpur Dehat,contained_grid,5,132.10379,143.0,6.4962206,10.544449,0.013260506,0.015156349,810.0053,830.12384,0.0,0.0,0.0,0.0,0.0,0.0,0.0,0,False,False,Interior plain
76128533B80656256583567,Puri,contained_grid,5,9.474,320.0,71.726,298.38666,0.06223794,0.20156318,1.1747891,9.194554,1.0,1.0,1.0,1.0,1.0,0.0,0.0,1,True,False,Coastal plain
76128533B80772392204057,Chikkaballapura,contained_grid,5,803.92444,1252.0,310.87555,344.7522,0.22342142,0.28720325,221.53525,243.11343,0.0,0.0,0.0,0.0,0.0,0.0,0.0,0,False,False,Interior plain
76128533B80916614857890,Gumla,contained_grid,6,700.6202,1077.0,220.8798,349.6222,0.21867765,0.30709693,285.94153,314.6004,0.0,0.0,0.0,0.0,0.0,0.0,0.0,0,False,False,Interior plain
76128533B80958502091898,Datia,contained_grid,4,178.23389,269.0,63.26611,87.98778,0.056402296,0.062286153,676.2895,703.24756,0.0,0.0,0.0,0.0,0.0,0.0,0.0,0,False,False,Interior plain
76128533B80966996849325,Kannauj,contained_grid,3,139.87222,150.0,7.127777,11.061111,0.012482484,0.016638106,835.60156,855.43585,0.0,0.0,0.0,0.0,0.0,0.0,0.0,0,False,False,Interior plain
76128533B81147724102706,Baleshwar,contained_grid,5,28.919556,529.0,239.28044,463.12778,0.10543227,0.17103402,6.62364,19.80811,0.6,1.0,1.0,1.0,1.0,0.0,0.0,1,True,False,Coastal plain
76128533B81419063387740,Shahdara,nearest_grid,1,212.87666,250.0,37.123337,37.123337,0.009841178,0.009841178,828.20355,828.20355,0.0,0.0,0.0,0.0,0.0,0.0,0.0,0,False,False,Interior plain
76128533B81607600692021,Panna,contained_grid,9,365.69852,617.0,141.96815,247.81555,0.11733343,0.24822433,687.2025,720.5254,0.0,0.0,0.0,0.0,0.0,0.0,0.0,0,False,False,Interior plain
76128533B81661995166840,Mahesana,contained_grid,6,117.0213,535.0,78.812035,315.53998,0.114158355,0.23658921,97.48347,139.00429,0.0,0.0,0.0,0.16666666666666666,0.5,0.0,0.0,0,False,False,Interior plain
76128533B81694682724865,Uttarkashi,contained_grid,11,3669.2334,6943.0,1721.3124,2871.4321,2.1306431,3.370862,1066.4065,1105.4878,0.0,0.0,0.0,0.0,0.0,1.0,0.0,2,False,True,Interior orographic
76128533B81857725777974,Hugli,contained_grid,3,11.486667,28.0,10.513333,15.21,0.01633201,0.030273555,38.858036,52.613354,0.0,0.6666666666666666,1.0,1.0,1.0,0.0,0.0,1,True,False,Coastal plain
76128533B81964529079574,Bilaspur,contained_grid,6,305.84555,815.0,192.48778,452.7811,0.15212245,0.2944481,375.72766,410.8912,0.0,0.0,0.0,0.0,0.0,0.0,0.0,0,False,False,Interior plain
76128533B82052450002431,Tuensang,contained_grid,3,1559.9762,3269.0,1174.6904,1657.1167,0.70774513,1.0393541,487.0874,494.198,0.0,0.0,0.0,0.0,0.0,1.0,0.0,2,False,True,Interior orographic
76128533B8221925175605,Baksa,contained_grid,4,191.36583,1576.0,825.13416,1293.1156,0.9620838,1.4542724,335.60535,346.31268,0.0,0.0,0.0,0.0,0.0,0.75,0.0,2,False,True,Interior orographic
76128533B82240600990321,Sheopur,contained_grid,8,314.1986,503.0,118.426384,178.22888,0.16124141,0.2297591,521.59644,565.3446,0.0,0.0,0.0,0.0,0.0,0.0,0.0,0,False,False,Interior plain
76128533B82279368215419,Kakching,contained_grid,1,871.20776,1471.0,599.79224,599.79224,0.2924712,0.2924712,306.41986,306.41986,0.0,0.0,0.0,0.0,0.0,1.0,0.0,2,False,True,Interior orographic
76128533B82539771173603,Wayanad,contained_grid,2,813.7722,1761.0,601.7278,969.3011,0.37311447,0.6135616,48.440327,59.27384,0.0,0.5,1.0,1.0,1.0,0.5,0.5,1,True,True,Coastal plain
76128533B82559220423608,Betul,contained_grid,16,594.6252,1102.0,220.31229,505.17224,0.24596101,0.4480314,419.52063,477.66443,0.0,0.0,0.0,0.0,0.0,0.0625,0.0,0,False,False,Interior plain
76128533B82601690264832,Sangrur,contained_grid,7,235.98666,259.0,8.299048,11.823334,0.021735445,0.025491472,872.6949,913.62585,0.0,0.0,0.0,0.0,0.0,0.0,0.0,0,False,False,Interior plain
76128533B82793215586362,Mokokchung,contained_grid,2,403.23224,1325.0,920.76776,1022.7844,0.9584962,1.0907276,494.31302,512.6698,0.0,0.0,0.0,0.0,0.0,1.0,0.0,2,False,True,Interior orographic
76128533B83105693975079,Yanam,nearest_grid,1,4.247778,10.0,5.752222,5.752222,0.010600291,0.010600291,10.572945,10.572945,1.0,1.0,1.0,1.0,1.0,0.0,0.0,1,True,False,Coastal plain
76128533B83278580643229,Bagalkot,contained_grid,9,561.1816,686.0,93.929504,117.24109,0.056782953,0.11589529,153.63647,194.84337,0.0,0.0,0.0,0.0,0.0,0.0,0.0,0,False,False,Interior plain
76128533B83462627230182,Bhagalpur,contained_grid,3,37.72926,109.0,36.93741,70.412224,0.05065437,0.07511924,315.31815,322.10135,0.0,0.0,0.0,0.0,0.0,0.0,0.0,0,False,False,Interior plain
76128533B83644689337946,Kancheepuram,contained_grid,3,39.074444,113.0,65.25889,87.29111,0.07887757,0.09946252,16.010387,26.236883,0.3333333333333333,1.0,1.0,1.0,1.0,0.0,0.0,1,True,False,Coastal plain
76128533B83861010847920,Malappuram,contained_grid,6,176.52351,2156.0,733.4765,1435.7644,0.63375854,1.6023766,7.1175475,32.041466,0.5,0.8333333333333334,1.0,1.0,1.0,0.6666666666666666,0.6666666666666666,3,True,True,Coastal orographic
76128533B84094142280102,Jodhpur,contained_grid,34,250.50772,410.0,49.462875,123.936676,0.07263057,0.1302569,384.3658,459.5443,0.0,0.0,0.0,0.0,0.0,0.0,0.0,0,False,False,Interior plain
76128533B84129562351919,Sambalpur,contained_grid,11,251.72748,787.0,301.9998,388.43777,0.13949668,0.23258035,163.80441,209.89235,0.0,0.0,0.0,0.0,0.0,0.0,0.0,0,False,False,Interior plain
76128533B8426545955058,Amritsar,contained_grid,2,230.37222,246.0,9.627785,10.636673,0.02550154,0.0256269,1034.3088,1039.3717,0.0,0.0,0.0,0.0,0.0,0.0,0.0,0,False,False,Interior plain
76128533B84398038505400,Mulugu,contained_grid,4,164.05833,462.0,211.44167,348.17554,0.10184521,0.19899459,223.10623,241.08101,0.0,0.0,0.0,0.0,0.0,0.0,0.0,0,False,False,Interior plain
76128533B84417945851362,Porbandar,contained_grid,5,34.55711,484.0,121.842896,404.03778,0.091107845,0.121120684,0.24392381,11.9441395,0.8,1.0,1.0,1.0,1.0,0.0,0.0,1,True,False,Coastal plain
76128533B84622469201834,West Jaintia Hills,contained_grid,3,940.0315,1564.0,507.63516,971.82776,0.87281114,1.3873326,225.86449,255.45003,0.0,0.0,0.0,0.0,0.0,1.0,0.0,2,False,True,Interior orographic
76128533B84676164211579,Hydrabad,contained_grid,1,558.82666,623.0,64.17334,64.17334,0.08665897,0.08665897,272.21466,272.21466,0.0,0.0,0.0,0.0,0.0,0.0,0.0,0,False,False,Interior plain
76128533B84679668760735,Budaun,contained_grid,6,168.41426,192.0,9.752408,11.972229,0.019594828,0.022593949,853.3844,874.0599,0.0,0.0,0.0,0.0,0.0,0.0,0.0,0,False,False,Interior plain
76128533B84689409020934,Upper Subansiri,contained_grid,7,2098.66,5000.0,1637.1973,1948.8156,1.6812054,2.3952758,585.31726,609.9687,0.0,0.0,0.0,0.0,0.0,1.0,0.0,2,False,True,Interior orographic
76128533B84772375641700,Baudh,contained_grid,4,239.10167,760.0,364.39832,388.0411,0.43080175,0.5254304,111.32555,150.12779,0.0,0.0,0.0,0.0,0.5,0.0,0.0,0,False,False,Interior plain
76128533B84772439394056,Mainpuri,contained_grid,4,153.43861,163.0,4.81139,5.537781,0.0130339125,0.015099231,796.9832,815.25256,0.0,0.0,0.0,0.0,0.0,0.0,0.0,0,False,False,Interior plain
76128533B84837672903805,Sirsa,contained_grid,6,198.455,214.0,7.2116675,8.557785,0.016188372,0.017733498,810.66614,826.26636,0.0,0.0,0.0,0.0,0.0,0.0,0.0,0,False,False,Interior plain
76128533B84927972855096,Yadgir,contained_grid,6,420.17575,645.0,113.32426,217.95444,0.10399596,0.15784368,295.5637,328.13052,0.0,0.0,0.0,0.0,0.0,0.0,0.0,0,False,False,Interior plain
76128533B85157820615002,Yadadri Bhongiri,contained_grid,4,397.04498,609.0,115.455,132.06668,0.21450496,0.24075823,222.09288,243.13599,0.0,0.0,0.0,0.0,0.0,0.0,0.0,0,False,False,Interior plain
76128533B85389886560116,Shimoga,contained_grid,13,600.1475,1069.0,256.9294,597.97,0.24892491,0.72214085,20.743755,65.87143,0.07692307692307693,0.3076923076923077,0.5384615384615384,0.8461538461538461,1.0,0.07692307692307693,0.07692307692307693,0,True,False,Interior plain
76128533B85627242103654,Lakhimpur,contained_grid,6,148.62038,2129.0,581.37964,1825.7211,0.7947169,1.8039539,482.9605,524.30066,0.0,0.0,0.0,0.0,0.0,0.5,0.0,0,False,True,Interior plain
76128533B85695392289827,Bilaspur,contained_grid,2,825.3422,1782.0,916.6578,997.5711,1.1128086,1.1464835,1053.0165,1065.8895,0.0,0.0,0.0,0.0,0.0,1.0,0.0,2,False,True,Interior orographic
76128533B85747247216737,Dimapur,contained_grid,1,322.94556,1406.0,1083.0544,1083.0544,1.3125254,1.3125254,384.18445,384.18445,0.0,0.0,0.0,0.0,0.0,1.0,0.0,2,False,True,Interior orographic
76128533B8575303957680,Ratnagiri,contained_grid,11,191.81313,1076.0,343.09598,792.4756,0.45199412,0.7261183,2.8038812,24.959461,0.5454545454545454,1.0,1.0,1.0,1.0,0.36363636363636365,0.36363636363636365,1,True,True,Coastal plain
76128533B85917349021677,Malkangiri,contained_grid,8,370.61374,1262.0,484.88626,795.8822,0.46316198,0.8685505,86.36811,123.370476,0.0,0.0,0.0,0.125,1.0,0.5,0.0,0,False,True,Interior plain
76128533B86048662040782,Panipat,contained_grid,1,228.64778,239.0,10.352219,10.352219,0.017735861,0.017735861,863.35406,863.35406,0.0,0.0,0.0,0.0,0.0,0.0,0.0,0,False,False,Interior plain
76128533B86135761305702,Jhunjhunun,contained_grid,8,354.06833,982.0,146.05667,495.23444,0.13249724,0.19311434,650.9944,688.3556,0.0,0.0,0.0,0.0,0.0,0.0,0.0,0,False,False,Interior plain
76128533B86368264587575,Alappuzha,contained_grid,2,9.2,79.0,52.800003,68.45556,0.07921497,0.09914816,2.2182317,4.8419075,1.0,1.0,1.0,1.0,1.0,0.0,0.0,1,True,False,Coastal plain
76128533B86424887513424,Hingoli,contained_grid,6,471.6687,569.0,76.99796,110.21112,0.08847182,0.12240686,387.37695,417.14963,0.0,0.0,0.0,0.0,0.0,0.0,0.0,0,False,False,Interior plain
76128533B86430586962522,Viluppuram,contained_grid,6,71.42278,463.0,136.07722,309.51776,0.1055542,0.14167139,0.34754443,40.08241,0.3333333333333333,0.6666666666666666,1.0,1.0,1.0,0.0,0.0,1,True,False,Coastal plain
76128533B86721175299079,Haveri,contained_grid,5,589.2427,709.0,90.95732,112.31555,0.059880096,0.106941454,92.98895,110.93253,0.0,0.0,0.0,0.2,1.0,0.0,0.0,0,False,False,Interior plain
76128533B87051210355251,Muzaffarnagar,contained_grid,5,237.69199,256.0,10.708002,16.940002,0.023805186,0.027927816,887.6487,907.4235,0.0,0.0,0.0,0.0,0.0,0.0,0.0,0,False,False,Interior plain
76128533B87317961648652,Hapur,contained_grid,1,212.82222,223.0,10.17778,10.17778,0.018484732,0.018484732,869.19336,869.19336,0.0,0.0,0.0,0.0,0.0,0.0,0.0,0,False,False,Interior plain
76128533B87327155385261,Kulgam,contained_grid,2,2910.7852,4381.0,1451.215,1628.8589,0.999224,1.0005167,1182.353,1190.5504,0.0,0.0,0.0,0.0,0.0,1.0,0.0,2,False,True,Interior orographic
76128533B87371000929659,Balrampur,contained_grid,3,152.99149,734.0,185.34184,495.08887,0.27115926,0.45433164,772.81946,790.8781,0.0,0.0,0.0,0.0,0.0,0.0,0.0,0,False,False,Interior plain
76128533B87515288456202,Sant Ravidas Nagar (Bhadohi),contained_grid,2,85.85445,146.0,56.145554,62.13333,0.06597785,0.08065202,617.1993,626.562,0.0,0.0,0.0,0.0,0.0,0.0,0.0,0,False,False,Interior plain
76128533B87833640460819,Hardwar,contained_grid,3,299.30923,815.0,322.02408,488.5589,0.36798075,0.50856954,959.8771,972.0418,0.0,0.0,0.0,0.0,0.0,0.0,0.0,0,False,False,Interior plain
76128533B8798165946807,Kandhamal,contained_grid,11,611.0953,1254.0,376.63202,558.9733,0.43671635,0.6556753,93.13434,124.31663,0.0,0.0,0.0,0.09090909090909091,0.8181818181818182,0.18181818181818182,0.0,0,False,False,Interior plain
76128533B88214376170788,Badgam,nearest_grid,1,2322.94,3699.0,1376.06,1376.06,2.5781293,2.5781293,1202.5162,1202.5162,0.0,0.0,0.0,0.0,0.0,1.0,0.0,2,False,True,Interior orographic
76128533B88466433485589,Nagapattinam,contained_grid,2,3.4805555,15.0,8.019444,10.02,0.013883965,0.017555868,10.967782,11.579561,1.0,1.0,1.0,1.0,1.0,0.0,0.0,1,True,False,Coastal plain
76128533B88481188307630,Muzaffarpur,contained_grid,4,57.559723,66.0,5.440278,5.8944435,0.010238737,0.011158712,458.6965,486.17102,0.0,0.0,0.0,0.0,0.0,0.0,0.0,0,False,False,Interior plain
76128533B88623139855224,Mau,contained_grid,4,71.71167,78.0,5.038334,7.213333,0.008389305,0.008814658,570.5194,589.00793,0.0,0.0,0.0,0.0,0.0,0.0,0.0,0,False,False,Interior plain
76128533B88669134807148,Chengalputtu,contained_grid,3,59.78926,101.0,36.21074,51.656666,0.08191904,0.09712375,29.488855,45.50961,0.0,0.3333333333333333,1.0,1.0,1.0,0.0,0.0,1,True,False,Coastal plain
76128533B88758450653156,Mathura,contained_grid,5,178.86934,189.0,7.330667,10.902222,0.01512182,0.02152021,726.5511,744.97406,0.0,0.0,0.0,0.0,0.0,0.0,0.0,0,False,False,Interior plain
76128533B8878807356913,Mahamaya Nagar,contained_grid,1,174.16667,183.0,8.833328,8.833328,0.016756153,0.016756153,763.27655,763.27655,0.0,0.0,0.0,0.0,0.0,0.0,0.0,0,False,False,Interior plain
76128533B88812350838807,Paschim Medinipur,contained_grid,8,32.387917,100.0,31.362083,44.644444,0.051447347,0.06552898,17.869356,52.329624,0.125,0.5,0.875,1.0,1.0,0.0,0.0,1,True,False,Coastal plain
76128533B8892495882090,Nalgonda,contained_grid,9,241.80197,605.0,110.86469,249.05222,0.19782653,0.3242789,140.22943,176.6418,0.0,0.0,0.0,0.0,0.1111111111111111,0.0,0.0,0,False,False,Interior plain
76128533B89024397489955,Chennai,contained_grid,1,6.9144444,57.0,50.085556,50.085556,0.038531013,0.038531013,2.8882036,2.8882036,1.0,1.0,1.0,1.0,1.0,0.0,0.0,1,True,False,Coastal plain
76128533B8920527783032,Tinsukia,contained_grid,6,150.57648,1056.0,162.0902,814.03,0.23127635,0.8348503,620.1287,646.66675,0.0,0.0,0.0,0.0,0.0,0.16666666666666666,0.0,0,False,False,Interior plain
76128533B89228414823983,Charaideo,contained_grid,1,125.28333,434.0,308.71667,308.71667,0.5420348,0.5420348,567.7345,567.7345,0.0,0.0,0.0,0.0,0.0,0.0,0.0,0,False,False,Interior plain
76128533B89286042589317,Ujjain,contained_grid,8,488.7971,539.0,36.70292,50.415558,0.042581096,0.06705921,271.1643,301.3212,0.0,0.0,0.0,0.0,0.0,0.0,0.0,0,False,False,Interior plain
76128533B8930157583904,Jangaon,contained_grid,3,300.07034,530.0,116.26296,163.01889,0.15973885,0.20846325,208.93498,229.06348,0.0,0.0,0.0,0.0,0.0,0.0,0.0,0,False,False,Interior plain
76128533B89374164863010,Vellore,contained_grid,4,377.80917,913.0,298.44083,451.71555,0.31713387,0.47278866,108.803894,128.51738,0.0,0.0,0.0,0.0,0.75,0.0,0.0,0,False,False,Interior plain
76128533B89438858641946,Korba,contained_grid,10,416.34076,995.0,440.15924,605.3211,0.20391579,0.34059304,355.70193,401.8029,0.0,0.0,0.0,0.0,0.0,0.3,0.0,0,False,True,Interior plain
76128533B89575258858457,Tiruvannamalai,contained_grid,7,214.86398,1053.0,317.13602,710.16003,0.30308047,0.588847,57.424507,91.11755,0.0,0.0,0.14285714285714285,0.7142857142857143,1.0,0.2857142857142857,0.0,0,True,True,Interior plain
76128533B89925537847414,Sivaganga,contained_grid,3,83.27037,152.0,44.396297,50.914444,0.11267381,0.13545886,42.55029,53.078415,0.0,0.3333333333333333,1.0,1.0,1.0,0.0,0.0,1,True,False,Coastal plain
76128533B89979485471283,Narayanpur,contained_grid,6,595.47205,921.0,264.02795,304.56335,0.2628663,0.4381028,271.27747,299.60452,0.0,0.0,0.0,0.0,0.0,0.0,0.0,0,False,False,Interior plain
76128533B8998698404381,Sitapur,contained_grid,9,132.6821,151.0,7.3179026,12.070007,0.017247902,0.022434918,864.10065,898.3383,0.0,0.0,0.0,0.0,0.0,0.0,0.0,0,False,False,Interior plain
76128533B90068096507942,Deoghar,contained_grid,4,237.99055,579.0,195.50946,340.42224,0.09470172,0.12763275,219.08604,237.20651,0.0,0.0,0.0,0.0,0.0,0.0,0.0,0,False,False,Interior plain
76128533B90071703601852,Pilibhit,contained_grid,6,181.11592,215.0,16.384073,29.78778,0.070719786,0.23248106,942.1913,978.95996,0.0,0.0,0.0,0.0,0.0,0.0,0.0,0,False,False,Interior plain
76128533B90169585758701,Balod,contained_grid,6,354.4913,646.0,102.17538,223.20557,0.08804703,0.18876682,362.33472,391.74905,0.0,0.0,0.0,0.0,0.0,0.0,0.0,0,False,False,Interior plain
76128533B90384580518633,Madhubani,contained_grid,5,63.903553,113.0,16.296444,36.515556,0.057324804,0.1348882,440.73898,463.14413,0.0,0.0,0.0,0.0,0.0,0.0,0.0,0,False,False,Interior plain
76128533B90551733723251,Gwalior,contained_grid,7,245.62634,417.0,95.65937,116.76666,0.11125644,0.1500814,632.4233,673.1247,0.0,0.0,0.0,0.0,0.0,0.0,0.0,0,False,False,Interior plain
76128533B90913053845537,Lower Subansiri,contained_grid,1,1404.81,2259.0,854.18994,854.18994,0.7912255,0.7912255,526.4754,526.4754,0.0,0.0,0.0,0.0,0.0,1.0,0.0,2,False,True,Interior orographic
76128533B91211372620495,Jalandhar,contained_grid,2,229.675,242.0,10.824997,11.5,0.026846439,0.028167808,988.81323,1002.15027,0.0,0.0,0.0,0.0,0.0,0.0,0.0,0,False,False,Interior plain
76128533B91445917652173,Vaishali,contained_grid,3,52.865185,61.0,5.134815,5.7755547,0.007023489,0.008018539,435.79138,452.74893,0.0,0.0,0.0,0.0,0.0,0.0,0.0,0,False,False,Interior plain
76128533B91472319248603,Goalpara,contained_grid,3,65.71444,537.0,365.95224,466.5611,0.3811328,0.58748055,261.83133,263.3531,0.0,0.0,0.0,0.0,0.0,0.0,0.0,0,False,False,Interior plain
76128533B91480770176940,Kokrajhar,contained_grid,4,96.65889,1395.0,353.59113,1168.3556,0.5181628,1.4909313,295.02448,320.1289,0.0,0.0,0.0,0.0,0.0,0.25,0.0,0,False,True,Interior plain
76128533B91640519747726,Firozabad,contained_grid,5,159.96666,173.0,7.8333344,9.652222,0.016102256,0.017156804,759.67755,774.5594,0.0,0.0,0.0,0.0,0.0,0.0,0.0,0,False,False,Interior plain
76128533B91818883767147,Jajapur,contained_grid,5,54.58489,747.0,259.21512,609.56335,0.1351032,0.33502388,38.298065,69.526665,0.0,0.2,0.6,0.8,1.0,0.4,0.0,1,True,True,Coastal plain
76128533B91871300208785,Gaya,contained_grid,9,152.40321,471.0,178.04123,254.11334,0.17540498,0.35587037,350.38055,386.2314,0.0,0.0,0.0,0.0,0.0,0.0,0.0,0,False,False,Interior plain
76128533B91881382098572,Kachchh,contained_grid,61,27.310165,374.0,84.31279,343.89,0.05817914,0.16955334,0.82394826,60.842583,0.26229508196721313,0.45901639344262296,0.6557377049180327,0.819672131147541,0.9836065573770492,0.0,0.0,1,True,False,Coastal plain
76128533B91943656836526,Jhalawar,contained_grid,9,356.57098,464.0,72.20679,131.59222,0.0766196,0.104316115,321.61902,404.1113,0.0,0.0,0.0,0.0,0.0,0.0,0.0,0,False,False,Interior plain
76128533B92044109913630,Hanumangarh,contained_grid,15,194.20645,226.0,14.193554,24.737778,0.018956581,0.033498995,742.96106,777.90607,0.0,0.0,0.0,0.0,0.0,0.0,0.0,0,False,False,Interior plain
76128533B92621859299479,Bellary,contained_grid,11,547.5481,1051.0,199.1792,404.79553,0.13178146,0.26690027,143.80598,228.73116,0.0,0.0,0.0,0.0,0.09090909090909091,0.0,0.0,0,False,False,Interior plain
76128533B92985585225784,Ramban,contained_grid,1,1801.7733,3665.0,1863.2267,1863.2267,1.0544972,1.0544972,1196.1309,1196.1309,0.0,0.0,0.0,0.0,0.0,1.0,0.0,2,False,True,Interior orographic
76128533B93063337202124,Gariaband,contained_grid,7,403.8754,887.0,236.83888,421.06555,0.18058379,0.3494208,242.2751,294.85962,0.0,0.0,0.0,0.0,0.0,0.0,0.0,0,False,False,Interior plain
76128533B93113981386565,Ahmadabad,contained_grid,8,23.696945,70.0,14.303056,20.51889,0.037161194,0.0601438,1.4095539,44.45203,0.25,0.625,0.875,1.0,1.0,0.0,0.0,1,True,False,Coastal plain
76128533B93152786731267,Satara,contained_grid,17,719.83905,1404.0,327.33746,506.31665,0.27799028,0.681258,52.596813,103.66634,0.0,0.0,0.23529411764705882,0.47058823529411764,0.8823529411764706,0.058823529411764705,0.0,0,True,False,Interior plain
76128533B93214480696409,Gopalganj,contained_grid,4,70.41194,80.0,5.5880547,6.407776,0.012559664,0.013816786,523.5714,562.912,0.0,0.0,0.0,0.0,0.0,0.0,0.0,0,False,False,Interior plain
76128533B93240759409313,Jharsuguda,contained_grid,2,221.49222,389.0,146.50778,174.14223,0.06712959,0.086239554,265.37665,273.2854,0.0,0.0,0.0,0.0,0.0,0.0,0.0,0,False,False,Interior plain
76128533B93441663686573,Bhilwara,contained_grid,14,424.4465,743.0,76.41064,215.15668,0.11236949,0.18279523,350.98837,395.07413,0.0,0.0,0.0,0.0,0.0,0.0,0.0,0,False,False,Interior plain
76128533B93450974047240,Bhavnagar,contained_grid,11,51.919296,471.0,108.535255,380.8889,0.08519308,0.15046048,0.22523685,19.707502,0.6363636363636364,0.9090909090909091,1.0,1.0,1.0,0.0,0.0,1,True,False,Coastal plain
76128533B93453964263910,North Twenty Four Parganas,contained_grid,5,5.418222,15.0,6.581778,8.431111,0.0048229904,0.0074729174,13.058275,50.935158,0.2,0.4,0.8,1.0,1.0,0.0,0.0,1,True,False,Coastal plain
76128533B94126463611805,Gomati,contained_grid,3,78.92815,293.0,148.07185,196.00667,0.09176511,0.10218835,45.894444,60.299305,0.0,0.3333333333333333,1.0,1.0,1.0,0.0,0.0,1,True,False,Coastal plain
76128533B94710820075529,Kurukshetra,contained_grid,3,252.53407,273.0,10.132594,12.293335,0.026654126,0.031439006,916.39685,926.4065,0.0,0.0,0.0,0.0,0.0,0.0,0.0,0,False,False,Interior plain
76128533B94847743365739,Dhanbad,contained_grid,4,196.32278,605.0,246.67722,360.09,0.11749768,0.17418106,185.80904,208.06563,0.0,0.0,0.0,0.0,0.0,0.0,0.0,0,False,False,Interior plain
76128533B95049353851516,Ambala,contained_grid,2,269.85056,303.0,22.149445,25.752228,0.05451084,0.06718337,951.29736,956.3396,0.0,0.0,0.0,0.0,0.0,0.0,0.0,0,False,False,Interior plain
76128533B95075104846315,Prakasam,contained_grid,24,165.15172,842.0,256.2233,495.78445,0.17095838,0.43135428,5.999651,70.641624,0.16666666666666666,0.375,0.5,0.6666666666666666,1.0,0.0,0.0,0,True,False,Interior plain
76128533B9558749744242,Changlang,contained_grid,8,1016.0764,3960.0,1352.6736,2104.83,1.1530774,2.133942,616.5111,678.305,0.0,0.0,0.0,0.0,0.0,0.875,0.0,2,False,True,Interior orographic
76128533B95642877176862,Senapati,contained_grid,2,1604.6616,2852.0,901.3383,1072.6788,0.59216285,0.74052304,376.8456,377.7685,0.0,0.0,0.0,0.0,0.0,1.0,0.0,2,False,True,Interior orographic
76128533B95764075909869,West Siang,contained_grid,3,1232.567,3813.0,1577.7662,2128.9412,1.32543,1.8173857,636.05566,653.1979,0.0,0.0,0.0,0.0,0.0,1.0,0.0,2,False,True,Interior orographic
76128533B95879808095476,Mysore,contained_grid,7,777.89844,1121.0,160.1016,259.25555,0.14042465,0.16020234,85.42146,108.30615,0.0,0.0,0.0,0.42857142857142855,1.0,0.0,0.0,0,False,False,Interior plain
76128533B95910687666425,Siang,contained_grid,1,910.7733,2023.0,1112.2267,1112.2267,0.7320289,0.7320289,666.41534,666.41534,0.0,0.0,0.0,0.0,0.0,1.0,0.0,2,False,True,Interior orographic
76128533B96195300293897,West Garo Hills,contained_grid,4,216.23582,1339.0,432.76416,881.7744,0.44381246,0.5605993,182.95952,217.75818,0.0,0.0,0.0,0.0,0.0,0.25,0.0,0,False,True,Interior plain
76128533B96571577519224,Khammam,contained_grid,5,154.4111,687.0,237.5889,534.10443,0.107592106,0.19467388,113.61794,143.10963,0.0,0.0,0.0,0.0,0.6,0.2,0.0,0,False,False,Interior plain
76128533B96584288929219,Banswara,contained_grid,6,253.34981,490.0,143.15019,192.63223,0.19642313,0.28798002,171.93411,199.99995,0.0,0.0,0.0,0.0,0.0,0.0,0.0,0,False,False,Interior plain
76128533B96719327593873,Darrang,contained_grid,2,62.708336,81.0,17.791666,18.402222,0.05258941,0.057239044,344.68655,349.9836,0.0,0.0,0.0,0.0,0.0,0.0,0.0,0,False,False,Interior plain
76128533B96870418529164,Shahjahanpur,contained_grid,8,156.75125,187.0,10.498751,18.562225,0.01905359,0.025753828,887.4251,928.5896,0.0,0.0,0.0,0.0,0.0,0.0,0.0,0,False,False,Interior plain
76128533B97089774514948,South,contained_grid,1,231.76334,308.0,76.236664,76.236664,0.026391849,0.026391849,805.08435,805.08435,0.0,0.0,0.0,0.0,0.0,0.0,0.0,0,False,False,Interior plain
76128533B97126567441665,Medak,contained_grid,5,524.86334,652.0,85.13667,104.85666,0.075847484,0.104683615,291.82828,318.39194,0.0,0.0,0.0,0.0,0.0,0.0,0.0,0,False,False,Interior plain
76128533B97225684979956,West Tripura,contained_grid,3,55.238514,227.0,90.09482,147.32,0.10179212,0.11280045,58.44043,77.98468,0.0,0.0,0.3333333333333333,1.0,1.0,0.0,0.0,0,True,False,Interior plain
76128533B97372652494648,Surat,contained_grid,4,26.886667,136.0,36.363335,85.22667,0.06407054,0.1066124,5.208403,23.36388,0.75,1.0,1.0,1.0,1.0,0.0,0.0,1,True,False,Coastal plain
76128533B97425778881707,Kullu,contained_grid,9,3340.4983,6475.0,1646.5016,1938.8701,2.5187364,3.6189826,1106.6414,1142.9744,0.0,0.0,0.0,0.0,0.0,1.0,0.0,2,False,True,Interior orographic
76128533B9759621355294,Mahasamund,contained_grid,7,303.29367,581.0,154.27779,325.09668,0.060906164,0.09503147,281.74677,315.0309,0.0,0.0,0.0,0.0,0.0,0.0,0.0,0,False,False,Interior plain
76128533B9783509419210,Pali,contained_grid,17,300.22693,1057.0,194.30247,646.4289,0.26331976,0.74218947,298.68588,377.71347,0.0,0.0,0.0,0.0,0.0,0.11764705882352941,0.0,0,False,False,Interior plain
76128533B97836280165555,Lunglei,contained_grid,5,367.372,1422.0,635.62805,949.66003,0.63738716,0.7332125,69.66189,92.53358,0.0,0.0,0.2,0.6,1.0,0.6,0.0,2,True,True,Interior orographic
76128533B9794868259401,Bidar,contained_grid,9,588.88995,684.0,73.77667,106.447754,0.09690347,0.21387361,369.19226,394.2929,0.0,0.0,0.0,0.0,0.0,0.0,0.0,0,False,False,Interior plain
76128533B98050240849249,Latur,contained_grid,9,586.5926,681.0,67.51852,116.45111,0.10403784,0.23788396,352.7316,384.1703,0.0,0.0,0.0,0.0,0.0,0.0,0.0,0,False,False,Interior plain
76128533B98308664713511,Baran,contained_grid,10,328.0189,502.0,76.68111,133.32443,0.10612233,0.19755979,450.62848,486.4676,0.0,0.0,0.0,0.0,0.0,0.0,0.0,0,False,False,Interior plain
76128533B98420041301261,Kaushambi,contained_grid,2,104.02333,115.0,6.9766655,7.651108,0.01621871,0.021038722,710.4962,728.7227,0.0,0.0,0.0,0.0,0.0,0.0,0.0,0,False,False,Interior plain
76128533B9892158671522,Sangli,contained_grid,10,634.94666,920.0,144.65334,275.25555,0.12325213,0.21256922,74.84367,149.42645,0.0,0.0,0.1,0.1,0.5,0.0,0.0,0,True,False,Interior plain
76128533B98951704707517,Kendrapara,contained_grid,3,3.095926,11.0,6.570741,8.38,0.007142332,0.009766805,0.9196436,12.9288025,1.0,1.0,1.0,1.0,1.0,0.0,0.0,1,True,False,Coastal plain
76128533B98985252129882,Lakhisarai,contained_grid,3,57.803333,372.0,183.19666,309.19333,0.112674855,0.20860554,340.11185,351.11987,0.0,0.0,0.0,0.0,0.0,0.0,0.0,0,False,False,Interior plain
76128533B99037046327658,Nabarangapur,contained_grid,8,584.8883,919.0,164.61166,313.88556,0.23708399,0.5197853,159.38782,207.54265,0.0,0.0,0.0,0.0,0.0,0.0,0.0,0,False,False,Interior plain
76128533B99051523080987,Jalpaiguri,contained_grid,4,118.464165,721.0,262.28583,577.1444,0.6959688,1.0842282,362.05072,380.54956,0.0,0.0,0.0,0.0,0.0,0.75,0.0,2,False,True,Interior orographic
76128533B99469070633974,Tirap,contained_grid,1,877.51886,2206.0,1328.4812,1328.4812,1.7924571,1.7924571,599.6604,599.6604,0.0,0.0,0.0,0.0,0.0,1.0,0.0,2,False,True,Interior orographic
76128533B9976625304286,North East,contained_grid,1,212.87666,250.0,37.123337,37.123337,0.009841178,0.009841178,828.20355,828.20355,0.0,0.0,0.0,0.0,0.0,0.0,0.0,0,False,False,Interior plain
76128533B99807650893733,Imphal West,nearest_grid,1,960.7733,1878.0,917.2267,917.2267,0.4075382,0.4075382,303.33997,303.33997,0.0,0.0,0.0,0.0,0.0,1.0,0.0,2,False,True,Interior orographic
76128533B99895802074414,Raigarh,contained_grid,10,192.58646,1143.0,531.6136,738.48444,0.535116,0.86117655,0.5942078,22.97456,0.6,1.0,1.0,1.0,1.0,0.6,0.6,3,True,True,Coastal orographic
76128533B99919205026025,Fatehgarh Sahib,nearest_grid,1,282.0489,315.0,32.95111,32.95111,0.10405889,0.10405889,992.8625,992.8625,0.0,0.0,0.0,0.0,0.0,0.0,0.0,0,False,False,Interior plain
