date,shapeID,shapeName,mapping_method,gefs_mean_mm,gefs_max_mm,observed_mean_mm,observed_max_mm,heavy_probability_mean,heavy_probability_max,very_heavy_probability_max,grid_cells,risk_level,very_heavy_experimental,correction_raw_mean_mm,global_corrected_mean_mm,global_corrected_max_mm,regime_corrected_mean_mm,regime_corrected_max_mm,regime_adjustment_mm,global_adjustment_mm
2018-07-27,76128533B10270619600482,South District,nearest_grid,15.790001,15.790001,5.585,5.585,0.028315334,0.028315334,0.00033666493,1,Low Modelled Signal,False,15.790001,10.395594,10.395594,10.380073,10.380073,-5.4099283,-5.3944073
2018-07-27,76128533B10727492375508,Fatehabad,contained_grid,9.3725,16.150002,0.0928125,0.3,0.0057037403,0.0061393473,0.00033336141,4,Low Modelled Signal,False,9.3725,4.9777966,10.755594,4.9700365,10.740073,-4.402464,-4.394704
2018-07-27,76128533B1083016608278,Gulbarga,contained_grid,0.632,1.0200001,0.11224999,1.29,0.0001440617,0.00015248233,2.4766749e-05,15,Low Modelled Signal,False,0.632,0.0,0.0,0.0,0.0,-0.632,-0.632
2018-07-27,76128533B11082155919544,Rajsamand,contained_grid,0.41285715,0.89,0.0,0.0,0.0003723506,0.0005260639,5.6734298e-05,7,Low Modelled Signal,False,0.41285715,0.0,0.0,0.0,0.0,-0.41285715,-0.41285715
2018-07-27,76128533B11083100419963,Mahoba,contained_grid,1.7825,2.51,2.0587502,3.025,0.0016739476,0.0038020473,0.00010597602,4,Low Modelled Signal,False,1.7825,0.0,0.0,0.0,0.0,-1.7825,-1.7825
2018-07-27,76128533B11403491783632,Tirupathur,contained_grid,0.0033333332,0.01,0.3445833,0.62999994,0.00013866596,0.00017543888,2.1214786e-05,3,Low Modelled Signal,False,0.0033333332,0.0,0.0,0.0,0.0,-0.0033333332,-0.0033333332
2018-07-27,76128533B11421856387892,Tamenglong,contained_grid,19.3275,23.23,6.2403126,11.415,0.009582942,0.012879506,0.00023091881,4,Low Modelled Signal,False,19.3275,13.933092,17.835592,13.917571,17.820072,-5.4099283,-5.3944073
2018-07-27,76128533B11651252780045,Dibang Valley,contained_grid,12.746154,25.08,9.81625,37.8525,0.0038954967,0.008608989,0.00042404156,13,Low Modelled Signal,False,12.746154,7.351746,19.685593,7.3362255,19.67007,-5.4099283,-5.3944077
2018-07-27,76128533B11802210119774,Sirmaur,contained_grid,21.081999,29.48,88.3655,108.9825,0.009915112,0.012700874,8.98342e-05,5,Low Modelled Signal,False,21.081999,15.687592,24.085592,15.672071,24.070072,-5.4099274,-5.3944073
2018-07-27,76128533B12079567451207,Dungarpur,contained_grid,3.3059998,3.87,0.0015,0.0075,0.004287091,0.0048641236,0.0006379967,5,Low Modelled Signal,False,3.3059998,0.0,0.0,0.0,0.0,-3.3059998,-3.3059998
2018-07-27,76128533B12129983841645,Kra Daadi,contained_grid,26.335001,36.47,7.11125,10.780001,0.009832207,0.010822198,0.00034504235,4,Low Modelled Signal,False,26.335001,20.940594,31.075594,20.925074,31.060074,-5.4099274,-5.3944073
2018-07-27,76128533B12144400448811,Kondagaon,contained_grid,6.1487494,10.509998,0.5051562,1.4949999,0.0025137789,0.0037658087,0.00054791814,8,Low Modelled Signal,False,6.1487494,1.2640457,5.1155906,1.2562854,5.10007,-4.8924637,-4.8847036
2018-07-27,76128533B12197302963241,Sahibzada Ajit Singh Nagar,nearest_grid,26.789999,26.789999,15.51,15.51,0.01144839,0.01144839,4.4235072e-05,1,Low Modelled Signal,False,26.789999,21.395592,21.395592,21.38007,21.38007,-5.4099293,-5.3944073
2018-07-27,76128533B1222571856670,Hazaribagh,contained_grid,2.4883332,7.6899996,31.836458,48.229992,0.004568577,0.0068979333,0.00018637415,6,Low Modelled Signal,False,2.4883332,0.38259864,2.2955918,0.3800119,2.2800713,-2.1083214,-2.1057346
2018-07-27,76128533B12244045944458,Rohtak,contained_grid,34.3975,39.520004,3.983125,8.4625,0.08391269,0.21171714,0.00065577845,4,Heavy Rain Watch,False,34.3975,29.003092,34.125595,28.987572,34.110077,-5.4099274,-5.3944073
2018-07-27,76128533B12244320360965,Buxar,contained_grid,5.165,7.05,2.9256248,3.3799996,0.010376401,0.012191529,0.00037653118,2,Low Modelled Signal,False,5.165,0.8277962,1.6555924,0.82003593,1.6400719,-4.344964,-4.337204
2018-07-27,76128533B12294379827032,Garhwa,contained_grid,6.728333,11.530001,16.226873,43.149998,0.007762437,0.0132241165,0.0004945776,6,Low Modelled Signal,False,6.728333,1.6813269,6.135593,1.6683931,6.1200724,-5.05994,-5.047006
2018-07-27,76128533B12343314564708,Morena,contained_grid,43.855713,62.65,2.1048214,8.674999,0.04700172,0.058198497,0.0005192774,7,Low Modelled Signal,False,43.855713,38.461308,57.255592,38.44579,57.240074,-5.4099236,-5.3944054
2018-07-27,76128533B12380735325851,Akola,contained_grid,2.7533333,3.32,0.0,0.0,0.00022376509,0.00024784214,7.759682e-05,6,Low Modelled Signal,False,2.7533333,0.0,0.0,0.0,0.0,-2.7533333,-2.7533333
2018-07-27,76128533B12519626815499,Tapi,contained_grid,5.8583336,7.25,0.013125,0.04,0.0023215371,0.0031832932,0.00028505467,6,Low Modelled Signal,False,5.8583336,0.49206147,1.8555923,0.4817144,1.8400717,-5.3766193,-5.366272
2018-07-27,76128533B12694285477701,Darbhanga,contained_grid,34.2275,43.380005,8.940312,11.879999,0.014807667,0.018483527,0.00039088927,4,Low Modelled Signal,False,34.2275,28.833094,37.985596,28.817574,37.970078,-5.4099274,-5.3944073
2018-07-27,76128533B13272482176343,Bulandshahr,contained_grid,2.1859999,3.7899997,25.3335,47.004993,0.0029965455,0.004415661,0.00032280682,5,Low Modelled Signal,False,2.1859999,0.0,0.0,0.0,0.0,-2.1859999,-2.1859999
2018-07-27,76128533B13437137070957,Nagaon,contained_grid,24.658,31.009998,6.81075,15.788751,0.010602317,0.014752995,0.0020207332,5,Low Modelled Signal,False,24.658,19.263592,25.615591,19.248072,25.60007,-5.4099293,-5.394409
2018-07-27,76128533B13552746017223,Faridkot,contained_grid,12.756667,15.63,1.6433334,2.46,0.0077352696,0.009342146,0.00014241177,3,Low Modelled Signal,False,12.756667,7.3622594,10.235592,7.346739,10.220072,-5.4099283,-5.3944077
2018-07-27,76128533B13673614951516,Chandauli,contained_grid,3.2350001,5.34,1.279375,2.08,0.0033024843,0.005467542,0.00027181124,4,Low Modelled Signal,False,3.2350001,0.0,0.0,0.0,0.0,-3.2350001,-3.2350001
2018-07-27,76128533B13697452453823,Kangra,contained_grid,20.195,30.26,2.2203126,7.0950003,0.011097928,0.018292788,0.00053980894,8,Low Modelled Signal,False,20.195,14.800593,24.865593,14.785072,24.85007,-5.4099274,-5.3944063
2018-07-27,76128533B13733639953372,Phek,contained_grid,39.872498,49.04,33.41875,63.045,0.015585231,0.019311525,0.0013332044,4,Low Modelled Signal,False,39.872498,34.47809,43.64559,34.46257,43.630074,-5.4099274,-5.394409
2018-07-27,76128533B13791982054894,Bathinda,contained_grid,2.6471426,4.85,0.0,0.0,0.0026287267,0.005261266,0.00018319023,7,Low Modelled Signal,False,2.6471426,0.0,0.0,0.0,0.0,-2.6471426,-2.6471426
2018-07-27,76128533B13908294104682,Amethi,contained_grid,2.295,2.52,2.0703123,5.1199994,0.0005475416,0.00058559806,6.3597785e-05,4,Low Modelled Signal,False,2.295,0.0,0.0,0.0,0.0,-2.295,-2.295
2018-07-27,76128533B14033116794334,Siwan,contained_grid,15.536667,17.03,4.7075,5.175,0.013219625,0.017189588,0.0002818061,3,Low Modelled Signal,False,15.536667,10.142259,11.635593,10.126739,11.620072,-5.4099283,-5.394408
2018-07-27,76128533B1420136949169,South East,nearest_grid,8.97,8.97,18.1775,18.1775,0.027132615,0.027132615,0.00021854576,1,Low Modelled Signal,False,8.97,3.5755925,3.5755925,3.560072,3.560072,-5.4099283,-5.3944077
2018-07-27,76128533B14243635342908,Bhandara,contained_grid,2.3466666,3.8200004,0.2725,0.4475,0.00046245547,0.0005844392,0.000107445194,6,Low Modelled Signal,False,2.3466666,0.0,0.0,0.0,0.0,-2.3466666,-2.3466666
2018-07-27,76128533B14292125820380,Dakshin Bastar Dantewada,contained_grid,6.6099997,11.049998,2.0925,4.3549995,0.00204554,0.0032175833,0.00038031943,4,Low Modelled Signal,False,6.6099997,1.5677956,5.6555905,1.5600353,5.64007,-5.0499644,-5.042204
2018-07-27,76128533B14403163214152,Bishnupur,contained_grid,36.88,36.88,12.825,12.825,0.01820606,0.01820606,0.00025126847,1,Low Modelled Signal,False,36.88,31.485594,31.485594,31.470074,31.470074,-5.4099274,-5.3944073
2018-07-27,76128533B14534161138054,Bijnor,contained_grid,19.137999,21.21,65.78874,99.0225,0.0111460015,0.014115671,0.0002475306,5,Low Modelled Signal,False,19.137999,13.743591,15.815592,13.728071,15.800071,-5.4099274,-5.3944073
2018-07-27,76128533B14598081584747,Balrampur,contained_grid,15.808462,19.26,12.834615,31.553747,0.012996804,0.017517775,0.00064073794,13,Low Modelled Signal,False,15.808462,10.414054,13.865593,10.398534,13.850072,-5.4099283,-5.394408
2018-07-27,76128533B14849085202492,Jaisalmer,contained_grid,0.0,0.0,0.0034772723,0.18499999,0.00019989847,0.00047552105,3.5617413e-05,55,Low Modelled Signal,False,0.0,0.0,0.0,0.0,0.0,0.0,0.0
2018-07-27,76128533B14968875277413,Narayanpet,contained_grid,0.8833334,1.49,0.21416666,0.325,0.00017424289,0.00018262392,2.4766749e-05,3,Low Modelled Signal,False,0.8833334,0.0,0.0,0.0,0.0,-0.8833334,-0.8833334
2018-07-27,76128533B14984770113274,Shahid Bhagat Singh Nagar,contained_grid,8.895,16.730001,4.0575,6.3399997,0.0036873345,0.0052377884,7.214278e-05,2,Low Modelled Signal,False,8.895,5.667797,11.335594,5.6600366,11.320073,-3.234964,-3.2272034
2018-07-27,76128533B15157901669242,Majuli,contained_grid,9.15,9.15,21.675,21.675,0.005543513,0.005543513,0.0014312423,1,Low Modelled Signal,False,9.15,3.7555919,3.7555919,3.7400713,3.7400713,-5.4099283,-5.3944077
2018-07-27,76128533B15180319517641,Daman,nearest_grid,4.1,4.1,0.11,0.11,0.002590971,0.002590971,0.0001286869,1,Low Modelled Signal,False,4.1,0.0,0.0,0.0,0.0,-4.1,-4.1
2018-07-27,76128533B15337568968545,Erode,contained_grid,0.56875,1.64,0.30359375,1.155,0.0001054779,0.00012190463,2.925397e-05,8,Low Modelled Signal,False,0.56875,0.0,0.0,0.0,0.0,-0.56875,-0.56875
2018-07-27,76128533B15342706434354,Etah,contained_grid,9.811999,13.15,13.906749,27.447498,0.007700554,0.009027408,0.00045766856,5,Low Modelled Signal,False,9.811999,4.4224734,7.755592,4.410057,7.7400713,-5.4019423,-5.389526
2018-07-27,76128533B15550697205080,Chikmagalur,contained_grid,4.7633333,13.26,0.66249996,1.7887499,0.003925256,0.012103763,0.0006213824,9,Low Modelled Signal,False,4.7633333,1.7151974,7.8655925,1.7100239,7.850072,-3.0533094,-3.0481358
2018-07-27,76128533B15567489974292,Baramula,contained_grid,5.8233337,6.7200003,2.1295831,2.7599995,0.0008880738,0.0012274344,0.00015748128,3,Low Modelled Signal,False,5.8233337,0.730395,1.3255925,0.72004795,1.310072,-5.103286,-5.092939
2018-07-27,76128533B15601995412161,Simdega,contained_grid,17.47,23.400002,3.9570312,6.2,0.02371464,0.028689487,0.0019894643,8,Low Modelled Signal,False,17.47,12.075592,18.005594,12.060072,17.990074,-5.4099274,-5.3944073
2018-07-27,76128533B1566053393466,Tikamgarh,contained_grid,4.6700006,6.1800003,5.440178,14.734998,0.0068054325,0.010216327,0.00021165132,7,Low Modelled Signal,False,4.6700006,0.17445496,0.78559256,0.1700205,0.770072,-4.49998,-4.4955454
2018-07-27,76128533B15835290978888,Jalaun,contained_grid,6.5716667,13.570001,4.6662498,7.2287498,0.01361828,0.019821215,0.0013719036,6,Low Modelled Signal,False,6.5716667,2.3711295,8.175592,2.3633692,8.160072,-4.2082977,-4.200537
2018-07-27,76128533B15993411864574,Durg,contained_grid,1.7024999,2.6499999,1.8765625,2.415,0.00046022702,0.0005999935,6.729689e-05,4,Low Modelled Signal,False,1.7024999,0.0,0.0,0.0,0.0,-1.7024999,-1.7024999
2018-07-27,76128533B1621599562140,Koriya,contained_grid,15.723334,29.58,2.1158333,4.4849997,0.016949764,0.032140654,0.0010616434,12,Low Modelled Signal,False,15.723334,10.328926,24.185593,10.313405,24.17007,-5.4099293,-5.394408
2018-07-27,76128533B16271917438029,The Dangs,contained_grid,5.5766664,6.21,0.16,0.29749998,0.002992029,0.0040743453,0.00015820464,3,Low Modelled Signal,False,5.5766664,0.2718641,0.8155923,0.26669058,0.8000717,-5.3099756,-5.3048024
2018-07-27,76128533B1629699732681,Ramanathapuram,contained_grid,0.11333334,0.48000002,0.12208333,0.525,0.00013197312,0.00017101753,2.0409721e-05,6,Low Modelled Signal,False,0.11333334,0.0,0.0,0.0,0.0,-0.11333334,-0.11333334
2018-07-27,76128533B16442413169750,Mumbai,nearest_grid,5.21,5.21,1.3199999,1.3199999,0.0048016524,0.0048016524,0.00019849937,1,Low Modelled Signal,False,5.21,0.0,0.0,0.0,0.0,-5.21,-5.21
2018-07-27,76128533B1645877589145,Tiruchirappalli,contained_grid,0.165,0.59000003,0.08708333,0.295,0.00012435684,0.0001776089,1.9112238e-05,6,Low Modelled Signal,False,0.165,0.0,0.0,0.0,0.0,-0.165,-0.165
2018-07-27,76128533B16476001647323,Panch Mahals,contained_grid,4.1575003,4.7200003,0.0,0.0,0.003006096,0.005104376,0.00018253089,4,Low Modelled Signal,False,4.1575003,0.0,0.0,0.0,0.0,-4.1575003,-4.1575003
2018-07-27,76128533B16628456658675,Chamarajanagar,contained_grid,0.07714286,0.32000002,0.9423214,4.025,0.0001279411,0.00023697563,4.1549287e-05,7,Low Modelled Signal,False,0.07714286,0.0,0.0,0.0,0.0,-0.07714286,-0.07714286
2018-07-27,76128533B16674973717653,Katni,contained_grid,15.86375,19.74,0.3009375,1.0,0.011457909,0.012755431,0.00090167247,8,Low Modelled Signal,False,15.86375,10.469342,14.3455925,10.453821,14.330071,-5.4099293,-5.394408
2018-07-27,76128533B16749627383755,Hailakandi,contained_grid,14.869999,17.81,9.803749,11.7474985,0.007102614,0.009787125,0.00052566803,2,Low Modelled Signal,False,14.869999,9.475592,12.415592,9.460072,12.400071,-5.4099274,-5.3944073
2018-07-27,76128533B16781044866906,Jamui,contained_grid,8.934999,11.16,29.76,38.46,0.012074102,0.018061223,0.0005109966,4,Low Modelled Signal,False,8.934999,3.5405922,5.765592,3.5250716,5.7500715,-5.409928,-5.3944073
2018-07-27,76128533B16811573188243,Puruliya,contained_grid,3.9377775,12.82,13.448055,27.947498,0.0071320035,0.020104533,0.00047870973,9,Low Modelled Signal,False,3.9377775,0.93124264,7.425592,0.92779374,7.4100714,-3.0099838,-3.0065348
2018-07-27,76128533B16889790752134,Ariyalur,contained_grid,0.8300001,1.3600001,0.027500002,0.0825,0.000101716876,0.000118405966,1.9630734e-05,3,Low Modelled Signal,False,0.8300001,0.0,0.0,0.0,0.0,-0.8300001,-0.8300001
2018-07-27,76128533B17109302371020,Darjiling,contained_grid,45.103333,73.1,6.861666,9.73,0.025320932,0.032888953,0.0029791573,3,Low Modelled Signal,False,45.103333,39.708923,67.70559,39.693405,67.69007,-5.4099274,-5.394409
2018-07-27,76128533B1711704044407,North Goa,contained_grid,15.24,15.49,0.77,0.885,0.01339535,0.016222084,0.00122941,2,Low Modelled Signal,False,15.24,9.8455925,10.0955925,9.830071,10.080071,-5.4099283,-5.3944073
2018-07-27,76128533B17261532861377,Jamtara,contained_grid,9.22,11.78,24.742914,27.544992,0.015304674,0.019015847,0.0003117957,3,Low Modelled Signal,False,9.22,3.825592,6.385592,3.8100712,6.3700714,-5.4099293,-5.394408
2018-07-27,76128533B17292264941997,Mungeli,contained_grid,23.005,30.32,1.3171874,2.6999998,0.02371705,0.032502823,0.0019434133,4,Low Modelled Signal,False,23.005,17.610592,24.925592,17.595072,24.910072,-5.4099274,-5.3944073
2018-07-27,76128533B17472905712757,Papum Pare,contained_grid,19.932001,25.81,34.14525,60.9825,0.011154244,0.013228928,0.0005299969,5,Low Modelled Signal,False,19.932001,14.537593,20.415592,14.522072,20.40007,-5.4099293,-5.394408
2018-07-27,76128533B17762399278073,Pashchim Champaran,contained_grid,38.4825,50.569996,14.034531,21.105,0.022983255,0.03735647,0.014975613,8,Low Modelled Signal,False,38.4825,33.088093,45.175587,33.07257,45.16007,-5.4099274,-5.3944054
2018-07-27,76128533B17968019348564,Morigaon,contained_grid,37.045002,40.570004,10.415,14.475,0.018327136,0.02123437,0.0013458215,2,Low Modelled Signal,False,37.045002,31.650593,35.175594,31.635075,35.160076,-5.4099274,-5.394409
2018-07-27,76128533B18243475101734,Mirzapur,contained_grid,7.0150003,9.490001,3.1062498,4.8275,0.0061933943,0.008698858,0.00017037435,4,Low Modelled Signal,False,7.0150003,1.6205925,4.095593,1.6050719,4.0800724,-5.4099283,-5.3944077
2018-07-27,76128533B18648944871057,Basti,contained_grid,5.1450005,14.460001,7.86625,15.85,0.008540501,0.022363039,0.0034549483,4,Low Modelled Signal,False,5.1450005,2.2663984,9.065594,2.2625182,9.050073,-2.8824823,-2.878602
2018-07-27,76128533B18668117085772,Tawang,contained_grid,8.704,12.06,6.304,12.315,0.0033279695,0.0068878997,0.00010625892,5,Low Modelled Signal,False,8.704,3.309592,6.6655927,3.2940717,6.650072,-5.409929,-5.394408
2018-07-27,76128533B1875965515331,Namsai,contained_grid,34.895,45.780003,2.9299998,3.2999997,0.01321598,0.015068058,0.00018361869,2,Low Modelled Signal,False,34.895,29.500591,40.385593,29.485073,40.370075,-5.4099274,-5.394409
2018-07-27,76128533B18802630191461,Dumka,contained_grid,18.130001,23.039999,20.150501,25.460005,0.023836948,0.032584082,0.0012075799,5,Low Modelled Signal,False,18.130001,12.735593,17.645592,12.720072,17.63007,-5.4099293,-5.394408
2018-07-27,76128533B18834172694083,Moga,contained_grid,9.32,14.389999,0.50624996,1.1099999,0.009059252,0.012075264,0.0009394614,4,Low Modelled Signal,False,9.32,3.9591942,8.995592,3.9475536,8.980071,-5.372446,-5.3608055
2018-07-27,76128533B18931932305748,Purbi Singhbhum,contained_grid,16.156,19.91,3.0664997,8.704999,0.03840105,0.04909407,0.002276956,5,Low Modelled Signal,False,16.156,10.761592,14.515593,10.746072,14.500072,-5.4099283,-5.394408
2018-07-27,76128533B19335918192159,Karur,contained_grid,0.05333333,0.11,0.20291667,0.26999998,0.00014850947,0.00018120777,1.7345863e-05,3,Low Modelled Signal,False,0.05333333,0.0,0.0,0.0,0.0,-0.05333333,-0.05333333
2018-07-27,76128533B19341883513630,Ratlam,contained_grid,4.51375,5.62,0.0112499995,0.089999996,0.0018011917,0.002460336,0.00010267751,8,Low Modelled Signal,False,4.51375,0.028199017,0.22559214,0.026258945,0.21007156,-4.487491,-4.485551
2018-07-27,76128533B19545859035458,Kallakurichi,contained_grid,0.358,0.6,0.198,0.43,0.000106827225,0.00013166778,1.9630734e-05,5,Low Modelled Signal,False,0.358,0.0,0.0,0.0,0.0,-0.358,-0.358
2018-07-27,76128533B19581555782120,Palakkad,contained_grid,5.6216664,9.179999,1.20125,2.5449998,0.00092381565,0.0015216937,8.424945e-05,6,Low Modelled Signal,False,5.6216664,1.0161294,3.7855916,1.0083691,3.770071,-4.6132975,-4.605537
2018-07-27,76128533B19630094725383,Pathankot,contained_grid,28.000002,28.000002,7.1800003,7.1800003,0.010773876,0.010773876,8.386824e-05,1,Low Modelled Signal,False,28.000002,22.605595,22.605595,22.590073,22.590073,-5.4099293,-5.3944073
2018-07-27,76128533B19792346411952,West Godavari,contained_grid,1.7963637,4.95,2.2060225,6.065,0.00052461843,0.002082822,0.00024352338,11,Low Modelled Signal,False,1.7963637,0.0,0.0,0.0,0.0,-1.7963637,-1.7963637
2018-07-27,76128533B19832024635761,Central,nearest_grid,6.69,6.69,26.900005,26.900005,0.024906497,0.024906497,0.00021722532,1,Low Modelled Signal,False,6.69,1.2955923,1.2955923,1.2800717,1.2800717,-5.4099283,-5.3944077
2018-07-27,76128533B19898496046456,Kamle,contained_grid,47.556667,67.369995,45.589996,51.4825,0.015578657,0.018121524,0.00040785637,3,Low Modelled Signal,False,47.556667,42.16226,61.975586,42.14674,61.960068,-5.4099274,-5.394409
2018-07-27,76128533B19903856317609,Saran,contained_grid,11.554001,15.640001,21.736752,31.995003,0.010797414,0.011564254,0.00016124712,5,Low Modelled Signal,False,11.554001,6.159593,10.245594,6.1440725,10.230073,-5.4099283,-5.3944077
2018-07-27,76128533B1996088953603,Sultanpur,contained_grid,2.635,3.1399999,4.2781253,11.767501,0.0014195764,0.0014756594,0.00011249528,4,Low Modelled Signal,False,2.635,0.0,0.0,0.0,0.0,-2.635,-2.635
2018-07-27,76128533B20298037622173,South Salmara-Mankachar,nearest_grid,26.17,26.17,6.6524565e-14,6.6524565e-14,0.0056145187,0.0056145187,0.0003733621,1,Low Modelled Signal,False,26.17,20.775593,20.775593,20.76007,20.76007,-5.4099293,-5.3944073
2018-07-27,76128533B20307518801538,Udalguri,contained_grid,18.396667,21.82,14.311667,21.32,0.012683983,0.01451469,0.0007508727,3,Low Modelled Signal,False,18.396667,13.002259,16.425592,12.986739,16.410072,-5.4099283,-5.394408
2018-07-27,76128533B20458430922604,Kishtwar,contained_grid,9.107693,12.150001,1.9687499,4.515,0.00077811664,0.0011363047,5.309016e-05,13,Low Modelled Signal,False,9.107693,3.8193474,6.755593,3.8062146,6.7400723,-5.3014784,-5.2883453
2018-07-27,76128533B20474666262371,Osmanabad,contained_grid,0.8963637,1.2600001,0.30329543,0.735,0.00013718665,0.00014910901,2.3038489e-05,11,Low Modelled Signal,False,0.8963637,0.0,0.0,0.0,0.0,-0.8963637,-0.8963637
2018-07-27,76128533B20502827346807,Dindori,contained_grid,18.935999,25.95,0.93025,1.1949999,0.01306726,0.015813095,0.0010104631,5,Low Modelled Signal,False,18.935999,13.541593,20.555593,13.526072,20.540073,-5.4099274,-5.3944063
2018-07-27,76128533B20504715877560,Ganderbal,contained_grid,2.7233334,3.4799998,1.0958333,1.6175001,0.0003679966,0.00038849594,5.406183e-05,3,Low Modelled Signal,False,2.7233334,0.0,0.0,0.0,0.0,-2.7233334,-2.7233334
2018-07-27,76128533B20647769792365,Pratapgarh,contained_grid,1.9916667,3.5,4.041875,8.322499,0.00097050617,0.0014100159,0.000114480936,6,Low Modelled Signal,False,1.9916667,0.0,0.0,0.0,0.0,-1.9916667,-1.9916667
2018-07-27,76128533B20660206691661,Auraiya,contained_grid,6.05,6.4,40.221252,60.230003,0.02602062,0.032450978,0.00036255666,2,Low Modelled Signal,False,6.05,0.6555922,1.0055923,0.64007163,0.9900718,-5.4099283,-5.394408
2018-07-27,76128533B20683890392439,Narsimhapur,contained_grid,1.08,2.42,0.38333333,1.5775001,0.00038362725,0.0008422154,7.5608594e-05,9,Low Modelled Signal,False,1.08,0.0,0.0,0.0,0.0,-1.08,-1.08
2018-07-27,76128533B20732636837048,Sikar,contained_grid,10.24,54.42,0.13125001,0.6675,0.025729274,0.080032974,0.0028167374,11,Low Modelled Signal,False,10.24,7.222542,49.02559,7.2154875,49.01007,-3.0245123,-3.017458
2018-07-27,76128533B20752885472650,Bankura,contained_grid,6.1554546,13.040001,13.645908,24.885002,0.018508641,0.055586,0.001732978,11,Low Modelled Signal,False,6.1554546,1.8793064,7.645593,1.8736628,7.6300726,-4.2817917,-4.2761483
2018-07-27,76128533B2080752988715,Morbi,contained_grid,0.5271429,0.63,0.38196427,1.4399999,0.00012261457,0.00014342833,1.566403e-05,7,Low Modelled Signal,False,0.5271429,0.0,0.0,0.0,0.0,-0.5271429,-0.5271429
2018-07-27,76128533B21068662878849,Kamareddy,contained_grid,0.834,1.21,0.2335,0.4775,0.00012962366,0.00014034321,1.6390093e-05,5,Low Modelled Signal,False,0.834,0.0,0.0,0.0,0.0,-0.834,-0.834
2018-07-27,76128533B21119051307760,Jyotiba Phule Nagar,contained_grid,9.795,17.68,25.283436,44.594994,0.0058103767,0.007574881,0.00026627828,4,Low Modelled Signal,False,9.795,5.535296,12.285593,5.5275354,12.270072,-4.2674646,-4.259704
2018-07-27,76128533B21179322085415,Harda,contained_grid,6.3,7.2099996,0.36949998,0.95,0.0027460516,0.003950651,0.00034149346,5,Low Modelled Signal,False,6.3,0.90559226,1.8155918,0.8900717,1.8000712,-5.4099283,-5.3944077
2018-07-27,76128533B21485639457044,Aurangabad,contained_grid,5.6125,11.460001,8.776563,17.195,0.010104812,0.023090042,0.00039594693,4,Low Modelled Signal,False,5.6125,2.1902964,6.0655932,2.1825361,6.0500727,-3.429964,-3.4222038
2018-07-27,76128533B21485897206517,Rajanna Sircilla,contained_grid,0.70500004,0.78000003,0.04625,0.075,0.00014034321,0.00014034321,1.7624021e-05,2,Low Modelled Signal,False,0.70500004,0.0,0.0,0.0,0.0,-0.70500004,-0.70500004
2018-07-27,76128533B21722277889516,Sivasagar,contained_grid,18.745,21.77,21.852499,23.984999,0.010264071,0.012202385,0.0011844903,2,Low Modelled Signal,False,18.745,13.350593,16.375593,13.3350725,16.360073,-5.4099283,-5.394408
2018-07-27,76128533B21812274124310,The Nilgiris,contained_grid,1.5233332,2.6799996,3.988333,5.9924994,0.0002135879,0.00029099296,4.4952e-05,3,Low Modelled Signal,False,1.5233332,0.0,0.0,0.0,0.0,-1.5233332,-1.5233332
2018-07-27,76128533B21922686388534,Sitamarhi,contained_grid,52.876667,61.5,15.636666,20.1575,0.009753335,0.010288297,0.0007663555,3,Low Modelled Signal,False,52.876667,47.482258,56.10559,47.466736,56.090073,-5.409931,-5.394409
2018-07-27,76128533B22077262393417,Haora,contained_grid,11.579999,16.64,21.237917,26.8875,0.059615333,0.06407236,0.003220766,3,Low Modelled Signal,False,11.579999,6.185592,11.245592,6.170071,11.230071,-5.409928,-5.394407
2018-07-27,76128533B22439249004073,Bhopal,contained_grid,2.192,3.3900003,0.40375,1.0387499,0.0006760936,0.0013230115,0.00012797673,5,Low Modelled Signal,False,2.192,0.0,0.0,0.0,0.0,-2.192,-2.192
2018-07-27,76128533B22471914548132,Chittoor,contained_grid,0.015238095,0.1,0.3645238,1.5699998,0.00014337774,0.00018631475,4.620568e-05,21,Low Modelled Signal,False,0.015238095,0.0,0.0,0.0,0.0,-0.015238095,-0.015238095
2018-07-27,76128533B22587307937261,South Andaman,contained_grid,3.6475,5.87,3.1678126,7.8500004,0.0004089352,0.0005466484,0.00010644747,4,Low Modelled Signal,False,3.6475,0.118898034,0.47559214,0.11501789,0.46007156,-3.5324821,-3.5286021
2018-07-27,76128533B22687502928564,Ranipet,contained_grid,0.0,0.0,0.27875,0.27875,0.0001561385,0.0001561385,4.1747946e-05,1,Low Modelled Signal,False,0.0,0.0,0.0,0.0,0.0,0.0,0.0
2018-07-27,76128533B22715430000002,Longding,contained_grid,55.345,55.95,9.696249,11.279999,0.031515937,0.03287792,0.0006153577,2,Low Modelled Signal,False,55.345,49.950592,50.55559,49.935074,50.540073,-5.4099274,-5.394409
2018-07-27,76128533B22722327711505,Rewari,contained_grid,99.75,99.75,2.125,2.125,0.34270674,0.34270674,0.0012074277,1,Heavy Rain Watch,False,99.75,94.35559,94.35559,94.34007,94.34007,-5.4099274,-5.394409
2018-07-27,76128533B22732185131019,Hisar,contained_grid,18.2625,30.059998,0.71687496,1.39,0.013069904,0.02536753,0.00088910764,4,Low Modelled Signal,False,18.2625,13.374194,24.66559,13.362554,24.65007,-4.899947,-4.8883066
2018-07-27,76128533B23092176497025,Karimganj,contained_grid,16.3675,23.0,4.036875,7.4374995,0.0072536897,0.0121309105,0.0025066799,4,Low Modelled Signal,False,16.3675,10.973093,17.605593,10.957572,17.590073,-5.4099283,-5.3944073
2018-07-27,76128533B23611090346849,Mon,contained_grid,42.570004,49.090004,9.505625,14.25875,0.022821594,0.023730086,0.0013303097,2,Low Modelled Signal,False,42.570004,37.175594,43.695595,37.160076,43.680077,-5.4099274,-5.394409
2018-07-27,76128533B23710487943819,Kanpur Nagar,contained_grid,1.3375001,1.4700001,18.494373,41.77,0.00039104884,0.0004284086,3.203562e-05,4,Low Modelled Signal,False,1.3375001,0.0,0.0,0.0,0.0,-1.3375001,-1.3375001
2018-07-27,76128533B23735146933631,Mandi,contained_grid,21.59,25.31,20.18575,33.935,0.008597876,0.0122931115,0.0006841643,5,Low Modelled Signal,False,21.59,16.195593,19.915592,16.180073,19.90007,-5.4099274,-5.3944073
2018-07-27,76128533B23858286755005,Alipurduar,contained_grid,34.084,48.800003,0.46924996,0.97249997,0.010192296,0.0199674,0.0005161552,5,Low Modelled Signal,False,34.084,28.689594,43.405594,28.674072,43.390076,-5.4099274,-5.3944054
2018-07-27,76128533B23956636471502,Yamunanagar,contained_grid,15.19,19.369999,93.87917,103.06251,0.009343981,0.0123819085,0.000117718206,3,Low Modelled Signal,False,15.19,9.795592,13.975592,9.780072,13.960071,-5.4099274,-5.3944073
2018-07-27,76128533B24017517661394,Pakke Kessang,contained_grid,27.46,30.23,27.2425,55.1025,0.019295413,0.02304394,0.0007372368,3,Low Modelled Signal,False,27.46,22.065592,24.835592,22.050072,24.820072,-5.4099274,-5.3944073
2018-07-27,76128533B24101991435637,Jehanabad,contained_grid,24.0,24.0,4.5724998,4.5724998,0.022112707,0.022112707,0.00037351766,1,Low Modelled Signal,False,24.0,18.605593,18.605593,18.590073,18.590073,-5.4099274,-5.3944073
2018-07-27,76128533B24594618908349,Suryapet,contained_grid,0.046666667,0.17,0.38458332,0.66499996,0.00018860179,0.00021651889,2.4370025e-05,6,Low Modelled Signal,False,0.046666667,0.0,0.0,0.0,0.0,-0.046666667,-0.046666667
2018-07-27,76128533B24755983727265,Saharsa,contained_grid,32.640003,37.550003,6.3462496,11.1275,0.031112956,0.035826672,0.002652687,2,Low Modelled Signal,False,32.640003,27.245594,32.155594,27.230074,32.140076,-5.4099293,-5.394409
2018-07-27,76128533B24759700890118,Rupnagar,contained_grid,16.705,20.86,3.64,4.03,0.0068789846,0.008044015,6.286441e-05,2,Low Modelled Signal,False,16.705,11.310593,15.465593,11.295073,15.450072,-5.4099274,-5.3944073
2018-07-27,76128533B24861976740713,Jhargram,contained_grid,23.18,27.17,5.0481253,8.22,0.05912117,0.061234877,0.0019463582,2,Low Modelled Signal,False,23.18,17.785593,21.775593,17.770071,21.76007,-5.4099293,-5.3944073
2018-07-27,76128533B25020556592153,Rajnandgaon,contained_grid,2.432,3.64,0.53512496,3.025,0.00051443756,0.0007832206,8.6452405e-05,10,Low Modelled Signal,False,2.432,0.0,0.0,0.0,0.0,-2.432,-2.432
2018-07-27,76128533B25208535254310,Hardoi,contained_grid,1.5666667,2.43,24.441528,40.7175,0.00054158806,0.0017927855,6.043639e-05,9,Low Modelled Signal,False,1.5666667,0.0,0.0,0.0,0.0,-1.5666667,-1.5666667
2018-07-27,76128533B25280172436550,Nirmal,contained_grid,0.864,1.08,0.09199999,0.20875,0.00013846121,0.0001465127,2.3003366e-05,5,Low Modelled Signal,False,0.864,0.0,0.0,0.0,0.0,-0.864,-0.864
2018-07-27,76128533B25344721013980,Dhule,contained_grid,1.8411113,4.9400005,0.74958336,3.0275002,0.0005971147,0.0012957007,7.557456e-05,9,Low Modelled Signal,False,1.8411113,0.0,0.0,0.0,0.0,-1.8411113,-1.8411113
2018-07-27,76128533B25373378863054,Purba Medinipur,contained_grid,21.758331,25.31,16.292915,23.059998,0.044221077,0.06821652,0.004466175,6,Low Modelled Signal,False,21.758331,16.363924,19.915592,16.348404,19.90007,-5.4099274,-5.3944073
2018-07-27,76128533B25448742967716,Leparada,contained_grid,44.25,44.85,4.66,8.0025,0.015226611,0.016093366,0.00024565973,2,Low Modelled Signal,False,44.25,38.85559,39.45559,38.840073,39.44007,-5.4099274,-5.394409
2018-07-27,76128533B25468964623139,Anuppur,contained_grid,23.183334,29.469997,1.3858333,2.9824998,0.018416923,0.022560596,0.0013032589,6,Low Modelled Signal,False,23.183334,17.788925,24.07559,17.773405,24.06007,-5.4099293,-5.394409
2018-07-27,76128533B25576352747885,Bharatpur,contained_grid,21.078571,33.43,11.224998,19.842499,0.057484843,0.11519177,0.0014914589,7,Heavy Rain Watch,False,21.078571,15.684164,28.035593,15.668643,28.020073,-5.4099283,-5.3944073
2018-07-27,76128533B25679991785711,Mandsaur,contained_grid,1.6422223,2.24,0.0,0.0,0.00093984004,0.0024291854,0.00014474601,9,Low Modelled Signal,False,1.6422223,0.0,0.0,0.0,0.0,-1.6422223,-1.6422223
2018-07-27,76128533B2576169508425,Kottayam,contained_grid,6.2299995,7.35,0.5525,0.9725,0.00067355257,0.0008143313,0.0001199041,3,Low Modelled Signal,False,6.2299995,0.9903949,1.9555922,0.9800479,1.9400716,-5.249952,-5.2396045
2018-07-27,76128533B25835998628545,Dhubri,contained_grid,51.806667,62.33,5.2720833,15.41625,0.0073211975,0.007922289,0.00085440837,3,Low Modelled Signal,False,51.806667,46.412262,56.935593,46.39674,56.920074,-5.4099274,-5.3944054
2018-07-27,76128533B26296891809198,Agra,contained_grid,18.973335,28.180002,7.8116665,15.8075,0.031763513,0.04731972,0.00043036882,3,Low Modelled Signal,False,18.973335,13.578927,22.785595,13.563407,22.770073,-5.4099283,-5.394408
2018-07-27,76128533B26755490628656,Uttar Bastar Kanker,contained_grid,2.8933334,3.75,0.026805555,0.17625,0.00066649955,0.0009476232,0.000115672396,9,Low Modelled Signal,False,2.8933334,0.0,0.0,0.0,0.0,-2.8933334,-2.8933334
2018-07-27,76128533B26931973511551,Kushinagar,contained_grid,31.12,43.08,16.872084,19.304998,0.043049842,0.04849631,0.014803763,3,Low Modelled Signal,False,31.12,25.725592,37.685593,25.710073,37.670074,-5.4099274,-5.394409
2018-07-27,76128533B26964150246712,Cachar,contained_grid,15.123333,18.69,5.8266664,10.49,0.004595351,0.006505132,0.0003946795,6,Low Modelled Signal,False,15.123333,9.728927,13.295593,9.713405,13.280072,-5.4099283,-5.3944063
2018-07-27,76128533B27102120636500,South West Khasi Hills,contained_grid,61.14,61.9,35.855,39.19,0.0199989,0.022395764,0.00091092417,2,Low Modelled Signal,False,61.14,55.74559,56.505592,55.730072,56.490074,-5.4099274,-5.394409
2018-07-27,76128533B27201270098470,Hamirpur,contained_grid,2.1699998,3.1399999,0.32500002,1.21375,0.00354693,0.013972528,0.00055424136,6,Low Modelled Signal,False,2.1699998,0.0,0.0,0.0,0.0,-2.1699998,-2.1699998
2018-07-27,76128533B27414563922025,Khunti,contained_grid,18.18,22.16,10.958333,11.77,0.01911922,0.022981813,0.0009654433,3,Low Modelled Signal,False,18.18,12.785592,16.765593,12.770072,16.750072,-5.4099283,-5.394408
2018-07-27,76128533B27432148084533,Katihar,contained_grid,58.264,84.200005,15.488249,25.4175,0.040144466,0.049325883,0.0035272927,5,Low Modelled Signal,False,58.264,52.86959,78.805595,52.854076,78.79008,-5.4099236,-5.394409
2018-07-27,76128533B27604563137530,Tenkasi,contained_grid,0.21333331,0.61999995,0.0,0.0,0.000105652936,0.00012154415,1.2875185e-05,3,Low Modelled Signal,False,0.21333331,0.0,0.0,0.0,0.0,-0.21333331,-0.21333331
2018-07-27,76128533B27609096170969,Parbhani,contained_grid,0.506,0.83,0.003875,0.03875,0.00013888958,0.00017627238,2.3768538e-05,10,Low Modelled Signal,False,0.506,0.0,0.0,0.0,0.0,-0.506,-0.506
2018-07-27,76128533B27615708126939,Jabalpur,contained_grid,11.668571,21.74,0.57410717,1.3712499,0.009366771,0.016998677,0.0006343382,7,Low Modelled Signal,False,11.668571,6.996852,16.345592,6.985765,16.33007,-4.6828065,-4.6717196
2018-07-27,76128533B2761749808956,Champawat,contained_grid,19.295,20.24,0.71374995,1.4274999,0.025598869,0.028042704,0.0007382025,2,Low Modelled Signal,False,19.295,13.900593,14.8455925,13.885072,14.830071,-5.4099283,-5.3944073
2018-07-27,76128533B2782141712775,DATA NOT AVAILABLE,contained_grid,13.811739,79.979996,2.1994383,15.54,0.00092525134,0.02257388,0.002718948,138,Low Modelled Signal,False,13.811739,9.369566,74.58559,9.359106,74.57007,-4.452633,-4.442173
2018-07-27,76128533B28138828116492,Sawai Madhopur,contained_grid,44.789997,56.49,0.369375,0.64874995,0.04291002,0.06350825,0.0005599884,6,Low Modelled Signal,False,44.789997,39.39559,51.095592,39.380074,51.080074,-5.4099236,-5.3944054
2018-07-27,76128533B28290181894983,Mahabubabad,contained_grid,0.556,0.89000005,1.5192499,2.4749997,0.00016574064,0.00017451524,2.4370025e-05,5,Low Modelled Signal,False,0.556,0.0,0.0,0.0,0.0,-0.556,-0.556
2018-07-27,76128533B28294794137747,Kurnool,contained_grid,0.06,0.22,0.27358696,0.965,0.00017076219,0.00020396471,2.6762145e-05,23,Low Modelled Signal,False,0.06,0.0,0.0,0.0,0.0,-0.06,-0.06
2018-07-27,76128533B28397307540277,North  & Middle Andaman,contained_grid,3.146,4.89,2.2245,4.035,0.0017559659,0.0048747635,0.00048600233,5,Low Modelled Signal,False,3.146,0.0,0.0,0.0,0.0,-3.146,-3.146
2018-07-27,76128533B284680734793,Raichur,contained_grid,0.1275,0.44,0.2059375,1.1775,0.00015355552,0.00018307877,2.5299913e-05,12,Low Modelled Signal,False,0.1275,0.0,0.0,0.0,0.0,-0.1275,-0.1275
2018-07-27,76128533B28521131010314,Rajgarh,contained_grid,2.2425,3.1200001,0.6865625,1.2249999,0.0003759043,0.000574298,6.2944244e-05,8,Low Modelled Signal,False,2.2425,0.0,0.0,0.0,0.0,-2.2425,-2.2425
2018-07-27,76128533B2860535426345,South Twenty Four Parganas,contained_grid,16.86923,33.48,21.28048,40.3075,0.07988063,0.13565113,0.01350102,13,Heavy Rain Watch,False,16.86923,11.602855,28.085592,11.588528,28.070072,-5.2807026,-5.2663755
2018-07-27,76128533B28755611410447,Jaipur,contained_grid,17.344376,44.92,0.30945313,1.02,0.01978421,0.02708757,0.0049971417,16,Low Modelled Signal,False,17.344376,12.004618,39.52559,11.9900675,39.51007,-5.354308,-5.339758
2018-07-27,76128533B28879432621383,Dindigul,contained_grid,0.17375,0.94,0.5426563,2.045,0.00010251771,0.00014616564,1.9376343e-05,8,Low Modelled Signal,False,0.17375,0.0,0.0,0.0,0.0,-0.17375,-0.17375
2018-07-27,76128533B29138015770556,East Godavari,contained_grid,1.7686666,8.69,1.4867499,4.2349997,0.00081254804,0.005755124,0.00020596967,15,Low Modelled Signal,False,1.7686666,0.21970612,3.2955918,0.21867141,3.2800713,-1.5499952,-1.5489604
2018-07-27,76128533B29292403538801,Kolar,contained_grid,0.023333333,0.049999997,0.54229164,0.97249997,0.0001036269,0.00011542495,2.6342252e-05,6,Low Modelled Signal,False,0.023333333,0.0,0.0,0.0,0.0,-0.023333333,-0.023333333
2018-07-27,76128533B29293163114565,Madhepura,contained_grid,57.234997,88.78999,2.7071877,5.7125,0.035743177,0.0462082,0.0043742685,4,Low Modelled Signal,False,57.234997,51.84059,83.395584,51.82507,83.380066,-5.4099274,-5.3944054
2018-07-27,76128533B29330052395581,Pathanamthitta,contained_grid,2.61,4.19,0.054999996,0.16499999,0.00022801517,0.00029306943,4.640574e-05,3,Low Modelled Signal,False,2.61,0.0,0.0,0.0,0.0,-2.61,-2.61
2018-07-27,76128533B29554440319099,Mahrajganj,contained_grid,37.938,45.07,16.502249,18.134998,0.055293094,0.070204884,0.025003513,5,Low Modelled Signal,False,37.938,32.54359,39.67559,32.528072,39.660072,-5.4099274,-5.394409
2018-07-27,76128533B29672216830072,Sheikhpura,contained_grid,11.25,11.25,9.91,9.91,0.022090428,0.022090428,0.00015318164,1,Low Modelled Signal,False,11.25,5.8555923,5.8555923,5.8400717,5.8400717,-5.4099283,-5.3944077
2018-07-27,76128533B2970909480221,Peren,contained_grid,13.036667,28.37,2.7624998,3.6799996,0.007606422,0.011376818,0.00015131001,3,Low Modelled Signal,False,13.036667,7.797062,22.975594,7.7867146,22.960072,-5.2499523,-5.239605
2018-07-27,76128533B29721759389119,Agar,contained_grid,2.084,2.6599998,0.0675,0.1525,0.00031483345,0.0005658816,7.008412e-05,5,Low Modelled Signal,False,2.084,0.0,0.0,0.0,0.0,-2.084,-2.084
2018-07-27,76128533B29873478326363,Puducherry,contained_grid,1.93,1.93,0.14999999,0.14999999,0.00022428855,0.00022428855,6.156767e-05,1,Low Modelled Signal,False,1.93,0.0,0.0,0.0,0.0,-1.93,-1.93
2018-07-27,76128533B30016122738302,Bokaro,contained_grid,4.3525,5.49,25.836872,32.359997,0.0064321384,0.007733649,0.00031930173,4,Low Modelled Signal,False,4.3525,0.023898005,0.09559202,0.020017862,0.08007145,-4.3324823,-4.328602
2018-07-27,76128533B30151252629779,West District,contained_grid,14.264999,14.309999,1.0362499,1.7074999,0.011120403,0.017150065,0.0008336555,2,Low Modelled Signal,False,14.264999,8.870592,8.915592,8.855071,8.900071,-5.4099283,-5.3944073
2018-07-27,76128533B30246762498957,Bhadradri,contained_grid,4.961875,11.67,1.7089062,4.73875,0.001585375,0.0036436436,0.00030315015,16,Low Modelled Signal,False,4.961875,1.5908473,6.2755923,1.585027,6.2600718,-3.376848,-3.3710277
2018-07-27,76128533B3026318797185,Nagpur,contained_grid,1.6826667,2.1499999,0.03075,0.17,0.00023432412,0.00027774638,3.1360083e-05,15,Low Modelled Signal,False,1.6826667,0.0,0.0,0.0,0.0,-1.6826667,-1.6826667
2018-07-27,76128533B30447764775083,Sagar,contained_grid,1.6292857,3.74,0.18866071,0.4875,0.0029107486,0.012475804,0.00031743434,14,Low Modelled Signal,False,1.6292857,0.0,0.0,0.0,0.0,-1.6292857,-1.6292857
2018-07-27,76128533B30477486088156,Shajapur,contained_grid,2.796,3.5800002,0.1125,0.52,0.0006336585,0.00090286357,0.00010112329,5,Low Modelled Signal,False,2.796,0.0,0.0,0.0,0.0,-2.796,-2.796
2018-07-27,76128533B30779259886340,Imphal East,nearest_grid,36.28,36.28,19.807499,19.807499,0.019607475,0.019607475,0.00023317614,1,Low Modelled Signal,False,36.28,30.885592,30.885592,30.870071,30.870071,-5.4099274,-5.3944073
2018-07-27,76128533B31111781432113,Siddipet,contained_grid,0.456,0.64,0.054250002,0.14,0.00013591397,0.00013919435,2.3038489e-05,5,Low Modelled Signal,False,0.456,0.0,0.0,0.0,0.0,-0.456,-0.456
2018-07-27,76128533B31127900859310,Udhampur,contained_grid,13.420001,15.88,3.515,4.6,0.0056785718,0.006373952,0.00033677023,3,Low Modelled Signal,False,13.420001,8.025592,10.485592,8.010072,10.470072,-5.4099293,-5.394409
2018-07-27,76128533B31161316175613,Rewa,contained_grid,8.627273,14.85,1.855909,4.6649995,0.0073814066,0.012547954,0.00027692714,11,Low Modelled Signal,False,8.627273,3.232865,9.455593,3.2173445,9.440072,-5.4099283,-5.3944073
2018-07-27,76128533B31175522938788,Rangareddy,contained_grid,0.6842857,1.6300001,0.022499999,0.089999996,0.00016383301,0.00018262392,2.9303583e-05,7,Low Modelled Signal,False,0.6842857,0.0,0.0,0.0,0.0,-0.6842857,-0.6842857
2018-07-27,76128533B31241181851990,Thoothukkudi,contained_grid,0.1,0.8,0.04921875,0.3175,0.00014787154,0.0002171408,1.7959095e-05,8,Low Modelled Signal,False,0.1,0.0,0.0,0.0,0.0,-0.1,-0.1
2018-07-27,76128533B31246189674263,Nagarkurnool,contained_grid,0.14333333,0.35,0.0175,0.0675,0.00014996981,0.00017496423,2.4766749e-05,9,Low Modelled Signal,False,0.14333333,0.0,0.0,0.0,0.0,-0.14333333,-0.14333333
2018-07-27,76128533B31342633028465,Chandrapur,contained_grid,1.6471428,2.1499999,0.563125,2.6899998,0.00023118834,0.0002737925,3.0086558e-05,14,Low Modelled Signal,False,1.6471428,0.0,0.0,0.0,0.0,-1.6471428,-1.6471428
2018-07-27,76128533B31405919461443,Kurung Kumey,contained_grid,18.59,35.86,8.44,15.942499,0.009270268,0.015917348,0.00043521562,7,Low Modelled Signal,False,18.59,13.316222,30.465593,13.302918,30.450073,-5.2870817,-5.273778
2018-07-27,76128533B32249045995424,Srinagar,contained_grid,4.97,4.97,1.5175,1.5175,0.00056447415,0.00056447415,2.0803825e-05,1,Low Modelled Signal,False,4.97,0.0,0.0,0.0,0.0,-4.97,-4.97
2018-07-27,76128533B32499449492865,Purnia,contained_grid,73.92,93.079994,3.5625,5.9175,0.035784233,0.042528864,0.0011135362,3,Low Modelled Signal,False,73.92,68.52559,87.685585,68.51007,87.67007,-5.4099274,-5.394409
2018-07-27,76128533B32509926596077,Dhenkanal,contained_grid,7.7475004,13.8,2.0593748,3.5274997,0.0074045886,0.011084822,0.00240298,4,Low Modelled Signal,False,7.7475004,3.145296,8.405592,3.137536,8.390072,-4.6099644,-4.6022043
2018-07-27,76128533B32949331695897,Jagatsinghapur,contained_grid,3.05,4.37,7.4087505,9.967501,0.0038821078,0.0058119628,0.0003734313,2,Low Modelled Signal,False,3.05,0.0,0.0,0.0,0.0,-3.05,-3.05
2018-07-27,76128533B32998994032811,Punch,contained_grid,13.279999,17.239998,2.365,6.0950003,0.0021567089,0.0028481004,0.00018880903,3,Low Modelled Signal,False,13.279999,7.8855915,11.845591,7.8700714,11.83007,-5.4099274,-5.3944073
2018-07-27,76128533B33103505211400,Nicobars,contained_grid,16.115,18.39,21.204372,39.894997,0.0009466376,0.0012179071,8.979951e-05,2,Low Modelled Signal,False,16.115,10.7205925,12.995592,10.705072,12.980071,-5.4099274,-5.3944073
2018-07-27,76128533B33151011563565,Vadodara,contained_grid,2.7583334,3.5700002,0.038749997,0.23249999,0.0009175502,0.0015892457,0.00012982242,6,Low Modelled Signal,False,2.7583334,0.0,0.0,0.0,0.0,-2.7583334,-2.7583334
2018-07-27,76128533B33162455176756,Thiruvananthapuram,contained_grid,2.26,3.13,0.25333333,0.755,0.00012166636,0.00016133046,1.7806407e-05,3,Low Modelled Signal,False,2.26,0.0,0.0,0.0,0.0,-2.26,-2.26
2018-07-27,76128533B33226396095315,Komaram Bheem,contained_grid,1.2775,2.2200003,0.1759375,0.60125,0.00019290214,0.00027199363,3.182543e-05,8,Low Modelled Signal,False,1.2775,0.0,0.0,0.0,0.0,-1.2775,-1.2775
2018-07-27,76128533B33437990510331,Saharanpur,contained_grid,13.305,18.510002,120.362495,146.17499,0.0075523634,0.008355717,0.00013666805,6,Low Modelled Signal,False,13.305,7.910593,13.115595,7.8950715,13.100074,-5.409929,-5.3944073
2018-07-27,76128533B33451850475260,Nuapada,contained_grid,9.555,19.740002,0.008437499,0.033749998,0.0064584115,0.009710601,0.0013306113,4,Low Modelled Signal,False,9.555,4.246695,14.345594,4.235054,14.330073,-5.3199463,-5.3083053
2018-07-27,76128533B33458049385696,Rohtas,contained_grid,4.0200005,10.540001,3.48625,6.0099998,0.0041500228,0.007347266,0.00095579145,5,Low Modelled Signal,False,4.0200005,1.0291187,5.145593,1.0260146,5.1300726,-2.993986,-2.990882
2018-07-27,76128533B334793883930,Jorhat,contained_grid,14.4800005,20.18,27.1575,30.384998,0.010797193,0.012353411,0.0020339608,2,Low Modelled Signal,False,14.4800005,9.085593,14.785593,9.070072,14.770072,-5.4099283,-5.3944073
2018-07-27,76128533B3371867518692,Jammu,contained_grid,50.436665,67.44,7.4525,10.235,0.015282594,0.02594883,0.0010479619,3,Low Modelled Signal,False,50.436665,45.042255,62.045593,45.026737,62.030075,-5.4099274,-5.394409
2018-07-27,76128533B33966968116377,Gadag,contained_grid,0.83375,1.12,0.063125,0.21749999,0.00012981944,0.00016711412,4.6554505e-05,8,Low Modelled Signal,False,0.83375,0.0,0.0,0.0,0.0,-0.83375,-0.83375
2018-07-27,76128533B34069028331411,Karauli,contained_grid,52.98,67.84,0.560625,0.91875,0.056226835,0.07123475,0.00075184373,6,Low Modelled Signal,False,52.98,47.58559,62.445587,47.57007,62.43007,-5.409931,-5.394409
2018-07-27,76128533B34203923268864,Aizawl,contained_grid,20.094,22.68,2.99325,5.9474998,0.007825276,0.012026477,0.0006744868,5,Low Modelled Signal,False,20.094,14.699593,17.285593,14.684072,17.270073,-5.4099283,-5.3944073
2018-07-27,76128533B34216851275023,Mayurbhanj,contained_grid,16.684118,27.28,6.4275737,18.055,0.035242096,0.047102466,0.0063452777,17,Low Modelled Signal,False,16.684118,11.289711,21.885593,11.27419,21.870071,-5.4099283,-5.3944073
2018-07-27,76128533B34462889864078,Gautam Buddha Nagar,contained_grid,4.6200004,4.6200004,37.39375,37.39375,0.012359395,0.012359395,0.0002540553,1,Low Modelled Signal,False,4.6200004,0.0,0.0,0.0,0.0,-4.6200004,-4.6200004
2018-07-27,76128533B34824326075805,Warangal (U),contained_grid,0.34,0.34,0.35875002,0.35875002,0.00013919435,0.00013919435,1.7971717e-05,1,Low Modelled Signal,False,0.34,0.0,0.0,0.0,0.0,-0.34,-0.34
2018-07-27,76128533B34832354589031,Shrawasti,contained_grid,5.7700005,7.1600003,11.082084,14.9175005,0.007315079,0.01048501,0.0009800276,3,Low Modelled Signal,False,5.7700005,1.0570617,1.7655926,1.0467147,1.750072,-4.7232857,-4.712939
2018-07-27,76128533B35083559759016,Idukki,contained_grid,2.3116667,4.3900003,0.875,2.4424999,0.00025919714,0.00038346625,4.2553256e-05,6,Low Modelled Signal,False,2.3116667,0.0,0.0,0.0,0.0,-2.3116667,-2.3116667
2018-07-27,76128533B35129325000613,Sabar Kantha,contained_grid,3.5549998,4.4500003,0.020937499,0.065,0.0028956013,0.0040906966,0.00016718566,4,Low Modelled Signal,False,3.5549998,0.0,0.0,0.0,0.0,-3.5549998,-3.5549998
2018-07-27,76128533B35143550659673,Latehar,contained_grid,8.042,13.47,45.792503,59.162495,0.0072046174,0.00854051,0.00050056993,5,Low Modelled Signal,False,8.042,2.652474,8.075592,2.6400573,8.060072,-5.4019423,-5.389526
2018-07-27,76128533B35167844027544,Alirajpur,contained_grid,5.65,5.8900003,0.06949999,0.27499998,0.0024310004,0.0028951736,0.0001567329,5,Low Modelled Signal,False,5.65,0.29847383,0.4955926,0.28605738,0.48007202,-5.3639426,-5.3515263
2018-07-27,76128533B35205406647638,Jamnagar,contained_grid,0.6666667,0.86999995,0.022083333,0.089999996,0.000141252,0.00017289488,1.1272399e-05,9,Low Modelled Signal,False,0.6666667,0.0,0.0,0.0,0.0,-0.6666667,-0.6666667
2018-07-27,76128533B35439951183692,Lohardaga,contained_grid,13.265,13.86,76.484375,81.145,0.007937363,0.008233075,0.0002102573,2,Low Modelled Signal,False,13.265,7.870592,8.465591,7.855072,8.450071,-5.4099283,-5.394408
2018-07-27,76128533B35465481868600,Samli,contained_grid,21.100002,21.100002,79.697495,79.697495,0.0096477335,0.0096477335,0.000154914,1,Low Modelled Signal,False,21.100002,15.705595,15.705595,15.690074,15.690074,-5.4099283,-5.3944073
2018-07-27,76128533B35468154415031,Saiha,contained_grid,23.786667,28.109999,16.111666,21.857498,0.03753704,0.054440998,0.0008163926,3,Low Modelled Signal,False,23.786667,18.39226,22.715591,18.376738,22.70007,-5.4099293,-5.3944073
2018-07-27,76128533B35717069663408,Krishnagiri,contained_grid,0.011666667,0.03,0.5216666,1.4249997,0.00012774499,0.00018933513,2.5507909e-05,6,Low Modelled Signal,False,0.011666667,0.0,0.0,0.0,0.0,-0.011666667,-0.011666667
2018-07-27,76128533B35759455556328,North Garo Hills,contained_grid,67.869995,67.869995,2.615,2.615,0.011695768,0.011695768,0.0008009048,1,Low Modelled Signal,False,67.869995,62.475586,62.475586,62.460068,62.460068,-5.4099274,-5.394409
2018-07-27,76128533B35956162202704,Hamirpur,contained_grid,19.89,22.459997,6.1775002,11.4475,0.00693635,0.0072151185,0.00016380023,2,Low Modelled Signal,False,19.89,14.495591,17.06559,14.48007,17.050068,-5.4099293,-5.394408
2018-07-27,76128533B36164606132718,Vizianagaram,contained_grid,1.4612501,4.83,1.8779685,5.2099996,0.0007043055,0.0015137752,0.00028169676,8,Low Modelled Signal,False,1.4612501,0.0,0.0,0.0,0.0,-1.4612501,-1.4612501
2018-07-27,76128533B36594996191182,Noney,contained_grid,24.26,24.26,5.8425,5.8425,0.00956463,0.00956463,0.00015055669,1,Low Modelled Signal,False,24.26,18.865593,18.865593,18.85007,18.85007,-5.4099293,-5.3944073
2018-07-27,76128533B36625800127334,Nawada,contained_grid,10.493333,14.6,15.684166,17.71,0.012814076,0.019700244,0.00022158596,3,Low Modelled Signal,False,10.493333,5.2437286,9.205593,5.2333813,9.190072,-5.2599516,-5.249604
2018-07-27,76128533B36734405131975,Maldah,contained_grid,62.93,76.95,32.654747,49.109993,0.04444111,0.046690453,0.0045306743,5,Low Modelled Signal,False,62.93,57.53559,71.55559,57.52007,71.54007,-5.409931,-5.394409
2018-07-27,76128533B36958871695926,Gadchiroli,contained_grid,3.3614287,7.0599995,0.3042857,2.0774999,0.00073745777,0.0017396769,0.000152223,21,Low Modelled Signal,False,3.3614287,0.07931389,1.6655917,0.078574814,1.6500711,-3.2828538,-3.2821147
2018-07-27,76128533B37096001761063,Burhanpur,contained_grid,3.6450002,4.63,0.0,0.0,0.0010487761,0.0013740485,0.00011878496,6,Low Modelled Signal,False,3.6450002,0.0,0.0,0.0,0.0,-3.6450002,-3.6450002
2018-07-27,76128533B37148244536449,Palghar,contained_grid,6.1833334,10.79,0.7847222,2.1325,0.0050706663,0.008846332,0.00094833545,9,Low Modelled Signal,False,6.1833334,1.4013743,5.395592,1.3944763,5.3800716,-4.788857,-4.781959
2018-07-27,76128533B37199077904074,Kapurthala,contained_grid,14.29,21.16,1.5141668,2.69,0.009071208,0.010690018,0.0005246028,3,Low Modelled Signal,False,14.29,8.895592,15.765593,8.880071,15.750072,-5.4099293,-5.394408
2018-07-27,76128533B37392223136185,Udaipur,contained_grid,2.2758822,4.26,0.12757352,1.29,0.00183482,0.0037845063,0.00050292606,17,Low Modelled Signal,False,2.2758822,0.0,0.0,0.0,0.0,-2.2758822,-2.2758822
2018-07-27,76128533B37486272752374,Wardha,contained_grid,1.8742857,2.09,0.024999997,0.099999994,0.00022292051,0.00027199363,2.782365e-05,7,Low Modelled Signal,False,1.8742857,0.0,0.0,0.0,0.0,-1.8742857,-1.8742857
2018-07-27,76128533B37825396764028,Shupiyan,contained_grid,5.2850003,6.6400003,1.71875,1.9625,0.00067232834,0.0008967157,2.925828e-05,2,Low Modelled Signal,False,5.2850003,0.6227963,1.2455926,0.615036,1.230072,-4.6699643,-4.662204
2018-07-27,76128533B38141181853016,Kolasib,contained_grid,20.279999,23.5,6.2037497,10.87,0.006238372,0.0065145316,0.00031710783,2,Low Modelled Signal,False,20.279999,14.885592,18.105593,14.870071,18.090073,-5.4099274,-5.3944063
2018-07-27,76128533B38203190611533,Gaurella Pendra Marwahi,contained_grid,35.525,37.25,2.11125,2.5099998,0.030207228,0.030759223,0.0011889236,2,Low Modelled Signal,False,35.525,30.130594,31.855593,30.115074,31.840073,-5.4099274,-5.3944073
2018-07-27,76128533B38230828972906,Kamrup Metropolitan,nearest_grid,39.86,39.86,4.3299994,4.3299994,0.013684369,0.013684369,0.0002125719,1,Low Modelled Signal,False,39.86,34.46559,34.46559,34.450073,34.450073,-5.4099274,-5.394409
2018-07-27,76128533B38354309367879,Adilabad,contained_grid,1.02,1.11,0.05025,0.1125,0.00015915676,0.00019152476,2.17465e-05,5,Low Modelled Signal,False,1.02,0.0,0.0,0.0,0.0,-1.02,-1.02
2018-07-27,76128533B38548995376745,Karbi Anglong East,contained_grid,10.740001,19.29,3.4904165,10.034999,0.004950548,0.007499945,0.00074003596,12,Low Modelled Signal,False,10.740001,5.6025276,13.895594,5.590887,13.880073,-5.1491137,-5.137473
2018-07-27,76128533B38561771925520,Pithoragarh,contained_grid,20.354,27.640001,2.6222498,10.904999,0.014485175,0.027143069,0.00040299768,10,Low Modelled Signal,False,20.354,14.959593,22.245594,14.944072,22.230072,-5.4099283,-5.3944073
2018-07-27,76128533B38767180038480,Niwari,contained_grid,5.6200004,5.6200004,1.29,1.29,0.009654797,0.009654797,0.00015204717,1,Low Modelled Signal,False,5.6200004,0.22559261,0.22559261,0.21007204,0.21007204,-5.4099283,-5.3944077
2018-07-27,76128533B38784530776316,Lower Dibang Valley,contained_grid,18.023333,33.15,4.188958,7.495,0.009599985,0.014168785,0.00042072294,6,Low Modelled Signal,False,18.023333,12.628926,27.755594,12.613406,27.740074,-5.4099264,-5.3944063
2018-07-27,76128533B39039541714099,Champhai,contained_grid,20.619997,20.619997,7.535,7.535,0.009537615,0.009537615,0.00021229195,1,Low Modelled Signal,False,20.619997,15.22559,15.22559,15.210069,15.210069,-5.4099283,-5.3944073
2018-07-27,76128533B39046535416628,Kheda,contained_grid,2.7220001,3.43,0.015999999,0.08,0.0011355191,0.0021436114,0.00028496838,5,Low Modelled Signal,False,2.7220001,0.0,0.0,0.0,0.0,-2.7220001,-2.7220001
2018-07-27,76128533B39051871473194,Barnala,contained_grid,3.2350001,3.8300002,0.0062499996,0.012499999,0.002414253,0.0027716905,0.00018002868,2,Low Modelled Signal,False,3.2350001,0.0,0.0,0.0,0.0,-3.2350001,-3.2350001
2018-07-27,76128533B39238815774480,Sindhudurg,contained_grid,13.872223,17.070002,2.675,5.84625,0.015714196,0.021002775,0.0011589089,9,Low Modelled Signal,False,13.872223,8.477816,11.675594,8.462294,11.660073,-5.4099293,-5.3944073
2018-07-27,76128533B39329594544563,Aurangabad,contained_grid,0.856,1.1,0.23441666,1.4099998,0.00019014388,0.00021398347,3.4187997e-05,15,Low Modelled Signal,False,0.856,0.0,0.0,0.0,0.0,-0.856,-0.856
2018-07-27,76128533B39368211148513,Patiala,contained_grid,23.448,25.46,7.0225,24.9,0.006510599,0.009527124,0.00012877714,5,Low Modelled Signal,False,23.448,18.053593,20.065592,18.038073,20.050072,-5.4099274,-5.3944073
2018-07-27,76128533B39705008578419,Satna,contained_grid,9.491818,17.56,1.1352272,4.2749996,0.0076240585,0.013173623,0.0004049691,11,Low Modelled Signal,False,9.491818,4.111448,12.165592,4.0973377,12.150071,-5.3944807,-5.3803706
2018-07-27,76128533B3985531353014,Kozhikode,contained_grid,10.983334,13.82,1.8345833,4.29625,0.0055142106,0.006637472,0.00038525838,3,Low Modelled Signal,False,10.983334,5.588926,8.425592,5.573405,8.410071,-5.409929,-5.3944077
2018-07-27,76128533B39959897010345,Sehore,contained_grid,4.90625,9.27,1.5579687,2.655,0.002537334,0.0077179577,0.0004539592,8,Low Modelled Signal,False,4.90625,0.6276481,3.8755927,0.623768,3.8600721,-4.282482,-4.2786016
2018-07-27,76128533B40023971667984,Deoria,contained_grid,20.025,21.07,6.6837497,10.259999,0.015229268,0.019053707,0.0049086013,2,Low Modelled Signal,False,20.025,14.630592,15.675592,14.615071,15.660071,-5.4099283,-5.3944073
2018-07-27,76128533B40156838070,Jalgaon,contained_grid,1.7820001,3.3700004,0.041333333,0.19500002,0.00032699778,0.0006503595,9.5845455e-05,15,Low Modelled Signal,False,1.7820001,0.0,0.0,0.0,0.0,-1.7820001,-1.7820001
2018-07-27,76128533B40226077866964,Gorakhpur,contained_grid,14.55,23.33,19.9625,26.385,0.022295862,0.037186544,0.009828287,5,Low Modelled Signal,False,14.55,9.155592,17.935593,9.140072,17.92007,-5.4099283,-5.394408
2018-07-27,76128533B40480360118262,Sangareddy,contained_grid,0.72400004,0.88000005,0.042499997,0.13749999,0.00012914535,0.00013509231,2.3038489e-05,5,Low Modelled Signal,False,0.72400004,0.0,0.0,0.0,0.0,-0.72400004,-0.72400004
2018-07-27,76128533B40495457052818,Bijapur,contained_grid,0.73214287,1.33,0.17232144,1.3050001,0.00016518307,0.00019957125,2.8593628e-05,14,Low Modelled Signal,False,0.73214287,0.0,0.0,0.0,0.0,-0.73214287,-0.73214287
2018-07-27,76128533B40509297062120,Siddharthnagar,contained_grid,20.439999,28.109999,23.245623,24.2725,0.03168498,0.043558832,0.0033874912,4,Low Modelled Signal,False,20.439999,15.045592,22.715591,15.030071,22.70007,-5.4099274,-5.3944063
2018-07-27,76128533B40535123096970,East Garo Hills,contained_grid,42.2575,65.55,13.358438,25.94,0.011190128,0.017229164,0.0008694933,4,Low Modelled Signal,False,42.2575,36.86309,60.155594,36.847572,60.140076,-5.4099274,-5.394409
2018-07-27,76128533B40638696154891,Faridabad,contained_grid,8.64,8.64,55.65001,55.65001,0.016768236,0.016768236,0.00021954412,1,Low Modelled Signal,False,8.64,3.2455926,3.2455926,3.230072,3.230072,-5.4099283,-5.3944077
2018-07-27,76128533B40714385808093,Biswanath,contained_grid,16.349998,16.349998,19.025,19.025,0.011191408,0.011191408,0.00045796632,1,Low Modelled Signal,False,16.349998,10.955591,10.955591,10.94007,10.94007,-5.4099283,-5.3944073
2018-07-27,76128533B40868676647207,Munger,contained_grid,5.6099997,7.04,35.244995,38.507496,0.006019338,0.0076179276,0.00034420102,2,Low Modelled Signal,False,5.6099997,0.8227961,1.6455922,0.8150358,1.6300716,-4.794964,-4.787204
2018-07-27,76128533B40923846274136,Junagadh,contained_grid,1.7685716,2.3300002,0.23482142,0.62624997,6.248486e-05,6.450452e-05,1.2064607e-05,7,Low Modelled Signal,False,1.7685716,0.0,0.0,0.0,0.0,-1.7685716,-1.7685716
2018-07-27,76128533B40995085026980,Nalbari,contained_grid,33.64,35.55,3.995625,4.53125,0.030094905,0.044329576,0.0014650578,2,Low Modelled Signal,False,33.64,28.245594,30.155592,28.230072,30.140072,-5.4099274,-5.3944054
2018-07-27,76128533B41005496708834,Sonitpur,contained_grid,27.057499,30.349998,28.490623,34.3075,0.017346267,0.020833613,0.000748522,4,Low Modelled Signal,False,27.057499,21.663094,24.955591,21.647572,24.940071,-5.4099274,-5.3944054
2018-07-27,76128533B41246169049488,Mahe,nearest_grid,17.82,17.82,0.0375,0.0375,0.006347971,0.006347971,0.00040614454,1,Low Modelled Signal,False,17.82,12.425592,12.425592,12.410071,12.410071,-5.4099283,-5.3944073
2018-07-27,76128533B41321006511827,Khawzawl,contained_grid,19.300001,19.300001,11.110001,11.110001,0.008016175,0.008016175,0.00015450602,1,Low Modelled Signal,False,19.300001,13.905594,13.905594,13.890073,13.890073,-5.4099283,-5.3944073
2018-07-27,76128533B41477629049356,Lakshadweep,nearest_grid,1.32,1.32,0.0775,0.0775,6.2208936e-05,6.2208936e-05,1.1778051e-05,1,Low Modelled Signal,False,1.32,0.0,0.0,0.0,0.0,-1.32,-1.32
2018-07-27,76128533B41499938690181,Mansa,contained_grid,1.8249999,2.59,0.0,0.0,0.0033049753,0.005247484,0.00035786646,2,Low Modelled Signal,False,1.8249999,0.0,0.0,0.0,0.0,-1.8249999,-1.8249999
2018-07-27,76128533B41744580856133,Bandipore,contained_grid,3.0475,3.25,1.3446876,2.51125,0.00022549715,0.00040148446,3.5471952e-05,4,Low Modelled Signal,False,3.0475,0.0,0.0,0.0,0.0,-3.0475,-3.0475
2018-07-27,76128533B41747884279129,Hoshiarpur,contained_grid,14.301667,29.460001,2.4966667,6.7425,0.010078579,0.017960425,0.00028424597,6,Low Modelled Signal,False,14.301667,9.144661,24.065594,9.131726,24.050072,-5.169941,-5.1570063
2018-07-27,76128533B41976979530466,Kannur,contained_grid,15.934999,17.82,4.585,8.5775,0.008790876,0.010399853,0.00085103535,4,Low Modelled Signal,False,15.934999,10.540592,12.425592,10.525071,12.410071,-5.4099283,-5.3944073
2018-07-27,76128533B42153891534463,West Khasi Hills,contained_grid,64.596664,110.83,24.620417,33.51625,0.024142204,0.031794295,0.0012158346,6,Low Modelled Signal,False,64.596664,59.202255,105.43559,59.186737,105.420074,-5.4099274,-5.394409
2018-07-27,76128533B421757708753,Firozpur,contained_grid,17.945,18.37,1.3406249,2.00625,0.005097188,0.005223295,0.00020874586,2,Low Modelled Signal,False,17.945,12.550593,12.975594,12.535072,12.9600725,-5.4099274,-5.3944063
2018-07-27,76128533B42623703243160,Unnao,contained_grid,1.9816666,3.0,22.893957,39.245,0.0006911312,0.0010436622,5.6814253e-05,6,Low Modelled Signal,False,1.9816666,0.0,0.0,0.0,0.0,-1.9816666,-1.9816666
2018-07-27,76128533B42646400584570,Bhiwani,contained_grid,44.82,65.20999,0.9017857,2.175,0.121275805,0.19683555,0.0020761422,7,Heavy Rain Watch,False,44.82,39.42559,59.815582,39.410072,59.800064,-5.4099274,-5.394409
2018-07-27,76128533B42839853072341,Patan,contained_grid,1.4083334,1.83,0.05458333,0.1625,0.00064352347,0.00079934695,3.9838225e-05,6,Low Modelled Signal,False,1.4083334,0.0,0.0,0.0,0.0,-1.4083334,-1.4083334
2018-07-27,76128533B42880544505675,Dhar,contained_grid,6.2836366,7.89,0.072613634,0.2225,0.0031443571,0.0042476435,0.0004610012,11,Low Modelled Signal,False,6.2836366,0.9536663,2.495592,0.94096774,2.4800715,-5.342669,-5.3299704
2018-07-27,76128533B42922918567330,Chhatarpur,contained_grid,2.2875001,3.8500001,1.5045834,3.0325,0.0037894314,0.011869934,0.0009275762,12,Low Modelled Signal,False,2.2875001,0.0,0.0,0.0,0.0,-2.2875001,-2.2875001
2018-07-27,76128533B42970684683247,Dhalai,contained_grid,18.945,23.069998,2.14625,4.14,0.005875391,0.0059121666,0.0008836711,2,Low Modelled Signal,False,18.945,13.550591,17.67559,13.53507,17.660069,-5.4099293,-5.394408
2018-07-27,76128533B43049220506604,Dakshin Dinajpur,contained_grid,52.216663,61.129997,10.665416,20.779999,0.021929005,0.029139636,0.0011259997,3,Low Modelled Signal,False,52.216663,46.822254,55.735588,46.806736,55.72007,-5.4099274,-5.394409
2018-07-27,76128533B43180268042348,Kodarma,contained_grid,5.2166667,7.58,35.62875,43.4225,0.010359925,0.01668519,0.00030754233,3,Low Modelled Signal,False,5.2166667,0.97706157,2.1855922,0.96671456,2.1700716,-4.2499523,-4.239605
2018-07-27,76128533B43252171579976,Dadra & Nagar Haveli,contained_grid,4.6600003,4.6600003,1.3625,1.3625,0.004986143,0.004986143,0.0002621035,1,Low Modelled Signal,False,4.6600003,0.0,0.0,0.0,0.0,-4.6600003,-4.6600003
2018-07-27,76128533B43335986553000,Mandya,contained_grid,0.25,0.41,0.5001562,1.4775,9.4531315e-05,0.000111848756,2.674285e-05,8,Low Modelled Signal,False,0.25,0.0,0.0,0.0,0.0,-0.25,-0.25
2018-07-27,76128533B43544960343942,Nagaur,contained_grid,1.3088889,16.3,0.044861108,0.5775,0.0025511717,0.015128826,0.00078827655,27,Low Modelled Signal,False,1.3088889,0.55041426,10.905592,0.54926455,10.890071,-0.75962436,-0.75847465
2018-07-27,76128533B43737470294384,Amreli,contained_grid,1.355,2.4499998,0.014374999,0.1125,7.473018e-05,0.00018501408,1.2243313e-05,10,Low Modelled Signal,False,1.355,0.0,0.0,0.0,0.0,-1.355,-1.355
2018-07-27,76128533B43965372582859,Sipahijula,contained_grid,25.170002,25.170002,16.8475,16.8475,0.019601515,0.019601515,0.00038965084,1,Low Modelled Signal,False,25.170002,19.775595,19.775595,19.760075,19.760075,-5.4099274,-5.3944073
2018-07-27,76128533B44190672061408,Ukhrul,contained_grid,37.25,43.15,31.967081,36.263752,0.014586401,0.018202158,0.00035009018,3,Low Modelled Signal,False,37.25,31.85559,37.755592,31.840073,37.740074,-5.4099274,-5.394409
2018-07-27,76128533B44197302080139,Thoubal,nearest_grid,36.28,36.28,19.807499,19.807499,0.019607475,0.019607475,0.00023317614,1,Low Modelled Signal,False,36.28,30.885592,30.885592,30.870071,30.870071,-5.4099274,-5.3944073
2018-07-27,76128533B44250373880839,Damoh,contained_grid,5.315,12.210001,0.9748751,2.52,0.0043919953,0.0070917425,0.0011992253,10,Low Modelled Signal,False,5.315,1.2127964,6.8155932,1.2050362,6.8000727,-4.109964,-4.1022034
2018-07-27,76128533B44395557448920,Balangir,contained_grid,14.933332,22.359999,1.125,6.105,0.010501244,0.012575387,0.0032581543,9,Low Modelled Signal,False,14.933332,9.538925,16.965591,9.523404,16.95007,-5.4099283,-5.3944073
2018-07-27,76128533B44632955875385,Chatra,contained_grid,3.5285716,7.59,25.148573,47.8775,0.00553703,0.011425499,0.00021000417,7,Low Modelled Signal,False,3.5285716,0.3830264,2.1955924,0.37859195,2.1800718,-3.1499796,-3.1455452
2018-07-27,76128533B4466876522971,Umaria,contained_grid,20.72625,23.699999,0.6159375,2.3549998,0.013442582,0.01674777,0.0007745277,8,Low Modelled Signal,False,20.72625,15.331842,18.305592,15.316321,18.29007,-5.4099283,-5.3944073
2018-07-27,76128533B4481773749911,Krishna,contained_grid,0.07333333,0.35000002,1.1720833,3.5524998,0.0002026154,0.00035763797,3.1329375e-05,12,Low Modelled Signal,False,0.07333333,0.0,0.0,0.0,0.0,-0.07333333,-0.07333333
2018-07-27,76128533B45037556977273,Gir Somnath,contained_grid,2.695,3.1499999,0.09729167,0.30374998,8.386594e-05,0.00017481262,1.7955641e-05,6,Low Modelled Signal,False,2.695,0.0,0.0,0.0,0.0,-2.695,-2.695
2018-07-27,76128533B45072089356239,Thiruvarur,contained_grid,1.9566666,3.07,0.11666665,0.16749999,0.0001627548,0.00024955775,3.114006e-05,3,Low Modelled Signal,False,1.9566666,0.0,0.0,0.0,0.0,-1.9566666,-1.9566666
2018-07-27,76128533B45099378029175,Banda,contained_grid,3.5757143,4.8300004,3.7328572,8.9825,0.0019936054,0.0033153147,0.00031700995,7,Low Modelled Signal,False,3.5757143,0.0,0.0,0.0,0.0,-3.5757143,-3.5757143
2018-07-27,76128533B45106682783501,Jind,contained_grid,28.324,36.640003,2.28475,3.8449996,0.010739574,0.012569238,0.0006360503,5,Low Modelled Signal,False,28.324,22.929592,31.245596,22.914072,31.230076,-5.4099274,-5.3944073
2018-07-27,76128533B45314020251888,Hoshangabad,contained_grid,6.021111,10.62,1.6369443,3.7274995,0.0036048766,0.0073930006,0.00048081667,9,Low Modelled Signal,False,6.021111,1.7915058,5.225592,1.782262,5.2100716,-4.238849,-4.229605
2018-07-27,76128533B45381195840581,Pakur,contained_grid,34.579998,46.71,23.5,34.6625,0.041439313,0.05399436,0.00915713,3,Low Modelled Signal,False,34.579998,29.18559,41.31559,29.170069,41.30007,-5.4099293,-5.3944073
2018-07-27,76128533B45574198291616,North ,nearest_grid,13.61,13.61,15.922502,15.922502,0.029288918,0.029288918,0.0003173668,1,Low Modelled Signal,False,13.61,8.215591,8.215591,8.200071,8.200071,-5.4099283,-5.394408
2018-07-27,76128533B45592431373253,Thiruvallur,contained_grid,0.083333336,0.2,0.17833333,0.355,0.00021908786,0.00034489552,2.1884574e-05,3,Low Modelled Signal,False,0.083333336,0.0,0.0,0.0,0.0,-0.083333336,-0.083333336
2018-07-27,76128533B45623818137574,Arwal,contained_grid,25.210001,25.210001,2.3899999,2.3899999,0.019691378,0.019691378,0.00053235487,1,Low Modelled Signal,False,25.210001,19.815594,19.815594,19.800072,19.800072,-5.4099293,-5.3944073
2018-07-27,76128533B45655211862788,Rajouri,contained_grid,49.1,63.55,2.2365623,4.3262496,0.007923719,0.0121835545,0.00030567174,4,Low Modelled Signal,False,49.1,43.70559,58.15559,43.69007,58.14007,-5.4099274,-5.394409
2018-07-27,76128533B46038384763988,Rudraprayag,contained_grid,22.44,23.43,25.798122,27.658749,0.012763392,0.013536499,0.00029074898,2,Low Modelled Signal,False,22.44,17.045593,18.035593,17.030073,18.020073,-5.4099274,-5.3944073
2018-07-27,76128533B46084756537322,Shi Yomi,contained_grid,16.345,20.369999,12.094791,21.69375,0.0072645643,0.009717482,0.0009841998,6,Low Modelled Signal,False,16.345,10.950592,14.975592,10.935071,14.960071,-5.4099283,-5.3944073
2018-07-27,76128533B46195204843409,Ludhiana,contained_grid,4.2000003,10.900001,2.6754167,10.3875,0.0038012909,0.004323784,0.00016056804,6,Low Modelled Signal,False,4.2000003,0.93686414,5.505593,0.93169063,5.4900723,-3.2683096,-3.2631361
2018-07-27,76128533B46268976217915,Baghpat,contained_grid,19.345,23.699999,51.6475,54.88499,0.019990932,0.031498432,0.0005053884,2,Low Modelled Signal,False,19.345,13.950592,18.305592,13.93507,18.29007,-5.4099293,-5.3944073
2018-07-27,76128533B46490409917345,Bongaigaon,contained_grid,73.07,73.07,1.9875001,1.9875001,0.011111402,0.011111402,0.00075981795,1,Low Modelled Signal,False,73.07,67.67559,67.67559,67.66007,67.66007,-5.4099274,-5.394409
2018-07-27,76128533B46531174070538,Udham Singh Nagar,contained_grid,18.911999,25.31,7.6087494,11.28875,0.009747784,0.010986932,0.00031040545,5,Low Modelled Signal,False,18.911999,13.517593,19.915592,13.502072,19.90007,-5.4099264,-5.3944054
2018-07-27,76128533B46682008877369,Rampur,contained_grid,11.255,17.48,14.4275,20.648748,0.0063546803,0.009266701,0.00034538074,4,Low Modelled Signal,False,11.255,6.496694,12.085592,6.4850535,12.070071,-4.7699466,-4.758306
2018-07-27,76128533B46866455993508,Narmada,contained_grid,6.0924997,7.17,0.0,0.0,0.002615292,0.0035981636,0.00038993047,4,Low Modelled Signal,False,6.0924997,0.83919406,1.7755923,0.82755363,1.7600718,-5.264946,-5.2533054
2018-07-27,76128533B46926146855114,Garhwal,contained_grid,25.893751,32.030003,29.700155,68.002495,0.0116268005,0.016145729,0.0003638105,8,Low Modelled Signal,False,25.893751,20.499344,26.635595,20.483822,26.620075,-5.4099293,-5.3944073
2018-07-27,76128533B46979893461805,Surajpur,contained_grid,17.36,18.53,4.610937,10.2925,0.012542615,0.014326903,0.0005388906,4,Low Modelled Signal,False,17.36,11.965593,13.135593,11.950071,13.120072,-5.4099293,-5.3944073
2018-07-27,76128533B4720703924950,Unokoti,contained_grid,21.93,21.93,0.012499999,0.012499999,0.006656919,0.006656919,0.00035160824,1,Low Modelled Signal,False,21.93,16.535593,16.535593,16.520073,16.520073,-5.4099274,-5.3944073
2018-07-27,76128533B4743808419896,Dharmapuri,contained_grid,0.12142857,0.35000002,0.8221429,1.9025002,0.00016372466,0.00021579729,2.796758e-05,7,Low Modelled Signal,False,0.12142857,0.0,0.0,0.0,0.0,-0.12142857,-0.12142857
2018-07-27,76128533B47448948912370,Koraput,contained_grid,4.9700003,11.89,2.8236363,6.1624994,0.0020057193,0.003552957,0.00039763967,11,Low Modelled Signal,False,4.9700003,1.3079966,6.4955926,1.3009417,6.480072,-3.6690586,-3.6620035
2018-07-27,76128533B4745348385341,Araria,contained_grid,93.375,105.399994,2.0828123,6.007499,0.03459724,0.040768925,0.0011058362,4,Low Modelled Signal,False,93.375,87.98059,100.005585,87.96507,99.99007,-5.4099274,-5.394409
2018-07-27,76128533B4753404177348,Coimbatore,contained_grid,1.0585715,3.24,0.7435714,1.9499999,0.00021207798,0.00032612376,4.339568e-05,7,Low Modelled Signal,False,1.0585715,0.0,0.0,0.0,0.0,-1.0585715,-1.0585715
2018-07-27,76128533B47594161132413,Chitradurga,contained_grid,0.4209091,0.9200001,0.028863637,0.1475,0.00010170287,0.00014376543,2.9253113e-05,11,Low Modelled Signal,False,0.4209091,0.0,0.0,0.0,0.0,-0.4209091,-0.4209091
2018-07-27,76128533B47664895117076,Kargil,contained_grid,3.4452002,8.9800005,0.22365,0.82124996,0.00030081117,0.0006438405,2.1382553e-05,25,Low Modelled Signal,False,3.4452002,0.35351852,3.5855927,0.35041443,3.5700722,-3.0947857,-3.0916817
2018-07-27,76128533B47772746709007,Barpeta,contained_grid,42.77,61.710003,5.2899995,11.384998,0.023476657,0.033955567,0.002412393,4,Low Modelled Signal,False,42.77,37.37559,56.315594,37.360073,56.300076,-5.4099274,-5.394409
2018-07-27,76128533B47816398970283,Ahmadnagar,contained_grid,1.1742857,7.29,0.7661309,2.9950001,0.00039102643,0.0043081297,0.0005762484,21,Low Modelled Signal,False,1.1742857,0.090266295,1.8955922,0.08952722,1.8800716,-1.0847584,-1.0840193
2018-07-27,76128533B47840093719460,Bastar,contained_grid,10.102858,13.370001,1.8455356,6.1074996,0.004025589,0.0057984754,0.00039763967,7,Low Modelled Signal,False,10.102858,4.881936,7.975593,4.8686333,7.9600725,-5.2342243,-5.2209215
2018-07-27,76128533B48075109668277,Bangalore Rural,contained_grid,0.2475,0.33,2.6068747,4.615,9.909955e-05,0.00011218464,2.491607e-05,4,Low Modelled Signal,False,0.2475,0.0,0.0,0.0,0.0,-0.2475,-0.2475
2018-07-27,76128533B48077510234542,Kabeerdham,contained_grid,4.636667,15.65,3.1939583,5.8924994,0.004191548,0.013802172,0.0014509847,6,Low Modelled Signal,False,4.636667,1.801864,10.255592,1.7966905,10.240071,-2.8399763,-2.8348026
2018-07-27,76128533B4839184447445,Udupi,contained_grid,13.511999,15.63,2.45575,2.775,0.011584051,0.019254688,0.0012165303,5,Low Modelled Signal,False,13.511999,8.117592,10.235592,8.102072,10.220072,-5.4099274,-5.3944073
2018-07-27,76128533B48708628358161,Doda,contained_grid,10.212501,11.12,3.073125,3.5062497,0.0023356224,0.0034175727,5.309016e-05,4,Low Modelled Signal,False,10.212501,4.8180923,5.725592,4.8025723,5.7100716,-5.4099283,-5.394408
2018-07-27,76128533B48885555323596,Batod,contained_grid,0.62,0.72999996,0.2790625,0.91,0.00029001714,0.0007361396,2.243968e-05,4,Low Modelled Signal,False,0.62,0.0,0.0,0.0,0.0,-0.62,-0.62
2018-07-27,76128533B49017555803526,Purba Champaran,contained_grid,44.545998,57.06,12.786249,14.717499,0.021675352,0.030551964,0.0028238038,5,Low Modelled Signal,False,44.545998,39.151592,51.665592,39.13607,51.650074,-5.4099274,-5.3944054
2018-07-27,76128533B49100243723360,Kiphire,contained_grid,44.215004,49.93,31.3,42.1625,0.013239643,0.013349107,0.00021729775,2,Low Modelled Signal,False,44.215004,38.820595,44.53559,38.805077,44.520073,-5.4099274,-5.394409
2018-07-27,76128533B49246671500878,East Khasi Hills,contained_grid,27.445,39.98,18.3275,26.66,0.020017605,0.024773408,0.00094480964,4,Low Modelled Signal,False,27.445,22.050592,34.58559,22.035072,34.570072,-5.4099274,-5.3944073
2018-07-27,76128533B49394025943542,Wanaparthy,contained_grid,0.22666664,0.36999997,0.3370833,0.7649999,0.00014270439,0.00015978258,2.3419381e-05,3,Low Modelled Signal,False,0.22666664,0.0,0.0,0.0,0.0,-0.22666664,-0.22666664
2018-07-27,76128533B49429513424897,Samba,contained_grid,35.815,44.059998,4.55375,6.465,0.012252374,0.014287967,0.00075789494,2,Low Modelled Signal,False,35.815,30.42059,38.66559,30.405071,38.65007,-5.4099274,-5.394409
2018-07-27,76128533B49436035281620,Lucknow,contained_grid,3.245,3.5999997,14.424375,22.555,0.00066960044,0.00072700507,3.1717842e-05,4,Low Modelled Signal,False,3.245,0.0,0.0,0.0,0.0,-3.245,-3.245
2018-07-27,76128533B49456368048033,Serchhip,contained_grid,22.460001,22.62,3.2887502,3.755,0.0148727475,0.014940564,0.0005092254,2,Low Modelled Signal,False,22.460001,17.065594,17.225594,17.050072,17.210072,-5.4099293,-5.3944073
2018-07-27,76128533B49460554954204,Ghazipur,contained_grid,2.794,6.92,3.0012498,5.5699997,0.004235763,0.0094469115,0.0007018737,5,Low Modelled Signal,False,2.794,0.30511847,1.5255923,0.30201435,1.5100718,-2.4919856,-2.4888813
2018-07-27,76128533B49597693387243,Davanagere,contained_grid,1.1314286,1.2900001,0.13035715,0.465,0.000104741026,0.000110587804,1.9296904e-05,7,Low Modelled Signal,False,1.1314286,0.0,0.0,0.0,0.0,-1.1314286,-1.1314286
2018-07-27,76128533B49615943426842,Mahisagar,contained_grid,4.273333,4.41,0.01,0.03,0.0045998925,0.0052061398,0.0001350658,3,Low Modelled Signal,False,4.273333,0.0,0.0,0.0,0.0,-4.273333,-4.273333
2018-07-27,76128533B49805675626253,Sahibganj,contained_grid,26.885,46.22,18.354063,27.286251,0.02843841,0.040052243,0.0045553874,4,Low Modelled Signal,False,26.885,21.490593,40.825592,21.475073,40.810074,-5.4099274,-5.3944073
2018-07-27,76128533B49867917697487,Sirohi,contained_grid,1.2125,2.28,0.065937504,0.52750003,0.0005686367,0.0014555758,3.3044562e-05,8,Low Modelled Signal,False,1.2125,0.0,0.0,0.0,0.0,-1.2125,-1.2125
2018-07-27,76128533B49993259380917,Lower Siang,contained_grid,56.509995,61.499996,13.50375,20.1325,0.02006429,0.024573432,0.0003029423,2,Low Modelled Signal,False,56.509995,51.115585,56.105587,51.100067,56.09007,-5.4099274,-5.394409
2018-07-27,76128533B50011981829203,Kinnaur,contained_grid,39.944,51.0,15.156374,32.781246,0.017092263,0.024933422,0.00034881083,10,Low Modelled Signal,False,39.944,34.54959,45.60559,34.534073,45.590073,-5.4099274,-5.394409
2018-07-27,76128533B50014751336341,Singrauli,contained_grid,8.735,12.96,3.459531,11.0775,0.008987307,0.011609291,0.00028788322,8,Low Modelled Signal,False,8.735,3.3405924,7.5655923,3.3250718,7.5500717,-5.409928,-5.3944073
2018-07-27,76128533B50056157736049,Nashik,contained_grid,3.0182607,8.570001,0.7340217,4.165,0.0010299514,0.005099376,0.00052429613,23,Low Modelled Signal,False,3.0182607,0.3253204,3.175593,0.32262117,3.1600723,-2.6956396,-2.6929402
2018-07-27,76128533B50184713016881,Muktsar,contained_grid,3.6299999,8.209999,0.17833333,0.45125,0.0048781745,0.0095562795,0.0001074876,3,Low Modelled Signal,False,3.6299999,0.93853045,2.8155913,0.93335694,2.8000708,-2.6966429,-2.6914694
2018-07-27,76128533B50275440439236,Saraikela-Kharsawan,contained_grid,10.740001,12.389999,4.26,8.34,0.0239802,0.030815452,0.00072337716,3,Low Modelled Signal,False,10.740001,5.345592,6.9955916,5.3300714,6.980071,-5.4099293,-5.3944087
2018-07-27,76128533B50374927918374,Nainital,contained_grid,28.135998,32.32,2.7535,7.1400003,0.011206401,0.01565428,0.00035555768,5,Low Modelled Signal,False,28.135998,22.741592,26.925592,22.72607,26.910072,-5.4099274,-5.3944054
2018-07-27,76128533B50498617372937,Rayagada,contained_grid,5.819,10.8,0.23687498,1.1225,0.002896025,0.00677483,0.0016786734,10,Low Modelled Signal,False,5.819,1.8153553,5.4055924,1.8060429,5.390072,-4.0129566,-4.0036445
2018-07-27,76128533B50613523798301,Pratapgarh,contained_grid,3.7759998,5.06,3.5527136e-17,1.7763569e-16,0.0019918946,0.003604645,0.000108890184,5,Low Modelled Signal,False,3.7759998,0.0,0.0,0.0,0.0,-3.7759998,-3.7759998
2018-07-27,76128533B50650763703739,Dhemaji,contained_grid,44.18,47.07,20.695312,58.81375,0.016346062,0.017979627,0.0003473082,4,Low Modelled Signal,False,44.18,38.78559,41.67559,38.770073,41.660072,-5.4099274,-5.394409
2018-07-27,76128533B50784044604286,Reasi,contained_grid,13.364999,16.599998,3.8424997,4.7,0.0021452112,0.0024411217,0.00021155138,2,Low Modelled Signal,False,13.364999,7.9705915,11.205591,7.9550705,11.19007,-5.4099283,-5.3944073
2018-07-27,76128533B50969226102213,Churachandpur,contained_grid,26.89,41.579998,8.018126,10.735,0.016149113,0.022285394,0.00024595024,4,Low Modelled Signal,False,26.89,21.495592,36.18559,21.480072,36.17007,-5.4099274,-5.3944073
2018-07-27,76128533B51331331726928,Gurdaspur,contained_grid,38.916,60.93,5.98425,19.088749,0.014200156,0.016793938,0.00031352218,5,Low Modelled Signal,False,38.916,33.521595,55.53559,33.506073,55.520073,-5.4099274,-5.3944054
2018-07-27,76128533B51363853289247,Nalanda,contained_grid,15.510001,18.990002,8.00625,9.1575,0.020904906,0.025838828,0.00021010933,2,Low Modelled Signal,False,15.510001,10.115594,13.595594,10.100073,13.580073,-5.4099283,-5.3944073
2018-07-27,76128533B51368558457506,Allahabad,contained_grid,3.53,6.99,5.0948215,9.0725,0.0031260052,0.005956748,0.00018983686,7,Low Modelled Signal,False,3.53,0.35016912,1.595592,0.34573466,1.5800714,-3.1842654,-3.1798308
2018-07-27,76128533B51372664315362,Namakkal,contained_grid,1.835,2.8600001,1.0474999,2.195,0.00012238233,0.00013204658,3.9235318e-05,4,Low Modelled Signal,False,1.835,0.0,0.0,0.0,0.0,-1.835,-1.835
2018-07-27,76128533B51402332870635,Murshidabad,contained_grid,141.09666,181.48001,34.792706,39.894997,0.064856164,0.08807552,0.00805854,6,Low Modelled Signal,False,141.09666,135.70226,176.0856,135.68675,176.07008,-5.409912,-5.394409
2018-07-27,76128533B51799781997546,Perambalur,contained_grid,0.25,0.31,0.0,0.0,0.00012430902,0.00012969629,1.9630734e-05,2,Low Modelled Signal,False,0.25,0.0,0.0,0.0,0.0,-0.25,-0.25
2018-07-27,76128533B51849218363622,Moradabad,contained_grid,13.299999,23.71,16.927502,27.175,0.0072603785,0.01150277,0.00043304928,4,Low Modelled Signal,False,13.299999,7.905592,18.315592,7.890072,18.300072,-5.4099274,-5.3944073
2018-07-27,76128533B52058654769647,Sonbhadra,contained_grid,12.50375,15.6,7.83625,18.0725,0.010309364,0.012250979,0.0002777859,8,Low Modelled Signal,False,12.50375,7.109342,10.205593,7.0938215,10.190072,-5.4099283,-5.3944077
2018-07-27,76128533B5215906594478,Bid,contained_grid,0.6853333,1.16,0.0019999999,0.024999999,0.00014508785,0.00017917519,3.0319941e-05,15,Low Modelled Signal,False,0.6853333,0.0,0.0,0.0,0.0,-0.6853333,-0.6853333
2018-07-27,76128533B52487813780503,Surguja,contained_grid,19.703333,21.08,6.7293754,9.847499,0.020958757,0.027411152,0.0014325583,6,Low Modelled Signal,False,19.703333,14.308927,15.685593,14.2934065,15.670072,-5.4099264,-5.3944063
2018-07-27,76128533B52590639744160,Salem,contained_grid,1.2242857,2.01,0.63892853,1.8199999,0.00012373234,0.00017372664,4.0976975e-05,7,Low Modelled Signal,False,1.2242857,0.0,0.0,0.0,0.0,-1.2242857,-1.2242857
2018-07-27,76128533B52639434516056,Tirunelveli,contained_grid,0.11333332,0.65,0.04041666,0.14999999,8.739868e-05,0.00012154415,1.4170423e-05,6,Low Modelled Signal,False,0.11333332,0.0,0.0,0.0,0.0,-0.11333332,-0.11333332
2018-07-27,76128533B52664671961643,Anantapur,contained_grid,0.073846154,0.2,0.3039904,1.24,0.00015395088,0.00020531905,3.8054564e-05,26,Low Modelled Signal,False,0.073846154,0.0,0.0,0.0,0.0,-0.073846154,-0.073846154
2018-07-27,76128533B52802748445403,Khordha,contained_grid,5.1233335,6.52,1.4233335,3.8975003,0.006367957,0.0085905725,0.0054572285,3,Low Modelled Signal,False,5.1233335,0.3751974,1.1255922,0.37002388,1.1100717,-4.7533097,-4.748136
2018-07-27,76128533B52902360321344,Banas Kantha,contained_grid,1.6726667,4.1499996,0.0029166667,0.0275,0.000999325,0.0020867658,0.00014560192,15,Low Modelled Signal,False,1.6726667,0.0,0.0,0.0,0.0,-1.6726667,-1.6726667
2018-07-27,76128533B52906466328910,South West Garo Hills,contained_grid,29.400002,29.400002,9.035001,9.035001,0.00514099,0.00514099,0.00024693777,1,Low Modelled Signal,False,29.400002,24.005594,24.005594,23.990074,23.990074,-5.4099274,-5.3944073
2018-07-27,76128533B53018054761164,Mancherial,contained_grid,0.88500005,1.1700001,0.0890625,0.19874999,0.00017526606,0.00021530062,2.2153574e-05,4,Low Modelled Signal,False,0.88500005,0.0,0.0,0.0,0.0,-0.88500005,-0.88500005
2018-07-27,76128533B53136419849111,South West,nearest_grid,16.87,16.87,19.960001,19.960001,0.07278884,0.07278884,0.0003319241,1,Low Modelled Signal,False,16.87,11.475594,11.475594,11.4600725,11.4600725,-5.4099283,-5.3944073
2018-07-27,76128533B53316015271969,Sukma,contained_grid,7.0742865,12.030001,5.6364284,15.71375,0.0027097615,0.0035510955,0.00024722514,7,Low Modelled Signal,False,7.0742865,1.9297091,6.635593,1.918623,6.6200724,-5.1556635,-5.1445775
2018-07-27,76128533B53366745705922,Birbhum,contained_grid,34.771427,110.409996,37.004642,47.072502,0.052477095,0.076838,0.007302115,7,Low Modelled Signal,False,34.771427,29.521135,105.01559,29.510052,105.00007,-5.2613754,-5.250292
2018-07-27,76128533B53373614632193,Peddapalli,contained_grid,0.76750004,0.88,0.59124994,1.6949998,0.00014885311,0.00016526753,1.9939096e-05,4,Low Modelled Signal,False,0.76750004,0.0,0.0,0.0,0.0,-0.76750004,-0.76750004
2018-07-27,76128533B53549946596470,Dewas,contained_grid,5.249,6.79,1.4061248,2.655,0.0021856823,0.0036420752,0.00029835754,10,Low Modelled Signal,False,5.249,0.25823694,1.3955922,0.2520287,1.3800716,-4.996971,-4.990763
2018-07-27,76128533B53609934827566,Jashpur,contained_grid,18.771667,21.49,6.6079164,7.2774997,0.019607639,0.023391668,0.0011937036,6,Low Modelled Signal,False,18.771667,13.377261,16.095592,13.361739,16.08007,-5.4099283,-5.3944063
2018-07-27,76128533B53671786151110,Kohima,contained_grid,27.403334,30.02,10.570001,15.280001,0.012192886,0.014026735,0.00025352457,3,Low Modelled Signal,False,27.403334,22.008926,24.625593,21.993402,24.610073,-5.409931,-5.3944073
2018-07-27,76128533B53717296822608,East Siang,contained_grid,30.9825,41.27,0.0859375,0.20875,0.012657259,0.014957598,0.00030172896,4,Low Modelled Signal,False,30.9825,25.588093,35.87559,25.572573,35.860073,-5.4099274,-5.3944073
2018-07-27,76128533B53725063754801,Chitrakoot,contained_grid,4.4625,5.79,1.5093749,2.4724998,0.002664544,0.0046897717,0.00023128721,4,Low Modelled Signal,False,4.4625,0.09889805,0.3955922,0.09501791,0.38007164,-4.367482,-4.363602
2018-07-27,76128533B53791014455989,Sidhi,contained_grid,10.021667,12.48,1.4554167,4.88875,0.009515514,0.011838406,0.00040244986,6,Low Modelled Signal,False,10.021667,4.627259,7.085592,4.611738,7.070071,-5.4099283,-5.3944077
2018-07-27,76128533B53796141759805,Kanniyakumari,contained_grid,0.21666665,0.58,0.38749996,0.8425,6.867791e-05,9.105518e-05,9.3884655e-06,3,Low Modelled Signal,False,0.21666665,0.0,0.0,0.0,0.0,-0.21666665,-0.21666665
2018-07-27,76128533B54279577656282,Thanjavur,contained_grid,1.242,3.03,0.1225,0.305,0.000116447125,0.0001282852,2.851627e-05,5,Low Modelled Signal,False,1.242,0.0,0.0,0.0,0.0,-1.242,-1.242
2018-07-27,76128533B54279951806726,Sant Kabir Nagar,contained_grid,7.5333333,13.630001,19.448334,25.932499,0.016831566,0.034360215,0.005043853,3,Low Modelled Signal,False,7.5333333,3.1337287,8.235594,3.1233814,8.220073,-4.409952,-4.399605
2018-07-27,76128533B54301724756864,Tonk,contained_grid,6.203,22.969997,0.520125,0.94749993,0.011416191,0.03000214,0.00061007036,10,Low Modelled Signal,False,6.203,2.8616776,17.57559,2.8570213,17.56007,-3.3459787,-3.3413224
2018-07-27,76128533B54306414631532,Baloda Bazar,contained_grid,2.968,6.3900003,2.292,3.9,0.004651432,0.011310185,0.00051168486,5,Low Modelled Signal,False,2.968,0.19911852,0.9955926,0.1960144,0.980072,-2.7719855,-2.7688813
2018-07-27,76128533B54396396829952,Dakshina Kannada,contained_grid,14.18,15.62,0.8548214,2.58,0.008661954,0.013822344,0.0017377229,7,Low Modelled Signal,False,14.18,8.785592,10.225592,8.770072,10.210072,-5.4099283,-5.394408
2018-07-27,76128533B54517225652088,Banka,contained_grid,5.8050003,8.380001,36.59656,38.791252,0.008087255,0.013397602,0.0004055756,4,Low Modelled Signal,False,5.8050003,1.1752964,2.9855933,1.1675361,2.9700727,-4.637464,-4.629704
2018-07-27,76128533B54652028494758,Tarn Taran,contained_grid,21.652,24.61,5.1322494,9.494999,0.009803219,0.014907733,0.0004467064,5,Low Modelled Signal,False,21.652,16.257593,19.215593,16.242071,19.200073,-5.4099293,-5.3944073
2018-07-27,76128533B54775433755383,Hassan,contained_grid,2.3270001,8.24,0.46199998,2.8,0.0010264961,0.0040274262,0.00040069735,10,Low Modelled Signal,False,2.3270001,0.49911842,2.845592,0.4960143,2.8300714,-1.8309858,-1.8278817
2018-07-27,76128533B55039756001726,Bikaner,contained_grid,0.009302326,0.19,0.00023255813,0.005,0.0004991462,0.00163963,5.1521118e-05,43,Low Modelled Signal,False,0.009302326,0.0,0.0,0.0,0.0,-0.009302326,-0.009302326
2018-07-27,76128533B55519385298440,Golaghat,contained_grid,11.417999,19.11,15.516001,35.05,0.0053122644,0.0074094613,0.0015846603,5,Low Modelled Signal,False,11.417999,6.023592,13.715593,6.008071,13.700072,-5.4099283,-5.3944073
2018-07-27,76128533B55603381222870,Jalna,contained_grid,0.9555556,1.48,0.06666666,0.445,0.00017004002,0.00020456397,3.1664473e-05,9,Low Modelled Signal,False,0.9555556,0.0,0.0,0.0,0.0,-0.9555556,-0.9555556
2018-07-27,76128533B55622097933343,Sri Potti Sriramulu Nellore,contained_grid,0.003333333,0.04,0.19402778,1.4150001,0.00019874064,0.0002506213,3.9735965e-05,18,Low Modelled Signal,False,0.003333333,0.0,0.0,0.0,0.0,-0.003333333,-0.003333333
2018-07-27,76128533B55878637000592,Anjaw,contained_grid,9.352,15.400002,4.503125,15.544998,0.0053803846,0.013200937,0.00090055686,10,Low Modelled Signal,False,9.352,4.0040336,10.005594,3.990065,9.990073,-5.361935,-5.3479667
2018-07-27,76128533B56012535339305,Chirang,contained_grid,30.705,46.47,1.010625,2.4425,0.027446318,0.043871425,0.012891333,4,Low Modelled Signal,False,30.705,25.310593,41.075592,25.295073,41.060074,-5.4099274,-5.3944073
2018-07-27,76128533B56050914259601,Chandigarh,contained_grid,26.789999,26.789999,15.51,15.51,0.01144839,0.01144839,4.4235072e-05,1,Low Modelled Signal,False,26.789999,21.395592,21.395592,21.38007,21.38007,-5.4099293,-5.3944073
2018-07-27,76128533B5628791558965,Alwar,contained_grid,91.55071,146.98999,1.5495535,4.2725,0.13605978,0.56308824,0.0060951756,14,Heavy Rain Watch,False,91.55071,86.1563,141.59558,86.14079,141.58006,-5.4099197,-5.394409
2018-07-27,76128533B56326354019534,Kangpokpi,contained_grid,29.635,36.28,16.065311,21.581251,0.014709991,0.019607475,0.00023317614,4,Low Modelled Signal,False,29.635,24.240593,30.885592,24.225073,30.870071,-5.4099274,-5.3944073
2018-07-27,76128533B56857410767766,Diu,nearest_grid,3.0900002,3.0900002,0.0,0.0,0.00017481262,0.00017481262,1.2280848e-05,1,Low Modelled Signal,False,3.0900002,0.0,0.0,0.0,0.0,-3.0900002,-3.0900002
2018-07-27,76128533B57036825942975,Tiruppur,contained_grid,0.1525,0.42000002,0.328125,0.6825,0.00012507549,0.00015228616,2.1968284e-05,8,Low Modelled Signal,False,0.1525,0.0,0.0,0.0,0.0,-0.1525,-0.1525
2018-07-27,76128533B57183548666997,Leh(Ladakh),contained_grid,3.3410938,9.280001,0.5337207,5.0175,0.00048445148,0.0029741002,7.479867e-05,128,Low Modelled Signal,False,3.3410938,0.25845194,3.885593,0.25602683,3.8700724,-3.085067,-3.0826418
2018-07-27,76128533B57609583882472,Kodagu,contained_grid,6.19,9.54,2.776875,3.6,0.0031648828,0.0051349187,0.00052848156,4,Low Modelled Signal,False,6.19,1.7502961,4.145592,1.7425358,4.1300716,-4.447464,-4.439704
2018-07-27,76128533B57691508962219,Raipur,contained_grid,3.1566668,3.5400002,0.93083334,1.95,0.0008601812,0.0013441615,9.91358e-05,3,Low Modelled Signal,False,3.1566668,0.0,0.0,0.0,0.0,-3.1566668,-3.1566668
2018-07-27,76128533B57712033428660,Bhind,contained_grid,32.091667,44.0,9.523749,19.704998,0.028312935,0.04015312,0.0011737415,6,Low Modelled Signal,False,32.091667,26.697258,38.60559,26.68174,38.590073,-5.4099274,-5.394409
2018-07-27,76128533B57825981663822,Dibrugarh,contained_grid,36.3475,51.93,9.03875,15.034999,0.020989213,0.032546517,0.0038803339,4,Low Modelled Signal,False,36.3475,30.95309,46.53559,30.937572,46.520073,-5.4099274,-5.394409
2018-07-27,76128533B57893545331548,Raisen,contained_grid,2.61,5.74,0.8015625,2.48,0.0013558652,0.0049885497,0.0006665889,12,Low Modelled Signal,False,2.61,0.04676537,0.34559202,0.044178605,0.33007145,-2.5658212,-2.5632346
2018-07-27,76128533B57995625790051,Karbi Anglong West,contained_grid,22.111666,40.6,0.8433333,1.2925,0.0087838,0.011658936,0.00048715464,6,Low Modelled Signal,False,22.111666,16.717258,35.20559,16.701738,35.19007,-5.4099274,-5.3944073
2018-07-27,76128533B58058152513003,Zunheboto,contained_grid,31.94,33.63,7.3049994,9.889999,0.01743837,0.018952314,0.00024444587,2,Low Modelled Signal,False,31.94,26.545593,28.235594,26.530073,28.220074,-5.4099274,-5.3944073
2018-07-27,76128533B58104976570569,Karimnagar,contained_grid,0.5466667,0.72,0.85083324,1.2225,0.00013465977,0.00014034321,1.5757303e-05,3,Low Modelled Signal,False,0.5466667,0.0,0.0,0.0,0.0,-0.5466667,-0.5466667
2018-07-27,76128533B58170186574016,Mahabubnagar,contained_grid,1.15,1.63,0.0825,0.14,0.00014330991,0.00014938392,3.165459e-05,4,Low Modelled Signal,False,1.15,0.0,0.0,0.0,0.0,-1.15,-1.15
2018-07-27,76128533B58262202014972,New Delhi,nearest_grid,8.97,8.97,18.1775,18.1775,0.027132615,0.027132615,0.00021854576,1,Low Modelled Signal,False,8.97,3.5755925,3.5755925,3.560072,3.560072,-5.4099283,-5.3944077
2018-07-27,76128533B58493775523243,Nizamabad,contained_grid,1.1671429,1.46,0.29749998,0.54249996,0.00013578078,0.00014534892,2.17465e-05,7,Low Modelled Signal,False,1.1671429,0.0,0.0,0.0,0.0,-1.1671429,-1.1671429
2018-07-27,76128533B58527154065354,Chittaurgarh,contained_grid,1.0100001,1.86,0.002159091,0.02375,0.0006492862,0.0009667632,4.137617e-05,11,Low Modelled Signal,False,1.0100001,0.0,0.0,0.0,0.0,-1.0100001,-1.0100001
2018-07-27,76128533B58537895532859,Chamba,contained_grid,7.2627273,16.140001,3.9922724,12.717499,0.0041622445,0.009253512,0.0011203955,11,Low Modelled Signal,False,7.2627273,2.2177036,10.745594,2.206416,10.730073,-5.0563116,-5.045024
2018-07-27,76128533B5855800361016,Begusarai,contained_grid,6.9950004,7.040001,21.119375,21.634998,0.0075099594,0.007645617,0.0004089571,2,Low Modelled Signal,False,6.9950004,1.6005926,1.6455932,1.585072,1.6300726,-5.4099283,-5.3944077
2018-07-27,76128533B58569599021232,Solan,contained_grid,33.036667,39.14,21.365417,31.557497,0.010451692,0.011268422,0.00013268672,3,Low Modelled Signal,False,33.036667,27.642258,33.74559,27.62674,33.730072,-5.4099274,-5.394409
2018-07-27,76128533B58697472287618,Godda,contained_grid,8.120001,9.990001,38.754997,45.264996,0.011925132,0.01648364,0.0006159478,2,Low Modelled Signal,False,8.120001,2.7255926,4.595593,2.710072,4.5800724,-5.409929,-5.394408
2018-07-27,76128533B58797478961083,Bhadrak,contained_grid,7.905,10.830001,8.593124,9.45875,0.022432597,0.03475266,0.004356476,2,Low Modelled Signal,False,7.905,2.7177966,5.435593,2.7100363,5.4200726,-5.194964,-5.1872034
2018-07-27,76128533B58876508630362,Panchkula,contained_grid,25.59,31.27,42.082497,42.412502,0.011589859,0.01256387,9.7827e-05,2,Low Modelled Signal,False,25.59,20.195595,25.875593,20.180073,25.860073,-5.4099274,-5.3944054
2018-07-27,76128533B59121537940607,Barddhaman,contained_grid,15.367,54.789997,31.471249,48.2725,0.06062653,0.12827875,0.0028820795,10,Heavy Rain Watch,False,15.367,9.972592,49.395588,9.957071,49.38007,-5.4099283,-5.3944073
2018-07-27,76128533B59256192226816,Lalitpur,contained_grid,8.55375,13.129999,2.84125,7.3199997,0.0071734935,0.01078055,0.00033338778,8,Low Modelled Signal,False,8.55375,3.3736432,7.7355914,3.3600626,7.720071,-5.1936874,-5.180107
2018-07-27,76128533B59405966069108,Srikakulam,contained_grid,0.319,0.84000003,1.780875,3.7875001,0.00024032747,0.00048697955,7.205052e-05,10,Low Modelled Signal,False,0.319,0.0,0.0,0.0,0.0,-0.319,-0.319
2018-07-27,76128533B59459156188335,Jalor,contained_grid,0.4525,1.1099999,0.0,0.0,0.0003430041,0.00056561106,3.2825985e-05,16,Low Modelled Signal,False,0.4525,0.0,0.0,0.0,0.0,-0.4525,-0.4525
2018-07-27,76128533B59504628511334,Kendujhar,contained_grid,6.3408337,11.790001,2.34875,4.835,0.009491223,0.022901932,0.0062465537,12,Low Modelled Signal,False,6.3408337,1.5652963,6.395593,1.557536,6.3800726,-4.7832975,-4.7755375
2018-07-27,76128533B59596968713717,Farrukhabad,contained_grid,3.8050003,4.5800004,26.98,38.92,0.0036808006,0.0047288802,8.67621e-05,2,Low Modelled Signal,False,3.8050003,0.0,0.0,0.0,0.0,-3.8050003,-3.8050003
2018-07-27,76128533B59855617266389,Chandel,contained_grid,68.29,70.66,37.036247,37.682495,0.033691887,0.03617856,0.00048977276,2,Low Modelled Signal,False,68.29,62.89559,65.265594,62.880074,65.25008,-5.4099274,-5.394409
2018-07-27,76128533B59866172845044,Washim,contained_grid,1.4533334,2.2200003,0.13041668,0.39000002,0.00019971369,0.00023921511,3.556228e-05,6,Low Modelled Signal,False,1.4533334,0.0,0.0,0.0,0.0,-1.4533334,-1.4533334
2018-07-27,76128533B60180372390230,Ajmer,contained_grid,0.504,3.4099998,0.09708333,0.80999994,0.0020659515,0.010519052,0.0005262529,15,Low Modelled Signal,False,0.504,0.0,0.0,0.0,0.0,-0.504,-0.504
2018-07-27,76128533B60186573304899,Anugul,contained_grid,6.595454,13.619999,1.630909,2.4249997,0.006389387,0.015150569,0.002199643,11,Low Modelled Signal,False,6.595454,2.1175957,8.225592,2.10913,8.210071,-4.4863243,-4.4778585
2018-07-27,76128533B60261306484775,Valsad,contained_grid,5.5475,7.4400005,0.76968753,2.315,0.003575145,0.004361234,0.0007424086,4,Low Modelled Signal,False,5.5475,0.76029634,2.0455928,0.75253606,2.0300722,-4.794964,-4.787204
2018-07-27,76128533B60320291189162,Faizabad,contained_grid,1.945,2.5700002,1.6859375,4.9049997,0.00078376563,0.0015486862,0.00021025176,4,Low Modelled Signal,False,1.945,0.0,0.0,0.0,0.0,-1.945,-1.945
2018-07-27,76128533B60322704115131,Jayashankar,contained_grid,1.1450001,1.6500001,0.17437498,0.63499993,0.00016240959,0.00016526753,2.9145967e-05,4,Low Modelled Signal,False,1.1450001,0.0,0.0,0.0,0.0,-1.1450001,-1.1450001
2018-07-27,76128533B60360721573267,Indore,contained_grid,6.8216667,7.64,0.364375,0.99999994,0.003105256,0.0042607477,0.0003771683,6,Low Modelled Signal,False,6.8216667,1.4272591,2.245592,1.4117385,2.2300715,-5.4099283,-5.3944077
2018-07-27,76128533B6050540865870,Palamu,contained_grid,2.5557141,3.72,18.616072,43.05875,0.0057067657,0.007763691,0.00014467827,7,Low Modelled Signal,False,2.5557141,0.0,0.0,0.0,0.0,-2.5557141,-2.5557141
2018-07-27,76128533B60721316645780,Patna,contained_grid,11.1050005,14.98,10.841562,12.995,0.014011553,0.023948058,0.00020900577,4,Low Modelled Signal,False,11.1050005,5.7105927,9.585592,5.695072,9.570071,-5.4099283,-5.3944077
2018-07-27,76128533B60845263086042,Paschim Barddhaman,contained_grid,5.96,5.96,19.994999,19.994999,0.011964685,0.011964685,0.00026889014,1,Low Modelled Signal,False,5.96,0.5655923,0.5655923,0.5500717,0.5500717,-5.4099283,-5.3944077
2018-07-27,76128533B60862799554879,Aligarh,contained_grid,3.4966667,6.29,22.192083,46.179996,0.0038852144,0.008866937,0.00022569385,6,Low Modelled Signal,False,3.4966667,0.2501975,0.8955922,0.24502397,0.88007164,-3.2516427,-3.2464693
2018-07-27,76128533B60893804631193,Pashchimi Singhbhum,contained_grid,10.712501,19.420002,3.5571876,4.59,0.025209483,0.04482208,0.004108679,8,Low Modelled Signal,False,10.712501,5.3461437,14.025595,5.332563,14.010074,-5.3799376,-5.366357
2018-07-27,76128533B61117593923933,Kollam,contained_grid,2.75,3.44,0.0,0.0,0.00023158427,0.00025986935,4.2584594e-05,2,Low Modelled Signal,False,2.75,0.0,0.0,0.0,0.0,-2.75,-2.75
2018-07-27,76128533B61134942989820,Tehri Garhwal,contained_grid,28.585712,35.139996,64.61268,105.7275,0.011648749,0.012820316,0.00031407757,7,Low Modelled Signal,False,28.585712,23.191305,29.745588,23.175785,29.730068,-5.4099274,-5.3944073
2018-07-27,76128533B61235952222315,West Kameng,contained_grid,23.614286,36.15,8.1175,24.7075,0.013040551,0.019989844,0.00066513685,7,Low Modelled Signal,False,23.614286,18.21988,30.755594,18.20436,30.740074,-5.4099274,-5.3944073
2018-07-27,76128533B6128685860104,Sundargarh,contained_grid,8.283846,16.960001,4.9339423,7.4825,0.013674534,0.020628534,0.0017823173,13,Low Modelled Signal,False,8.283846,2.8894386,11.565594,2.873918,11.550073,-5.409928,-5.3944073
2018-07-27,76128533B61304308285665,Nandurbar,contained_grid,5.214286,7.6000004,1.5606563e-15,6.5725204e-15,0.001891854,0.003533606,0.00027686718,7,Low Modelled Signal,False,5.214286,0.51382536,2.2055926,0.50717366,2.190072,-4.7071123,-4.7004604
2018-07-27,76128533B61321395333865,Cuddalore,contained_grid,0.88714284,1.9399999,0.20821428,0.93,0.0001595624,0.0003103113,6.156767e-05,7,Low Modelled Signal,False,0.88714284,0.0,0.0,0.0,0.0,-0.88714284,-0.88714284
2018-07-27,76128533B61760400952464,Meerut,contained_grid,11.45,17.869999,56.341248,86.46,0.009706087,0.012679858,0.0006359661,4,Low Modelled Signal,False,11.45,6.5241942,12.475592,6.512553,12.460071,-4.9374466,-4.9258056
2018-07-27,76128533B61814103412294,Yavatmal,contained_grid,1.2155001,1.71,0.112937495,0.7125,0.00019160268,0.00023921511,2.9318695e-05,20,Low Modelled Signal,False,1.2155001,0.0,0.0,0.0,0.0,-1.2155001,-1.2155001
2018-07-27,76128533B61831576863813,Tengnoupal,contained_grid,77.07,85.54,32.42625,41.915,0.025193255,0.03207397,0.00082112435,2,Low Modelled Signal,False,77.07,71.67559,80.14559,71.66007,80.13007,-5.4099274,-5.394409
2018-07-27,76128533B62153454383166,Aravali,contained_grid,3.25,3.9800003,0.014,0.07,0.003277699,0.0047959737,0.00022390093,5,Low Modelled Signal,False,3.25,0.0,0.0,0.0,0.0,-3.25,-3.25
2018-07-27,76128533B62486414019241,Saitual,contained_grid,20.54,20.65,2.5145833,3.56,0.0064295116,0.006785894,0.00021043346,3,Low Modelled Signal,False,20.54,15.145593,15.255592,15.130073,15.240071,-5.4099283,-5.394408
2018-07-27,76128533B62490300334729,Solapur,contained_grid,0.6626087,1.46,0.32766303,1.8924999,0.00016189113,0.00021401055,4.1670963e-05,23,Low Modelled Signal,False,0.6626087,0.0,0.0,0.0,0.0,-0.6626087,-0.6626087
2018-07-27,76128533B62624361588317,Karaikal,nearest_grid,3.07,3.07,0.16749999,0.16749999,0.00024955775,0.00024955775,3.114006e-05,1,Low Modelled Signal,False,3.07,0.0,0.0,0.0,0.0,-3.07,-3.07
2018-07-27,76128533B62794162648247,Supaul,contained_grid,99.552505,125.67,4.6693754,14.236251,0.031507704,0.033836614,0.0014529619,4,Low Modelled Signal,False,99.552505,94.1581,120.27559,94.14258,120.26007,-5.4099274,-5.394409
2018-07-27,76128533B6310527412636,Janjgir-Champa,contained_grid,6.107143,11.370001,4.4925,5.755,0.01552262,0.028712463,0.0031017493,7,Low Modelled Signal,False,6.107143,2.0746243,5.975593,2.0657554,5.9600725,-4.0413876,-4.0325184
2018-07-27,76128533B63117839967753,South Goa,contained_grid,13.343333,13.920001,0.825,1.2674999,0.015950283,0.017677369,0.0013623973,3,Low Modelled Signal,False,13.343333,7.948925,8.525593,7.933405,8.510073,-5.4099283,-5.394408
2018-07-27,76128533B63176236753619,Mayiladuthurai,contained_grid,1.54,1.54,0.12,0.12,0.0002360441,0.0002360441,8.157216e-05,1,Low Modelled Signal,False,1.54,0.0,0.0,0.0,0.0,-1.54,-1.54
2018-07-27,76128533B6330405394721,Karnal,contained_grid,22.8325,26.170002,23.405937,40.028748,0.008986586,0.010071503,0.00019492922,4,Low Modelled Signal,False,22.8325,17.438093,20.775595,17.422573,20.760075,-5.4099274,-5.3944073
2018-07-27,76128533B63366045987285,Kasaragod,contained_grid,16.083334,19.0,2.9529164,4.3849998,0.008956413,0.009148431,0.00051777234,3,Low Modelled Signal,False,16.083334,10.688927,13.605593,10.673406,13.590072,-5.4099283,-5.3944073
2018-07-27,76128533B633842538351,Ganjam,contained_grid,3.919091,14.099999,0.58056813,1.6349999,0.0041983686,0.015438106,0.0027089443,11,Low Modelled Signal,False,3.919091,1.3333433,8.705591,1.3291104,8.690071,-2.5899806,-2.5857477
2018-07-27,76128533B63599385776584,Bharuch,contained_grid,2.7185714,3.9,0.07642857,0.31749997,0.00052998675,0.0010028677,0.00012759624,7,Low Modelled Signal,False,2.7185714,0.0,0.0,0.0,0.0,-2.7185714,-2.7185714
2018-07-27,76128533B63783580004876,Nanded,contained_grid,0.676,1.13,0.050333332,0.37,0.00012654166,0.0001613814,2.4598823e-05,15,Low Modelled Signal,False,0.676,0.0,0.0,0.0,0.0,-0.676,-0.676
2018-07-27,76128533B63815467309300,Amravati,contained_grid,2.534375,4.5800004,0.04328125,0.19999999,0.00046176452,0.0013910641,0.00015537106,16,Low Modelled Signal,False,2.534375,0.0,0.0,0.0,0.0,-2.534375,-2.534375
2018-07-27,76128533B63833971372360,Warangal (R),contained_grid,0.375,0.39000002,1.8625,3.19,0.00015257645,0.00015257645,2.2149023e-05,2,Low Modelled Signal,False,0.375,0.0,0.0,0.0,0.0,-0.375,-0.375
2018-07-27,76128533B6393836306469,Anantnag,contained_grid,5.9466667,9.05,1.4274999,1.6824999,0.0010012657,0.0012127593,4.6386598e-05,3,Low Modelled Signal,False,5.9466667,1.2703952,3.6555924,1.260048,3.6400719,-4.686619,-4.6762714
2018-07-27,76128533B6397758882978,Navsari,contained_grid,5.02,5.54,0.5359375,0.88,0.0025152299,0.0041221166,0.00016921376,4,Low Modelled Signal,False,5.02,0.062796116,0.14559221,0.05503583,0.13007164,-4.964964,-4.957204
2018-07-27,76128533B64003397477352,Pudukkottai,contained_grid,0.18571427,0.42,0.59357136,2.1799998,0.00012626506,0.00014974031,1.745431e-05,7,Low Modelled Signal,False,0.18571427,0.0,0.0,0.0,0.0,-0.18571427,-0.18571427
2018-07-27,76128533B64156747739715,Koch Bihar,contained_grid,39.9175,45.469997,0.575,1.14,0.006759825,0.008095983,0.0003384424,4,Low Modelled Signal,False,39.9175,34.52309,40.07559,34.507572,40.06007,-5.4099274,-5.394409
2018-07-27,76128533B64161607349718,Mahendragarh,contained_grid,86.11,100.240005,0.419375,0.55875,0.38540995,0.42149818,0.0019367217,2,Heavy Rain Watch,False,86.11,80.71559,94.8456,80.70007,94.83008,-5.4099274,-5.394409
2018-07-27,76128533B64217423710469,Bageshwar,contained_grid,23.84,30.170002,13.656,25.855,0.014681039,0.021957869,0.000255254,5,Low Modelled Signal,False,23.84,18.445593,24.775595,18.430073,24.760075,-5.4099274,-5.3944073
2018-07-27,76128533B64596101949699,Kaithal,contained_grid,19.0,20.769999,2.045,3.2324998,0.008144963,0.01033529,0.00014505448,3,Low Modelled Signal,False,19.0,13.605592,15.375591,13.590072,15.36007,-5.4099283,-5.394408
2018-07-27,76128533B64732849735713,Jaunpur,contained_grid,2.7849998,3.6100001,3.6506252,5.5125003,0.0015378562,0.0017946637,0.00015758099,4,Low Modelled Signal,False,2.7849998,0.0,0.0,0.0,0.0,-2.7849998,-2.7849998
2018-07-27,76128533B64749652826710,Debagarh,contained_grid,5.476667,8.03,2.3191667,2.815,0.004716474,0.006264812,0.000988399,3,Low Modelled Signal,False,5.476667,0.8785307,2.635592,0.8733571,2.6200714,-4.6033096,-4.5981364
2018-07-27,76128533B64834018186186,Vidisha,contained_grid,1.485,2.01,0.552625,1.73,0.0010170202,0.0035486335,5.5187396e-05,10,Low Modelled Signal,False,1.485,0.0,0.0,0.0,0.0,-1.485,-1.485
2018-07-27,76128533B64881202564500,Jiribam,nearest_grid,18.58,18.58,10.49,10.49,0.0049466947,0.0049466947,0.00033505337,1,Low Modelled Signal,False,18.58,13.185593,13.185593,13.170072,13.170072,-5.4099283,-5.3944073
2018-07-27,76128533B64898456093948,Dhaulpur,contained_grid,37.362,53.010002,0.506,1.3,0.06285621,0.100744046,0.0004873134,5,Heavy Rain Watch,False,37.362,31.96759,47.615593,31.952072,47.600075,-5.4099274,-5.394409
2018-07-27,76128533B64903504311414,Hnahthial,contained_grid,24.830004,24.830004,5.1662498,5.1662498,0.013756978,0.013756978,0.00031221833,1,Low Modelled Signal,False,24.830004,19.435596,19.435596,19.420074,19.420074,-5.4099293,-5.3944073
2018-07-27,76128533B64905184636422,Tumkur,contained_grid,0.2325,0.43,0.3877083,2.9599998,0.0001273834,0.00014376543,3.1572916e-05,12,Low Modelled Signal,False,0.2325,0.0,0.0,0.0,0.0,-0.2325,-0.2325
2018-07-27,76128533B65773363805797,Kishanganj,contained_grid,80.685,81.55,0.37125,0.4125,0.021122683,0.025252117,0.0008034768,2,Low Modelled Signal,False,80.685,75.29059,76.155594,75.27507,76.140076,-5.4099274,-5.394409
2018-07-27,76128533B65820903826030,North District,contained_grid,6.5299997,10.849998,3.844107,16.6525,0.0018408027,0.0036358444,0.00017178891,7,Low Modelled Signal,False,6.5299997,1.6397086,5.4555907,1.6286224,5.44007,-4.901377,-4.890291
2018-07-27,76128533B66072086060089,Jhansi,contained_grid,7.8712497,11.7699995,3.9945312,6.147499,0.0129333725,0.017081648,0.0010177433,8,Low Modelled Signal,False,7.8712497,2.726694,6.3755918,2.7150536,6.360071,-5.156196,-5.1445556
2018-07-27,76128533B66125202864966,Dima Hasao,contained_grid,3.3142858,7.38,3.3642857,6.5349994,0.002821926,0.0066959634,0.00025359352,7,Low Modelled Signal,False,3.3142858,0.35874066,1.9855924,0.35430622,1.9700718,-2.9599795,-2.9555452
2018-07-27,76128533B66134271591289,Balaghat,contained_grid,5.3923078,9.589999,0.3198077,1.2,0.0030260233,0.0065261694,0.00047713507,13,Low Modelled Signal,False,5.3923078,1.0030111,4.1955914,0.99465394,4.180071,-4.3976536,-4.3892965
2018-07-27,76128533B66145460152555,Bijapur,contained_grid,4.1983333,6.5800004,0.95885414,2.9475,0.0010729815,0.0016672366,0.00046121952,12,Low Modelled Signal,False,4.1983333,0.13509874,1.1855927,0.13251197,1.1700721,-4.065821,-4.0632343
2018-07-27,76128533B66335428496945,Shivpuri,contained_grid,36.405884,59.16,1.7758822,6.1024995,0.032269962,0.049970407,0.0028160596,17,Low Modelled Signal,False,36.405884,31.011475,53.76559,30.995955,53.750072,-5.4099293,-5.394409
2018-07-27,76128533B66411945144923,Longleng,contained_grid,37.66,37.66,2.7624998,2.7624998,0.01857787,0.01857787,0.00018334351,1,Low Modelled Signal,False,37.66,32.26559,32.26559,32.250072,32.250072,-5.4099274,-5.394409
2018-07-27,76128533B66426066081507,Bhojpur,contained_grid,15.423335,20.640001,5.69125,7.4175,0.024275005,0.026984667,0.00049960834,3,Low Modelled Signal,False,15.423335,10.028927,15.245594,10.013406,15.230073,-5.4099293,-5.394408
2018-07-27,76128533B66612397499770,Bahraich,contained_grid,2.5185716,5.55,10.741785,16.715,0.0023414178,0.0048672967,0.00088861166,7,Low Modelled Signal,False,2.5185716,0.022227492,0.15559244,0.020010266,0.14007187,-2.4985614,-2.496344
2018-07-27,76128533B66682530790248,Kamrup,contained_grid,53.452003,92.05,12.394499,19.775,0.03215628,0.04330251,0.0017814543,5,Low Modelled Signal,False,53.452003,48.05759,86.655594,48.042072,86.640076,-5.409931,-5.394413
2018-07-27,76128533B66719908763317,Kolhapur,contained_grid,8.241111,14.07,1.2270833,5.07,0.0048938696,0.009551949,0.0012390495,9,Low Modelled Signal,False,8.241111,3.4992838,8.675592,3.4889364,8.660071,-4.7521744,-4.741827
2018-07-27,76128533B66790149147330,Samastipur,contained_grid,13.4925,17.93,11.348751,17.98,0.0139186,0.017700158,0.00037265362,4,Low Modelled Signal,False,13.4925,8.098093,12.535593,8.082572,12.520072,-5.4099283,-5.3944073
2018-07-27,76128533B66815680293072,Kamjong,contained_grid,38.213333,50.04,24.356249,29.66875,0.017480748,0.017982647,0.00028743112,3,Low Modelled Signal,False,38.213333,32.818928,44.64559,32.803406,44.630074,-5.4099274,-5.3944054
2018-07-27,76128533B668165975951,Barwani,contained_grid,4.28625,5.15,0.050312497,0.30749997,0.0014129331,0.001893685,0.00014477932,8,Low Modelled Signal,False,4.28625,0.0,0.0,0.0,0.0,-4.28625,-4.28625
2018-07-27,76128533B66825707357376,Churu,contained_grid,2.1768181,12.5,0.05755681,0.38875,0.0047339723,0.01787628,0.0002171189,22,Low Modelled Signal,False,2.1768181,0.6541986,7.1055923,0.65137666,7.0900717,-1.5254414,-1.5226195
2018-07-27,76128533B67004768724668,Jhabua,contained_grid,5.438,6.06,0.095249996,0.2625,0.0021649632,0.0025347772,0.0001293547,5,Low Modelled Signal,False,5.438,0.15535545,0.6655922,0.1460431,0.6500716,-5.291957,-5.2826447
2018-07-27,76128533B67005208112053,Dehradun,contained_grid,23.9625,30.74,86.274376,138.4975,0.011718832,0.015274898,0.00014976694,4,Low Modelled Signal,False,23.9625,18.568092,25.345592,18.55257,25.33007,-5.4099293,-5.3944073
2018-07-27,76128533B67018657649043,Raigarh,contained_grid,12.004444,19.11,4.6138887,9.022499,0.01736133,0.025633018,0.0026274475,9,Low Modelled Signal,False,12.004444,7.2743497,13.715593,7.262278,13.700072,-4.742166,-4.7300944
2018-07-27,76128533B67044589012853,Khowai,contained_grid,16.714998,20.879997,3.82375,6.2799997,0.0084411595,0.008845505,0.0009182964,2,Low Modelled Signal,False,16.714998,11.320591,15.48559,11.305071,15.470069,-5.4099274,-5.3944073
2018-07-27,76128533B67054925852429,Jagtial,contained_grid,0.98249996,1.12,0.246875,0.76,0.00013359587,0.00013965378,2.0566882e-05,4,Low Modelled Signal,False,0.98249996,0.0,0.0,0.0,0.0,-0.98249996,-0.98249996
2018-07-27,76128533B67210465807627,Wokha,contained_grid,16.539999,20.300001,12.759167,19.7725,0.010122609,0.010992907,0.00030682134,3,Low Modelled Signal,False,16.539999,11.145593,14.905594,11.130071,14.890073,-5.4099283,-5.3944063
2018-07-27,76128533B67326016655833,Mumbai Suburban,nearest_grid,5.81,5.81,0.71999997,0.71999997,0.006488133,0.006488133,0.0004774285,1,Low Modelled Signal,False,5.81,0.4155922,0.4155922,0.40007162,0.40007162,-5.4099283,-5.3944077
2018-07-27,76128533B67530641452031,Gonda,contained_grid,5.6857147,12.680001,10.104285,30.454998,0.0053181485,0.01016647,0.0043566576,7,Low Modelled Signal,False,5.6857147,1.9701694,7.2855935,1.9657351,7.270073,-3.7199798,-3.7155452
2018-07-27,76128533B67580812983244,Gurgaon,contained_grid,39.96,63.05,12.4775,19.960001,0.11840139,0.16401395,0.0010074645,2,Heavy Rain Watch,False,39.96,34.56559,57.65559,34.55007,57.64007,-5.4099274,-5.394409
2018-07-27,76128533B67639510673366,East District,contained_grid,14.4800005,15.790001,6.145,6.705,0.019921636,0.028315334,0.00033666493,2,Low Modelled Signal,False,14.4800005,9.085593,10.395594,9.070072,10.380073,-5.4099283,-5.3944073
2018-07-27,76128533B67748245133340,South Tripura,contained_grid,21.2,21.2,28.279999,28.279999,0.020491568,0.020491568,0.0005203179,1,Low Modelled Signal,False,21.2,15.8055935,15.8055935,15.790072,15.790072,-5.4099283,-5.3944073
2018-07-27,76128533B68195849750399,Kupwara,contained_grid,5.0225,7.34,4.532812,7.075,0.00067783124,0.0007945061,3.298181e-05,4,Low Modelled Signal,False,5.0225,0.4863981,1.9455924,0.48251796,1.9300718,-4.539982,-4.536102
2018-07-27,76128533B6828791241172,Lohit,contained_grid,18.715,20.76,9.24875,14.6449995,0.0097546615,0.010891468,9.086517e-05,2,Low Modelled Signal,False,18.715,13.320593,15.365593,13.305072,15.350072,-5.4099283,-5.3944073
2018-07-27,76128533B68379889579232,West,nearest_grid,13.61,13.61,15.922502,15.922502,0.029288918,0.029288918,0.0003173668,1,Low Modelled Signal,False,13.61,8.215591,8.215591,8.200071,8.200071,-5.4099283,-5.394408
2018-07-27,76128533B68554447699730,Bareilly,contained_grid,4.85,12.92,46.126503,69.01,0.003007889,0.006768412,0.00031759153,5,Low Modelled Signal,False,4.85,1.5051185,7.5255923,1.5020144,7.5100718,-3.3479855,-3.3448815
2018-07-27,76128533B6884509901047,Subarnapur,contained_grid,11.1575,14.14,3.194375,3.6000001,0.009612544,0.012543586,0.0026485308,4,Low Modelled Signal,False,11.1575,5.7630925,8.745592,5.747572,8.730072,-5.4099283,-5.3944077
2018-07-27,76128533B68984344044805,Ghaziabad,contained_grid,3.48,3.48,35.505,35.505,0.01620071,0.01620071,0.0010292452,1,Low Modelled Signal,False,3.48,0.0,0.0,0.0,0.0,-3.48,-3.48
2018-07-27,76128533B69412164931619,Bundi,contained_grid,3.1855555,15.32,0.55027777,2.015,0.01203632,0.029891469,0.0004190528,9,Low Modelled Signal,False,3.1855555,1.1028436,9.925592,1.101119,9.910071,-2.0844364,-2.0827117
2018-07-27,76128533B69417260894674,Chhota Udaipur,contained_grid,5.2450004,6.0600004,0.0016666666,0.01,0.002072762,0.002869009,0.00037583013,6,Low Modelled Signal,False,5.2450004,0.13112958,0.6655927,0.125024,0.6500721,-5.1199765,-5.1138706
2018-07-27,76128533B69438085511257,Anand,contained_grid,1.8475001,2.3400002,0.48499998,1.17875,0.00050471595,0.0005531453,3.243144e-05,4,Low Modelled Signal,False,1.8475001,0.0,0.0,0.0,0.0,-1.8475001,-1.8475001
2018-07-27,76128533B69481535535995,Khargone (West Nimar),contained_grid,4.795,6.66,0.01525,0.1275,0.0020616457,0.004509907,0.0004382291,10,Low Modelled Signal,False,4.795,0.30167764,1.2655921,0.29702148,1.2500715,-4.4979787,-4.4933224
2018-07-27,76128533B69536039643660,Sonipat,contained_grid,25.965,30.319998,20.365002,30.685,0.015246728,0.017924218,0.0009005573,2,Low Modelled Signal,False,25.965,20.570591,24.92559,20.55507,24.910069,-5.4099293,-5.394409
2018-07-27,76128533B69844709752120,Chamoli,contained_grid,24.445833,38.37,8.471666,31.23,0.016278971,0.04282588,0.00033763214,12,Low Modelled Signal,False,24.445833,19.051424,32.97559,19.035904,32.96007,-5.4099293,-5.394409
2018-07-27,76128533B70021405538438,Buldana,contained_grid,1.521875,2.44,0.0115625,0.185,0.00020124612,0.00023293581,5.8780006e-05,16,Low Modelled Signal,False,1.521875,0.0,0.0,0.0,0.0,-1.521875,-1.521875
2018-07-27,76128533B70185077694103,East Jaintia Hills,contained_grid,15.893333,23.24,0.37583336,0.435,0.005810942,0.0064960876,0.0004796603,3,Low Modelled Signal,False,15.893333,10.498926,17.845592,10.483405,17.83007,-5.4099283,-5.3944073
2018-07-27,76128533B70210707786180,Lawngtlai,contained_grid,24.153334,24.91,12.384166,17.394999,0.056854393,0.0962902,0.0019994301,3,Low Modelled Signal,False,24.153334,18.758926,19.515593,18.743404,19.500072,-5.4099293,-5.3944073
2018-07-27,76128533B70315194619807,Hojai,contained_grid,12.75,12.75,1.45875,1.45875,0.0033726587,0.0033726587,0.00035119866,1,Low Modelled Signal,False,12.75,7.3555923,7.3555923,7.3400717,7.3400717,-5.4099283,-5.3944077
2018-07-27,76128533B70554191137208,Jhajjar,contained_grid,37.216663,53.859997,6.800833,11.5175,0.16256513,0.2007271,0.0013082398,3,Heavy Rain Watch,False,37.216663,31.822258,48.465588,31.806738,48.45007,-5.4099255,-5.3944054
2018-07-27,76128533B70570208114113,Ribhoi,contained_grid,35.403336,39.86,8.7575,17.207499,0.014294443,0.017373612,0.00035426006,3,Low Modelled Signal,False,35.403336,30.008926,34.46559,29.993408,34.450073,-5.4099274,-5.394409
2018-07-27,76128533B70576899889534,Dohad,contained_grid,4.9040003,5.35,0.13374999,0.36499998,0.0026203599,0.0034637442,0.00012842538,5,Low Modelled Signal,False,4.9040003,0.0,0.0,0.0,0.0,-4.9040003,-4.9040003
2018-07-27,76128533B70646408240587,Chhindwara,contained_grid,2.0906665,3.7299998,0.36375,1.9550002,0.000554681,0.0014808076,0.00011940004,15,Low Modelled Signal,False,2.0906665,0.0,0.0,0.0,0.0,-2.0906665,-2.0906665
2018-07-27,76128533B70759200975708,Kalahandi,contained_grid,13.23,17.400002,0.08375,0.59999996,0.010569792,0.015261078,0.0032587065,11,Low Modelled Signal,False,13.23,7.8355927,12.005594,7.8200717,11.990073,-5.409928,-5.394407
2018-07-27,76128533B70842759816811,Cuttack,contained_grid,3.0428574,4.81,1.7633928,3.3275,0.0037631649,0.0063614575,0.0016055044,7,Low Modelled Signal,False,3.0428574,0.0,0.0,0.0,0.0,-3.0428574,-3.0428574
2018-07-27,76128533B70974512658911,Virudhunagar,contained_grid,0.384,1.8800001,0.35225,1.0124999,0.0001560585,0.00020625007,1.9024199e-05,5,Low Modelled Signal,False,0.384,0.0,0.0,0.0,0.0,-0.384,-0.384
2018-07-27,76128533B71056110198347,Medchal,nearest_grid,0.32999998,0.32999998,0.0025,0.0025,0.00013016874,0.00013016874,2.3038489e-05,1,Low Modelled Signal,False,0.32999998,0.0,0.0,0.0,0.0,-0.32999998,-0.32999998
2018-07-27,76128533B71088079535368,Palwal,contained_grid,14.313334,17.029999,27.535833,39.692497,0.02874873,0.042994328,0.0002611323,3,Low Modelled Signal,False,14.313334,8.918926,11.6355915,8.903405,11.62007,-5.4099293,-5.394408
2018-07-27,76128533B7124697440629,Fatehpur,contained_grid,2.102857,2.63,8.455357,14.527499,0.0008213846,0.0013401895,0.00013915349,7,Low Modelled Signal,False,2.102857,0.0,0.0,0.0,0.0,-2.102857,-2.102857
2018-07-27,76128533B71254158898830,Pherzawl,contained_grid,20.765,24.46,2.78,3.2350001,0.007048766,0.007691777,0.0004848626,2,Low Modelled Signal,False,20.765,15.370592,19.065592,15.355072,19.050072,-5.4099274,-5.3944073
2018-07-27,76128533B71271011331008,Khandwa (East Nimar),contained_grid,5.958,6.76,0.160875,0.66999996,0.0027786172,0.0036420752,0.00044219525,10,Low Modelled Signal,False,5.958,0.63591456,1.3655925,0.6250502,1.3500719,-5.33295,-5.3220854
2018-07-27,76128533B71353370080255,North West,contained_grid,13.61,13.61,15.922502,15.922502,0.029288918,0.029288918,0.0003173668,1,Low Modelled Signal,False,13.61,8.215591,8.215591,8.200071,8.200071,-5.4099283,-5.394408
2018-07-27,76128533B71380851181380,Pune,contained_grid,3.4221056,11.77,2.9983552,8.27,0.0019583572,0.00624118,0.0015673902,19,Low Modelled Signal,False,3.4221056,0.76726115,6.3755927,0.76317674,6.360072,-2.6589289,-2.6548443
2018-07-27,76128533B71390118115414,Nadia,contained_grid,33.766666,78.94,20.667498,25.965,0.083092354,0.19713207,0.00408292,6,Heavy Rain Watch,False,33.766666,29.578728,73.54559,29.56838,73.530075,-4.198286,-4.1879387
2018-07-27,76128533B71439508543442,Ranchi,contained_grid,13.5525,17.999998,44.132652,75.6025,0.010455119,0.022214878,0.00036310308,8,Low Modelled Signal,False,13.5525,8.1580925,12.605591,8.142571,12.59007,-5.4099283,-5.3944073
2018-07-27,76128533B71485440235524,Visakhapatnam,contained_grid,0.79749995,6.45,0.7978906,3.5099998,0.00046773467,0.003002002,0.00012136415,16,Low Modelled Signal,False,0.79749995,0.065974504,1.0555921,0.06500447,1.0400715,-0.7324955,-0.7315254
2018-07-27,76128533B7157007143985,Uttar Dinajpur,contained_grid,79.782,89.259995,12.831499,31.079994,0.029847438,0.045287877,0.00086742104,5,Low Modelled Signal,False,79.782,74.38759,83.865585,74.37207,83.85007,-5.4099274,-5.394409
2018-07-27,76128533B71714250401862,Dhamtari,contained_grid,3.5833333,4.8,0.425625,1.425,0.00087886717,0.001287527,0.00012625087,6,Low Modelled Signal,False,3.5833333,0.0,0.0,0.0,0.0,-3.5833333,-3.5833333
2018-07-27,76128533B71824979235503,Madurai,contained_grid,0.07,0.32,1.78575,3.93875,0.00011864919,0.00017353566,1.7285414e-05,5,Low Modelled Signal,False,0.07,0.0,0.0,0.0,0.0,-0.07,-0.07
2018-07-27,76128533B72079972234594,Ganganagar,contained_grid,0.0053333333,0.08,0.074,0.71,0.0006019483,0.0012117926,4.155522e-05,15,Low Modelled Signal,False,0.0053333333,0.0,0.0,0.0,0.0,-0.0053333333,-0.0053333333
2018-07-27,76128533B72109128179340,Kadapa(YSR),contained_grid,0.00045454546,0.01,0.61073864,2.3925,0.00019909433,0.0002506213,3.6418456e-05,22,Low Modelled Signal,False,0.00045454546,0.0,0.0,0.0,0.0,-0.00045454546,-0.00045454546
2018-07-27,76128533B72485933575946,East,nearest_grid,6.69,6.69,26.900005,26.900005,0.024906497,0.024906497,0.00021722532,1,Low Modelled Signal,False,6.69,1.2955923,1.2955923,1.2800717,1.2800717,-5.4099283,-5.3944077
2018-07-27,76128533B72507508533064,Kolkata,nearest_grid,7.1500006,7.1500006,28.6,28.6,0.06945216,0.06945216,0.0016064192,1,Low Modelled Signal,False,7.1500006,1.7555928,1.7555928,1.7400723,1.7400723,-5.4099283,-5.3944077
2018-07-27,76128533B72541188260561,Guntur,contained_grid,0.0033333332,0.02,0.22483332,0.63124996,0.00021033494,0.00023925984,2.477293e-05,15,Low Modelled Signal,False,0.0033333332,0.0,0.0,0.0,0.0,-0.0033333332,-0.0033333332
2018-07-27,76128533B72829420975835,Jogulamba,contained_grid,0.1275,0.16,0.245,0.3975,0.0001423176,0.0001544943,2.477293e-05,4,Low Modelled Signal,False,0.1275,0.0,0.0,0.0,0.0,-0.1275,-0.1275
2018-07-27,76128533B7291413308870,Fazilka,contained_grid,2.1116667,5.57,5.94,12.287499,0.0028152112,0.008137336,5.4173743e-05,6,Low Modelled Signal,False,2.1116667,0.029265404,0.17559242,0.026678642,0.16007185,-2.084988,-2.0824013
2018-07-27,76128533B73736605657091,Bemetra,contained_grid,4.8900003,8.120001,3.3345833,4.2250004,0.004681526,0.01059472,0.0014286694,3,Low Modelled Signal,False,4.8900003,0.908531,2.725593,0.9033575,2.7100725,-3.9866428,-3.9814694
2018-07-27,76128533B73769926250842,Ballia,contained_grid,12.595,18.6,8.63875,15.125,0.011330871,0.0133507345,0.00035376803,4,Low Modelled Signal,False,12.595,7.2005925,13.205593,7.185072,13.190072,-5.4099283,-5.3944077
2018-07-27,76128533B73809971322123,Dausa,contained_grid,46.763336,54.340004,1.0547917,2.2025,0.030938432,0.041795414,0.001026726,6,Low Modelled Signal,False,46.763336,41.368927,48.945595,41.35341,48.930077,-5.4099274,-5.394409
2018-07-27,76128533B73854359719990,Gajapati,contained_grid,0.916,2.3,0.42124996,0.65999997,0.0005841176,0.0012635465,0.00016007171,5,Low Modelled Signal,False,0.916,0.0,0.0,0.0,0.0,-0.916,-0.916
2018-07-27,76128533B73925919155567,Azamgarh,contained_grid,2.922857,7.87,6.440178,16.894999,0.0026066008,0.005783476,0.00029085434,7,Low Modelled Signal,False,2.922857,0.35588354,2.4755921,0.35144907,2.4600716,-2.571408,-2.5669734
2018-07-27,76128533B74057284038879,Rae Bareli,contained_grid,2.7583332,3.5199997,3.546875,7.9249997,0.00087968813,0.0011403125,7.146317e-05,6,Low Modelled Signal,False,2.7583332,0.0,0.0,0.0,0.0,-2.7583332,-2.7583332
2018-07-27,76128533B74319098136622,Belgaum,contained_grid,2.5470588,8.53,0.41485292,2.34,0.0012230419,0.006424591,0.0005721122,17,Low Modelled Signal,False,2.5470588,0.255952,3.135592,0.25412604,3.1200714,-2.2929327,-2.2911067
2018-07-27,76128533B74381554567803,Devbhumi Dwarka,contained_grid,0.86571425,1.04,0.15785715,0.8275,0.0001451753,0.00016389927,9.961954e-06,7,Low Modelled Signal,False,0.86571425,0.0,0.0,0.0,0.0,-0.86571425,-0.86571425
2018-07-27,76128533B74447895476194,Kota,contained_grid,10.475,26.61,0.4296875,1.2275001,0.018347047,0.0314834,0.0010202397,8,Low Modelled Signal,False,10.475,6.2097454,21.215593,6.2000446,21.200073,-4.2749557,-4.265255
2018-07-27,76128533B74482494441458,Bargarh,contained_grid,6.0775,12.869999,2.0875,3.5949998,0.0076093003,0.019306693,0.0025871745,8,Low Modelled Signal,False,6.0775,2.182796,7.475591,2.1750355,7.4600706,-3.9024644,-3.8947039
2018-07-27,76128533B74859418903113,Thane,contained_grid,9.594,12.41,1.31075,2.8500001,0.0076327473,0.009914262,0.00052668154,5,Low Modelled Signal,False,9.594,4.199592,7.015592,4.1840715,7.0000715,-5.4099283,-5.3944077
2018-07-27,76128533B74887942950962,Vikarabad,contained_grid,1.088,1.23,0.3365,0.78,0.00014613295,0.00014938392,2.3419381e-05,5,Low Modelled Signal,False,1.088,0.0,0.0,0.0,0.0,-1.088,-1.088
2018-07-27,76128533B74917207853309,Almora,contained_grid,30.018,34.88,7.29225,13.8625,0.02790987,0.0403487,0.0010395627,5,Low Modelled Signal,False,30.018,24.623592,29.485594,24.608072,29.470074,-5.4099274,-5.3944073
2018-07-27,76128533B74938989340684,Bara Banki,contained_grid,1.472,2.26,5.2132497,14.634998,0.00040806382,0.0006074279,4.900694e-05,5,Low Modelled Signal,False,1.472,0.0,0.0,0.0,0.0,-1.472,-1.472
2018-07-27,76128533B74958462315105,Pulwama,contained_grid,2.54,2.54,1.09875,1.09875,0.0004288778,0.0004288778,6.0589467e-05,1,Low Modelled Signal,False,2.54,0.0,0.0,0.0,0.0,-2.54,-2.54
2018-07-27,76128533B74961596993088,Sheohar,contained_grid,40.51,40.51,14.4875,14.4875,0.015726306,0.015726306,0.00057674415,1,Low Modelled Signal,False,40.51,35.11559,35.11559,35.10007,35.10007,-5.4099274,-5.394409
2018-07-27,76128533B74992405432705,Rajkot,contained_grid,0.859,1.0500001,0.079500005,0.425,7.849278e-05,0.000101884565,1.0845232e-05,10,Low Modelled Signal,False,0.859,0.0,0.0,0.0,0.0,-0.859,-0.859
2018-07-27,76128533B75110579117636,Dharwad,contained_grid,2.05,2.6,0.0403125,0.14375,0.00025215905,0.0003891007,0.0005602798,4,Low Modelled Signal,False,2.05,0.0,0.0,0.0,0.0,-2.05,-2.05
2018-07-27,76128533B75262864015847,Una,contained_grid,17.815,21.920002,1.635,3.0475,0.011183298,0.015900373,0.00012696962,2,Low Modelled Signal,False,17.815,12.420593,16.525595,12.405073,16.510075,-5.4099274,-5.3944073
2018-07-27,76128533B75359793481950,Lahul & Spiti,contained_grid,13.585,31.89,1.4464583,3.7849998,0.0081649525,0.029535275,0.0002761745,18,Low Modelled Signal,False,13.585,8.37435,26.495592,8.362278,26.480072,-5.222722,-5.2106504
2018-07-27,76128533B7545062765383,Sambhal,contained_grid,3.02,5.8999996,10.751875,15.86,0.0020932558,0.0048557543,0.00026173992,4,Low Modelled Signal,False,3.02,0.12639797,0.50559187,0.122517824,0.4900713,-2.8974822,-2.893602
2018-07-27,76128533B75519739609062,Ernakulam,contained_grid,7.7120004,9.490001,0.60525,1.55125,0.0011764404,0.0015036744,0.00015045595,5,Low Modelled Signal,False,7.7120004,2.3175921,4.095593,2.3020716,4.0800724,-5.409929,-5.394408
2018-07-27,76128533B75529869544465,Giridih,contained_grid,9.425714,11.969999,38.803566,49.789993,0.011146667,0.012232681,0.00031188864,7,Low Modelled Signal,False,9.425714,4.0313063,6.5755916,4.0157857,6.560071,-5.409928,-5.3944073
2018-07-27,76128533B75548370501185,Ashoknagar,contained_grid,6.6783333,12.750001,2.6658335,5.8250003,0.011340749,0.018257253,0.0006725989,6,Low Modelled Signal,False,6.6783333,2.4477966,7.355593,2.440036,7.3400726,-4.2382975,-4.2305365
2018-07-27,76128533B75696328527555,Thrissur,contained_grid,9.885,10.269999,0.42249998,0.84499997,0.0014576829,0.001693976,0.0001305248,2,Low Modelled Signal,False,9.885,4.490592,4.875591,4.4750714,4.86007,-5.409929,-5.394408
2018-07-27,76128533B75922461866405,Barmer,contained_grid,0.1015,0.43,0.005375,0.215,0.0002983283,0.0005652885,3.7067373e-05,40,Low Modelled Signal,False,0.1015,0.0,0.0,0.0,0.0,-0.1015,-0.1015
2018-07-27,76128533B76058958071350,Upper Siang,contained_grid,26.028181,29.04,21.654772,57.357494,0.009141615,0.012633848,0.00048768395,11,Low Modelled Signal,False,26.028181,20.633776,23.645594,20.618254,23.630074,-5.4099274,-5.3944054
2018-07-27,76128533B7606365706860,Gandhinagar,contained_grid,1.8966666,2.16,0.037499998,0.067499995,0.0007316983,0.0007725237,2.2951594e-05,3,Low Modelled Signal,False,1.8966666,0.0,0.0,0.0,0.0,-1.8966666,-1.8966666
2018-07-27,76128533B76129461078086,East Kameng,contained_grid,13.876667,21.330002,10.722083,31.809998,0.009633332,0.0179759,0.00021970955,6,Low Modelled Signal,False,13.876667,8.594661,15.935595,8.581726,15.9200735,-5.294941,-5.2820063
2018-07-27,76128533B7622369120497,Varanasi,contained_grid,2.825,3.72,1.3003125,1.75,0.0023308392,0.0029270796,0.0001539344,4,Low Modelled Signal,False,2.825,0.0,0.0,0.0,0.0,-2.825,-2.825
2018-07-27,76128533B76286653784168,Gondiya,contained_grid,3.345,4.44,0.21999998,0.61999995,0.00070520834,0.0010782445,0.00016437627,8,Low Modelled Signal,False,3.345,0.0,0.0,0.0,0.0,-3.345,-3.345
2018-07-27,76128533B7643504807381,Kanshiram Nagar,contained_grid,4.0099998,4.4900002,9.719167,14.735,0.0020916436,0.0026793268,8.143518e-05,3,Low Modelled Signal,False,4.0099998,0.0,0.0,0.0,0.0,-4.0099998,-4.0099998
2018-07-27,76128533B76479861129777,Kheri,contained_grid,5.7799997,14.93,6.6095,24.002499,0.0029975432,0.005839918,0.00026850894,10,Low Modelled Signal,False,5.7799997,2.172237,9.535593,2.1660285,9.520072,-3.6139712,-3.6077628
2018-07-27,76128533B76927648517269,Bangalore,contained_grid,0.28666666,0.4,0.20166667,0.26,8.430366e-05,9.473785e-05,2.4369732e-05,3,Low Modelled Signal,False,0.28666666,0.0,0.0,0.0,0.0,-0.28666666,-0.28666666
2018-07-27,76128533B77134386587213,North Tripura,contained_grid,21.605,25.039999,1.7712501,3.5100002,0.0084435,0.0097016115,0.0005484016,2,Low Modelled Signal,False,21.605,16.210592,19.645592,16.19507,19.63007,-5.4099293,-5.3944073
2018-07-27,76128533B77191913035963,Neemuch,contained_grid,1.33,1.81,0.0016666666,0.01,0.0005983606,0.00069311186,5.1187482e-05,6,Low Modelled Signal,False,1.33,0.0,0.0,0.0,0.0,-1.33,-1.33
2018-07-27,76128533B77336742344288,Mamit,contained_grid,22.166666,26.320002,2.774583,4.92625,0.0066192467,0.0068137553,0.0003479546,3,Low Modelled Signal,False,22.166666,16.77226,20.925594,16.756739,20.910072,-5.4099274,-5.3944054
2018-07-27,76128533B77537928419507,Shimla,contained_grid,40.90222,55.82,55.380833,96.25499,0.0134799015,0.0153071815,0.00046539365,9,Low Modelled Signal,False,40.90222,35.507812,50.42559,35.492294,50.410072,-5.4099274,-5.394409
2018-07-27,76128533B77719785699048,Nayagarh,contained_grid,14.441666,18.269999,1.18875,3.59,0.012606026,0.019136515,0.0055037546,6,Low Modelled Signal,False,14.441666,9.047258,12.875591,9.031737,12.86007,-5.4099283,-5.3944073
2018-07-27,76128533B78458325839103,Kalimpong,contained_grid,30.169998,30.599998,1.6331251,2.56375,0.04438026,0.05691488,0.0067274706,2,Low Modelled Signal,False,30.169998,24.77559,25.205591,24.76007,25.190071,-5.4099274,-5.3944073
2018-07-27,76128533B78482805703540,Seoni,contained_grid,4.0938463,14.200001,0.009615385,0.07,0.002885182,0.01564628,0.0009115829,13,Low Modelled Signal,False,4.0938463,0.78249,8.8055935,0.7777144,8.790072,-3.316132,-3.3113563
2018-07-27,76128533B7851306475665,Surendranagar,contained_grid,0.7815384,1.1500001,0.2826923,1.15625,0.00051507115,0.0010321164,3.62056e-05,13,Low Modelled Signal,False,0.7815384,0.0,0.0,0.0,0.0,-0.7815384,-0.7815384
2018-07-27,76128533B7879459377699,Ambedkar Nagar,contained_grid,1.005,1.08,8.418125,9.8175,0.0009802803,0.001530127,4.4227865e-05,2,Low Modelled Signal,False,1.005,0.0,0.0,0.0,0.0,-1.005,-1.005
2018-07-27,76128533B78904410352326,Kaimur (Bhabua),contained_grid,1.5583333,2.93,0.824375,1.2675,0.001653681,0.003363828,0.00013733284,6,Low Modelled Signal,False,1.5583333,0.0,0.0,0.0,0.0,-1.5583333,-1.5583333
2018-07-27,76128533B78970756356546,Khagaria,contained_grid,10.44,12.24,6.949375,10.75875,0.014144752,0.014953917,0.00024391363,2,Low Modelled Signal,False,10.44,5.045592,6.845592,5.0300713,6.8300714,-5.4099283,-5.3944077
2018-07-27,76128533B79048012717121,Guna,contained_grid,12.727778,38.289997,0.20319444,0.58,0.013465679,0.030560208,0.00085610343,9,Low Modelled Signal,False,12.727778,8.970884,32.895588,8.962261,32.88007,-3.7655172,-3.756894
2018-07-27,76128533B79087524886024,Mandla,contained_grid,17.166666,27.639997,0.41388887,0.84499997,0.012988713,0.016629556,0.0013032303,9,Low Modelled Signal,False,17.166666,11.772259,22.24559,11.756738,22.230068,-5.4099283,-5.3944073
2018-07-27,76128533B79135514077232,Theni,contained_grid,0.43666664,1.29,0.117916666,0.33875,0.00013816258,0.00017991445,1.6451306e-05,3,Low Modelled Signal,False,0.43666664,0.0,0.0,0.0,0.0,-0.43666664,-0.43666664
2018-07-27,76128533B79180273895456,Uttara Kannada,contained_grid,7.891538,12.74,0.88326925,2.32,0.0058143437,0.013538848,0.0004999521,13,Low Modelled Signal,False,7.891538,3.0242105,7.345592,3.0146594,7.3300714,-4.8768787,-4.8673277
2018-07-27,76128533B79263581040575,Ramgarh,contained_grid,6.285,8.509999,30.870003,34.11001,0.006648536,0.007931098,0.00017510152,2,Low Modelled Signal,False,6.285,1.5577958,3.1155915,1.5500355,3.100071,-4.7349644,-4.7272043
2018-07-27,76128533B79303776608295,Shahdol,contained_grid,22.2925,28.1,0.650625,1.3275,0.014899748,0.019273857,0.00096709095,8,Low Modelled Signal,False,22.2925,16.898092,22.705593,16.882572,22.690071,-5.4099274,-5.3944073
2018-07-27,76128533B79600797037735,Ramanagara,contained_grid,0.31,0.43,1.6696875,2.9350002,8.299939e-05,9.473785e-05,2.0290678e-05,4,Low Modelled Signal,False,0.31,0.0,0.0,0.0,0.0,-0.31,-0.31
2018-07-27,76128533B79601545186231,Koppal,contained_grid,0.33749998,0.65,0.6578125,4.1949997,0.00015569647,0.00018307877,2.6436528e-05,8,Low Modelled Signal,False,0.33749998,0.0,0.0,0.0,0.0,-0.33749998,-0.33749998
2018-07-27,76128533B79652855441225,Kathua,contained_grid,17.672,24.080002,1.999,4.6499996,0.00820603,0.012029082,0.00031818746,5,Low Modelled Signal,False,17.672,12.277594,18.685595,12.262073,18.670074,-5.4099283,-5.3944073
2018-07-27,76128533B79750857313751,South Garo Hills,contained_grid,57.445,57.7,16.28375,21.985,0.0074485885,0.008304187,0.0007486092,2,Low Modelled Signal,False,57.445,52.05059,52.30559,52.035072,52.290073,-5.4099274,-5.394409
2018-07-27,76128533B79784438258239,Etawah,contained_grid,15.703334,23.009998,29.808334,43.27,0.021277754,0.025233911,0.00090283336,3,Low Modelled Signal,False,15.703334,10.308926,17.615591,10.293405,17.60007,-5.4099293,-5.394408
2018-07-27,76128533B80016894369263,Mewat,contained_grid,37.51,45.500004,7.931667,14.3324995,0.09885308,0.14821652,0.00079279474,3,Heavy Rain Watch,False,37.51,32.115593,40.105595,32.10007,40.090076,-5.4099274,-5.3944054
2018-07-27,76128533B80299348876357,Kanpur Dehat,contained_grid,1.9740002,2.67,13.518,32.86,0.004144202,0.013332988,0.0011102873,5,Low Modelled Signal,False,1.9740002,0.0,0.0,0.0,0.0,-1.9740002,-1.9740002
2018-07-27,76128533B80656256583567,Puri,contained_grid,6.0719995,13.139999,4.3492503,9.417501,0.0062327245,0.010934892,0.005206518,5,Low Modelled Signal,False,6.0719995,1.8022369,7.7455916,1.7960285,7.730071,-4.275971,-4.2697625
2018-07-27,76128533B80772392204057,Chikkaballapura,contained_grid,0.224,0.45000002,0.88725007,1.575,0.00010256279,0.000106503285,3.5838606e-05,5,Low Modelled Signal,False,0.224,0.0,0.0,0.0,0.0,-0.224,-0.224
2018-07-27,76128533B80916614857890,Gumla,contained_grid,19.743334,23.400002,20.06354,40.135,0.014095362,0.019527748,0.00095915154,6,Low Modelled Signal,False,19.743334,14.348927,18.005594,14.3334055,17.990074,-5.4099283,-5.3944073
2018-07-27,76128533B80958502091898,Datia,contained_grid,20.300001,26.820002,3.145625,5.0400004,0.021782799,0.024651235,0.00082080776,4,Low Modelled Signal,False,20.300001,14.905593,21.425594,14.890072,21.410072,-5.4099293,-5.394408
2018-07-27,76128533B80966996849325,Kannauj,contained_grid,3.07,5.95,23.22125,26.7475,0.0044476534,0.010683003,0.00028479323,3,Low Modelled Signal,False,3.07,0.18519735,0.55559206,0.18002383,0.5400715,-2.889976,-2.8848026
2018-07-27,76128533B81147724102706,Baleshwar,contained_grid,14.932001,21.92,9.2315,18.989998,0.04120167,0.05503368,0.007374744,5,Low Modelled Signal,False,14.932001,9.537593,16.525593,9.522072,16.51007,-5.4099293,-5.394408
2018-07-27,76128533B81419063387740,Shahdara,nearest_grid,6.69,6.69,26.900005,26.900005,0.024906497,0.024906497,0.00021722532,1,Low Modelled Signal,False,6.69,1.2955923,1.2955923,1.2800717,1.2800717,-5.4099283,-5.3944077
2018-07-27,76128533B81607600692021,Panna,contained_grid,5.9844446,9.669999,0.39208332,1.1899999,0.0045143683,0.0071512135,0.000519857,9,Low Modelled Signal,False,5.9844446,1.3202631,4.2755914,1.3133651,4.260071,-4.6710796,-4.6641817
2018-07-27,76128533B81661995166840,Mahesana,contained_grid,2.1216667,3.37,0.03333333,0.175,0.0010781392,0.0023788672,0.00014560192,6,Low Modelled Signal,False,2.1216667,0.0,0.0,0.0,0.0,-2.1216667,-2.1216667
2018-07-27,76128533B81694682724865,Uttarkashi,contained_grid,39.00091,55.69,46.286816,101.20499,0.018386008,0.03682202,0.00031196707,11,Low Modelled Signal,False,39.00091,33.606503,50.29559,33.59098,50.28007,-5.409931,-5.394409
2018-07-27,76128533B81857725777974,Hugli,contained_grid,5.9066663,9.16,32.225834,40.73501,0.018903954,0.027869282,0.0012886772,3,Low Modelled Signal,False,5.9066663,1.2551974,3.765592,1.2500238,3.7500715,-4.6566424,-4.6514688
2018-07-27,76128533B81964529079574,Bilaspur,contained_grid,19.158333,34.66,2.5972917,3.62,0.03365043,0.048924692,0.0015766833,6,Low Modelled Signal,False,19.158333,14.122993,29.265593,14.110061,29.250072,-5.048272,-5.0353394
2018-07-27,76128533B82052450002431,Tuensang,contained_grid,50.206665,59.97,24.730833,38.712498,0.026268207,0.037519462,0.00049563847,3,Low Modelled Signal,False,50.206665,44.812256,54.575592,44.79674,54.560074,-5.4099236,-5.394409
2018-07-27,76128533B8221925175605,Baksa,contained_grid,22.4175,28.359999,5.8606253,8.755001,0.019457806,0.030927699,0.0047575873,4,Low Modelled Signal,False,22.4175,17.023092,22.965591,17.007572,22.95007,-5.4099274,-5.3944073
2018-07-27,76128533B82240600990321,Sheopur,contained_grid,49.50625,55.050003,0.35,1.05125,0.042757645,0.06037443,0.0010732879,8,Low Modelled Signal,False,49.50625,44.11184,49.655594,44.09632,49.640076,-5.4099274,-5.394409
2018-07-27,76128533B82279368215419,Kakching,contained_grid,58.88,58.88,23.59625,23.59625,0.024674945,0.024674945,0.00037439543,1,Low Modelled Signal,False,58.88,53.48559,53.48559,53.470074,53.470074,-5.4099274,-5.394409
2018-07-27,76128533B82539771173603,Wayanad,contained_grid,3.935,6.06,3.2712502,3.315,0.0015361602,0.0025559415,0.00014519774,2,Low Modelled Signal,False,3.935,0.3327961,0.6655922,0.3250358,0.6500716,-3.6099641,-3.6022038
2018-07-27,76128533B82559220423608,Betul,contained_grid,4.083125,6.8399997,0.049296875,0.315,0.0016050705,0.0031096595,0.0005935632,16,Low Modelled Signal,False,4.083125,0.16167355,1.4455919,0.15876344,1.4300714,-3.9243617,-3.9214516
2018-07-27,76128533B82601690264832,Sangrur,contained_grid,10.559999,21.859999,0.41589284,1.4599999,0.0054818396,0.00675899,0.0001575988,7,Low Modelled Signal,False,10.559999,5.6639943,16.465591,5.652908,16.45007,-4.9070916,-4.896005
2018-07-27,76128533B82793215586362,Mokokchung,contained_grid,27.364998,28.63,7.4774995,12.629999,0.02012198,0.021847297,0.0006192957,2,Low Modelled Signal,False,27.364998,21.970592,23.235592,21.95507,23.22007,-5.4099274,-5.3944054
2018-07-27,76128533B83105693975079,Yanam,nearest_grid,0.41,0.41,0.30999997,0.30999997,0.0001703148,0.0001703148,2.6135715e-05,1,Low Modelled Signal,False,0.41,0.0,0.0,0.0,0.0,-0.41,-0.41
2018-07-27,76128533B83278580643229,Bagalkot,contained_grid,0.8422222,1.1800001,0.53194445,2.63,0.00018985417,0.00021528745,5.1826337e-05,9,Low Modelled Signal,False,0.8422222,0.0,0.0,0.0,0.0,-0.8422222,-0.8422222
2018-07-27,76128533B83462627230182,Bhagalpur,contained_grid,7.7400002,11.400001,19.546667,30.099998,0.008939362,0.014390852,0.00037433414,3,Low Modelled Signal,False,7.7400002,2.7537282,6.005593,2.7433815,5.9900723,-4.9966187,-4.986272
2018-07-27,76128533B83644689337946,Kancheepuram,contained_grid,0.45000002,1.1,0.11166666,0.1425,0.00031109116,0.0004137286,2.6769927e-05,3,Low Modelled Signal,False,0.45000002,0.0,0.0,0.0,0.0,-0.45000002,-0.45000002
2018-07-27,76128533B83861010847920,Malappuram,contained_grid,6.471667,8.650001,2.230625,5.7324996,0.0013519089,0.0022025085,0.00014442869,6,Low Modelled Signal,False,6.471667,1.4187285,3.2555928,1.4083815,3.2400723,-5.0632854,-5.0529385
2018-07-27,76128533B84094142280102,Jodhpur,contained_grid,0.015882354,0.15,0.0016911766,0.0575,0.00022501114,0.00032820198,2.7236216e-05,34,Low Modelled Signal,False,0.015882354,0.0,0.0,0.0,0.0,-0.015882354,-0.015882354
2018-07-27,76128533B84129562351919,Sambalpur,contained_grid,8.360909,13.339999,3.2504547,5.475,0.0096545005,0.017420998,0.0028890257,11,Low Modelled Signal,False,8.360909,3.44003,7.9455914,3.4273314,7.930071,-4.933578,-4.9208794
2018-07-27,76128533B8426545955058,Amritsar,contained_grid,48.579998,49.0,16.41,21.464998,0.0097032655,0.0097032655,0.00014730118,2,Low Modelled Signal,False,48.579998,43.18559,43.60559,43.17007,43.590073,-5.4099274,-5.394409
2018-07-27,76128533B84398038505400,Mulugu,contained_grid,1.3025,1.72,0.859375,1.495,0.00016526753,0.00016526753,2.2330207e-05,4,Low Modelled Signal,False,1.3025,0.0,0.0,0.0,0.0,-1.3025,-1.3025
2018-07-27,76128533B84417945851362,Porbandar,contained_grid,1.4360001,1.78,0.072,0.21000001,6.5018256e-05,8.276827e-05,1.2064607e-05,5,Low Modelled Signal,False,1.4360001,0.0,0.0,0.0,0.0,-1.4360001,-1.4360001
2018-07-27,76128533B84622469201834,West Jaintia Hills,contained_grid,13.703334,23.86,1.6974998,4.6849995,0.009856749,0.015153504,0.00042702176,3,Low Modelled Signal,False,13.703334,8.308926,18.465593,8.293406,18.450073,-5.4099283,-5.394408
2018-07-27,76128533B84676164211579,Hydrabad,contained_grid,0.32999998,0.32999998,0.0025,0.0025,0.00013016874,0.00013016874,2.3038489e-05,1,Low Modelled Signal,False,0.32999998,0.0,0.0,0.0,0.0,-0.32999998,-0.32999998
2018-07-27,76128533B84679668760735,Budaun,contained_grid,2.59,3.3,22.517082,52.68,0.0010561107,0.0020375247,0.00014454433,6,Low Modelled Signal,False,2.59,0.0,0.0,0.0,0.0,-2.59,-2.59
2018-07-27,76128533B84689409020934,Upper Subansiri,contained_grid,20.905714,44.65,8.744107,12.9775,0.009780359,0.01277031,0.0011997374,7,Low Modelled Signal,False,20.905714,15.511307,39.255592,15.495787,39.240074,-5.4099274,-5.3944073
2018-07-27,76128533B84772375641700,Baudh,contained_grid,7.87,9.64,1.3209375,3.71,0.0056844354,0.0063263914,0.0018651984,4,Low Modelled Signal,False,7.87,2.4755921,4.2455926,2.4600716,4.230072,-5.4099283,-5.3944077
2018-07-27,76128533B84772439394056,Mainpuri,contained_grid,16.9575,24.170002,19.14531,30.494993,0.015913062,0.023695933,0.0006735269,4,Low Modelled Signal,False,16.9575,11.563093,18.775595,11.547573,18.760075,-5.4099274,-5.3944073
2018-07-27,76128533B84837672903805,Sirsa,contained_grid,0.36833334,1.0,0.007916667,0.0475,0.0009877422,0.0013657922,7.098045e-05,6,Low Modelled Signal,False,0.36833334,0.0,0.0,0.0,0.0,-0.36833334,-0.36833334
2018-07-27,76128533B84927972855096,Yadgir,contained_grid,0.33,0.8,0.099999994,0.265,0.00016836771,0.0001871441,2.4766749e-05,6,Low Modelled Signal,False,0.33,0.0,0.0,0.0,0.0,-0.33,-0.33
2018-07-27,76128533B85157820615002,Yadadri Bhongiri,contained_grid,0.1175,0.21,0.014062501,0.035,0.00013468156,0.00013919435,2.4370025e-05,4,Low Modelled Signal,False,0.1175,0.0,0.0,0.0,0.0,-0.1175,-0.1175
2018-07-27,76128533B85389886560116,Shimoga,contained_grid,5.5930767,15.450001,0.49144235,2.9175003,0.003945898,0.0181959,0.00035910343,13,Low Modelled Signal,False,5.5930767,2.1313818,10.0555935,2.1254122,10.040072,-3.4676645,-3.461695
2018-07-27,76128533B85627242103654,Lakhimpur,contained_grid,18.561666,43.120003,45.846664,74.7475,0.010555753,0.016017973,0.000673427,6,Low Modelled Signal,False,18.561666,13.167259,37.725594,13.151738,37.710075,-5.4099283,-5.3944073
2018-07-27,76128533B85695392289827,Bilaspur,contained_grid,21.644999,22.699999,18.503748,19.922497,0.00800984,0.008642859,6.962197e-05,2,Low Modelled Signal,False,21.644999,16.250591,17.305592,16.23507,17.29007,-5.4099293,-5.3944073
2018-07-27,76128533B85747247216737,Dimapur,contained_grid,22.130001,22.130001,7.5449996,7.5449996,0.011703145,0.011703145,0.00013843394,1,Low Modelled Signal,False,22.130001,16.735594,16.735594,16.720074,16.720074,-5.4099274,-5.3944073
2018-07-27,76128533B8575303957680,Ratnagiri,contained_grid,11.641818,14.8,6.345341,10.521251,0.012142225,0.029868867,0.0008246695,11,Low Modelled Signal,False,11.641818,6.2474103,9.405592,6.2318897,9.390072,-5.4099283,-5.3944077
2018-07-27,76128533B85917349021677,Malkangiri,contained_grid,8.388749,12.580001,3.8514063,7.1800003,0.0030133536,0.0038420265,0.00030725994,8,Low Modelled Signal,False,8.388749,3.3161428,7.185593,3.3025622,7.1700726,-5.086187,-5.072606
2018-07-27,76128533B86048662040782,Panipat,contained_grid,25.080002,25.080002,34.9575,34.9575,0.010395923,0.010395923,0.0006494717,1,Low Modelled Signal,False,25.080002,19.685595,19.685595,19.670074,19.670074,-5.4099274,-5.3944073
2018-07-27,76128533B86135761305702,Jhunjhunun,contained_grid,22.462502,70.020004,0.21374999,0.77,0.08524084,0.33917385,0.001724707,8,Heavy Rain Watch,False,22.462502,17.286144,64.625595,17.272564,64.61008,-5.1899376,-5.1763573
2018-07-27,76128533B86368264587575,Alappuzha,contained_grid,6.08,6.4800005,0.44375002,0.77500004,0.0007332412,0.00077325874,0.00016082419,2,Low Modelled Signal,False,6.08,0.6855924,1.0855927,0.67007184,1.0700722,-5.4099283,-5.3944073
2018-07-27,76128533B86424887513424,Hingoli,contained_grid,0.82500005,0.99,0.05604167,0.114999995,0.00015626485,0.00019780226,2.5309191e-05,6,Low Modelled Signal,False,0.82500005,0.0,0.0,0.0,0.0,-0.82500005,-0.82500005
2018-07-27,76128533B86430586962522,Viluppuram,contained_grid,0.79999995,2.7399998,0.42125,2.3825,0.00017162495,0.00037880894,2.4315263e-05,6,Low Modelled Signal,False,0.79999995,0.0,0.0,0.0,0.0,-0.79999995,-0.79999995
2018-07-27,76128533B86721175299079,Haveri,contained_grid,1.442,1.85,0.02925,0.10875,0.00022408049,0.00037129602,0.00012232093,5,Low Modelled Signal,False,1.442,0.0,0.0,0.0,0.0,-1.442,-1.442
2018-07-27,76128533B87051210355251,Muzaffarnagar,contained_grid,21.528,22.990002,119.6505,142.6775,0.00726021,0.007903746,0.0004626447,5,Low Modelled Signal,False,21.528,16.133595,17.595594,16.118073,17.580074,-5.4099274,-5.3944054
2018-07-27,76128533B87317961648652,Hapur,contained_grid,5.01,5.01,9.2025,9.2025,0.008980038,0.008980038,0.00016562201,1,Low Modelled Signal,False,5.01,0.0,0.0,0.0,0.0,-5.01,-5.01
2018-07-27,76128533B87327155385261,Kulgam,contained_grid,7.14,7.6699996,4.2193747,4.4425,0.0017418917,0.002083407,0.0005068342,2,Low Modelled Signal,False,7.14,1.7455921,2.2755919,1.7300715,2.2600713,-5.4099283,-5.3944077
2018-07-27,76128533B87371000929659,Balrampur,contained_grid,12.533333,15.570001,33.392498,45.9675,0.02609317,0.036670893,0.0016771756,3,Low Modelled Signal,False,12.533333,7.1389256,10.175592,7.1234055,10.160072,-5.4099274,-5.3944073
2018-07-27,76128533B87515288456202,Sant Ravidas Nagar (Bhadohi),contained_grid,2.7599998,3.3199997,6.3125,6.365,0.0029998866,0.0031273146,0.00042508307,2,Low Modelled Signal,False,2.7599998,0.0,0.0,0.0,0.0,-2.7599998,-2.7599998
2018-07-27,76128533B87833640460819,Hardwar,contained_grid,11.903333,13.82,86.36417,118.84249,0.0082014995,0.009653974,0.00022958551,3,Low Modelled Signal,False,11.903333,6.508926,8.425592,6.493405,8.410071,-5.409928,-5.394407
2018-07-27,76128533B8798165946807,Kandhamal,contained_grid,8.629091,12.960001,0.15238637,0.82,0.0062813493,0.010955633,0.0031677927,11,Low Modelled Signal,False,8.629091,3.4418485,7.5655932,3.4291499,7.5500727,-5.1999416,-5.1872425
2018-07-27,76128533B88214376170788,Badgam,nearest_grid,6.6400003,6.6400003,1.4749999,1.4749999,0.0008967157,0.0008967157,2.5496684e-05,1,Low Modelled Signal,False,6.6400003,1.2455926,1.2455926,1.230072,1.230072,-5.4099283,-5.3944077
2018-07-27,76128533B88466433485589,Nagapattinam,contained_grid,2.54,3.33,0.29625,0.35,0.00026022096,0.00026192862,3.1004052e-05,2,Low Modelled Signal,False,2.54,0.0,0.0,0.0,0.0,-2.54,-2.54
2018-07-27,76128533B88481188307630,Muzaffarpur,contained_grid,17.23,21.22,12.863125,15.9875,0.014355466,0.015481695,0.00044307252,4,Low Modelled Signal,False,17.23,11.835592,15.825592,11.820071,15.810071,-5.4099283,-5.3944073
2018-07-27,76128533B88623139855224,Mau,contained_grid,15.190001,18.91,4.2037497,5.9674997,0.009600306,0.011806433,0.00021891925,4,Low Modelled Signal,False,15.190001,9.795593,13.515593,9.780071,13.500072,-5.4099293,-5.3944073
2018-07-27,76128533B88669134807148,Chengalputtu,contained_grid,0.013333333,0.04,0.21208334,0.345,0.00020234672,0.00023457145,2.8482104e-05,3,Low Modelled Signal,False,0.013333333,0.0,0.0,0.0,0.0,-0.013333333,-0.013333333
2018-07-27,76128533B88758450653156,Mathura,contained_grid,13.014,13.909999,40.945248,55.199993,0.011309262,0.017210668,0.0005733119,5,Low Modelled Signal,False,13.014,7.619592,8.515591,7.6040716,8.500071,-5.4099283,-5.3944077
2018-07-27,76128533B8878807356913,Mahamaya Nagar,contained_grid,10.45,10.45,43.18875,43.18875,0.005344679,0.005344679,0.00041695326,1,Low Modelled Signal,False,10.45,5.055592,5.055592,5.0400715,5.0400715,-5.4099283,-5.3944077
2018-07-27,76128533B88812350838807,Paschim Medinipur,contained_grid,18.066252,29.880001,8.645781,15.689997,0.057309814,0.101714626,0.0022861634,8,Heavy Rain Watch,False,18.066252,12.671844,24.485594,12.656323,24.470074,-5.4099283,-5.394408
2018-07-27,76128533B8892495882090,Nalgonda,contained_grid,0.0033333332,0.02,0.10763889,0.3,0.00019334494,0.00021651889,2.6198168e-05,9,Low Modelled Signal,False,0.0033333332,0.0,0.0,0.0,0.0,-0.0033333332,-0.0033333332
2018-07-27,76128533B89024397489955,Chennai,contained_grid,1.03,1.03,0.049999997,0.049999997,0.00041079256,0.00041079256,2.568184e-05,1,Low Modelled Signal,False,1.03,0.0,0.0,0.0,0.0,-1.03,-1.03
2018-07-27,76128533B8920527783032,Tinsukia,contained_grid,57.806667,68.79001,2.8012497,5.4325,0.024007464,0.03558751,0.004631715,6,Low Modelled Signal,False,57.806667,52.41226,63.3956,52.39674,63.38008,-5.4099274,-5.394409
2018-07-27,76128533B89228414823983,Charaideo,contained_grid,32.79,32.79,3.5137496,3.5137496,0.020893645,0.020893645,0.0019584992,1,Low Modelled Signal,False,32.79,27.395594,27.395594,27.380074,27.380074,-5.4099274,-5.3944073
2018-07-27,76128533B89286042589317,Ujjain,contained_grid,4.07375,5.7200003,0.011875,0.0625,0.0013292234,0.0020870399,0.0001311504,8,Low Modelled Signal,False,4.07375,0.040699065,0.32559252,0.038758993,0.31007195,-4.0349913,-4.033051
2018-07-27,76128533B8930157583904,Jangaon,contained_grid,0.16,0.22,0.3508333,0.7074999,0.00013919435,0.00013919435,2.2149023e-05,3,Low Modelled Signal,False,0.16,0.0,0.0,0.0,0.0,-0.16,-0.16
2018-07-27,76128533B89374164863010,Vellore,contained_grid,0.0,0.0,0.40749997,0.59999996,0.00015201449,0.00016074181,3.195731e-05,4,Low Modelled Signal,False,0.0,0.0,0.0,0.0,0.0,0.0,0.0
2018-07-27,76128533B89438858641946,Korba,contained_grid,31.535,40.239998,3.9131248,7.9787498,0.043351017,0.060818188,0.0022208316,10,Low Modelled Signal,False,31.535,26.14059,34.84559,26.125072,34.83007,-5.4099274,-5.394409
2018-07-27,76128533B89575258858457,Tiruvannamalai,contained_grid,0.20142856,0.78,0.18392858,0.78499997,0.00013089308,0.00017689161,2.4772777e-05,7,Low Modelled Signal,False,0.20142856,0.0,0.0,0.0,0.0,-0.20142856,-0.20142856
2018-07-27,76128533B89925537847414,Sivaganga,contained_grid,0.030000001,0.05,1.7245833,2.5337498,0.00010180386,0.000114116,1.3616522e-05,3,Low Modelled Signal,False,0.030000001,0.0,0.0,0.0,0.0,-0.030000001,-0.030000001
2018-07-27,76128533B89979485471283,Narayanpur,contained_grid,5.443333,6.1899996,0.264375,0.4975,0.0016807946,0.0018403382,0.000297534,6,Low Modelled Signal,False,5.443333,0.23019736,0.79559183,0.22502382,0.78007126,-5.2183094,-5.2131357
2018-07-27,76128533B8998698404381,Sitapur,contained_grid,1.0922222,2.1699998,10.317638,19.1925,0.0004045974,0.0006886873,5.0732167e-05,9,Low Modelled Signal,False,1.0922222,0.0,0.0,0.0,0.0,-1.0922222,-1.0922222
2018-07-27,76128533B90068096507942,Deoghar,contained_grid,9.145,12.2,22.158749,30.299997,0.013237278,0.01960652,0.00022642696,4,Low Modelled Signal,False,9.145,3.7505922,6.805592,3.7350717,6.7900715,-5.409929,-5.394408
2018-07-27,76128533B90071703601852,Pilibhit,contained_grid,10.966667,15.799999,28.956667,66.815,0.00509511,0.009459134,0.00030637742,6,Low Modelled Signal,False,10.966667,6.116327,10.405592,6.103393,10.390071,-4.863274,-4.8503404
2018-07-27,76128533B90169585758701,Balod,contained_grid,2.0033333,2.45,0.4297917,1.45,0.00024286924,0.00025673173,5.2060972e-05,6,Low Modelled Signal,False,2.0033333,0.0,0.0,0.0,0.0,-2.0033333,-2.0033333
2018-07-27,76128533B90384580518633,Madhubani,contained_grid,70.7,89.270004,9.00475,17.88625,0.01912201,0.027320594,0.0008904097,5,Low Modelled Signal,False,70.7,65.30559,83.875595,65.29008,83.86008,-5.4099197,-5.394409
2018-07-27,76128533B90551733723251,Gwalior,contained_grid,42.08143,52.399994,0.8735714,1.9749999,0.030694118,0.0408436,0.0006899408,7,Low Modelled Signal,False,42.08143,36.68702,47.005585,36.6715,46.990067,-5.4099274,-5.394409
2018-07-27,76128533B90913053845537,Lower Subansiri,contained_grid,21.76,21.76,22.402498,22.402498,0.015327611,0.015327611,0.00035035124,1,Low Modelled Signal,False,21.76,16.365593,16.365593,16.35007,16.35007,-5.4099293,-5.3944073
2018-07-27,76128533B91211372620495,Jalandhar,contained_grid,8.73,11.2,1.9925001,2.395,0.008173331,0.009139515,7.7390934e-05,2,Low Modelled Signal,False,8.73,3.3355923,5.805592,3.3200717,5.7900715,-5.409928,-5.3944073
2018-07-27,76128533B91445917652173,Vaishali,contained_grid,8.566667,11.410001,30.585833,37.225002,0.007039741,0.0071613938,0.00037265362,3,Low Modelled Signal,False,8.566667,3.270395,6.015593,3.260048,6.0000725,-5.3066187,-5.2962713
2018-07-27,76128533B91472319248603,Goalpara,contained_grid,78.200005,92.83,5.0091667,10.3275,0.01959248,0.030749474,0.00075855164,3,Low Modelled Signal,False,78.200005,72.805595,87.43559,72.79007,87.420074,-5.409935,-5.394409
2018-07-27,76128533B91480770176940,Kokrajhar,contained_grid,43.5375,56.44,3.103125,4.5675006,0.012098061,0.02555454,0.0046329075,4,Low Modelled Signal,False,43.5375,38.14309,51.04559,38.12757,51.03007,-5.4099274,-5.394409
2018-07-27,76128533B91640519747726,Firozabad,contained_grid,28.05,36.1,8.275749,16.724998,0.051732518,0.07309202,0.0015359477,5,Low Modelled Signal,False,28.05,22.655592,30.705591,22.640072,30.690071,-5.4099274,-5.3944073
2018-07-27,76128533B91818883767147,Jajapur,contained_grid,3.2380002,4.9100003,4.0815,5.93,0.005350234,0.007936209,0.001401788,5,Low Modelled Signal,False,3.2380002,0.0,0.0,0.0,0.0,-3.2380002,-3.2380002
2018-07-27,76128533B91871300208785,Gaya,contained_grid,7.1855555,13.6,14.153471,26.324999,0.010017956,0.023293426,0.0005632288,9,Low Modelled Signal,False,7.1855555,2.6164405,8.205593,2.6078176,8.190072,-4.577738,-4.5691147
2018-07-27,76128533B91881382098572,Kachchh,contained_grid,0.45770493,1.1099999,0.4040779,4.38,0.00036590468,0.0021348274,5.3653665e-05,61,Low Modelled Signal,False,0.45770493,0.0,0.0,0.0,0.0,-0.45770493,-0.45770493
2018-07-27,76128533B91943656836526,Jhalawar,contained_grid,2.6777778,9.170001,0.13555557,0.92,0.0036598668,0.00949669,0.0010780226,9,Low Modelled Signal,False,2.6777778,0.41951036,3.7755933,0.41778585,3.7600727,-2.259992,-2.2582674
2018-07-27,76128533B92044109913630,Hanumangarh,contained_grid,0.9146667,6.4500003,0.004833333,0.07125,0.002573453,0.009587283,0.00018968341,15,Low Modelled Signal,False,0.9146667,0.070372835,1.0555925,0.06933813,1.040072,-0.84532857,-0.8442939
2018-07-27,76128533B92621859299479,Bellary,contained_grid,0.4090909,1.26,0.235,0.77,0.00013074711,0.00016435684,2.7077976e-05,11,Low Modelled Signal,False,0.4090909,0.0,0.0,0.0,0.0,-0.4090909,-0.4090909
2018-07-27,76128533B92985585225784,Ramban,contained_grid,8.88,8.88,2.5199997,2.5199997,0.0014443153,0.0014443153,9.502028e-05,1,Low Modelled Signal,False,8.88,3.4855924,3.4855924,3.4700718,3.4700718,-5.4099283,-5.3944077
2018-07-27,76128533B93063337202124,Gariaband,contained_grid,5.5057144,8.380001,0.17232142,0.57875,0.0025591513,0.0056987577,0.0016297665,7,Low Modelled Signal,False,5.5057144,0.64891005,2.9855933,0.6400412,2.9700727,-4.865673,-4.8568044
2018-07-27,76128533B93113981386565,Ahmadabad,contained_grid,1.3125,2.1499999,0.37562498,1.39,0.00076917117,0.0012012478,2.9250064e-05,8,Low Modelled Signal,False,1.3125,0.0,0.0,0.0,0.0,-1.3125,-1.3125
2018-07-27,76128533B93152786731267,Satara,contained_grid,3.9347057,11.2699995,3.6697793,25.5775,0.002323511,0.0072705094,0.0013147956,17,Low Modelled Signal,False,3.9347057,1.1383747,5.8755918,1.1347227,5.860071,-2.799983,-2.796331
2018-07-27,76128533B93214480696409,Gopalganj,contained_grid,20.0075,24.94,16.595625,19.05375,0.01904056,0.022136267,0.0028587433,4,Low Modelled Signal,False,20.0075,14.613092,19.545593,14.597571,19.530071,-5.4099283,-5.3944073
2018-07-27,76128533B93240759409313,Jharsuguda,contained_grid,9.379999,9.809999,4.775,4.86,0.014031446,0.015422408,0.0016609431,2,Low Modelled Signal,False,9.379999,3.985592,4.4155917,3.9700713,4.400071,-5.409928,-5.3944073
2018-07-27,76128533B93441663686573,Bhilwara,contained_grid,0.25285715,0.34,0.030624999,0.17125,0.0005530692,0.0008520457,6.9596805e-05,14,Low Modelled Signal,False,0.25285715,0.0,0.0,0.0,0.0,-0.25285715,-0.25285715
2018-07-27,76128533B93450974047240,Bhavnagar,contained_grid,1.0036364,1.9000001,0.08715909,0.49874997,0.00033189703,0.0006878066,4.7609814e-05,11,Low Modelled Signal,False,1.0036364,0.0,0.0,0.0,0.0,-1.0036364,-1.0036364
2018-07-27,76128533B93453964263910,North Twenty Four Parganas,contained_grid,3.284,10.4,22.4315,31.084995,0.024507359,0.08525356,0.0020320187,5,Low Modelled Signal,False,3.284,1.0011184,5.005592,0.9980143,4.9900713,-2.2859857,-2.2828815
2018-07-27,76128533B94126463611805,Gomati,contained_grid,11.899999,14.4,15.034581,25.254997,0.0115682855,0.013511343,0.00070581585,3,Low Modelled Signal,False,11.899999,6.5055923,9.005592,6.490072,8.990071,-5.409927,-5.3944063
2018-07-27,76128533B94710820075529,Kurukshetra,contained_grid,24.11,26.78,28.691248,58.786247,0.008349892,0.008532808,0.00012035231,3,Low Modelled Signal,False,24.11,18.715591,21.385593,18.700071,21.370071,-5.4099293,-5.394409
2018-07-27,76128533B94847743365739,Dhanbad,contained_grid,6.465,7.37,35.28156,40.155003,0.008224713,0.012335139,0.00032130338,4,Low Modelled Signal,False,6.465,1.0841941,1.9755921,1.0725536,1.9600716,-5.3924465,-5.380806
2018-07-27,76128533B95049353851516,Ambala,contained_grid,26.11,26.64,40.753754,62.112507,0.01062032,0.012109112,8.548261e-05,2,Low Modelled Signal,False,26.11,20.715591,21.245592,20.700071,21.230072,-5.4099293,-5.394409
2018-07-27,76128533B95075104846315,Prakasam,contained_grid,0.0,0.0,0.17640625,1.7549999,0.00019243608,0.00024448463,2.477293e-05,24,Low Modelled Signal,False,0.0,0.0,0.0,0.0,0.0,0.0,0.0
2018-07-27,76128533B9558749744242,Changlang,contained_grid,55.787502,91.91,18.716091,33.277496,0.03180252,0.051474515,0.0010274035,8,Low Modelled Signal,False,55.787502,50.393093,86.515594,50.377575,86.50008,-5.4099274,-5.394409
2018-07-27,76128533B95642877176862,Senapati,contained_grid,35.135,38.159996,9.762499,13.529999,0.013717953,0.01421203,0.00021017242,2,Low Modelled Signal,False,35.135,29.74059,32.765587,29.72507,32.75007,-5.4099274,-5.394409
2018-07-27,76128533B95764075909869,West Siang,contained_grid,22.103333,25.73,11.712499,17.724997,0.013862551,0.014941944,0.00050893135,3,Low Modelled Signal,False,22.103333,16.708925,20.335592,16.693407,20.320072,-5.4099255,-5.3944073
2018-07-27,76128533B95879808095476,Mysore,contained_grid,0.5385715,1.6500001,1.5542858,5.27875,0.00027755622,0.0007846438,0.00018894295,7,Low Modelled Signal,False,0.5385715,0.0,0.0,0.0,0.0,-0.5385715,-0.5385715
2018-07-27,76128533B95910687666425,Siang,contained_grid,30.92,30.92,1.7475,1.7475,0.008320009,0.008320009,0.00030391177,1,Low Modelled Signal,False,30.92,25.525593,25.525593,25.51007,25.51007,-5.4099293,-5.3944073
2018-07-27,76128533B96195300293897,West Garo Hills,contained_grid,40.975,62.270004,6.0443754,12.687501,0.0070929136,0.009239126,0.0012809691,4,Low Modelled Signal,False,40.975,35.580593,56.875595,35.56507,56.860077,-5.4099274,-5.3944054
2018-07-27,76128533B96571577519224,Khammam,contained_grid,0.854,2.31,1.4289999,2.84,0.00033758426,0.0007607615,4.1182593e-05,5,Low Modelled Signal,False,0.854,0.0,0.0,0.0,0.0,-0.854,-0.854
2018-07-27,76128533B96584288929219,Banswara,contained_grid,4.1966667,4.67,0.03770833,0.13624999,0.0024359666,0.005447648,0.0006409492,6,Low Modelled Signal,False,4.1966667,0.0,0.0,0.0,0.0,-4.1966667,-4.1966667
2018-07-27,76128533B96719327593873,Darrang,contained_grid,21.215,27.689999,7.368125,7.8037496,0.016203959,0.016850691,0.00052101765,2,Low Modelled Signal,False,21.215,15.820592,22.295591,15.805071,22.280071,-5.4099293,-5.394408
2018-07-27,76128533B96870418529164,Shahjahanpur,contained_grid,2.51375,6.3300004,41.408436,57.6475,0.0015682882,0.0039066486,0.00013045533,8,Low Modelled Signal,False,2.51375,0.11694908,0.93559265,0.11500901,0.9200721,-2.398741,-2.396801
2018-07-27,76128533B97089774514948,South,contained_grid,8.97,8.97,18.1775,18.1775,0.027132615,0.027132615,0.00021854576,1,Low Modelled Signal,False,8.97,3.5755925,3.5755925,3.560072,3.560072,-5.4099283,-5.3944077
2018-07-27,76128533B97126567441665,Medak,contained_grid,0.934,1.0900002,0.02575,0.08499999,0.00013648739,0.00014819647,2.3276176e-05,5,Low Modelled Signal,False,0.934,0.0,0.0,0.0,0.0,-0.934,-0.934
2018-07-27,76128533B97225684979956,West Tripura,contained_grid,19.686666,22.859999,4.149583,8.762499,0.014808324,0.017106488,0.0005218169,3,Low Modelled Signal,False,19.686666,14.292259,17.465591,14.276737,17.45007,-5.4099293,-5.3944073
2018-07-27,76128533B97372652494648,Surat,contained_grid,3.5800002,4.6,0.05875,0.235,0.0010215231,0.0015337458,0.00013875465,4,Low Modelled Signal,False,3.5800002,0.0,0.0,0.0,0.0,-3.5800002,-3.5800002
2018-07-27,76128533B97425778881707,Kullu,contained_grid,28.810001,42.07,26.324863,51.256252,0.013644263,0.019804437,0.00031514894,9,Low Modelled Signal,False,28.810001,23.415592,36.67559,23.400072,36.660072,-5.4099293,-5.394409
2018-07-27,76128533B9759621355294,Mahasamund,contained_grid,1.6385714,4.4599996,0.4830357,1.3699999,0.0007732416,0.0014615211,9.105517e-05,7,Low Modelled Signal,False,1.6385714,0.0,0.0,0.0,0.0,-1.6385714,-1.6385714
2018-07-27,76128533B9783509419210,Pali,contained_grid,0.120588236,0.54,0.012867646,0.16749999,0.0002844988,0.00050138583,4.0700757e-05,17,Low Modelled Signal,False,0.120588236,0.0,0.0,0.0,0.0,-0.120588236,-0.120588236
2018-07-27,76128533B97836280165555,Lunglei,contained_grid,25.310001,27.160002,5.84425,11.085,0.021824218,0.036535896,0.0012835563,5,Low Modelled Signal,False,25.310001,19.915592,21.765594,19.900074,21.750072,-5.4099274,-5.394409
2018-07-27,76128533B9794868259401,Bidar,contained_grid,0.81000006,1.0300001,0.017361112,0.12625,0.00012449475,0.00013301533,2.3038489e-05,9,Low Modelled Signal,False,0.81000006,0.0,0.0,0.0,0.0,-0.81000006,-0.81000006
2018-07-27,76128533B98050240849249,Latur,contained_grid,0.5644444,0.87,0.062361106,0.385,0.00012765486,0.0001341132,2.1613523e-05,9,Low Modelled Signal,False,0.5644444,0.0,0.0,0.0,0.0,-0.5644444,-0.5644444
2018-07-27,76128533B98308664713511,Baran,contained_grid,23.685001,58.04,0.163875,0.3875,0.020656515,0.041125506,0.0011841346,10,Low Modelled Signal,False,23.685001,18.943474,52.64559,18.931057,52.630074,-4.7539444,-4.7415276
2018-07-27,76128533B98420041301261,Kaushambi,contained_grid,2.05,2.06,3.9900002,4.7200003,0.00086764555,0.0012136829,0.00017205846,2,Low Modelled Signal,False,2.05,0.0,0.0,0.0,0.0,-2.05,-2.05
2018-07-27,76128533B9892158671522,Sangli,contained_grid,2.325,7.2999997,0.93775,3.7824998,0.0009414726,0.0061512277,0.0009057347,10,Low Modelled Signal,False,2.325,0.1905592,1.905592,0.18900713,1.8900714,-2.135993,-2.134441
2018-07-27,76128533B98951704707517,Kendrapara,contained_grid,4.8166666,8.25,4.968333,5.9174995,0.01014342,0.016442487,0.0035849244,3,Low Modelled Signal,False,4.8166666,0.95186406,2.8555923,0.94669056,2.8400717,-3.869976,-3.8648026
2018-07-27,76128533B98985252129882,Lakhisarai,contained_grid,9.54,13.21,29.808748,42.98,0.011283953,0.013434179,0.00016772714,3,Low Modelled Signal,False,9.54,4.1455927,7.8155923,4.130072,7.8000717,-5.409928,-5.3944073
2018-07-27,76128533B99037046327658,Nabarangapur,contained_grid,9.115,14.119999,0.13078125,0.46499997,0.0049409736,0.0070028184,0.00095002056,8,Low Modelled Signal,False,9.115,3.9666944,8.725592,3.9550538,8.710071,-5.159946,-5.1483054
2018-07-27,76128533B99051523080987,Jalpaiguri,contained_grid,43.427498,52.14,3.77,8.535,0.012847289,0.0191838,0.0008101498,4,Low Modelled Signal,False,43.427498,38.03309,46.74559,38.01757,46.730072,-5.4099274,-5.394409
2018-07-27,76128533B99469070633974,Tirap,contained_grid,66.67,66.67,32.01125,32.01125,0.03776295,0.03776295,0.0004997867,1,Low Modelled Signal,False,66.67,61.27559,61.27559,61.26007,61.26007,-5.4099274,-5.394409
2018-07-27,76128533B9976625304286,North East,contained_grid,6.69,6.69,26.900005,26.900005,0.024906497,0.024906497,0.00021722532,1,Low Modelled Signal,False,6.69,1.2955923,1.2955923,1.2800717,1.2800717,-5.4099283,-5.3944077
2018-07-27,76128533B99807650893733,Imphal West,nearest_grid,23.240002,23.240002,12.184999,12.184999,0.013134053,0.013134053,0.00018049337,1,Low Modelled Signal,False,23.240002,17.845594,17.845594,17.830074,17.830074,-5.4099274,-5.3944073
2018-07-27,76128533B99895802074414,Raigarh,contained_grid,11.154,14.25,5.96675,14.8949995,0.011706281,0.019965803,0.00059095206,10,Low Modelled Signal,False,11.154,5.7595925,8.855593,5.7440715,8.840072,-5.409929,-5.3944077
2018-07-27,76128533B99919205026025,Fatehgarh Sahib,nearest_grid,20.86,20.86,4.03,4.03,0.0057139546,0.0057139546,5.563316e-05,1,Low Modelled Signal,False,20.86,15.465593,15.465593,15.450072,15.450072,-5.4099283,-5.3944073
2018-07-28,76128533B10270619600482,South District,nearest_grid,24.699997,24.699997,4.0175,4.0175,0.024420893,0.024420893,0.00027140556,1,Low Modelled Signal,False,24.699997,19.476522,19.476522,19.883137,19.883137,-4.81686,-5.2234745
2018-07-28,76128533B10727492375508,Fatehabad,contained_grid,0.665,2.13,3.5193748,5.7075,0.0032490834,0.004762015,3.8281243e-05,4,Low Modelled Signal,False,0.665,0.0,0.0,0.0,0.0,-0.665,-0.665
2018-07-28,76128533B1083016608278,Gulbarga,contained_grid,0.17866667,0.27,0.025416667,0.14,0.00015487843,0.0001685039,2.3423305e-05,15,Low Modelled Signal,False,0.17866667,0.0,0.0,0.0,0.0,-0.17866667,-0.17866667
2018-07-28,76128533B11082155919544,Rajsamand,contained_grid,0.09571428,0.52,0.0,0.0,0.00026136285,0.00033814687,5.285933e-05,7,Low Modelled Signal,False,0.09571428,0.0,0.0,0.0,0.0,-0.09571428,-0.09571428
2018-07-28,76128533B11083100419963,Mahoba,contained_grid,13.470001,18.570002,0.0603125,0.24125,0.010206781,0.0127729,0.0003146283,4,Low Modelled Signal,False,13.470001,8.246527,13.346527,8.653141,13.753142,-4.81686,-5.2234745
2018-07-28,76128533B11403491783632,Tirupathur,contained_grid,0.0,0.0,0.00041666665,0.00125,0.00016312058,0.00018050586,2.4926472e-05,3,Low Modelled Signal,False,0.0,0.0,0.0,0.0,0.0,0.0,0.0
2018-07-28,76128533B11421856387892,Tamenglong,contained_grid,12.8225,21.340002,10.135624,17.279999,0.016207337,0.030154644,0.0001680732,4,Low Modelled Signal,False,12.8225,7.599026,16.116528,8.005641,16.523144,-4.8168592,-5.223474
2018-07-28,76128533B11651252780045,Dibang Valley,contained_grid,24.583076,50.75,3.2052882,9.938749,0.007550147,0.014174489,0.003710547,13,Low Modelled Signal,False,24.583076,19.359602,45.526527,19.766216,45.93314,-4.81686,-5.2234745
2018-07-28,76128533B11802210119774,Sirmaur,contained_grid,23.618,33.43,29.821997,41.582497,0.012404573,0.014450226,5.816372e-05,5,Low Modelled Signal,False,23.618,18.394526,28.206526,18.801142,28.61314,-4.8168583,-5.2234745
2018-07-28,76128533B12079567451207,Dungarpur,contained_grid,1.626,1.8100001,0.0,0.0,0.00020589001,0.00021894542,3.551298e-05,5,Low Modelled Signal,False,1.626,0.0,0.0,0.0,0.0,-1.626,-1.626
2018-07-28,76128533B12129983841645,Kra Daadi,contained_grid,80.722496,178.97998,23.99625,36.565002,0.042888068,0.08773094,0.00054520724,4,Low Modelled Signal,False,80.722496,75.49902,173.7565,75.90564,174.16312,-4.8168564,-5.2234726
2018-07-28,76128533B12144400448811,Kondagaon,contained_grid,14.342501,18.610003,0.0034375,0.0275,0.008236243,0.011061729,0.0018192898,8,Low Modelled Signal,False,14.342501,9.119026,13.386528,9.525641,13.793143,-4.8168592,-5.2234745
2018-07-28,76128533B12197302963241,Sahibzada Ajit Singh Nagar,nearest_grid,3.1200001,3.1200001,1.175,1.175,0.0042199977,0.0042199977,1.8654526e-05,1,Low Modelled Signal,False,3.1200001,0.0,0.0,0.0,0.0,-3.1200001,-3.1200001
2018-07-28,76128533B1222571856670,Hazaribagh,contained_grid,23.715002,42.56,12.835,22.390001,0.022077277,0.027101338,0.0012194691,6,Low Modelled Signal,False,23.715002,18.491526,37.33653,18.898142,37.74314,-4.81686,-5.2234764
2018-07-28,76128533B12244045944458,Rohtak,contained_grid,12.3925,18.16,7.6318746,21.777498,0.0155927,0.024716025,0.0014762505,4,Low Modelled Signal,False,12.3925,7.1690254,12.936525,7.5756407,13.343141,-4.8168592,-5.2234745
2018-07-28,76128533B12244320360965,Buxar,contained_grid,52.58,54.010002,29.279375,31.146248,0.06326629,0.0697311,0.005649728,2,Low Modelled Signal,False,52.58,47.35653,48.78653,47.763138,49.193142,-4.816864,-5.2234726
2018-07-28,76128533B12294379827032,Garhwa,contained_grid,19.428333,29.91,18.114792,46.655,0.02687183,0.047106825,0.0017084746,6,Low Modelled Signal,False,19.428333,14.20486,24.686525,14.611473,25.09314,-4.81686,-5.2234735
2018-07-28,76128533B12343314564708,Morena,contained_grid,5.4785714,12.3,0.09553571,0.29375002,0.035771314,0.09543049,0.0002629298,7,Low Modelled Signal,False,5.4785714,2.5199397,7.076526,2.6942031,7.483141,-2.7843683,-2.9586318
2018-07-28,76128533B12380735325851,Akola,contained_grid,0.94833344,1.7,0.0147916665,0.08875,0.00019568704,0.00020443698,3.0225594e-05,6,Low Modelled Signal,False,0.94833344,0.0,0.0,0.0,0.0,-0.94833344,-0.94833344
2018-07-28,76128533B12519626815499,Tapi,contained_grid,3.8633335,5.08,0.0,0.0,0.000943234,0.0013305903,8.742744e-05,6,Low Modelled Signal,False,3.8633335,0.0,0.0,0.04385678,0.26314068,-3.8194766,-3.8633335
2018-07-28,76128533B12694285477701,Darbhanga,contained_grid,58.8425,75.61001,6.41875,12.367499,0.008807513,0.012380131,0.0004559375,4,Low Modelled Signal,False,58.8425,53.619026,70.386536,54.025642,70.79315,-4.8168564,-5.2234726
2018-07-28,76128533B13272482176343,Bulandshahr,contained_grid,13.280001,15.89,2.8877501,3.545,0.041921496,0.082330436,0.0025356824,5,Low Modelled Signal,False,13.280001,8.056526,10.666527,8.4631405,11.073141,-4.81686,-5.2234745
2018-07-28,76128533B13437137070957,Nagaon,contained_grid,49.142002,56.620003,10.372749,20.1575,0.015013297,0.024251085,0.00030916644,5,Low Modelled Signal,False,49.142002,43.91853,51.39653,44.32514,51.803143,-4.81686,-5.2234726
2018-07-28,76128533B13552746017223,Faridkot,contained_grid,0.29666665,0.78999996,2.7733333,3.445,0.0042902795,0.0052366285,5.2605443e-05,3,Low Modelled Signal,False,0.29666665,0.0,0.0,0.0,0.0,-0.29666665,-0.29666665
2018-07-28,76128533B13673614951516,Chandauli,contained_grid,39.622498,58.659996,7.4443746,8.82,0.042164624,0.065848835,0.0018926237,4,Low Modelled Signal,False,39.622498,34.399025,53.436523,34.80564,53.843136,-4.8168564,-5.2234726
2018-07-28,76128533B13697452453823,Kangra,contained_grid,9.60125,13.290001,1.2090625,3.4899998,0.0052341437,0.007542192,4.6667803e-05,8,Low Modelled Signal,False,9.60125,4.377776,8.066526,4.784391,8.473142,-4.816859,-5.2234735
2018-07-28,76128533B13733639953372,Phek,contained_grid,37.5225,49.28,63.891876,84.270004,0.029170327,0.038967106,0.0002710871,4,Low Modelled Signal,False,37.5225,32.299026,44.056526,32.70564,44.46314,-4.81686,-5.2234726
2018-07-28,76128533B13791982054894,Bathinda,contained_grid,0.86428577,2.62,2.464107,4.3374996,0.0018623371,0.0036718578,4.7329748e-05,7,Low Modelled Signal,False,0.86428577,0.0,0.0,0.0,0.0,-0.86428577,-0.86428577
2018-07-28,76128533B13908294104682,Amethi,contained_grid,36.2675,43.300003,4.8971877,7.885,0.053139023,0.061538894,0.0009872892,4,Low Modelled Signal,False,36.2675,31.044027,38.07653,31.450642,38.483143,-4.81686,-5.2234745
2018-07-28,76128533B14033116794334,Siwan,contained_grid,66.47666,94.479996,49.302494,86.48999,0.020169253,0.022793544,0.00042034485,3,Low Modelled Signal,False,66.47666,61.253193,89.25652,61.65981,89.66314,-4.8168526,-5.223469
2018-07-28,76128533B1420136949169,South East,nearest_grid,13.9,13.9,0.80999994,0.80999994,0.024066282,0.024066282,0.0012273473,1,Low Modelled Signal,False,13.9,8.676525,8.676525,9.08314,9.08314,-4.8168592,-5.2234745
2018-07-28,76128533B14243635342908,Bhandara,contained_grid,1.6700001,2.84,0.030208334,0.08625,0.00027142826,0.0005270462,2.1929665e-05,6,Low Modelled Signal,False,1.6700001,0.0,0.0,0.0,0.0,-1.6700001,-1.6700001
2018-07-28,76128533B14292125820380,Dakshin Bastar Dantewada,contained_grid,5.1324997,8.92,0.24437499,0.39999998,0.0026819734,0.0049805553,0.00045565417,4,Low Modelled Signal,False,5.1324997,0.950763,3.696526,1.1540704,4.103141,-3.9784293,-4.181737
2018-07-28,76128533B14403163214152,Bishnupur,contained_grid,35.76,35.76,18.127499,18.127499,0.028937763,0.028937763,0.00017629804,1,Low Modelled Signal,False,35.76,30.536524,30.536524,30.943138,30.943138,-4.81686,-5.2234745
2018-07-28,76128533B14534161138054,Bijnor,contained_grid,44.54,52.610004,49.371246,87.666245,0.03191968,0.056303952,0.00070198684,5,Low Modelled Signal,False,44.54,39.31653,47.38653,39.72314,47.793144,-4.81686,-5.2234726
2018-07-28,76128533B14598081584747,Balrampur,contained_grid,9.866154,23.44,31.17596,67.13,0.030724667,0.06624919,0.00043732295,13,Low Modelled Signal,False,9.866154,4.802445,18.216526,5.146504,18.623142,-4.71965,-5.063709
2018-07-28,76128533B14849085202492,Jaisalmer,contained_grid,0.0,0.0,0.0,0.0,0.00018484428,0.00026755792,2.9630964e-05,55,Low Modelled Signal,False,0.0,0.0,0.0,0.0,0.0,0.0,0.0
2018-07-28,76128533B14968875277413,Narayanpet,contained_grid,0.32666668,0.47000003,0.26458332,0.72625,0.00015811133,0.00017450683,2.270833e-05,3,Low Modelled Signal,False,0.32666668,0.0,0.0,0.0,0.0,-0.32666668,-0.32666668
2018-07-28,76128533B14984770113274,Shahid Bhagat Singh Nagar,contained_grid,8.22,9.67,1.4125,2.36625,0.007979626,0.008601166,3.298982e-05,2,Low Modelled Signal,False,8.22,2.996526,4.446526,3.4031408,4.853141,-4.8168592,-5.2234745
2018-07-28,76128533B15157901669242,Majuli,contained_grid,16.35,16.35,15.189999,15.189999,0.014641842,0.014641842,0.0004268784,1,Low Modelled Signal,False,16.35,11.126526,11.126526,11.533141,11.533141,-4.8168592,-5.2234745
2018-07-28,76128533B15180319517641,Daman,nearest_grid,3.1100001,3.1100001,0.012499999,0.012499999,0.00070229545,0.00070229545,6.857717e-05,1,Low Modelled Signal,False,3.1100001,0.0,0.0,0.0,0.0,-3.1100001,-3.1100001
2018-07-28,76128533B15337568968545,Erode,contained_grid,0.024999999,0.13,0.41343752,2.2025,0.00014240957,0.00019880188,3.2845328e-05,8,Low Modelled Signal,False,0.024999999,0.0,0.0,0.0,0.0,-0.024999999,-0.024999999
2018-07-28,76128533B15342706434354,Etah,contained_grid,22.132,27.92,9.203,27.584997,0.122979954,0.16874209,0.0010727264,5,Heavy Rain Watch,False,22.132,16.908525,22.696526,17.315142,23.103142,-4.8168583,-5.2234745
2018-07-28,76128533B15550697205080,Chikmagalur,contained_grid,5.112222,13.38,1.5440278,4.6625,0.0040287273,0.0150772575,0.0011555849,9,Low Modelled Signal,False,5.112222,1.8962339,8.156527,2.0769513,8.563141,-3.035271,-3.2159882
2018-07-28,76128533B15567489974292,Baramula,contained_grid,4.0266666,5.0099998,0.7133333,1.29,0.00044171108,0.0007467712,2.4548524e-05,3,Low Modelled Signal,False,4.0266666,0.0,0.0,0.06438017,0.1931405,-3.9622865,-4.0266666
2018-07-28,76128533B15601995412161,Simdega,contained_grid,24.4225,34.94,15.742344,35.535,0.041985326,0.07283962,0.0018966792,8,Low Modelled Signal,False,24.4225,19.199024,29.716524,19.60564,30.123138,-4.81686,-5.2234764
2018-07-28,76128533B1566053393466,Tikamgarh,contained_grid,1.2871429,2.31,1.9032394e-15,1.1368684e-14,0.0010698469,0.003111314,0.0003873844,7,Low Modelled Signal,False,1.2871429,0.0,0.0,0.0,0.0,-1.2871429,-1.2871429
2018-07-28,76128533B15835290978888,Jalaun,contained_grid,13.111667,15.41,0.5995833,1.4425,0.10787112,0.11638421,0.00067501597,6,Heavy Rain Watch,False,13.111667,7.8881927,10.186525,8.294807,10.593141,-4.8168592,-5.223474
2018-07-28,76128533B15993411864574,Durg,contained_grid,3.8075,8.49,0.22687499,0.5725,0.0022662396,0.003982564,0.0002711599,4,Low Modelled Signal,False,3.8075,0.81663144,3.2665257,0.91828513,3.6731405,-2.8892148,-2.9908686
2018-07-28,76128533B1621599562140,Koriya,contained_grid,13.982499,26.880001,12.483541,23.7975,0.021630796,0.065481864,0.0005166268,12,Low Modelled Signal,False,13.982499,8.769315,21.656527,9.165641,22.06314,-4.8168583,-5.2131844
2018-07-28,76128533B16271917438029,The Dangs,contained_grid,3.75,4.0699997,0.0,0.0,0.0006835882,0.0007871957,8.393873e-05,3,Low Modelled Signal,False,3.75,0.0,0.0,0.0,0.0,-3.75,-3.75
2018-07-28,76128533B1629699732681,Ramanathapuram,contained_grid,0.0,0.0,8.8817837e-17,5.32907e-16,0.00010649191,0.00013465922,1.4993579e-05,6,Low Modelled Signal,False,0.0,0.0,0.0,0.0,0.0,0.0,0.0
2018-07-28,76128533B16442413169750,Mumbai,nearest_grid,3.8,3.8,0.022499999,0.022499999,0.0015532895,0.0015532895,0.00013751503,1,Low Modelled Signal,False,3.8,0.0,0.0,0.0,0.0,-3.8,-3.8
2018-07-28,76128533B1645877589145,Tiruchirappalli,contained_grid,0.016666668,0.1,0.0,0.0,0.00012498407,0.00014562579,1.8193161e-05,6,Low Modelled Signal,False,0.016666668,0.0,0.0,0.0,0.0,-0.016666668,-0.016666668
2018-07-28,76128533B16476001647323,Panch Mahals,contained_grid,1.8050001,2.0500002,0.0,0.0,0.00021404422,0.00023729356,3.002531e-05,4,Low Modelled Signal,False,1.8050001,0.0,0.0,0.0,0.0,-1.8050001,-1.8050001
2018-07-28,76128533B16628456658675,Chamarajanagar,contained_grid,0.17857143,0.65,0.5948214,2.9074998,0.00012409958,0.00023257262,4.936162e-05,7,Low Modelled Signal,False,0.17857143,0.0,0.0,0.0,0.0,-0.17857143,-0.17857143
2018-07-28,76128533B16674973717653,Katni,contained_grid,4.8875,8.179999,0.6226562,3.145,0.0024638446,0.0049140514,0.00015911442,8,Low Modelled Signal,False,4.8875,0.4003814,2.9565253,0.5374276,3.36314,-4.3500724,-4.4871182
2018-07-28,76128533B16749627383755,Hailakandi,contained_grid,6.94,10.51,21.967499,23.349998,0.004501933,0.0072191404,0.00034783842,2,Low Modelled Signal,False,6.94,2.643263,5.286526,2.8465705,5.693141,-4.0934296,-4.2967367
2018-07-28,76128533B16781044866906,Jamui,contained_grid,21.82,28.93,14.09375,25.6075,0.018127048,0.021403994,0.0013986087,4,Low Modelled Signal,False,21.82,16.596525,23.706526,17.00314,24.11314,-4.81686,-5.2234745
2018-07-28,76128533B16811573188243,Puruliya,contained_grid,5.4111114,17.74,12.001945,20.990002,0.009655487,0.017368818,0.00092293666,9,Low Modelled Signal,False,5.4111114,2.079567,12.516525,2.2602847,12.923141,-3.1508267,-3.3315444
2018-07-28,76128533B16889790752134,Ariyalur,contained_grid,0.16666667,0.3,1.2499999,3.5749996,0.00010330958,0.00010637623,1.8837902e-05,3,Low Modelled Signal,False,0.16666667,0.0,0.0,0.0,0.0,-0.16666667,-0.16666667
2018-07-28,76128533B17109302371020,Darjiling,contained_grid,101.06,132.08,12.184167,14.435001,0.029612908,0.038364485,0.0019268112,3,Low Modelled Signal,False,101.06,95.836525,126.85653,96.24314,127.263145,-4.8168564,-5.2234726
2018-07-28,76128533B1711704044407,North Goa,contained_grid,10.35,10.4800005,4.123125,4.345,0.0070101395,0.007854823,0.00030725627,2,Low Modelled Signal,False,10.35,5.1265264,5.2565265,5.533141,5.6631413,-4.8168592,-5.223474
2018-07-28,76128533B17261532861377,Jamtara,contained_grid,34.47333,36.27,1.4175,2.91,0.014419132,0.014958643,0.0008941533,3,Low Modelled Signal,False,34.47333,29.24986,31.046526,29.656473,31.45314,-4.8168583,-5.2234707
2018-07-28,76128533B17292264941997,Mungeli,contained_grid,20.59,23.800001,0.8540625,1.5649999,0.016346795,0.020710321,0.0006748906,4,Low Modelled Signal,False,20.59,15.366526,18.576527,15.773142,18.983143,-4.8168583,-5.2234745
2018-07-28,76128533B17472905712757,Papum Pare,contained_grid,60.458,107.770004,37.017998,83.74,0.063247606,0.11848261,0.0015832325,5,Heavy Rain Watch,False,60.458,55.234528,102.54653,55.641144,102.95315,-4.8168564,-5.2234726
2018-07-28,76128533B17762399278073,Pashchim Champaran,contained_grid,44.19375,66.47,32.29953,50.027496,0.018980142,0.02859258,0.0010085666,8,Low Modelled Signal,False,44.19375,38.970276,61.24653,39.37689,61.65314,-4.81686,-5.2234726
2018-07-28,76128533B17968019348564,Morigaon,contained_grid,41.880005,42.760002,7.3537507,8.845001,0.017488662,0.018113777,0.0003247292,2,Low Modelled Signal,False,41.880005,36.656532,37.53653,37.06314,37.943142,-4.816864,-5.2234726
2018-07-28,76128533B18243475101734,Mirzapur,contained_grid,43.3475,51.2,5.44625,6.7825,0.028627401,0.03435923,0.0019153338,4,Low Modelled Signal,False,43.3475,38.124027,45.97653,38.53064,46.38314,-4.81686,-5.2234726
2018-07-28,76128533B18648944871057,Basti,contained_grid,30.245,39.58,8.686874,16.8475,0.040095985,0.04364152,0.0010234261,4,Low Modelled Signal,False,30.245,25.021526,34.35653,25.42814,34.76314,-4.81686,-5.2234745
2018-07-28,76128533B18668117085772,Tawang,contained_grid,26.062,47.7,8.9485,16.519999,0.0144474,0.019065684,0.0013002873,5,Low Modelled Signal,False,26.062,20.838526,42.47653,21.245142,42.88314,-4.8168583,-5.2234745
2018-07-28,76128533B1875965515331,Namsai,contained_grid,38.82,42.47,15.6,17.84,0.009894442,0.011545839,0.0005505584,2,Low Modelled Signal,False,38.82,33.596527,37.24653,34.003143,37.65314,-4.8168564,-5.2234726
2018-07-28,76128533B18802630191461,Dumka,contained_grid,52.359997,54.84,4.60775,8.383751,0.028908651,0.031489674,0.007167933,5,Low Modelled Signal,False,52.359997,47.136528,49.616528,47.54314,50.02314,-4.8168564,-5.223469
2018-07-28,76128533B18834172694083,Moga,contained_grid,3.665,6.13,3.921875,7.6099997,0.00329979,0.0037071845,3.8978167e-05,4,Low Modelled Signal,False,3.665,0.22663152,0.9065261,0.33157027,1.3131409,-3.3334298,-3.4383683
2018-07-28,76128533B18931932305748,Purbi Singhbhum,contained_grid,14.934001,19.470001,26.76025,36.68,0.01760755,0.022435404,0.0027806135,5,Low Modelled Signal,False,14.934001,9.710526,14.246527,10.117142,14.653142,-4.8168592,-5.2234745
2018-07-28,76128533B19335918192159,Karur,contained_grid,0.0,0.0,0.0,0.0,0.0001452804,0.00015938928,1.9312729e-05,3,Low Modelled Signal,False,0.0,0.0,0.0,0.0,0.0,0.0,0.0
2018-07-28,76128533B19341883513630,Ratlam,contained_grid,2.455,3.54,0.0,0.0,0.0005203294,0.0006174536,7.719351e-05,8,Low Modelled Signal,False,2.455,0.0,0.0,0.0,0.0,-2.455,-2.455
2018-07-28,76128533B19545859035458,Kallakurichi,contained_grid,0.0,0.0,0.431,2.155,0.0001241509,0.00017058237,1.5690586e-05,5,Low Modelled Signal,False,0.0,0.0,0.0,0.0,0.0,0.0,0.0
2018-07-28,76128533B19581555782120,Palakkad,contained_grid,3.6166666,5.97,24.074583,32.065,0.0006748559,0.0014867249,8.258427e-05,6,Low Modelled Signal,False,3.6166666,0.12442096,0.74652576,0.1921901,1.1531405,-3.4244764,-3.4922457
2018-07-28,76128533B19630094725383,Pathankot,contained_grid,8.589999,8.589999,0.7325,0.7325,0.009311472,0.009311472,6.976974e-05,1,Low Modelled Signal,False,8.589999,3.3665252,3.3665252,3.77314,3.77314,-4.8168592,-5.223474
2018-07-28,76128533B19792346411952,West Godavari,contained_grid,0.48090908,1.0200001,2.8065908,8.7575,0.00020702918,0.0002527572,2.5426489e-05,11,Low Modelled Signal,False,0.48090908,0.0,0.0,0.0,0.0,-0.48090908,-0.48090908
2018-07-28,76128533B19832024635761,Central,nearest_grid,12.59,12.59,3.2949996,3.2949996,0.019013498,0.019013498,0.0008301212,1,Low Modelled Signal,False,12.59,7.366526,7.366526,7.773141,7.773141,-4.8168592,-5.223474
2018-07-28,76128533B19898496046456,Kamle,contained_grid,114.329994,141.57,80.54,93.689995,0.05699109,0.077954665,0.0006131192,3,Low Modelled Signal,False,114.329994,109.10653,136.34653,109.513145,136.75314,-4.8168488,-5.223465
2018-07-28,76128533B19903856317609,Saran,contained_grid,84.294,98.83,49.24675,67.755,0.026931519,0.033858124,0.00046940453,5,Low Modelled Signal,False,84.294,79.070526,93.60653,79.47714,94.013145,-4.8168564,-5.2234726
2018-07-28,76128533B1996088953603,Sultanpur,contained_grid,49.005,62.440002,1.0171875,2.175,0.047155105,0.07039149,0.0017847767,4,Low Modelled Signal,False,49.005,43.78153,57.21653,44.18814,57.623142,-4.81686,-5.2234726
2018-07-28,76128533B20298037622173,South Salmara-Mankachar,nearest_grid,89.16,89.16,10.010001,10.010001,0.024060711,0.024060711,0.00076040014,1,Low Modelled Signal,False,89.16,83.93653,83.93653,84.34315,84.34315,-4.8168564,-5.2234726
2018-07-28,76128533B20307518801538,Udalguri,contained_grid,53.379993,55.369995,44.408337,50.585,0.03297918,0.03937768,0.00055824214,3,Low Modelled Signal,False,53.379993,48.156525,50.146523,48.563137,50.553135,-4.8168564,-5.223469
2018-07-28,76128533B20458430922604,Kishtwar,contained_grid,6.8907695,9.690001,0.49471152,1.41875,0.00059048337,0.00074078026,3.5822766e-05,13,Low Modelled Signal,False,6.8907695,1.6672953,4.4665265,2.07391,4.8731413,-4.8168592,-5.223474
2018-07-28,76128533B20474666262371,Osmanabad,contained_grid,0.095454544,0.16,0.0063636363,0.07,0.00019133392,0.00022114195,2.0823078e-05,11,Low Modelled Signal,False,0.095454544,0.0,0.0,0.0,0.0,-0.095454544,-0.095454544
2018-07-28,76128533B20502827346807,Dindori,contained_grid,9.106,12.59,1.4350001,4.4,0.004745491,0.0059584524,0.0003454448,5,Low Modelled Signal,False,9.106,3.882526,7.366526,4.289141,7.773141,-4.816859,-5.223474
2018-07-28,76128533B20504715877560,Ganderbal,contained_grid,4.886667,7.25,0.6691666,0.92,0.00054569,0.00078351516,5.441362e-05,3,Low Modelled Signal,False,4.886667,0.6755087,2.026526,0.8110469,2.4331408,-4.0756197,-4.2111583
2018-07-28,76128533B20647769792365,Pratapgarh,contained_grid,35.248333,49.12,3.4039583,5.6725,0.040282834,0.055959295,0.00085022266,6,Low Modelled Signal,False,35.248333,30.024862,43.896526,30.431473,44.30314,-4.81686,-5.2234707
2018-07-28,76128533B20660206691661,Auraiya,contained_grid,16.26,16.420002,0.693125,0.93375,0.10801266,0.11560468,0.00033110153,2,Heavy Rain Watch,False,16.26,11.036526,11.1965275,11.443141,11.603143,-4.8168592,-5.2234745
2018-07-28,76128533B20683890392439,Narsimhapur,contained_grid,2.27,3.6499999,0.01861111,0.114999995,0.0003726195,0.0005975428,6.1431594e-05,9,Low Modelled Signal,False,2.27,0.0,0.0,0.0,0.0,-2.27,-2.27
2018-07-28,76128533B20732636837048,Sikar,contained_grid,0.02,0.17,0.060113635,0.61,0.0006483472,0.00091277057,5.0853247e-05,11,Low Modelled Signal,False,0.02,0.0,0.0,0.0,0.0,-0.02,-0.02
2018-07-28,76128533B20752885472650,Bankura,contained_grid,14.078182,26.14,12.870568,32.899998,0.011322596,0.017670397,0.0048893113,11,Low Modelled Signal,False,14.078182,8.991703,20.916525,9.3574,21.32314,-4.7207823,-5.086479
2018-07-28,76128533B2080752988715,Morbi,contained_grid,0.40428573,0.52000004,0.0,0.0,9.299674e-05,0.0002557941,2.0130734e-05,7,Low Modelled Signal,False,0.40428573,0.0,0.0,0.0,0.0,-0.40428573,-0.40428573
2018-07-28,76128533B21068662878849,Kamareddy,contained_grid,0.0039999997,0.01,0.024500001,0.065,0.00017636696,0.00018300574,1.7081718e-05,5,Low Modelled Signal,False,0.0039999997,0.0,0.0,0.0,0.0,-0.0039999997,-0.0039999997
2018-07-28,76128533B21119051307760,Jyotiba Phule Nagar,contained_grid,29.43,39.179996,11.595625,21.009998,0.12870191,0.24772955,0.00080988475,4,Heavy Rain Watch,False,29.43,24.206528,33.956524,24.61314,34.363136,-4.81686,-5.2234726
2018-07-28,76128533B21179322085415,Harda,contained_grid,2.852,3.16,0.00049999997,0.0025,0.0003049215,0.000591638,7.49447e-05,5,Low Modelled Signal,False,2.852,0.0,0.0,0.0,0.0,-2.852,-2.852
2018-07-28,76128533B21485639457044,Aurangabad,contained_grid,54.13,58.140003,54.37687,64.29749,0.05375473,0.057292808,0.00952525,4,Low Modelled Signal,False,54.13,48.90653,52.91653,49.31314,53.323143,-4.81686,-5.2234726
2018-07-28,76128533B21485897206517,Rajanna Sircilla,contained_grid,0.0,0.0,0.0,0.0,0.00018300574,0.00018300574,1.7081718e-05,2,Low Modelled Signal,False,0.0,0.0,0.0,0.0,0.0,0.0,0.0
2018-07-28,76128533B21722277889516,Sivasagar,contained_grid,16.975,21.89,11.2325,12.889999,0.014484813,0.016379708,0.0005299352,2,Low Modelled Signal,False,16.975,11.751526,16.666525,12.15814,17.07314,-4.81686,-5.2234745
2018-07-28,76128533B21812274124310,The Nilgiris,contained_grid,1.4499999,2.55,0.9375,2.7075,0.00020183144,0.00025349023,4.4952e-05,3,Low Modelled Signal,False,1.4499999,0.0,0.0,0.0,0.0,-1.4499999,-1.4499999
2018-07-28,76128533B21922686388534,Sitamarhi,contained_grid,53.186665,81.850006,18.739166,27.997498,0.014929317,0.020635063,0.001856644,3,Low Modelled Signal,False,53.186665,47.963196,76.62653,48.369812,77.03315,-4.8168526,-5.223469
2018-07-28,76128533B22077262393417,Haora,contained_grid,9.82,13.799999,16.065832,25.209995,0.010225327,0.013134697,0.004218786,3,Low Modelled Signal,False,9.82,4.5965257,8.576525,5.0031404,8.98314,-4.8168592,-5.223474
2018-07-28,76128533B22439249004073,Bhopal,contained_grid,2.3180003,3.1700003,0.0,0.0,0.0003832112,0.00050486985,7.116536e-05,5,Low Modelled Signal,False,2.3180003,0.0,0.0,0.0,0.0,-2.3180003,-2.3180003
2018-07-28,76128533B22471914548132,Chittoor,contained_grid,0.0,0.0,0.18458332,2.5549998,0.0002118695,0.00026539166,3.9267285e-05,21,Low Modelled Signal,False,0.0,0.0,0.0,0.0,0.0,0.0,0.0
2018-07-28,76128533B22587307937261,South Andaman,contained_grid,19.9525,28.64,4.1621876,14.8425,0.0039004474,0.005328648,0.001290966,4,Low Modelled Signal,False,19.9525,14.729026,23.416525,15.13564,23.82314,-4.8168592,-5.2234735
2018-07-28,76128533B22687502928564,Ranipet,contained_grid,0.0,0.0,0.09375,0.09375,0.00020282548,0.00020282548,2.2351893e-05,1,Low Modelled Signal,False,0.0,0.0,0.0,0.0,0.0,0.0,0.0
2018-07-28,76128533B22715430000002,Longding,contained_grid,30.815002,31.620003,20.24375,24.755001,0.0076701697,0.008291994,0.00015617503,2,Low Modelled Signal,False,30.815002,25.591528,26.396528,25.998142,26.803143,-4.81686,-5.2234745
2018-07-28,76128533B22722327711505,Rewari,contained_grid,1.47,1.47,2.0075,2.0075,0.00923502,0.00923502,7.392191e-05,1,Low Modelled Signal,False,1.47,0.0,0.0,0.0,0.0,-1.47,-1.47
2018-07-28,76128533B22732185131019,Hisar,contained_grid,0.63,2.52,6.1831245,17.967499,0.002440899,0.0046458757,0.0009903016,4,Low Modelled Signal,False,0.63,0.0,0.0,0.0,0.0,-0.63,-0.63
2018-07-28,76128533B23092176497025,Karimganj,contained_grid,3.4524999,4.69,17.673748,28.6075,0.0018425449,0.0030295574,0.00010539015,4,Low Modelled Signal,False,3.4524999,0.0,0.0,0.0,0.0,-3.4524999,-3.4524999
2018-07-28,76128533B23611090346849,Mon,contained_grid,39.665,48.33,57.996872,62.976246,0.012423965,0.016037103,0.0002998282,2,Low Modelled Signal,False,39.665,34.44153,43.10653,34.84814,43.51314,-4.81686,-5.2234726
2018-07-28,76128533B23710487943819,Kanpur Nagar,contained_grid,25.5725,30.19,3.4887497,6.0899997,0.034055915,0.04784163,0.0008209441,4,Low Modelled Signal,False,25.5725,20.349026,24.966526,20.755642,25.373142,-4.8168583,-5.2234745
2018-07-28,76128533B23735146933631,Mandi,contained_grid,13.55,16.55,5.6587496,10.7925,0.0072503956,0.008926852,0.00039043213,5,Low Modelled Signal,False,13.55,8.326526,11.326525,8.733141,11.73314,-4.8168592,-5.2234745
2018-07-28,76128533B23858286755005,Alipurduar,contained_grid,104.79201,143.83,2.38775,6.3599997,0.043563344,0.057687756,0.0015148584,5,Low Modelled Signal,False,104.79201,99.56853,138.60652,99.97514,139.01314,-4.816864,-5.22348
2018-07-28,76128533B23956636471502,Yamunanagar,contained_grid,38.336666,51.61,30.354166,39.9725,0.015025911,0.017233057,0.00028539015,3,Low Modelled Signal,False,38.336666,33.113194,46.386528,33.519806,46.79314,-4.81686,-5.2234726
2018-07-28,76128533B24017517661394,Pakke Kessang,contained_grid,30.903334,51.39,25.1625,32.82,0.025457392,0.036588944,0.00065743574,3,Low Modelled Signal,False,30.903334,25.679861,46.166527,26.086472,46.57314,-4.816862,-5.2234726
2018-07-28,76128533B24101991435637,Jehanabad,contained_grid,50.709995,50.709995,50.639996,50.639996,0.0571978,0.0571978,0.00722577,1,Low Modelled Signal,False,50.709995,45.486523,45.486523,45.893135,45.893135,-4.81686,-5.2234726
2018-07-28,76128533B24594618908349,Suryapet,contained_grid,0.0033333332,0.01,0.73,1.2574999,0.00018146407,0.00020443268,2.3481485e-05,6,Low Modelled Signal,False,0.0033333332,0.0,0.0,0.0,0.0,-0.0033333332,-0.0033333332
2018-07-28,76128533B24755983727265,Saharsa,contained_grid,52.555,62.31,9.1425,11.434999,0.01233574,0.015528398,0.00067358307,2,Low Modelled Signal,False,52.555,47.331528,57.08653,47.73814,57.49314,-4.81686,-5.2234726
2018-07-28,76128533B24759700890118,Rupnagar,contained_grid,6.38,8.29,0.28,0.56,0.0071873674,0.010144086,2.7628348e-05,2,Low Modelled Signal,False,6.38,1.533263,3.066526,1.7365704,3.4731407,-4.6434298,-4.846737
2018-07-28,76128533B24861976740713,Jhargram,contained_grid,16.195,20.28,14.396874,15.148748,0.01537114,0.019510102,0.001989925,2,Low Modelled Signal,False,16.195,10.971526,15.056526,11.378141,15.463141,-4.8168583,-5.2234735
2018-07-28,76128533B25020556592153,Rajnandgaon,contained_grid,2.341,6.0,0.45987496,1.8274999,0.0010822855,0.0035170408,0.00012556763,10,Low Modelled Signal,False,2.341,0.077652596,0.776526,0.11831407,1.1831408,-2.222686,-2.2633474
2018-07-28,76128533B25208535254310,Hardoi,contained_grid,27.764444,34.309998,31.460276,51.76875,0.061156996,0.13507713,0.0018248953,9,Heavy Rain Watch,False,27.764444,22.54097,29.086523,22.947584,29.493137,-4.81686,-5.2234745
2018-07-28,76128533B25280172436550,Nirmal,contained_grid,0.108,0.21000001,0.0185,0.049999997,0.00016431135,0.00019568321,2.2107904e-05,5,Low Modelled Signal,False,0.108,0.0,0.0,0.0,0.0,-0.108,-0.108
2018-07-28,76128533B25344721013980,Dhule,contained_grid,0.79777783,2.19,0.0037499997,0.033749998,0.0002325567,0.0003977044,3.9101025e-05,9,Low Modelled Signal,False,0.79777783,0.0,0.0,0.0,0.0,-0.79777783,-0.79777783
2018-07-28,76128533B25373378863054,Purba Medinipur,contained_grid,9.028333,14.69,3.86,5.42,0.012714903,0.023040576,0.0029358712,6,Low Modelled Signal,False,9.028333,3.892684,9.466526,4.211474,9.87314,-4.816859,-5.1356487
2018-07-28,76128533B25448742967716,Leparada,contained_grid,164.445,175.56001,14.940625,16.14125,0.04485943,0.046425324,0.0004977681,2,Low Modelled Signal,False,164.445,159.22153,170.33653,159.62814,170.74315,-4.816864,-5.22348
2018-07-28,76128533B25468964623139,Anuppur,contained_grid,12.306666,16.11,3.28125,13.535001,0.009315235,0.01546307,0.00072348345,6,Low Modelled Signal,False,12.306666,7.0831923,10.886526,7.489807,11.293141,-4.8168592,-5.223474
2018-07-28,76128533B25576352747885,Bharatpur,contained_grid,9.778571,16.56,0.7082142,2.485,0.035895962,0.06450959,0.0004684577,7,Low Modelled Signal,False,9.778571,5.037518,11.336525,5.327957,11.74314,-4.450614,-4.741053
2018-07-28,76128533B25679991785711,Mandsaur,contained_grid,1.5766667,2.1000001,0.0,0.0,0.00026766918,0.00040797878,3.9114126e-05,9,Low Modelled Signal,False,1.5766667,0.0,0.0,0.0,0.0,-1.5766667,-1.5766667
2018-07-28,76128533B2576169508425,Kottayam,contained_grid,4.983333,5.93,31.093332,58.415,0.0005180486,0.0008958098,7.5936645e-05,3,Low Modelled Signal,False,4.983333,0.2355086,0.7065258,0.3754271,1.1131406,-4.607906,-4.7478247
2018-07-28,76128533B25835998628545,Dhubri,contained_grid,57.039997,62.08,7.7449994,15.144998,0.019627899,0.021308627,0.0013503606,3,Low Modelled Signal,False,57.039997,51.81653,56.85653,52.22314,57.26314,-4.8168564,-5.223469
2018-07-28,76128533B26296891809198,Agra,contained_grid,17.196665,27.389997,0.48291668,1.09375,0.071089834,0.090054885,0.0010262027,3,Low Modelled Signal,False,17.196665,11.973191,22.166523,12.3798065,22.57314,-4.8168583,-5.2234735
2018-07-28,76128533B26755490628656,Uttar Bastar Kanker,contained_grid,13.292223,22.95,0.025416665,0.17125,0.0069033816,0.010588831,0.0011858093,9,Low Modelled Signal,False,13.292223,8.253579,17.726526,8.615015,18.13314,-4.677208,-5.038644
2018-07-28,76128533B26931973511551,Kushinagar,contained_grid,29.546667,32.88,42.712498,44.265,0.016209485,0.018493775,0.00083472376,3,Low Modelled Signal,False,29.546667,24.32319,27.656527,24.729807,28.06314,-4.81686,-5.2234764
2018-07-28,76128533B26964150246712,Cachar,contained_grid,13.166667,20.169998,23.459791,35.1125,0.006163797,0.006781913,0.00083362585,6,Low Modelled Signal,False,13.166667,7.943192,14.946524,8.349807,15.353139,-4.81686,-5.223475
2018-07-28,76128533B27102120636500,South West Khasi Hills,contained_grid,24.884998,28.249998,56.2675,78.26001,0.024784854,0.025001382,0.0006240106,2,Low Modelled Signal,False,24.884998,19.661526,23.026524,20.06814,23.43314,-4.8168583,-5.2234726
2018-07-28,76128533B27201270098470,Hamirpur,contained_grid,14.1033325,17.279999,0.21041666,0.66499996,0.06088361,0.10766538,0.00061792985,6,Heavy Rain Watch,False,14.1033325,8.879859,12.056524,9.286474,12.46314,-4.8168583,-5.2234735
2018-07-28,76128533B27414563922025,Khunti,contained_grid,28.036667,31.25,15.577083,18.437498,0.021325236,0.023393003,0.0014473913,3,Low Modelled Signal,False,28.036667,22.813192,26.026525,23.219809,26.43314,-4.8168583,-5.2234745
2018-07-28,76128533B27432148084533,Katihar,contained_grid,51.9,69.51,13.40625,26.705,0.02160614,0.030932538,0.0075651165,5,Low Modelled Signal,False,51.9,46.676525,64.28653,47.083138,64.693146,-4.816864,-5.2234764
2018-07-28,76128533B27604563137530,Tenkasi,contained_grid,0.30333334,0.86,0.030833334,0.0775,0.00011255792,0.00012438594,1.6077416e-05,3,Low Modelled Signal,False,0.30333334,0.0,0.0,0.0,0.0,-0.30333334,-0.30333334
2018-07-28,76128533B27609096170969,Parbhani,contained_grid,0.033999998,0.14999999,0.0,0.0,0.00022034463,0.00024479488,2.9870751e-05,10,Low Modelled Signal,False,0.033999998,0.0,0.0,0.0,0.0,-0.033999998,-0.033999998
2018-07-28,76128533B27615708126939,Jabalpur,contained_grid,3.26,4.54,0.058571428,0.2025,0.00088430505,0.0016975375,5.862208e-05,7,Low Modelled Signal,False,3.26,0.0,0.0,0.0,0.0,-3.26,-3.26
2018-07-28,76128533B2761749808956,Champawat,contained_grid,35.455,37.74,3.395,3.995,0.038898688,0.050612357,0.0022935523,2,Low Modelled Signal,False,35.455,30.231525,32.51653,30.63814,32.92314,-4.816862,-5.2234764
2018-07-28,76128533B2782141712775,DATA NOT AVAILABLE,contained_grid,11.400072,37.49,1.9910325,30.565,0.0007621482,0.0054414095,0.00065054855,138,Low Modelled Signal,False,11.400072,6.682098,32.26653,6.978961,32.67314,-4.421111,-4.717974
2018-07-28,76128533B28138828116492,Sawai Madhopur,contained_grid,0.10833334,0.33,0.07375,0.26749998,0.000565776,0.00058570574,3.8520284e-05,6,Low Modelled Signal,False,0.10833334,0.0,0.0,0.0,0.0,-0.10833334,-0.10833334
2018-07-28,76128533B28290181894983,Mahabubabad,contained_grid,1.2240001,1.7,0.784,1.785,0.00023661825,0.00023661823,2.363011e-05,5,Low Modelled Signal,False,1.2240001,0.0,0.0,0.0,0.0,-1.2240001,-1.2240001
2018-07-28,76128533B28294794137747,Kurnool,contained_grid,0.07434783,0.19,0.1751087,1.5699999,0.00019413025,0.00023304028,2.270833e-05,23,Low Modelled Signal,False,0.07434783,0.0,0.0,0.0,0.0,-0.07434783,-0.07434783
2018-07-28,76128533B28397307540277,North  & Middle Andaman,contained_grid,26.118,36.96,1.799,4.0925,0.022060536,0.05072393,0.003927792,5,Low Modelled Signal,False,26.118,20.894526,31.736525,21.301142,32.14314,-4.8168583,-5.2234745
2018-07-28,76128533B284680734793,Raichur,contained_grid,0.16416667,0.32,0.050520834,0.19125,0.00016603222,0.00019846288,2.3423305e-05,12,Low Modelled Signal,False,0.16416667,0.0,0.0,0.0,0.0,-0.16416667,-0.16416667
2018-07-28,76128533B28521131010314,Rajgarh,contained_grid,2.6525002,3.2900002,0.0,0.0,0.00030954744,0.0003672159,7.278705e-05,8,Low Modelled Signal,False,2.6525002,0.0,0.0,0.0,0.0,-2.6525002,-2.6525002
2018-07-28,76128533B2860535426345,South Twenty Four Parganas,contained_grid,17.473076,27.029999,15.2235565,31.523748,0.030773805,0.061969515,0.013263059,13,Low Modelled Signal,False,17.473076,12.249602,21.806524,12.656218,22.213139,-4.8168583,-5.2234735
2018-07-28,76128533B28755611410447,Jaipur,contained_grid,0.013125,0.13,0.04984375,0.76,0.00056441105,0.0006914257,4.323808e-05,16,Low Modelled Signal,False,0.013125,0.0,0.0,0.0,0.0,-0.013125,-0.013125
2018-07-28,76128533B28879432621383,Dindigul,contained_grid,0.00375,0.03,0.071875,0.46499997,0.00010160586,0.00014471532,2.9563778e-05,8,Low Modelled Signal,False,0.00375,0.0,0.0,0.0,0.0,-0.00375,-0.00375
2018-07-28,76128533B29138015770556,East Godavari,contained_grid,1.3420001,5.77,2.7705834,13.942499,0.0005759843,0.0020690225,0.0001257812,15,Low Modelled Signal,False,1.3420001,0.036435064,0.54652596,0.063542716,0.95314074,-1.2784574,-1.3055651
2018-07-28,76128533B29292403538801,Kolar,contained_grid,0.0016666666,0.01,0.07,0.2225,0.00011878772,0.00016074181,3.9267285e-05,6,Low Modelled Signal,False,0.0016666666,0.0,0.0,0.0,0.0,-0.0016666666,-0.0016666666
2018-07-28,76128533B29293163114565,Madhepura,contained_grid,42.377502,50.55,19.007187,28.274998,0.007694871,0.013700409,0.00053231994,4,Low Modelled Signal,False,42.377502,37.154026,45.326527,37.56064,45.73314,-4.816864,-5.2234764
2018-07-28,76128533B29330052395581,Pathanamthitta,contained_grid,2.2533333,3.58,4.556667,6.22,0.00020471167,0.00026779404,4.54651e-05,3,Low Modelled Signal,False,2.2533333,0.0,0.0,0.0,0.0,-2.2533333,-2.2533333
2018-07-28,76128533B29554440319099,Mahrajganj,contained_grid,29.476002,33.34,22.680248,32.50625,0.021389794,0.031743113,0.013086586,5,Low Modelled Signal,False,29.476002,24.252525,28.116526,24.65914,28.52314,-4.816862,-5.2234764
2018-07-28,76128533B29672216830072,Sheikhpura,contained_grid,31.160002,31.160002,52.825,52.825,0.022032557,0.022032557,0.0010515183,1,Low Modelled Signal,False,31.160002,25.936527,25.936527,26.343143,26.343143,-4.8168583,-5.2234745
2018-07-28,76128533B2970909480221,Peren,contained_grid,11.596667,12.42,23.515833,26.7775,0.0062880013,0.0088698985,0.00016653529,3,Low Modelled Signal,False,11.596667,6.3731923,7.196526,6.7798066,7.603141,-4.8168607,-5.223475
2018-07-28,76128533B29721759389119,Agar,contained_grid,2.436,3.2300003,0.0,0.0,0.0003372102,0.0003717851,4.278706e-05,5,Low Modelled Signal,False,2.436,0.0,0.0,0.0,0.0,-2.436,-2.436
2018-07-28,76128533B29873478326363,Puducherry,contained_grid,0.2,0.2,0.0,0.0,0.00010642897,0.00010642897,1.8995977e-05,1,Low Modelled Signal,False,0.2,0.0,0.0,0.0,0.0,-0.2,-0.2
2018-07-28,76128533B30016122738302,Bokaro,contained_grid,8.907499,14.24,6.2753124,8.37,0.011142242,0.014451437,0.0014982971,4,Low Modelled Signal,False,8.907499,4.099894,9.016525,4.4048557,9.423141,-4.5026436,-4.8076053
2018-07-28,76128533B30151252629779,West District,contained_grid,17.91,19.06,13.293751,18.0925,0.012394814,0.013930482,0.00050265086,2,Low Modelled Signal,False,17.91,12.686525,13.836525,13.093141,14.24314,-4.8168592,-5.2234745
2018-07-28,76128533B30246762498957,Bhadradri,contained_grid,2.71875,5.5500007,0.9614062,2.4224997,0.0007043076,0.0026925586,9.364298e-05,16,Low Modelled Signal,False,2.71875,0.0408158,0.32652664,0.09164265,0.7331414,-2.6271074,-2.6779342
2018-07-28,76128533B3026318797185,Nagpur,contained_grid,1.2546667,2.41,0.034166668,0.2875,0.00022743104,0.00028704427,2.5964076e-05,15,Low Modelled Signal,False,1.2546667,0.0,0.0,0.0,0.0,-1.2546667,-1.2546667
2018-07-28,76128533B30447764775083,Sagar,contained_grid,1.5971429,2.2400002,0.006875,0.055,0.0002828852,0.0003514345,2.6416705e-05,14,Low Modelled Signal,False,1.5971429,0.0,0.0,0.0,0.0,-1.5971429,-1.5971429
2018-07-28,76128533B30477486088156,Shajapur,contained_grid,3.148,3.3899999,0.0,0.0,0.0004664298,0.00061014906,7.9277306e-05,5,Low Modelled Signal,False,3.148,0.0,0.0,0.0,0.0,-3.148,-3.148
2018-07-28,76128533B30779259886340,Imphal East,nearest_grid,70.93,70.93,34.312496,34.312496,0.021927075,0.021927075,0.00028606874,1,Low Modelled Signal,False,70.93,65.70653,65.70653,66.113144,66.113144,-4.8168564,-5.2234726
2018-07-28,76128533B31111781432113,Siddipet,contained_grid,0.025999999,0.13,0.01,0.049999997,0.00019392431,0.00020663253,1.9978614e-05,5,Low Modelled Signal,False,0.025999999,0.0,0.0,0.0,0.0,-0.025999999,-0.025999999
2018-07-28,76128533B31127900859310,Udhampur,contained_grid,8.116667,9.39,3.6725,4.91,0.0021873116,0.0026638072,3.4205437e-05,3,Low Modelled Signal,False,8.116667,2.893193,4.1665263,3.2998075,4.573141,-4.8168592,-5.2234735
2018-07-28,76128533B31161316175613,Rewa,contained_grid,9.663636,21.2,16.395454,38.385,0.011655576,0.025656143,0.00023729217,11,Low Modelled Signal,False,9.663636,5.12265,15.976526,5.37018,16.38314,-4.293456,-4.540986
2018-07-28,76128533B31175522938788,Rangareddy,contained_grid,0.028571429,0.18,0.109107144,0.5975,0.00019605781,0.00025704838,2.1123707e-05,7,Low Modelled Signal,False,0.028571429,0.0,0.0,0.0,0.0,-0.028571429,-0.028571429
2018-07-28,76128533B31241181851990,Thoothukkudi,contained_grid,0.0,0.0,0.0112499995,0.089999996,0.00013871203,0.00017262515,1.7023936e-05,8,Low Modelled Signal,False,0.0,0.0,0.0,0.0,0.0,0.0,0.0
2018-07-28,76128533B31246189674263,Nagarkurnool,contained_grid,0.064444445,0.18,0.04486111,0.24875,0.00018756697,0.00023014992,2.1472943e-05,9,Low Modelled Signal,False,0.064444445,0.0,0.0,0.0,0.0,-0.064444445,-0.064444445
2018-07-28,76128533B31342633028465,Chandrapur,contained_grid,0.58428574,1.04,0.00017857143,0.0025,0.00020826502,0.00021443487,2.1851592e-05,14,Low Modelled Signal,False,0.58428574,0.0,0.0,0.0,0.0,-0.58428574,-0.58428574
2018-07-28,76128533B31405919461443,Kurung Kumey,contained_grid,32.445713,73.24,20.668034,27.882498,0.024796491,0.05545324,0.00078657264,7,Low Modelled Signal,False,32.445713,27.22224,68.016525,27.628857,68.42314,-4.8168564,-5.2234726
2018-07-28,76128533B32249045995424,Srinagar,contained_grid,6.44,6.44,1.8,1.8,0.0006297341,0.0006297341,2.4725648e-05,1,Low Modelled Signal,False,6.44,1.216526,1.216526,1.6231408,1.6231408,-4.8168592,-5.223474
2018-07-28,76128533B32499449492865,Purnia,contained_grid,51.67,71.84,9.941667,11.985002,0.010377291,0.016227437,0.0004918174,3,Low Modelled Signal,False,51.67,46.44652,66.61652,46.853138,67.02314,-4.81686,-5.2234764
2018-07-28,76128533B32509926596077,Dhenkanal,contained_grid,7.6925,18.900002,5.848125,11.1675,0.026710197,0.05581842,0.008404268,4,Low Modelled Signal,False,7.6925,3.5257633,13.676527,3.7290707,14.083142,-3.9634295,-4.1667366
2018-07-28,76128533B32949331695897,Jagatsinghapur,contained_grid,2.9,4.4,4.24625,4.645,0.0066807233,0.009632166,0.00094766036,2,Low Modelled Signal,False,2.9,0.0,0.0,0.0,0.0,-2.9,-2.9
2018-07-28,76128533B32998994032811,Punch,contained_grid,9.246667,11.79,2.61,5.61,0.0016100934,0.001991697,9.049663e-05,3,Low Modelled Signal,False,9.246667,4.023193,6.566526,4.4298077,6.9731407,-4.8168592,-5.223474
2018-07-28,76128533B33103505211400,Nicobars,contained_grid,13.89,22.78,12.603125,20.839998,0.0013695278,0.0014525274,0.00010798733,2,Low Modelled Signal,False,13.89,8.778263,17.556526,9.073142,17.963142,-4.8168583,-5.1117373
2018-07-28,76128533B33151011563565,Vadodara,contained_grid,1.8666668,2.6599998,0.03291667,0.1975,0.00045407275,0.0007498739,8.618154e-05,6,Low Modelled Signal,False,1.8666668,0.0,0.0,0.0,0.0,-1.8666668,-1.8666668
2018-07-28,76128533B33162455176756,Thiruvananthapuram,contained_grid,2.4966667,3.6200001,0.0,0.0,0.00021893828,0.00024952544,3.5574e-05,3,Low Modelled Signal,False,2.4966667,0.0,0.0,0.0,0.0,-2.4966667,-2.4966667
2018-07-28,76128533B33226396095315,Komaram Bheem,contained_grid,0.615,1.17,3.4416913e-16,2.3980816e-15,0.00020895577,0.00022438123,2.2107904e-05,8,Low Modelled Signal,False,0.615,0.0,0.0,0.0,0.0,-0.615,-0.615
2018-07-28,76128533B33437990510331,Saharanpur,contained_grid,29.986666,61.32,39.516666,58.4275,0.014162005,0.018251883,0.00052425155,6,Low Modelled Signal,False,29.986666,24.763193,56.096527,25.169807,56.50314,-4.8168583,-5.2234726
2018-07-28,76128533B33451850475260,Nuapada,contained_grid,12.1725,30.3,0.364375,1.035,0.023385704,0.036602527,0.0012480401,4,Low Modelled Signal,False,12.1725,7.6248937,25.076525,7.9298553,25.483139,-4.2426443,-4.547606
2018-07-28,76128533B33458049385696,Rohtas,contained_grid,57.376,64.880005,28.55325,45.135,0.062016774,0.07331982,0.0065733893,5,Low Modelled Signal,False,57.376,52.152527,59.656532,52.559143,60.063145,-4.8168564,-5.2234726
2018-07-28,76128533B334793883930,Jorhat,contained_grid,12.75,13.559999,13.46875,13.6475,0.011318333,0.014042331,0.00037787075,2,Low Modelled Signal,False,12.75,7.5265255,8.336525,7.9331408,8.74314,-4.8168592,-5.2234745
2018-07-28,76128533B3371867518692,Jammu,contained_grid,14.150001,18.84,14.094998,27.332499,0.007985173,0.012705242,7.0800466e-05,3,Low Modelled Signal,False,14.150001,8.926526,13.616526,9.333141,14.023141,-4.8168592,-5.2234745
2018-07-28,76128533B33966968116377,Gadag,contained_grid,0.755,1.1,0.10046875,0.2775,0.00016363949,0.00019439979,2.7957472e-05,8,Low Modelled Signal,False,0.755,0.0,0.0,0.0,0.0,-0.755,-0.755
2018-07-28,76128533B34069028331411,Karauli,contained_grid,0.045,0.2,0.0,0.0,0.0006666055,0.0013662429,3.8520284e-05,6,Low Modelled Signal,False,0.045,0.0,0.0,0.0,0.0,-0.045,-0.045
2018-07-28,76128533B34203923268864,Aizawl,contained_grid,6.1840005,17.750002,6.2485,22.534998,0.0034741275,0.0066379216,0.0002766211,5,Low Modelled Signal,False,6.1840005,2.5546107,12.526527,2.7172565,12.933143,-3.466744,-3.6293898
2018-07-28,76128533B34216851275023,Mayurbhanj,contained_grid,18.44647,30.310003,19.972206,35.859997,0.025681186,0.048061173,0.003066913,17,Low Modelled Signal,False,18.44647,13.476346,25.086529,13.835124,25.493145,-4.6113462,-4.9701242
2018-07-28,76128533B34462889864078,Gautam Buddha Nagar,contained_grid,7.6500006,7.6500006,2.2587497,2.2587497,0.032448072,0.032448072,0.0009332621,1,Low Modelled Signal,False,7.6500006,2.4265265,2.4265265,2.8331413,2.8331413,-4.8168592,-5.223474
2018-07-28,76128533B34824326075805,Warangal (U),contained_grid,0.6,0.6,0.37875,0.37875,0.00023661823,0.00023661823,1.5782573e-05,1,Low Modelled Signal,False,0.6,0.0,0.0,0.0,0.0,-0.6,-0.6
2018-07-28,76128533B34832354589031,Shrawasti,contained_grid,51.553333,60.16,3.2749996,4.4925,0.08394583,0.09013295,0.002731123,3,Low Modelled Signal,False,51.553333,46.32986,54.936527,46.73647,55.34314,-4.816864,-5.2234726
2018-07-28,76128533B35083559759016,Idukki,contained_grid,2.145,3.73,14.374166,29.085,0.0002518287,0.00044281612,4.158086e-05,6,Low Modelled Signal,False,2.145,0.0,0.0,0.0,0.0,-2.145,-2.145
2018-07-28,76128533B35129325000613,Sabar Kantha,contained_grid,1.125,1.58,0.0075,0.03,0.0001891134,0.0001996866,2.8700955e-05,4,Low Modelled Signal,False,1.125,0.0,0.0,0.0,0.0,-1.125,-1.125
2018-07-28,76128533B35143550659673,Latehar,contained_grid,16.678,25.88,16.512,26.455,0.03337686,0.042048354,0.0008475199,5,Low Modelled Signal,False,16.678,11.454526,20.656525,11.86114,21.06314,-4.8168592,-5.2234735
2018-07-28,76128533B35167844027544,Alirajpur,contained_grid,2.958,3.56,0.0,0.0,0.00055988284,0.0008728748,8.934469e-05,5,Low Modelled Signal,False,2.958,0.0,0.0,0.0,0.0,-2.958,-2.958
2018-07-28,76128533B35205406647638,Jamnagar,contained_grid,0.9100001,1.36,0.003611111,0.0325,6.770542e-05,7.1955306e-05,9.584445e-06,9,Low Modelled Signal,False,0.9100001,0.0,0.0,0.0,0.0,-0.9100001,-0.9100001
2018-07-28,76128533B35439951183692,Lohardaga,contained_grid,12.41,13.92,9.43,10.702499,0.03763239,0.04819189,0.0005356048,2,Low Modelled Signal,False,12.41,7.1865253,8.696526,7.5931406,9.103141,-4.8168592,-5.2234745
2018-07-28,76128533B35465481868600,Samli,contained_grid,61.559998,61.559998,17.8825,17.8825,0.013859521,0.013859521,0.00035009216,1,Low Modelled Signal,False,61.559998,56.336525,56.336525,56.743137,56.743137,-4.81686,-5.2234726
2018-07-28,76128533B35468154415031,Saiha,contained_grid,10.56,12.820001,9.052917,11.677501,0.06557365,0.10366828,0.004096529,3,Heavy Rain Watch,False,10.56,5.3365264,7.5965266,5.743141,8.003141,-4.8168592,-5.223474
2018-07-28,76128533B35717069663408,Krishnagiri,contained_grid,0.005,0.02,0.155,0.52,0.00012016197,0.00019248476,2.7350485e-05,6,Low Modelled Signal,False,0.005,0.0,0.0,0.0,0.0,-0.005,-0.005
2018-07-28,76128533B35759455556328,North Garo Hills,contained_grid,48.97,48.97,3.7525,3.7525,0.015081768,0.015081768,0.0006890414,1,Low Modelled Signal,False,48.97,43.74653,43.74653,44.15314,44.15314,-4.81686,-5.2234726
2018-07-28,76128533B35956162202704,Hamirpur,contained_grid,10.515,11.580001,2.7675,4.83,0.009257712,0.009803151,2.0297859e-05,2,Low Modelled Signal,False,10.515,5.2915263,6.356527,5.698141,6.7631416,-4.8168592,-5.223474
2018-07-28,76128533B36164606132718,Vizianagaram,contained_grid,7.71875,33.36,1.8523438,5.0375004,0.012127119,0.036840025,0.0043266923,8,Low Modelled Signal,False,7.71875,5.2449474,28.136526,5.3974276,28.54314,-2.3213224,-2.4738026
2018-07-28,76128533B36594996191182,Noney,contained_grid,19.72,19.72,5.3949995,5.3949995,0.013202829,0.013202829,0.0002115508,1,Low Modelled Signal,False,19.72,14.496525,14.496525,14.90314,14.90314,-4.8168592,-5.2234745
2018-07-28,76128533B36625800127334,Nawada,contained_grid,21.136667,26.26,42.860416,43.556248,0.017246956,0.021240288,0.0014332134,3,Low Modelled Signal,False,21.136667,15.913193,21.036526,16.319809,21.443142,-4.8168583,-5.2234745
2018-07-28,76128533B36734405131975,Maldah,contained_grid,57.976,70.95999,8.44625,15.4925,0.045103658,0.06627449,0.005932243,5,Low Modelled Signal,False,57.976,52.752525,65.73652,53.15914,66.143135,-4.81686,-5.2234764
2018-07-28,76128533B36958871695926,Gadchiroli,contained_grid,2.4252381,5.7500005,0.04684524,0.54,0.0006128516,0.0017726978,7.060349e-05,21,Low Modelled Signal,False,2.4252381,0.025072688,0.52652645,0.044435296,0.93314123,-2.3808029,-2.4001656
2018-07-28,76128533B37096001761063,Burhanpur,contained_grid,1.5250001,2.21,0.0,0.0,0.00024101914,0.0002831388,3.5864265e-05,6,Low Modelled Signal,False,1.5250001,0.0,0.0,0.0,0.0,-1.5250001,-1.5250001
2018-07-28,76128533B37148244536449,Palghar,contained_grid,5.218889,8.400001,1.9834722,9.685,0.002497629,0.0050220634,0.00027759126,9,Low Modelled Signal,False,5.218889,0.6610643,3.1765265,0.79660255,3.5831413,-4.4222865,-4.557825
2018-07-28,76128533B37199077904074,Kapurthala,contained_grid,9.04,11.7300005,0.1,0.3,0.006821021,0.00829522,4.689554e-05,3,Low Modelled Signal,False,9.04,3.8165264,6.5065265,4.223141,6.9131413,-4.816859,-5.2234735
2018-07-28,76128533B37392223136185,Udaipur,contained_grid,1.2629412,2.1399999,0.0011029411,0.018749999,0.00021199773,0.00031328358,4.2483036e-05,17,Low Modelled Signal,False,1.2629412,0.0,0.0,0.0,0.0,-1.2629412,-1.2629412
2018-07-28,76128533B37486272752374,Wardha,contained_grid,1.1400001,2.5800002,0.0007142857,0.005,0.00021935331,0.0002651679,2.9584717e-05,7,Low Modelled Signal,False,1.1400001,0.0,0.0,0.0,0.0,-1.1400001,-1.1400001
2018-07-28,76128533B37825396764028,Shupiyan,contained_grid,12.665,13.120001,1.3512499,2.1899998,0.0009389729,0.00094225904,3.0581843e-05,2,Low Modelled Signal,False,12.665,7.441526,7.896527,7.8481407,8.303142,-4.8168592,-5.223474
2018-07-28,76128533B38141181853016,Kolasib,contained_grid,8.55,10.900001,10.607499,15.359999,0.0044086957,0.0045607453,0.0004186826,2,Low Modelled Signal,False,8.55,3.3265264,5.6765265,3.7331412,6.0831413,-4.8168592,-5.2234735
2018-07-28,76128533B38203190611533,Gaurella Pendra Marwahi,contained_grid,15.83,20.029999,3.7106252,5.2375,0.017370306,0.022788938,0.0005166268,2,Low Modelled Signal,False,15.83,10.606525,14.806524,11.01314,15.21314,-4.81686,-5.2234745
2018-07-28,76128533B38230828972906,Kamrup Metropolitan,nearest_grid,30.4,30.4,11.6137495,11.6137495,0.015468903,0.015468903,0.00022572072,1,Low Modelled Signal,False,30.4,25.176525,25.176525,25.583141,25.583141,-4.8168583,-5.2234745
2018-07-28,76128533B38354309367879,Adilabad,contained_grid,0.33600003,0.45,2.131628e-16,1.065814e-15,0.00017639567,0.00020113985,2.2107904e-05,5,Low Modelled Signal,False,0.33600003,0.0,0.0,0.0,0.0,-0.33600003,-0.33600003
2018-07-28,76128533B38548995376745,Karbi Anglong East,contained_grid,13.435,32.109997,10.837811,18.85875,0.0070495345,0.009735876,0.00057808426,12,Low Modelled Signal,False,13.435,8.211526,26.886522,8.61814,27.293137,-4.81686,-5.2234745
2018-07-28,76128533B38561771925520,Pithoragarh,contained_grid,13.85,37.739998,4.4832497,7.257499,0.014515591,0.04564781,0.0009360229,10,Low Modelled Signal,False,13.85,8.626526,32.516525,9.03314,32.923138,-4.81686,-5.2234745
2018-07-28,76128533B38767180038480,Niwari,contained_grid,2.45,2.45,0.0,0.0,0.0026872377,0.0026872377,0.000377267,1,Low Modelled Signal,False,2.45,0.0,0.0,0.0,0.0,-2.45,-2.45
2018-07-28,76128533B38784530776316,Lower Dibang Valley,contained_grid,25.226664,43.629997,17.64625,28.215,0.012797321,0.023164447,0.00049583975,6,Low Modelled Signal,False,25.226664,20.003191,38.406525,20.409807,38.813137,-4.8168564,-5.2234726
2018-07-28,76128533B39039541714099,Champhai,contained_grid,17.480001,17.480001,8.51,8.51,0.012651061,0.012651061,0.00014411387,1,Low Modelled Signal,False,17.480001,12.256527,12.256527,12.663142,12.663142,-4.8168592,-5.2234745
2018-07-28,76128533B39046535416628,Kheda,contained_grid,1.3180001,1.5600002,0.00875,0.035,0.00018293047,0.0001970631,3.0253175e-05,5,Low Modelled Signal,False,1.3180001,0.0,0.0,0.0,0.0,-1.3180001,-1.3180001
2018-07-28,76128533B39051871473194,Barnala,contained_grid,1.34,2.15,2.7125,3.0925,0.0025233338,0.0027515586,3.6541467e-05,2,Low Modelled Signal,False,1.34,0.0,0.0,0.0,0.0,-1.34,-1.34
2018-07-28,76128533B39238815774480,Sindhudurg,contained_grid,9.421111,11.81,2.1391666,3.8249998,0.0070685083,0.008426305,0.00075497624,9,Low Modelled Signal,False,9.421111,4.1976376,6.5865264,4.604252,6.993141,-4.8168592,-5.2234735
2018-07-28,76128533B39329594544563,Aurangabad,contained_grid,0.12866667,0.17999999,0.01375,0.16,0.0001735568,0.00022283055,2.212707e-05,15,Low Modelled Signal,False,0.12866667,0.0,0.0,0.0,0.0,-0.12866667,-0.12866667
2018-07-28,76128533B39368211148513,Patiala,contained_grid,8.39,13.76,0.42125002,1.1425,0.011166966,0.014025494,9.1899856e-05,5,Low Modelled Signal,False,8.39,3.2292206,8.536526,3.5731406,8.943141,-4.8168597,-5.16078
2018-07-28,76128533B39705008578419,Satna,contained_grid,1.1781818,5.68,19.45875,43.765003,0.0013488374,0.0058430475,8.8468856e-05,11,Low Modelled Signal,False,1.1781818,0.041502345,0.4565258,0.078467324,0.8631406,-1.0997144,-1.1366794
2018-07-28,76128533B3985531353014,Kozhikode,contained_grid,6.793333,8.49,6.017916,12.049999,0.0040379055,0.0071671116,0.00013683041,3,Low Modelled Signal,False,6.793333,1.5976839,3.2665257,1.9764739,3.6731405,-4.8168592,-5.195649
2018-07-28,76128533B39959897010345,Sehore,contained_grid,3.4337502,3.96,0.015312499,0.122499995,0.0007109823,0.0009147761,0.000112303154,8,Low Modelled Signal,False,3.4337502,0.0,0.0,0.0,0.0,-3.4337502,-3.4337502
2018-07-28,76128533B40023971667984,Deoria,contained_grid,31.865002,33.99,31.305,36.62,0.014190704,0.0174903,0.00066281325,2,Low Modelled Signal,False,31.865002,26.641525,28.766527,27.048141,29.173141,-4.81686,-5.2234764
2018-07-28,76128533B40156838070,Jalgaon,contained_grid,0.6066667,1.2400001,0.0,0.0,0.00021737187,0.00026430367,2.8152032e-05,15,Low Modelled Signal,False,0.6066667,0.0,0.0,0.0,0.0,-0.6066667,-0.6066667
2018-07-28,76128533B40226077866964,Gorakhpur,contained_grid,25.788,29.68,21.171497,38.5075,0.025361817,0.037389066,0.007905555,5,Low Modelled Signal,False,25.788,20.564526,24.456526,20.97114,24.86314,-4.81686,-5.2234745
2018-07-28,76128533B40480360118262,Sangareddy,contained_grid,0.0039999997,0.01,0.0,0.0,0.00016541687,0.00018448308,2.107335e-05,5,Low Modelled Signal,False,0.0039999997,0.0,0.0,0.0,0.0,-0.0039999997,-0.0039999997
2018-07-28,76128533B40495457052818,Bijapur,contained_grid,0.2607143,0.6,0.15151785,1.5574999,0.00018377861,0.00022894924,2.8301822e-05,14,Low Modelled Signal,False,0.2607143,0.0,0.0,0.0,0.0,-0.2607143,-0.2607143
2018-07-28,76128533B40509297062120,Siddharthnagar,contained_grid,32.489998,37.27,34.5575,46.407497,0.03456802,0.052181438,0.006512125,4,Low Modelled Signal,False,32.489998,27.266525,32.046528,27.673138,32.45314,-4.81686,-5.2234726
2018-07-28,76128533B40535123096970,East Garo Hills,contained_grid,21.8625,28.650002,14.9609375,32.37875,0.008647958,0.013772069,0.00059491926,4,Low Modelled Signal,False,21.8625,16.639027,23.426527,17.04564,23.833141,-4.8168583,-5.2234726
2018-07-28,76128533B40638696154891,Faridabad,contained_grid,13.32,13.32,2.2549999,2.2549999,0.059658926,0.059658926,0.0018420974,1,Low Modelled Signal,False,13.32,8.096525,8.096525,8.50314,8.50314,-4.8168592,-5.2234745
2018-07-28,76128533B40714385808093,Biswanath,contained_grid,21.599998,21.599998,5.4199996,5.4199996,0.012446575,0.012446575,0.00042958028,1,Low Modelled Signal,False,21.599998,16.376524,16.376524,16.783138,16.783138,-4.81686,-5.2234745
2018-07-28,76128533B40868676647207,Munger,contained_grid,30.525,39.219997,27.364998,34.835,0.020215683,0.022664351,0.0005574497,2,Low Modelled Signal,False,30.525,25.301525,33.996525,25.70814,34.403137,-4.81686,-5.2234745
2018-07-28,76128533B40923846274136,Junagadh,contained_grid,1.9042858,2.41,0.0,0.0,7.764863e-05,9.073924e-05,1.907493e-05,7,Low Modelled Signal,False,1.9042858,0.0,0.0,0.0,0.0,-1.9042858,-1.9042858
2018-07-28,76128533B40995085026980,Nalbari,contained_grid,49.02,49.120003,13.683748,14.454998,0.019806352,0.022734866,0.0007496998,2,Low Modelled Signal,False,49.02,43.796528,43.89653,44.20314,44.303143,-4.81686,-5.2234726
2018-07-28,76128533B41005496708834,Sonitpur,contained_grid,30.765,37.51,36.159374,44.655,0.020635497,0.042838752,0.0010208645,4,Low Modelled Signal,False,30.765,25.541525,32.286526,25.94814,32.69314,-4.81686,-5.2234745
2018-07-28,76128533B41246169049488,Mahe,nearest_grid,8.41,8.41,1.2024999,1.2024999,0.007793903,0.007793903,0.00017366897,1,Low Modelled Signal,False,8.41,3.1865258,3.1865258,3.5931406,3.5931406,-4.8168592,-5.223474
2018-07-28,76128533B41321006511827,Khawzawl,contained_grid,3.9099998,3.9099998,2.0475,2.0475,0.012837555,0.012837555,0.00010790017,1,Low Modelled Signal,False,3.9099998,0.0,0.0,0.0,0.0,-3.9099998,-3.9099998
2018-07-28,76128533B41477629049356,Lakshadweep,nearest_grid,2.23,2.23,0.0825,0.0825,7.123716e-05,7.123716e-05,1.2983715e-05,1,Low Modelled Signal,False,2.23,0.0,0.0,0.0,0.0,-2.23,-2.23
2018-07-28,76128533B41499938690181,Mansa,contained_grid,0.15,0.3,3.575,6.23,0.0015097436,0.0017528313,2.0865142e-05,2,Low Modelled Signal,False,0.15,0.0,0.0,0.0,0.0,-0.15,-0.15
2018-07-28,76128533B41744580856133,Bandipore,contained_grid,5.1,6.9399996,0.95218754,1.52625,0.00040878146,0.0005480348,4.3863787e-05,4,Low Modelled Signal,False,5.1,0.5882629,1.7165256,0.7915703,2.1231403,-4.3084297,-4.511737
2018-07-28,76128533B41747884279129,Hoshiarpur,contained_grid,9.765,11.31,0.61875004,3.355,0.009068663,0.009766086,5.5466062e-05,6,Low Modelled Signal,False,9.765,4.5415263,6.0865264,4.948141,6.493141,-4.8168592,-5.223474
2018-07-28,76128533B41976979530466,Kannur,contained_grid,9.0725,10.71,2.7890623,6.7299995,0.009032387,0.013573619,0.00054653897,4,Low Modelled Signal,False,9.0725,3.849026,5.486526,4.255641,5.893141,-4.8168592,-5.2234745
2018-07-28,76128533B42153891534463,West Khasi Hills,contained_grid,29.853333,37.36,21.223959,37.382496,0.020876773,0.034523293,0.0010984951,6,Low Modelled Signal,False,29.853333,24.629858,32.136528,25.036474,32.54314,-4.8168583,-5.2234745
2018-07-28,76128533B421757708753,Firozpur,contained_grid,6.96,8.2,0.570625,0.77375,0.0039679464,0.0046417387,3.534201e-05,2,Low Modelled Signal,False,6.96,1.7365258,2.9765258,2.1431406,3.3831406,-4.8168592,-5.2234745
2018-07-28,76128533B42623703243160,Unnao,contained_grid,18.455,28.27,22.030832,42.86,0.03904905,0.05791555,0.0010534611,6,Low Modelled Signal,False,18.455,13.231525,23.046526,13.638141,23.45314,-4.8168592,-5.2234745
2018-07-28,76128533B42646400584570,Bhiwani,contained_grid,0.6685715,2.39,8.081607,23.287498,0.0032909007,0.006859118,0.00016004173,7,Low Modelled Signal,False,0.6685715,0.0,0.0,0.0,0.0,-0.6685715,-0.6685715
2018-07-28,76128533B42839853072341,Patan,contained_grid,0.865,0.93000007,0.0,0.0,0.00032001262,0.0005675649,4.7628208e-05,6,Low Modelled Signal,False,0.865,0.0,0.0,0.0,0.0,-0.865,-0.865
2018-07-28,76128533B42880544505675,Dhar,contained_grid,2.9109092,3.5200002,0.0,0.0,0.0005555284,0.0007456316,9.592268e-05,11,Low Modelled Signal,False,2.9109092,0.0,0.0,0.0,0.0,-2.9109092,-2.9109092
2018-07-28,76128533B42922918567330,Chhatarpur,contained_grid,2.8425,12.600001,0.16364582,1.4474999,0.0025871436,0.009034517,0.0002478862,12,Low Modelled Signal,False,2.8425,0.6910877,7.3765273,0.75885683,7.783142,-2.0836432,-2.1514122
2018-07-28,76128533B42970684683247,Dhalai,contained_grid,7.8650007,11.030001,5.84875,6.6699996,0.0042763934,0.0060879467,0.00023763739,2,Low Modelled Signal,False,7.8650007,2.9032633,5.8065267,3.1065707,6.2131414,-4.75843,-4.9617376
2018-07-28,76128533B43049220506604,Dakshin Dinajpur,contained_grid,99.97,103.630005,25.739998,35.135,0.035674203,0.04078719,0.004664925,3,Low Modelled Signal,False,99.97,94.74653,98.40653,95.153145,98.81315,-4.8168564,-5.2234726
2018-07-28,76128533B43180268042348,Kodarma,contained_grid,13.1466675,15.279999,23.797083,30.83,0.013780472,0.017864587,0.00065342186,3,Low Modelled Signal,False,13.1466675,7.9231925,10.056524,8.329807,10.46314,-4.81686,-5.223475
2018-07-28,76128533B43252171579976,Dadra & Nagar Haveli,contained_grid,3.5900002,3.5900002,0.0,0.0,0.001173392,0.001173392,0.00010729025,1,Low Modelled Signal,False,3.5900002,0.0,0.0,0.0,0.0,-3.5900002,-3.5900002
2018-07-28,76128533B43335986553000,Mandya,contained_grid,0.28,0.39,0.107499994,0.84,9.9289566e-05,0.00011494111,2.674285e-05,8,Low Modelled Signal,False,0.28,0.0,0.0,0.0,0.0,-0.28,-0.28
2018-07-28,76128533B43544960343942,Nagaur,contained_grid,0.006296296,0.1,0.0,0.0,0.00035119045,0.00061385595,4.90912e-05,27,Low Modelled Signal,False,0.006296296,0.0,0.0,0.0,0.0,-0.006296296,-0.006296296
2018-07-28,76128533B43737470294384,Amreli,contained_grid,1.0790001,1.71,0.013624999,0.055,0.00011790216,0.00046703467,2.2391776e-05,10,Low Modelled Signal,False,1.0790001,0.0,0.0,0.0,0.0,-1.0790001,-1.0790001
2018-07-28,76128533B43965372582859,Sipahijula,contained_grid,4.46,4.46,10.982499,10.982499,0.0047782254,0.0047782254,0.00024913918,1,Low Modelled Signal,False,4.46,0.0,0.0,0.0,0.0,-4.46,-4.46
2018-07-28,76128533B44190672061408,Ukhrul,contained_grid,53.773335,88.75,50.91792,69.24125,0.03552949,0.04329248,0.0002903011,3,Low Modelled Signal,False,53.773335,48.549862,83.52653,48.95647,83.93314,-4.816864,-5.2234726
2018-07-28,76128533B44197302080139,Thoubal,nearest_grid,70.93,70.93,34.312496,34.312496,0.021927075,0.021927075,0.00028606874,1,Low Modelled Signal,False,70.93,65.70653,65.70653,66.113144,66.113144,-4.8168564,-5.2234726
2018-07-28,76128533B44250373880839,Damoh,contained_grid,2.409,3.6899998,0.027375001,0.145,0.00060871796,0.0008752258,5.3722673e-05,10,Low Modelled Signal,False,2.409,0.0,0.0,0.0,0.0,-2.409,-2.409
2018-07-28,76128533B44395557448920,Balangir,contained_grid,18.53,38.180004,0.7394445,1.7162501,0.032396886,0.053834885,0.0036905338,9,Low Modelled Signal,False,18.53,13.403579,32.95653,13.765015,33.363144,-4.764986,-5.126422
2018-07-28,76128533B44632955875385,Chatra,contained_grid,16.23,37.130005,9.398572,20.664999,0.024967184,0.034904703,0.0006706527,7,Low Modelled Signal,False,16.23,11.006526,31.90653,11.413141,32.313145,-4.8168583,-5.2234735
2018-07-28,76128533B4466876522971,Umaria,contained_grid,9.04625,14.180001,1.6542187,7.6037498,0.005298676,0.008569871,0.00017103818,8,Low Modelled Signal,False,9.04625,3.8694606,8.956528,4.229391,9.363142,-4.8168592,-5.1767898
2018-07-28,76128533B4481773749911,Krishna,contained_grid,0.0175,0.1,1.7664582,4.08875,0.00018439302,0.0002360893,2.2438991e-05,12,Low Modelled Signal,False,0.0175,0.0,0.0,0.0,0.0,-0.0175,-0.0175
2018-07-28,76128533B45037556977273,Gir Somnath,contained_grid,2.7516668,3.21,0.00020833332,0.00125,8.1968064e-05,8.681598e-05,4.674035e-05,6,Low Modelled Signal,False,2.7516668,0.0,0.0,0.0,0.0,-2.7516668,-2.7516668
2018-07-28,76128533B45072089356239,Thiruvarur,contained_grid,0.6333334,1.1,1.7941667,5.1025,0.00010195947,0.00012062967,2.6189735e-05,3,Low Modelled Signal,False,0.6333334,0.0,0.0,0.0,0.0,-0.6333334,-0.6333334
2018-07-28,76128533B45099378029175,Banda,contained_grid,3.864286,9.83,5.2614284,8.28,0.0053024665,0.015011561,0.00032370174,7,Low Modelled Signal,False,3.864286,1.1232932,4.606526,1.2394688,5.0131407,-2.6248171,-2.7409928
2018-07-28,76128533B45106682783501,Jind,contained_grid,16.252,23.130001,6.90375,15.370001,0.0109909,0.014350644,0.0010523447,5,Low Modelled Signal,False,16.252,11.028526,17.906527,11.435141,18.31314,-4.81686,-5.2234745
2018-07-28,76128533B45314020251888,Hoshangabad,contained_grid,3.6911113,4.61,0.029444443,0.265,0.00077878113,0.0009093243,7.530173e-05,9,Low Modelled Signal,False,3.6911113,0.0,0.0,0.0,0.0,-3.6911113,-3.6911113
2018-07-28,76128533B45381195840581,Pakur,contained_grid,51.47667,55.86,23.823334,41.115,0.03239374,0.036670316,0.0013069403,3,Low Modelled Signal,False,51.47667,46.253193,50.636528,46.65981,51.04314,-4.81686,-5.2234764
2018-07-28,76128533B45574198291616,North ,nearest_grid,16.11,16.11,6.6225,6.6225,0.018093586,0.018093586,0.0006239118,1,Low Modelled Signal,False,16.11,10.886526,10.886526,11.293141,11.293141,-4.8168592,-5.2234745
2018-07-28,76128533B45592431373253,Thiruvallur,contained_grid,0.0,0.0,0.1925,0.325,0.00020131002,0.00021609777,2.6262518e-05,3,Low Modelled Signal,False,0.0,0.0,0.0,0.0,0.0,0.0,0.0
2018-07-28,76128533B45623818137574,Arwal,contained_grid,52.899998,52.899998,64.204994,64.204994,0.06578458,0.06578458,0.007100132,1,Low Modelled Signal,False,52.899998,47.676525,47.676525,48.083138,48.083138,-4.81686,-5.2234726
2018-07-28,76128533B45655211862788,Rajouri,contained_grid,12.56,15.27,6.1393747,10.1375,0.0029972026,0.0046713767,0.00090945116,4,Low Modelled Signal,False,12.56,7.3365264,10.046526,7.743141,10.453141,-4.8168592,-5.223474
2018-07-28,76128533B46038384763988,Rudraprayag,contained_grid,33.975,45.75,48.333748,63.305,0.012959237,0.013898518,0.00013344224,2,Low Modelled Signal,False,33.975,28.751526,40.526527,29.15814,40.93314,-4.8168583,-5.2234726
2018-07-28,76128533B46084756537322,Shi Yomi,contained_grid,28.791666,42.53,10.567292,28.95375,0.0122334855,0.018728418,0.00044105644,6,Low Modelled Signal,False,28.791666,23.568192,37.306526,23.974808,37.71314,-4.8168583,-5.2234745
2018-07-28,76128533B46195204843409,Ludhiana,contained_grid,6.6716666,8.59,0.55125,1.6125,0.0060750567,0.008526957,5.7937086e-05,6,Low Modelled Signal,False,6.6716666,1.6554384,3.3665261,1.994284,3.773141,-4.6773825,-5.016228
2018-07-28,76128533B46268976217915,Baghpat,contained_grid,31.029999,42.14,14.14875,16.995,0.031451408,0.044986155,0.0006567037,2,Low Modelled Signal,False,31.029999,25.806526,36.916527,26.21314,37.32314,-4.8168583,-5.2234726
2018-07-28,76128533B46490409917345,Bongaigaon,contained_grid,52.100002,52.100002,3.1275,3.1275,0.016291294,0.016291294,0.0004951477,1,Low Modelled Signal,False,52.100002,46.87653,46.87653,47.283142,47.283142,-4.81686,-5.2234726
2018-07-28,76128533B46531174070538,Udham Singh Nagar,contained_grid,36.208,42.74,24.763248,51.352493,0.015850391,0.023445372,0.0020692647,5,Low Modelled Signal,False,36.208,30.984528,37.51653,31.39114,37.92314,-4.81686,-5.2234726
2018-07-28,76128533B46682008877369,Rampur,contained_grid,17.567501,23.88,41.575623,54.759995,0.012905756,0.018336765,0.001491087,4,Low Modelled Signal,False,17.567501,12.344027,18.656525,12.750642,19.06314,-4.8168592,-5.2234745
2018-07-28,76128533B46866455993508,Narmada,contained_grid,4.6225,5.3199997,0.0,0.0,0.001288076,0.0015019804,0.00010027758,4,Low Modelled Signal,False,4.6225,0.024131417,0.09652567,0.19907033,0.50314045,-4.4234295,-4.5983686
2018-07-28,76128533B46926146855114,Garhwal,contained_grid,48.1675,65.72,89.344376,112.465,0.016552366,0.019836038,0.00027117552,8,Low Modelled Signal,False,48.1675,42.944027,60.49653,43.35064,60.90314,-4.81686,-5.2234726
2018-07-28,76128533B46979893461805,Surajpur,contained_grid,13.467501,21.980001,33.614998,57.9225,0.025126528,0.047605608,0.00036459512,4,Low Modelled Signal,False,13.467501,8.244026,16.756527,8.650641,17.163143,-4.8168592,-5.2234745
2018-07-28,76128533B4720703924950,Unokoti,contained_grid,4.5699997,4.5699997,8.2525,8.2525,0.0025097816,0.0025097816,7.395349e-05,1,Low Modelled Signal,False,4.5699997,0.0,0.0,0.0,0.0,-4.5699997,-4.5699997
2018-07-28,76128533B4743808419896,Dharmapuri,contained_grid,0.0,0.0,0.08821428,0.35,0.00017615015,0.00019880188,2.7350485e-05,7,Low Modelled Signal,False,0.0,0.0,0.0,0.0,0.0,0.0,0.0
2018-07-28,76128533B47448948912370,Koraput,contained_grid,7.6390915,22.170002,1.3256818,5.07125,0.006940566,0.025075266,0.0022050568,11,Low Modelled Signal,False,7.6390915,3.6905167,16.946527,3.9492714,17.353142,-3.68982,-3.9485748
2018-07-28,76128533B4745348385341,Araria,contained_grid,33.574997,38.489998,16.395,25.38,0.0068624974,0.009473636,0.00049483596,4,Low Modelled Signal,False,33.574997,28.351524,33.266525,28.758139,33.673138,-4.8168583,-5.2234726
2018-07-28,76128533B4753404177348,Coimbatore,contained_grid,1.0157143,3.23,3.5396426,9.0875,0.00017828707,0.00033614825,3.0351432e-05,7,Low Modelled Signal,False,1.0157143,0.0,0.0,0.0,0.0,-1.0157143,-1.0157143
2018-07-28,76128533B47594161132413,Chitradurga,contained_grid,0.4609091,0.87000006,0.048863634,0.29999998,0.00012834663,0.00017271966,3.146578e-05,11,Low Modelled Signal,False,0.4609091,0.0,0.0,0.0,0.0,-0.4609091,-0.4609091
2018-07-28,76128533B47664895117076,Kargil,contained_grid,4.0,7.85,0.9386499,9.819999,0.0003007291,0.0007275968,2.0707483e-05,25,Low Modelled Signal,False,4.0,0.4210273,2.6265259,0.5531307,3.0331407,-3.4468694,-3.5789728
2018-07-28,76128533B47772746709007,Barpeta,contained_grid,38.725,47.870003,10.912811,14.7925,0.02247547,0.025862806,0.0016761004,4,Low Modelled Signal,False,38.725,33.501526,42.64653,33.908142,43.053143,-4.8168564,-5.2234726
2018-07-28,76128533B47816398970283,Ahmadnagar,contained_grid,0.43285716,5.7900004,0.2511309,2.5475,0.0003556885,0.0024538948,0.00010130057,21,Low Modelled Signal,False,0.43285716,0.026977448,0.5665264,0.046340056,0.9731412,-0.3865171,-0.4058797
2018-07-28,76128533B47840093719460,Bastar,contained_grid,13.584287,18.279999,0.6671428,1.6274999,0.0075169653,0.012588661,0.00095808133,7,Low Modelled Signal,False,13.584287,8.360811,13.056524,8.7674265,13.46314,-4.81686,-5.2234755
2018-07-28,76128533B48075109668277,Bangalore Rural,contained_grid,0.29250002,0.67,0.52124995,1.4749999,0.00010135614,0.00010428195,1.9823636e-05,4,Low Modelled Signal,False,0.29250002,0.0,0.0,0.0,0.0,-0.29250002,-0.29250002
2018-07-28,76128533B48077510234542,Kabeerdham,contained_grid,7.97,14.31,0.46354166,1.465,0.0048626107,0.009175407,0.0006735795,6,Low Modelled Signal,False,7.97,2.9293509,9.086527,3.2459507,9.493141,-4.724049,-5.040649
2018-07-28,76128533B4839184447445,Udupi,contained_grid,12.15,13.37,1.2149999,1.9650002,0.012279747,0.0150772575,0.0016156014,5,Low Modelled Signal,False,12.15,6.926526,8.146526,7.3331404,8.553141,-4.8168592,-5.2234735
2018-07-28,76128533B48708628358161,Doda,contained_grid,7.065,8.03,1.9521874,3.27625,0.0014407735,0.0017232911,4.4318764e-05,4,Low Modelled Signal,False,7.065,1.8415259,2.8065257,2.2481408,3.2131405,-4.8168592,-5.223474
2018-07-28,76128533B48885555323596,Batod,contained_grid,0.48999998,0.58,0.525625,2.1025,0.00020247497,0.00028741488,7.63563e-05,4,Low Modelled Signal,False,0.48999998,0.0,0.0,0.0,0.0,-0.48999998,-0.48999998
2018-07-28,76128533B49017555803526,Purba Champaran,contained_grid,51.389996,73.38,19.91075,30.895,0.017914902,0.025979524,0.0008498447,5,Low Modelled Signal,False,51.389996,46.166527,68.156525,46.57314,68.56314,-4.8168564,-5.223469
2018-07-28,76128533B49100243723360,Kiphire,contained_grid,58.65,77.67,42.17375,44.052498,0.03033141,0.032566145,0.00022280923,2,Low Modelled Signal,False,58.65,53.42653,72.446526,53.83314,72.85314,-4.81686,-5.2234726
2018-07-28,76128533B49246671500878,East Khasi Hills,contained_grid,19.965,26.25,30.816875,60.8025,0.010337762,0.011654303,0.0009690462,4,Low Modelled Signal,False,19.965,14.741526,21.026525,15.14814,21.43314,-4.81686,-5.2234745
2018-07-28,76128533B49394025943542,Wanaparthy,contained_grid,0.17,0.32,0.45208332,1.2724999,0.00017277763,0.00017671703,2.1472943e-05,3,Low Modelled Signal,False,0.17,0.0,0.0,0.0,0.0,-0.17,-0.17
2018-07-28,76128533B49429513424897,Samba,contained_grid,12.889999,15.22,8.496875,11.40125,0.006482715,0.008656816,6.647418e-05,2,Low Modelled Signal,False,12.889999,7.666526,9.996527,8.073141,10.403141,-4.8168583,-5.2234735
2018-07-28,76128533B49436035281620,Lucknow,contained_grid,10.505,15.7699995,32.61906,46.385002,0.025984975,0.034987364,0.00038384835,4,Low Modelled Signal,False,10.505,5.281526,10.546526,5.688141,10.95314,-4.8168592,-5.223474
2018-07-28,76128533B49456368048033,Serchhip,contained_grid,5.425,7.6299996,3.22625,4.5724998,0.004820567,0.0063868,0.00014830673,2,Low Modelled Signal,False,5.425,1.2032628,2.4065256,1.4065702,2.8131404,-4.0184298,-4.2217374
2018-07-28,76128533B49460554954204,Ghazipur,contained_grid,43.961998,57.93,17.655,28.440002,0.04790726,0.064219706,0.005649728,5,Low Modelled Signal,False,43.961998,38.738525,52.706528,39.145138,53.11314,-4.81686,-5.2234726
2018-07-28,76128533B49597693387243,Davanagere,contained_grid,0.96428573,1.0600001,0.26071426,0.63124996,0.00010688716,0.00011308918,3.159885e-05,7,Low Modelled Signal,False,0.96428573,0.0,0.0,0.0,0.0,-0.96428573,-0.96428573
2018-07-28,76128533B49615943426842,Mahisagar,contained_grid,1.6066667,1.72,1.6579331e-15,4.973799e-15,0.00018598343,0.00019707197,2.4288087e-05,3,Low Modelled Signal,False,1.6066667,0.0,0.0,0.0,0.0,-1.6066667,-1.6066667
2018-07-28,76128533B49805675626253,Sahibganj,contained_grid,46.677498,49.679996,22.685312,35.479996,0.028413195,0.033797316,0.0042479406,4,Low Modelled Signal,False,46.677498,41.454025,44.456524,41.86064,44.863136,-4.8168564,-5.2234726
2018-07-28,76128533B49867917697487,Sirohi,contained_grid,0.69000006,1.1200001,0.0040625,0.022499999,0.00014964888,0.00016907198,2.9847997e-05,8,Low Modelled Signal,False,0.69000006,0.0,0.0,0.0,0.0,-0.69000006,-0.69000006
2018-07-28,76128533B49993259380917,Lower Siang,contained_grid,77.899994,94.35,37.870003,40.415,0.05076065,0.053334866,0.0021149253,2,Low Modelled Signal,False,77.899994,72.67653,89.126526,73.08314,89.53314,-4.8168564,-5.223465
2018-07-28,76128533B50011981829203,Kinnaur,contained_grid,17.745998,31.84,8.895625,17.8825,0.009297515,0.011904609,0.000102768354,10,Low Modelled Signal,False,17.745998,12.647873,26.616526,13.013826,27.02314,-4.732172,-5.0981255
2018-07-28,76128533B50014751336341,Singrauli,contained_grid,5.99,11.66,7.8428125,26.95,0.014267682,0.025405562,0.00063673966,8,Low Modelled Signal,False,5.99,1.528263,6.436526,1.749463,6.8431406,-4.2405367,-4.4617367
2018-07-28,76128533B50056157736049,Nashik,contained_grid,2.322174,6.55,0.6183152,6.1099997,0.0008096523,0.0031694653,0.0003973483,23,Low Modelled Signal,False,2.322174,0.06578489,1.3265262,0.12793757,1.733141,-2.1942365,-2.2563891
2018-07-28,76128533B50184713016881,Muktsar,contained_grid,0.13000001,0.27,0.31416667,0.9425,0.0025761286,0.002802317,5.8022113e-05,3,Low Modelled Signal,False,0.13000001,0.0,0.0,0.0,0.0,-0.13000001,-0.13000001
2018-07-28,76128533B50275440439236,Saraikela-Kharsawan,contained_grid,28.51,38.99,28.304586,32.655006,0.019665608,0.023941312,0.004241099,3,Low Modelled Signal,False,28.51,23.286528,33.76653,23.69314,34.17314,-4.81686,-5.2234726
2018-07-28,76128533B50374927918374,Nainital,contained_grid,42.692,60.91,45.2985,60.17,0.018485963,0.030807799,0.0014093912,5,Low Modelled Signal,False,42.692,37.46853,55.686527,37.87514,56.09314,-4.81686,-5.2234726
2018-07-28,76128533B50498617372937,Rayagada,contained_grid,27.817999,34.410004,0.86837494,1.6599998,0.038542505,0.06249924,0.042515237,10,Low Modelled Signal,False,27.817999,22.594526,29.18653,23.00114,29.593143,-4.8168583,-5.2234726
2018-07-28,76128533B50613523798301,Pratapgarh,contained_grid,2.546,2.9900002,0.0,0.0,0.0003506348,0.0005668573,6.967743e-05,5,Low Modelled Signal,False,2.546,0.0,0.0,0.0,0.0,-2.546,-2.546
2018-07-28,76128533B50650763703739,Dhemaji,contained_grid,42.882504,79.25001,53.902187,68.73001,0.04344889,0.059973057,0.0019424421,4,Low Modelled Signal,False,42.882504,37.659027,74.026535,38.065643,74.43315,-4.81686,-5.2234764
2018-07-28,76128533B50784044604286,Reasi,contained_grid,11.610001,13.1900015,1.45625,1.9625,0.0011813722,0.0013877468,7.819813e-05,2,Low Modelled Signal,False,11.610001,6.3865266,7.9665275,6.7931414,8.373142,-4.8168592,-5.223474
2018-07-28,76128533B50969226102213,Churachandpur,contained_grid,23.83,37.460003,13.664375,17.635,0.019193584,0.02124463,0.00021309375,4,Low Modelled Signal,False,23.83,18.606525,32.23653,19.013142,32.643143,-4.8168583,-5.2234745
2018-07-28,76128533B51331331726928,Gurdaspur,contained_grid,18.364,25.99,1.1595,3.22375,0.010988615,0.016184283,0.00036380987,5,Low Modelled Signal,False,18.364,13.140526,20.766525,13.54714,21.173141,-4.81686,-5.2234745
2018-07-28,76128533B51363853289247,Nalanda,contained_grid,49.165,54.100002,74.65501,76.365005,0.03045594,0.03650275,0.0044451933,2,Low Modelled Signal,False,49.165,43.94153,48.87653,44.34814,49.283142,-4.81686,-5.2234726
2018-07-28,76128533B51368558457506,Allahabad,contained_grid,19.679998,42.83,11.277143,22.555,0.027504027,0.038501162,0.0009586396,7,Low Modelled Signal,False,19.679998,14.651307,37.60653,14.999834,38.01314,-4.6801643,-5.0286913
2018-07-28,76128533B51372664315362,Namakkal,contained_grid,0.0,0.0,1.9628125,6.13,0.00010902948,0.00013157615,1.9630734e-05,4,Low Modelled Signal,False,0.0,0.0,0.0,0.0,0.0,0.0,0.0
2018-07-28,76128533B51402332870635,Murshidabad,contained_grid,48.693333,58.190002,14.535416,19.424997,0.027501144,0.04053424,0.005488954,6,Low Modelled Signal,False,48.693333,43.469864,52.96653,43.876476,53.373142,-4.8168564,-5.223469
2018-07-28,76128533B51799781997546,Perambalur,contained_grid,0.0,0.0,0.59374994,0.8749999,9.983311e-05,0.00010055878,1.2433695e-05,2,Low Modelled Signal,False,0.0,0.0,0.0,0.0,0.0,0.0,0.0
2018-07-28,76128533B51849218363622,Moradabad,contained_grid,27.3825,47.1,44.214375,75.1925,0.035319597,0.059823703,0.0013996888,4,Low Modelled Signal,False,27.3825,22.159027,41.876526,22.56564,42.28314,-4.81686,-5.2234726
2018-07-28,76128533B52058654769647,Sonbhadra,contained_grid,22.06625,42.170002,12.087031,42.127502,0.015954882,0.026651535,0.00045146619,8,Low Modelled Signal,False,22.06625,16.842775,36.94653,17.249392,37.35314,-4.8168583,-5.2234745
2018-07-28,76128533B5215906594478,Bid,contained_grid,0.056,0.19,0.0,0.0,0.00019083536,0.00022114195,2.3003366e-05,15,Low Modelled Signal,False,0.056,0.0,0.0,0.0,0.0,-0.056,-0.056
2018-07-28,76128533B52487813780503,Surguja,contained_grid,39.416668,46.35,3.5139582,4.6875,0.044500273,0.059930716,0.0015141306,6,Low Modelled Signal,False,39.416668,34.193195,41.126526,34.599808,41.53314,-4.81686,-5.2234726
2018-07-28,76128533B52590639744160,Salem,contained_grid,0.0,0.0,0.22464286,1.4725,0.00012339806,0.00014778964,2.6913478e-05,7,Low Modelled Signal,False,0.0,0.0,0.0,0.0,0.0,0.0,0.0
2018-07-28,76128533B52639434516056,Tirunelveli,contained_grid,0.14666666,0.85,0.0,0.0,0.00011947619,0.0001884227,1.7260894e-05,6,Low Modelled Signal,False,0.14666666,0.0,0.0,0.0,0.0,-0.14666666,-0.14666666
2018-07-28,76128533B52664671961643,Anantapur,contained_grid,0.078461535,0.18,0.18730769,0.80249995,0.00018425264,0.00026539166,3.9467894e-05,26,Low Modelled Signal,False,0.078461535,0.0,0.0,0.0,0.0,-0.078461535,-0.078461535
2018-07-28,76128533B52802748445403,Khordha,contained_grid,2.0066667,3.0,3.9941664,8.929999,0.00468607,0.007046517,0.00064369896,3,Low Modelled Signal,False,2.0066667,0.0,0.0,0.0,0.0,-2.0066667,-2.0066667
2018-07-28,76128533B52902360321344,Banas Kantha,contained_grid,0.80066675,1.4100001,0.0009999999,0.015,0.00029249614,0.0005589358,3.094677e-05,15,Low Modelled Signal,False,0.80066675,0.0,0.0,0.0,0.0,-0.80066675,-0.80066675
2018-07-28,76128533B52906466328910,South West Garo Hills,contained_grid,105.14,105.14,16.39125,16.39125,0.024732178,0.024732178,0.0007795136,1,Low Modelled Signal,False,105.14,99.91653,99.91653,100.32314,100.32314,-4.8168564,-5.2234726
2018-07-28,76128533B53018054761164,Mancherial,contained_grid,0.52250004,0.77000004,0.16437499,0.565,0.00022111091,0.00022492891,1.8351404e-05,4,Low Modelled Signal,False,0.52250004,0.0,0.0,0.0,0.0,-0.52250004,-0.52250004
2018-07-28,76128533B53136419849111,South West,nearest_grid,15.389999,15.389999,1.0825,1.0825,0.025135227,0.025135227,0.0008571138,1,Low Modelled Signal,False,15.389999,10.166525,10.166525,10.57314,10.57314,-4.8168592,-5.2234745
2018-07-28,76128533B53316015271969,Sukma,contained_grid,4.77,7.7999997,2.5851784,8.74,0.0019883316,0.003375327,0.0003138621,7,Low Modelled Signal,False,4.77,0.52565396,2.5765257,0.69991744,2.9831405,-4.0700827,-4.244346
2018-07-28,76128533B53366745705922,Birbhum,contained_grid,43.201427,66.36,16.36375,25.529999,0.018793881,0.038469125,0.0024963433,7,Low Modelled Signal,False,43.201427,37.97796,61.136528,38.38457,61.54314,-4.8168564,-5.223469
2018-07-28,76128533B53373614632193,Peddapalli,contained_grid,0.175,0.24000001,0.17249998,0.44499996,0.00021075229,0.00021075229,1.6524506e-05,4,Low Modelled Signal,False,0.175,0.0,0.0,0.0,0.0,-0.175,-0.175
2018-07-28,76128533B53549946596470,Dewas,contained_grid,3.338,3.9499998,0.000625,0.005,0.000709148,0.0009815576,9.3047594e-05,10,Low Modelled Signal,False,3.338,0.0,0.0,0.0,0.0,-3.338,-3.338
2018-07-28,76128533B53609934827566,Jashpur,contained_grid,29.573334,35.13,2.9535415,5.0399995,0.050383296,0.06520757,0.0018841696,6,Low Modelled Signal,False,29.573334,24.34986,29.906527,24.756475,30.31314,-4.8168583,-5.2234745
2018-07-28,76128533B53671786151110,Kohima,contained_grid,22.159998,25.189999,46.83167,61.415005,0.016849624,0.021697376,0.00017483874,3,Low Modelled Signal,False,22.159998,16.936525,19.966524,17.34314,20.373138,-4.8168583,-5.2234726
2018-07-28,76128533B53717296822608,East Siang,contained_grid,73.6,86.49999,35.409687,46.8125,0.036750298,0.05338461,0.0007248636,4,Low Modelled Signal,False,73.6,68.376526,81.27652,68.78314,81.683136,-4.8168564,-5.2234726
2018-07-28,76128533B53725063754801,Chitrakoot,contained_grid,0.94,1.36,13.541874,24.867498,0.0017001375,0.0036697418,2.9367904e-05,4,Low Modelled Signal,False,0.94,0.0,0.0,0.0,0.0,-0.94,-0.94
2018-07-28,76128533B53791014455989,Sidhi,contained_grid,9.405001,12.25,4.819792,15.59,0.014328982,0.022587849,0.00024290984,6,Low Modelled Signal,False,9.405001,4.3621054,7.026526,4.700951,7.4331408,-4.7040496,-5.0428953
2018-07-28,76128533B53796141759805,Kanniyakumari,contained_grid,0.16333333,0.45999998,0.0,0.0,9.958007e-05,0.000111640744,1.7616807e-05,3,Low Modelled Signal,False,0.16333333,0.0,0.0,0.0,0.0,-0.16333333,-0.16333333
2018-07-28,76128533B54279577656282,Thanjavur,contained_grid,0.56,1.2,0.42099994,2.1049998,0.00011861111,0.00016011452,1.8837902e-05,5,Low Modelled Signal,False,0.56,0.0,0.0,0.0,0.0,-0.56,-0.56
2018-07-28,76128533B54279951806726,Sant Kabir Nagar,contained_grid,32.423336,40.72,10.175,15.433749,0.021250198,0.02283001,0.0010882174,3,Low Modelled Signal,False,32.423336,27.19986,35.49653,27.606476,35.90314,-4.81686,-5.2234764
2018-07-28,76128533B54301724756864,Tonk,contained_grid,0.100999996,0.28,0.0015,0.015,0.0006538738,0.00072148,4.153181e-05,10,Low Modelled Signal,False,0.100999996,0.0,0.0,0.0,0.0,-0.100999996,-0.100999996
2018-07-28,76128533B54306414631532,Baloda Bazar,contained_grid,17.072,19.94,3.5919998,4.6975,0.023899492,0.03299148,0.0018061327,5,Low Modelled Signal,False,17.072,11.848526,14.716526,12.255141,15.123141,-4.8168592,-5.2234745
2018-07-28,76128533B54396396829952,Dakshina Kannada,contained_grid,11.647142,12.7300005,0.6035714,1.51875,0.014445633,0.021175945,0.0021231547,7,Low Modelled Signal,False,11.647142,6.423669,7.5065265,6.830284,7.9131413,-4.8168583,-5.2234735
2018-07-28,76128533B54517225652088,Banka,contained_grid,37.809998,47.38,7.567812,12.237498,0.020898506,0.023842337,0.0029201559,4,Low Modelled Signal,False,37.809998,32.586525,42.15653,32.99314,42.56314,-4.8168564,-5.2234726
2018-07-28,76128533B54652028494758,Tarn Taran,contained_grid,11.5,15.24,0.28675002,0.6825,0.00784831,0.011150983,5.2108982e-05,5,Low Modelled Signal,False,11.5,6.276525,10.016525,6.6831408,10.423141,-4.8168592,-5.223475
2018-07-28,76128533B54775433755383,Hassan,contained_grid,2.076,6.71,0.462375,1.75,0.00086014374,0.0035662646,0.0002689832,10,Low Modelled Signal,False,2.076,0.2853052,1.486526,0.36662817,1.8931408,-1.7093718,-1.7906947
2018-07-28,76128533B55039756001726,Bikaner,contained_grid,0.0,0.0,0.004738372,0.1025,0.0004654836,0.00072482094,3.2723932e-05,43,Low Modelled Signal,False,0.0,0.0,0.0,0.0,0.0,0.0,0.0
2018-07-28,76128533B55519385298440,Golaghat,contained_grid,14.547999,17.74,8.96225,21.109999,0.008048446,0.008846464,0.000547361,5,Low Modelled Signal,False,14.547999,9.324526,12.516525,9.73114,12.923141,-4.8168592,-5.2234735
2018-07-28,76128533B55603381222870,Jalna,contained_grid,0.15555555,0.17999999,0.0,0.0,0.00018357579,0.00023394384,2.2953802e-05,9,Low Modelled Signal,False,0.15555555,0.0,0.0,0.0,0.0,-0.15555555,-0.15555555
2018-07-28,76128533B55622097933343,Sri Potti Sriramulu Nellore,contained_grid,0.0,0.0,0.10972222,0.56374997,0.00024193818,0.00026548014,3.8746308e-05,18,Low Modelled Signal,False,0.0,0.0,0.0,0.0,0.0,0.0,0.0
2018-07-28,76128533B55878637000592,Anjaw,contained_grid,17.831,35.18,6.4040003,27.2275,0.009683526,0.016166903,0.00050259806,10,Low Modelled Signal,False,17.831,12.607526,29.956526,13.01414,30.36314,-4.8168592,-5.2234735
2018-07-28,76128533B56012535339305,Chirang,contained_grid,59.777504,76.16,5.3790627,10.01,0.03274548,0.05313883,0.0030187638,4,Low Modelled Signal,False,59.777504,54.55403,70.93653,54.960644,71.34315,-4.81686,-5.2234726
2018-07-28,76128533B56050914259601,Chandigarh,contained_grid,3.1200001,3.1200001,1.175,1.175,0.0042199977,0.0042199977,1.8654526e-05,1,Low Modelled Signal,False,3.1200001,0.0,0.0,0.0,0.0,-3.1200001,-3.1200001
2018-07-28,76128533B5628791558965,Alwar,contained_grid,3.3735714,12.21,1.8174107,12.725,0.0063176914,0.0194261,0.0002663812,14,Low Modelled Signal,False,3.3735714,0.85425556,6.986526,0.94138724,7.393141,-2.4321842,-2.5193157
2018-07-28,76128533B56326354019534,Kangpokpi,contained_grid,37.462498,70.93,23.490936,34.312496,0.030475436,0.039169185,0.00044685177,4,Low Modelled Signal,False,37.462498,32.239025,65.70653,32.64564,66.113144,-4.8168564,-5.2234726
2018-07-28,76128533B56857410767766,Diu,nearest_grid,3.0,3.0,0.0,0.0,8.6157335e-05,8.6157335e-05,2.9794672e-05,1,Low Modelled Signal,False,3.0,0.0,0.0,0.0,0.0,-3.0,-3.0
2018-07-28,76128533B57036825942975,Tiruppur,contained_grid,0.0225,0.17,0.968125,5.5699997,0.00013379237,0.00017262515,3.534265e-05,8,Low Modelled Signal,False,0.0225,0.0,0.0,0.0,0.0,-0.0225,-0.0225
2018-07-28,76128533B57183548666997,Leh(Ladakh),contained_grid,2.8146093,11.570001,0.39642575,3.58,0.00040800666,0.0014748629,6.8434165e-05,128,Low Modelled Signal,False,2.8146093,0.3372968,6.3465266,0.40270278,6.7531414,-2.4119065,-2.4773126
2018-07-28,76128533B57609583882472,Kodagu,contained_grid,5.5575,7.08,3.1984375,10.91875,0.0024249936,0.0042646173,0.00048127823,4,Low Modelled Signal,False,5.5575,0.8482629,1.8565259,1.0648556,2.2631407,-4.4926443,-4.709237
2018-07-28,76128533B57691508962219,Raipur,contained_grid,8.226666,12.64,0.65000004,0.83,0.010597863,0.016103812,0.0014242755,3,Low Modelled Signal,False,8.226666,3.1876843,7.4165263,3.4587605,7.823141,-4.767906,-5.0389824
2018-07-28,76128533B57712033428660,Bhind,contained_grid,12.830001,15.16,0.31479165,0.66499996,0.12943788,0.18208823,0.0002629298,6,Heavy Rain Watch,False,12.830001,7.606526,9.936525,8.013141,10.343141,-4.81686,-5.223475
2018-07-28,76128533B57825981663822,Dibrugarh,contained_grid,54.605,63.92,16.389061,31.554996,0.017255522,0.022538878,0.001151638,4,Low Modelled Signal,False,54.605,49.381527,58.696526,49.78814,59.103138,-4.81686,-5.2234726
2018-07-28,76128533B57893545331548,Raisen,contained_grid,2.8608334,3.71,0.0128125,0.12625,0.0005521984,0.00069957366,8.513737e-05,12,Low Modelled Signal,False,2.8608334,0.0,0.0,0.0,0.0,-2.8608334,-2.8608334
2018-07-28,76128533B57995625790051,Karbi Anglong West,contained_grid,18.038334,29.970001,8.194791,12.715,0.012234059,0.014567819,0.0002871746,6,Low Modelled Signal,False,18.038334,12.81486,24.746527,13.221475,25.153141,-4.8168592,-5.2234735
2018-07-28,76128533B58058152513003,Zunheboto,contained_grid,57.75,59.7,50.83563,61.170006,0.021681812,0.025371354,0.0003039559,2,Low Modelled Signal,False,57.75,52.526527,54.47653,52.93314,54.88314,-4.81686,-5.2234726
2018-07-28,76128533B58104976570569,Karimnagar,contained_grid,0.23666666,0.58,0.48083332,0.88,0.00022451371,0.00023840762,1.6737064e-05,3,Low Modelled Signal,False,0.23666666,0.0,0.0,0.0,0.0,-0.23666666,-0.23666666
2018-07-28,76128533B58170186574016,Mahabubnagar,contained_grid,0.25,0.46,0.0925,0.345,0.00015434295,0.00017450683,2.270833e-05,4,Low Modelled Signal,False,0.25,0.0,0.0,0.0,0.0,-0.25,-0.25
2018-07-28,76128533B58262202014972,New Delhi,nearest_grid,13.9,13.9,0.80999994,0.80999994,0.024066282,0.024066282,0.0012273473,1,Low Modelled Signal,False,13.9,8.676525,8.676525,9.08314,9.08314,-4.8168592,-5.2234745
2018-07-28,76128533B58493775523243,Nizamabad,contained_grid,0.0057142857,0.01,0.031785715,0.12499999,0.00017880721,0.00018680996,2.2107904e-05,7,Low Modelled Signal,False,0.0057142857,0.0,0.0,0.0,0.0,-0.0057142857,-0.0057142857
2018-07-28,76128533B58527154065354,Chittaurgarh,contained_grid,0.65909094,1.4799999,0.0,0.0,0.00032270647,0.00047433405,4.4262535e-05,11,Low Modelled Signal,False,0.65909094,0.0,0.0,0.0,0.0,-0.65909094,-0.65909094
2018-07-28,76128533B58537895532859,Chamba,contained_grid,5.349091,8.68,2.3057954,9.660001,0.0018397842,0.0047083176,2.861624e-05,11,Low Modelled Signal,False,5.349091,1.0720572,3.4565263,1.2780769,3.863141,-4.0710144,-4.277034
2018-07-28,76128533B5855800361016,Begusarai,contained_grid,50.850002,52.010002,59.538124,80.89125,0.026877044,0.028958043,0.011221668,2,Low Modelled Signal,False,50.850002,45.62653,46.78653,46.033142,47.193142,-4.81686,-5.2234726
2018-07-28,76128533B58569599021232,Solan,contained_grid,5.693333,8.110001,8.346665,12.1375,0.0067034364,0.007860025,1.8115841e-05,3,Low Modelled Signal,False,5.693333,0.96217555,2.8865266,1.142094,3.2931414,-4.551239,-4.731158
2018-07-28,76128533B58697472287618,Godda,contained_grid,49.695,54.04,9.831249,10.647499,0.028208116,0.030044531,0.00061237,2,Low Modelled Signal,False,49.695,44.471527,48.81653,44.878143,49.22314,-4.8168564,-5.2234726
2018-07-28,76128533B58797478961083,Bhadrak,contained_grid,11.26,12.02,11.139999,12.41,0.012424268,0.015436488,0.0121933855,2,Low Modelled Signal,False,11.26,6.036526,6.7965264,6.443141,7.203141,-4.8168592,-5.223474
2018-07-28,76128533B58876508630362,Panchkula,contained_grid,6.4400005,8.950001,11.449375,13.61625,0.008560998,0.01065225,6.667947e-05,2,Low Modelled Signal,False,6.4400005,1.8632634,3.7265267,2.0665708,4.1331415,-4.37343,-4.5767374
2018-07-28,76128533B59121537940607,Barddhaman,contained_grid,17.209,26.770002,17.611374,30.537498,0.009956269,0.015019265,0.0031446512,10,Low Modelled Signal,False,17.209,11.985525,21.546528,12.392141,21.953144,-4.8168583,-5.2234745
2018-07-28,76128533B59256192226816,Lalitpur,contained_grid,1.4225,1.8800001,0.0,0.0,0.00032317408,0.00040178787,4.9674654e-05,8,Low Modelled Signal,False,1.4225,0.0,0.0,0.0,0.0,-1.4225,-1.4225
2018-07-28,76128533B59405966069108,Srikakulam,contained_grid,10.080999,17.380001,0.67712504,3.5400002,0.012849783,0.02417794,0.0069134654,10,Low Modelled Signal,False,10.080999,5.4245677,12.156527,5.7091985,12.563142,-4.371801,-4.6564317
2018-07-28,76128533B59459156188335,Jalor,contained_grid,0.22375,0.53000003,0.0,0.0,0.00019567572,0.00029641972,2.0888796e-05,16,Low Modelled Signal,False,0.22375,0.0,0.0,0.0,0.0,-0.22375,-0.22375
2018-07-28,76128533B59504628511334,Kendujhar,contained_grid,28.881668,43.02,6.9259377,12.58,0.052156102,0.078162864,0.032056566,12,Low Modelled Signal,False,28.881668,23.658194,37.796528,24.064806,38.20314,-4.816862,-5.2234745
2018-07-28,76128533B59596968713717,Farrukhabad,contained_grid,29.185001,29.630001,9.338749,17.404999,0.116682775,0.1223117,0.0014976545,2,Heavy Rain Watch,False,29.185001,23.961525,24.406527,24.368141,24.81314,-4.81686,-5.2234764
2018-07-28,76128533B59855617266389,Chandel,contained_grid,34.114998,39.749996,14.574375,21.525002,0.008860649,0.009452799,0.00029085606,2,Low Modelled Signal,False,34.114998,28.891525,34.526524,29.298138,34.933136,-4.81686,-5.2234726
2018-07-28,76128533B59866172845044,Washim,contained_grid,0.40499997,0.57,0.029583333,0.13499999,0.00015259562,0.00017972876,2.2277509e-05,6,Low Modelled Signal,False,0.40499997,0.0,0.0,0.0,0.0,-0.40499997,-0.40499997
2018-07-28,76128533B60180372390230,Ajmer,contained_grid,0.009333333,0.11,0.0,0.0,0.00052361225,0.00072148,4.320785e-05,15,Low Modelled Signal,False,0.009333333,0.0,0.0,0.0,0.0,-0.009333333,-0.009333333
2018-07-28,76128533B60186573304899,Anugul,contained_grid,17.010908,39.050003,4.451591,8.97,0.040938165,0.06648089,0.028572252,11,Low Modelled Signal,False,17.010908,11.865933,33.82653,12.235583,34.233143,-4.775325,-5.1449747
2018-07-28,76128533B60261306484775,Valsad,contained_grid,3.9850001,5.1800003,0.081562504,0.22125,0.0013083547,0.0022234824,0.00013287943,4,Low Modelled Signal,False,3.9850001,0.0,0.0,0.090785265,0.36314106,-3.8942149,-3.9850001
2018-07-28,76128533B60320291189162,Faizabad,contained_grid,34.0425,35.05,0.80218744,1.8575,0.05963195,0.084689185,0.0035099268,4,Low Modelled Signal,False,34.0425,28.819027,29.826525,29.22564,30.233139,-4.81686,-5.2234726
2018-07-28,76128533B60322704115131,Jayashankar,contained_grid,0.88500005,1.07,0.21687499,0.505,0.00022419286,0.00022492891,1.7788087e-05,4,Low Modelled Signal,False,0.88500005,0.0,0.0,0.0,0.0,-0.88500005,-0.88500005
2018-07-28,76128533B60360721573267,Indore,contained_grid,2.9683332,3.43,0.0,0.0,0.0004294016,0.0006250871,0.00012127324,6,Low Modelled Signal,False,2.9683332,0.0,0.0,0.0,0.0,-2.9683332,-2.9683332
2018-07-28,76128533B6050540865870,Palamu,contained_grid,38.788574,56.250004,10.96,18.085001,0.03715824,0.05143103,0.0023219257,7,Low Modelled Signal,False,38.788574,33.565098,51.02653,33.971714,51.433144,-4.81686,-5.2234764
2018-07-28,76128533B60721316645780,Patna,contained_grid,66.93,81.600006,61.782494,76.67499,0.0477206,0.0804918,0.003722017,4,Low Modelled Signal,False,66.93,61.706528,76.37653,62.113144,76.78315,-4.8168564,-5.2234726
2018-07-28,76128533B60845263086042,Paschim Barddhaman,contained_grid,11.590002,11.590002,4.2575,4.2575,0.011262387,0.011262387,0.00024080549,1,Low Modelled Signal,False,11.590002,6.366528,6.366528,6.773143,6.773143,-4.8168592,-5.223474
2018-07-28,76128533B60862799554879,Aligarh,contained_grid,20.536667,32.74,16.058332,28.513748,0.04158927,0.080527894,0.0011337361,6,Low Modelled Signal,False,20.536667,15.313193,27.516527,15.719808,27.923141,-4.8168592,-5.2234735
2018-07-28,76128533B60893804631193,Pashchimi Singhbhum,contained_grid,21.425,32.66,25.732187,43.5775,0.026405735,0.045908056,0.0021535328,8,Low Modelled Signal,False,21.425,16.38946,27.436525,16.745247,27.84314,-4.6797523,-5.0355396
2018-07-28,76128533B61117593923933,Kollam,contained_grid,3.0,3.6899998,0.143125,0.185,0.00027090177,0.00030650542,5.5898025e-05,2,Low Modelled Signal,False,3.0,0.0,0.0,0.0,0.0,-3.0,-3.0
2018-07-28,76128533B61134942989820,Tehri Garhwal,contained_grid,20.665714,46.55,86.59232,129.82748,0.012719961,0.02400018,0.00016447887,7,Low Modelled Signal,False,20.665714,15.442241,41.326527,15.848855,41.73314,-4.8168592,-5.2234735
2018-07-28,76128533B61235952222315,West Kameng,contained_grid,69.69714,90.85999,33.025356,68.689995,0.031083802,0.043098833,0.00073787634,7,Low Modelled Signal,False,69.69714,64.47367,85.63652,64.88029,86.04314,-4.8168564,-5.2234726
2018-07-28,76128533B6128685860104,Sundargarh,contained_grid,24.297691,39.079998,5.9038463,9.74,0.061136447,0.08421302,0.005491395,13,Low Modelled Signal,False,24.297691,19.074217,33.856525,19.480833,34.263138,-4.8168583,-5.2234745
2018-07-28,76128533B61304308285665,Nandurbar,contained_grid,2.9314287,5.25,0.0057142857,0.04,0.0006943344,0.0012239108,0.000104656065,7,Low Modelled Signal,False,2.9314287,0.003789425,0.026525974,0.06187725,0.43314075,-2.8695514,-2.9276392
2018-07-28,76128533B61321395333865,Cuddalore,contained_grid,0.014285714,0.1,0.4625,1.1825,9.6923126e-05,0.00011050269,2.4772777e-05,7,Low Modelled Signal,False,0.014285714,0.0,0.0,0.0,0.0,-0.014285714,-0.014285714
2018-07-28,76128533B61760400952464,Meerut,contained_grid,23.11,34.23,8.77625,11.0824995,0.024940498,0.04740786,0.0012453047,4,Low Modelled Signal,False,23.11,17.886526,29.006525,18.29314,29.41314,-4.81686,-5.2234745
2018-07-28,76128533B61814103412294,Yavatmal,contained_grid,0.333,0.55,0.0,0.0,0.0001795778,0.00020786206,2.1851592e-05,20,Low Modelled Signal,False,0.333,0.0,0.0,0.0,0.0,-0.333,-0.333
2018-07-28,76128533B61831576863813,Tengnoupal,contained_grid,38.120003,56.72,12.7675,15.31,0.01723923,0.022330338,0.0003073003,2,Low Modelled Signal,False,38.120003,32.896526,51.49653,33.303143,51.90314,-4.81686,-5.2234764
2018-07-28,76128533B62153454383166,Aravali,contained_grid,1.268,1.4300001,0.0,0.0,0.00019682893,0.00021578281,2.4163688e-05,5,Low Modelled Signal,False,1.268,0.0,0.0,0.0,0.0,-1.268,-1.268
2018-07-28,76128533B62486414019241,Saitual,contained_grid,11.153333,15.429999,3.8304167,4.44,0.010813653,0.01512853,0.00021132147,3,Low Modelled Signal,False,11.153333,6.4376836,10.206526,6.7087607,10.61314,-4.444572,-4.715649
2018-07-28,76128533B62490300334729,Solapur,contained_grid,0.08869565,0.38,0.008043477,0.067499995,0.00021712632,0.00031842646,2.5822868e-05,23,Low Modelled Signal,False,0.08869565,0.0,0.0,0.0,0.0,-0.08869565,-0.08869565
2018-07-28,76128533B62624361588317,Karaikal,nearest_grid,0.2,0.2,0.28,0.28,8.615235e-05,8.615235e-05,2.6189735e-05,1,Low Modelled Signal,False,0.2,0.0,0.0,0.0,0.0,-0.2,-0.2
2018-07-28,76128533B62794162648247,Supaul,contained_grid,47.7425,74.93,10.449062,20.7825,0.0064211786,0.0077210898,0.0006782736,4,Low Modelled Signal,False,47.7425,42.519028,69.70653,42.92564,70.113144,-4.81686,-5.2234726
2018-07-28,76128533B6310527412636,Janjgir-Champa,contained_grid,16.744287,26.910002,8.318393,12.841249,0.036139198,0.0625125,0.002066437,7,Low Modelled Signal,False,16.744287,11.520812,21.686527,11.927427,22.093143,-4.81686,-5.2234755
2018-07-28,76128533B63117839967753,South Goa,contained_grid,9.293334,10.0,3.9391663,6.2599998,0.0057925903,0.007479796,0.00035290452,3,Low Modelled Signal,False,9.293334,4.06986,4.776526,4.4764743,5.1831408,-4.8168597,-5.223474
2018-07-28,76128533B63176236753619,Mayiladuthurai,contained_grid,0.0,0.0,0.56,0.56,9.774624e-05,9.774624e-05,3.444072e-05,1,Low Modelled Signal,False,0.0,0.0,0.0,0.0,0.0,0.0,0.0
2018-07-28,76128533B6330405394721,Karnal,contained_grid,46.167503,63.58,2.7096875,4.30375,0.017437516,0.022936795,0.00049485156,4,Low Modelled Signal,False,46.167503,40.944027,58.35653,41.35064,58.76314,-4.816864,-5.2234764
2018-07-28,76128533B63366045987285,Kasaragod,contained_grid,10.693334,11.64,0.505,1.05,0.014873196,0.021175945,0.0018307179,3,Low Modelled Signal,False,10.693334,5.4698596,6.4165263,5.876474,6.823141,-4.8168597,-5.223474
2018-07-28,76128533B633842538351,Ganjam,contained_grid,9.748181,15.99,1.0022727,2.6750002,0.014404058,0.022493087,0.0040054074,11,Low Modelled Signal,False,9.748181,5.0311093,10.766525,5.32683,11.173141,-4.4213514,-4.717072
2018-07-28,76128533B63599385776584,Bharuch,contained_grid,2.5542855,3.6,0.030357141,0.114999995,0.00061762537,0.001268758,0.000103163766,7,Low Modelled Signal,False,2.5542855,0.0,0.0,0.0,0.0,-2.5542855,-2.5542855
2018-07-28,76128533B63783580004876,Nanded,contained_grid,0.14199999,0.53,0.008666666,0.13,0.00016252356,0.00017852875,2.2803975e-05,15,Low Modelled Signal,False,0.14199999,0.0,0.0,0.0,0.0,-0.14199999,-0.14199999
2018-07-28,76128533B63815467309300,Amravati,contained_grid,2.1368752,3.14,0.019453125,0.1925,0.00023931572,0.00029455242,4.0501072e-05,16,Low Modelled Signal,False,2.1368752,0.0,0.0,0.0,0.0,-2.1368752,-2.1368752
2018-07-28,76128533B63833971372360,Warangal (R),contained_grid,1.075,1.2900001,0.74999994,1.1249999,0.00023661823,0.00023661823,1.8106668e-05,2,Low Modelled Signal,False,1.075,0.0,0.0,0.0,0.0,-1.075,-1.075
2018-07-28,76128533B6393836306469,Anantnag,contained_grid,7.2333336,7.84,1.6983334,3.855,0.0009134013,0.0010833289,2.9799963e-05,3,Low Modelled Signal,False,7.2333336,2.0098593,2.6165261,2.416474,3.023141,-4.8168592,-5.2234745
2018-07-28,76128533B6397758882978,Navsari,contained_grid,3.5625,3.7099998,0.110625,0.4425,0.0008821818,0.0011242023,0.00011145424,4,Low Modelled Signal,False,3.5625,0.0,0.0,0.0,0.0,-3.5625,-3.5625
2018-07-28,76128533B64003397477352,Pudukkottai,contained_grid,0.042857144,0.3,0.50285715,1.125,0.00012661281,0.0001638095,1.6592068e-05,7,Low Modelled Signal,False,0.042857144,0.0,0.0,0.0,0.0,-0.042857144,-0.042857144
2018-07-28,76128533B64156747739715,Koch Bihar,contained_grid,146.725,185.4,1.900625,3.3274999,0.022641651,0.034677066,0.001353633,4,Low Modelled Signal,False,146.725,141.50153,180.17651,141.90814,180.58313,-4.816864,-5.22348
2018-07-28,76128533B64161607349718,Mahendragarh,contained_grid,1.24,1.68,13.86375,14.27,0.0009486053,0.0010759146,2.8245611e-05,2,Low Modelled Signal,False,1.24,0.0,0.0,0.0,0.0,-1.24,-1.24
2018-07-28,76128533B64217423710469,Bageshwar,contained_grid,20.742,33.88,7.1745005,9.935,0.018784057,0.031363316,0.0011390797,5,Low Modelled Signal,False,20.742,15.518526,28.656527,15.92514,29.06314,-4.81686,-5.2234745
2018-07-28,76128533B64596101949699,Kaithal,contained_grid,16.53,20.9,2.4725,6.515,0.012671974,0.0159734,0.00017255984,3,Low Modelled Signal,False,16.53,11.306526,15.676525,11.713141,16.083141,-4.8168592,-5.2234745
2018-07-28,76128533B64732849735713,Jaunpur,contained_grid,60.5,86.590004,3.2287498,4.9849997,0.07593972,0.10855122,0.001918402,4,Heavy Rain Watch,False,60.5,55.276527,81.36653,55.683144,81.77315,-4.8168564,-5.2234726
2018-07-28,76128533B64749652826710,Debagarh,contained_grid,23.799997,35.479996,9.887083,13.525,0.04961836,0.051062375,0.014194681,3,Low Modelled Signal,False,23.799997,18.576525,30.256521,18.983139,30.663136,-4.8168583,-5.2234726
2018-07-28,76128533B64834018186186,Vidisha,contained_grid,1.247,1.9000001,0.0074999994,0.074999996,0.00025332856,0.00026987848,2.4874247e-05,10,Low Modelled Signal,False,1.247,0.0,0.0,0.0,0.0,-1.247,-1.247
2018-07-28,76128533B64881202564500,Jiribam,nearest_grid,18.609997,18.609997,12.529999,12.529999,0.0065326397,0.0065326397,0.0003918581,1,Low Modelled Signal,False,18.609997,13.386522,13.386522,13.793138,13.793138,-4.8168592,-5.2234745
2018-07-28,76128533B64898456093948,Dhaulpur,contained_grid,3.086,8.5,0.02075,0.1,0.012417556,0.047776278,0.0002049944,5,Low Modelled Signal,False,3.086,0.6553052,3.276526,0.7366282,3.6831408,-2.349372,-2.4306948
2018-07-28,76128533B64903504311414,Hnahthial,contained_grid,8.790001,8.790001,7.46125,7.46125,0.009872865,0.009872865,0.00037883423,1,Low Modelled Signal,False,8.790001,3.566527,3.566527,3.9731417,3.9731417,-4.8168592,-5.223474
2018-07-28,76128533B64905184636422,Tumkur,contained_grid,0.22916667,0.47,0.15989582,0.60375,0.00012078523,0.0001618181,5.4870678e-05,12,Low Modelled Signal,False,0.22916667,0.0,0.0,0.0,0.0,-0.22916667,-0.22916667
2018-07-28,76128533B65773363805797,Kishanganj,contained_grid,102.975,124.35,17.21125,18.3,0.020100895,0.023169607,0.0008027784,2,Low Modelled Signal,False,102.975,97.751526,119.126526,98.15814,119.53314,-4.8168564,-5.2234726
2018-07-28,76128533B65820903826030,North District,contained_grid,15.387143,20.48,4.2260714,7.8275,0.004526199,0.010733366,0.00033286767,7,Low Modelled Signal,False,15.387143,10.163668,15.256525,10.570283,15.66314,-4.81686,-5.2234755
2018-07-28,76128533B66072086060089,Jhansi,contained_grid,6.4087496,12.129999,0.27640623,0.61999995,0.026790353,0.102741316,0.0004669582,8,Heavy Rain Watch,False,6.4087496,2.0540786,6.906525,2.3082128,7.31314,-4.100537,-4.354671
2018-07-28,76128533B66125202864966,Dima Hasao,contained_grid,8.775714,12.839999,11.109643,21.574999,0.004516559,0.007364563,0.00034417526,7,Low Modelled Signal,False,8.775714,3.7527363,7.616525,4.1012635,8.02314,-4.6744504,-5.022978
2018-07-28,76128533B66134271591289,Balaghat,contained_grid,5.356923,7.96,0.16403845,1.17125,0.0021083797,0.0033585215,0.00018116554,13,Low Modelled Signal,False,5.356923,0.7953198,2.736526,1.0252513,3.1431408,-4.3316717,-4.5616035
2018-07-28,76128533B66145460152555,Bijapur,contained_grid,4.6775,6.7600007,0.38385415,1.78,0.0013137734,0.0029849263,0.0001911276,12,Low Modelled Signal,False,4.6775,0.31521913,1.5365267,0.5049037,1.9431415,-4.172596,-4.362281
2018-07-28,76128533B66335428496945,Shivpuri,contained_grid,0.9341177,4.84,0.20985295,1.2875,0.0009326089,0.0046802126,0.00014397177,17,Low Modelled Signal,False,0.9341177,0.0,0.0,0.0013612298,0.023140907,-0.9327564,-0.9341177
2018-07-28,76128533B66411945144923,Longleng,contained_grid,56.28,56.28,74.7825,74.7825,0.018093828,0.018093828,0.0003422623,1,Low Modelled Signal,False,56.28,51.056526,51.056526,51.46314,51.46314,-4.81686,-5.2234726
2018-07-28,76128533B66426066081507,Bhojpur,contained_grid,64.799995,71.8,53.506664,72.1775,0.07955454,0.08940296,0.007220958,3,Low Modelled Signal,False,64.799995,59.576527,66.57653,59.98314,66.98315,-4.8168564,-5.223469
2018-07-28,76128533B66612397499770,Bahraich,contained_grid,37.067142,46.420002,2.67125,7.1150002,0.06285031,0.11086428,0.003062272,7,Heavy Rain Watch,False,37.067142,31.84367,41.19653,32.250282,41.60314,-4.81686,-5.2234726
2018-07-28,76128533B66682530790248,Kamrup,contained_grid,52.659996,59.59,15.624249,22.835,0.024896348,0.031664908,0.00065095344,5,Low Modelled Signal,False,52.659996,47.436527,54.366528,47.84314,54.77314,-4.8168564,-5.223469
2018-07-28,76128533B66719908763317,Kolhapur,contained_grid,5.8266664,9.429999,1.74875,4.14,0.0030466956,0.006160037,0.0005076553,9,Low Modelled Signal,False,5.8266664,1.4569588,4.2065253,1.6828558,4.61314,-4.1438103,-4.3697076
2018-07-28,76128533B66790149147330,Samastipur,contained_grid,42.135,54.899998,11.478749,20.835,0.013673704,0.016252471,0.00062378356,4,Low Modelled Signal,False,42.135,36.911526,49.676525,37.31814,50.083138,-4.81686,-5.2234726
2018-07-28,76128533B66815680293072,Kamjong,contained_grid,91.5,113.59,46.3125,52.219994,0.038916145,0.051898465,0.00030682114,3,Low Modelled Signal,False,91.5,86.27653,108.36652,86.68314,108.77314,-4.8168564,-5.2234726
2018-07-28,76128533B668165975951,Barwani,contained_grid,2.155,2.66,0.00375,0.03,0.00032461778,0.00071024674,8.347224e-05,8,Low Modelled Signal,False,2.155,0.0,0.0,0.0,0.0,-2.155,-2.155
2018-07-28,76128533B66825707357376,Churu,contained_grid,0.0054545454,0.08,1.7361363,17.96875,0.0010981429,0.0017349367,7.7552904e-05,22,Low Modelled Signal,False,0.0054545454,0.0,0.0,0.0,0.0,-0.0054545454,-0.0054545454
2018-07-28,76128533B67004768724668,Jhabua,contained_grid,2.492,2.73,0.0,0.0,0.00026218235,0.00029128313,8.032938e-05,5,Low Modelled Signal,False,2.492,0.0,0.0,0.0,0.0,-2.492,-2.492
2018-07-28,76128533B67005208112053,Dehradun,contained_grid,13.702501,27.590002,49.876873,72.98499,0.010978388,0.014741086,0.00011256597,4,Low Modelled Signal,False,13.702501,8.479027,22.366528,8.885642,22.773144,-4.8168592,-5.2234745
2018-07-28,76128533B67018657649043,Raigarh,contained_grid,21.256666,34.13,7.3449993,14.22,0.043446515,0.083643645,0.002481037,9,Low Modelled Signal,False,21.256666,16.033194,28.906527,16.439808,29.31314,-4.8168583,-5.2234726
2018-07-28,76128533B67044589012853,Khowai,contained_grid,5.715,7.7900004,4.6299996,4.9249997,0.004674665,0.0074937604,0.00024998252,2,Low Modelled Signal,False,5.715,1.2832632,2.5665264,1.4865706,2.9731412,-4.22843,-4.431737
2018-07-28,76128533B67054925852429,Jagtial,contained_grid,0.060000002,0.120000005,0.030937498,0.07375,0.00021745416,0.00023840762,2.2055203e-05,4,Low Modelled Signal,False,0.060000002,0.0,0.0,0.0,0.0,-0.060000002,-0.060000002
2018-07-28,76128533B67210465807627,Wokha,contained_grid,14.743333,18.48,35.757915,45.372498,0.01209759,0.015472051,0.00029147082,3,Low Modelled Signal,False,14.743333,9.519859,13.256525,9.926475,13.66314,-4.8168583,-5.2234735
2018-07-28,76128533B67326016655833,Mumbai Suburban,nearest_grid,4.4200006,4.4200006,0.012499999,0.012499999,0.002475065,0.002475065,0.00012891392,1,Low Modelled Signal,False,4.4200006,0.0,0.0,0.0,0.0,-4.4200006,-4.4200006
2018-07-28,76128533B67530641452031,Gonda,contained_grid,40.815712,49.8,3.7424998,10.289999,0.069267884,0.10837147,0.0029826984,7,Heavy Rain Watch,False,40.815712,35.592243,44.576527,35.99885,44.98314,-4.81686,-5.223469
2018-07-28,76128533B67580812983244,Gurgaon,contained_grid,9.665,15.389999,0.71625,1.0825,0.023568992,0.025135227,0.0008571138,2,Low Modelled Signal,False,9.665,5.0832624,10.166525,5.28657,10.57314,-4.37843,-4.5817375
2018-07-28,76128533B67639510673366,East District,contained_grid,25.144999,25.59,8.608748,13.199997,0.023629213,0.024420893,0.0003269816,2,Low Modelled Signal,False,25.144999,19.921524,20.366526,20.328138,20.77314,-4.81686,-5.2234745
2018-07-28,76128533B67748245133340,South Tripura,contained_grid,19.02,19.02,12.0625,12.0625,0.025698721,0.025698721,0.0007430187,1,Low Modelled Signal,False,19.02,13.796526,13.796526,14.203141,14.203141,-4.8168592,-5.2234745
2018-07-28,76128533B68195849750399,Kupwara,contained_grid,5.005,6.4,0.1053125,0.22874999,0.00045212504,0.00069751684,2.5741818e-05,4,Low Modelled Signal,False,5.005,0.29413152,1.1765261,0.43907046,1.5831409,-4.5659294,-4.710869
2018-07-28,76128533B6828791241172,Lohit,contained_grid,22.595001,26.510002,28.593752,30.515,0.009005021,0.010060399,9.211666e-05,2,Low Modelled Signal,False,22.595001,17.371527,21.286528,17.778141,21.693142,-4.81686,-5.2234745
2018-07-28,76128533B68379889579232,West,nearest_grid,16.11,16.11,6.6225,6.6225,0.018093586,0.018093586,0.0006239118,1,Low Modelled Signal,False,16.11,10.886526,10.886526,11.293141,11.293141,-4.8168592,-5.2234745
2018-07-28,76128533B68554447699730,Bareilly,contained_grid,16.64,20.56,32.350246,40.347496,0.026154434,0.048937153,0.0016073924,5,Low Modelled Signal,False,16.64,11.416525,15.336525,11.823141,15.74314,-4.8168583,-5.2234745
2018-07-28,76128533B6884509901047,Subarnapur,contained_grid,17.6,20.590002,2.9528124,3.8774998,0.022668313,0.026800565,0.002982475,4,Low Modelled Signal,False,17.6,12.376526,15.366528,12.783141,15.773143,-4.8168592,-5.2234745
2018-07-28,76128533B68984344044805,Ghaziabad,contained_grid,8.559999,8.559999,4.535,4.535,0.016954286,0.016954286,0.0005484801,1,Low Modelled Signal,False,8.559999,3.3365254,3.3365254,3.7431402,3.7431402,-4.8168592,-5.223474
2018-07-28,76128533B69412164931619,Bundi,contained_grid,0.14222223,0.35999998,0.013611112,0.09,0.00064761814,0.0007864113,6.126132e-05,9,Low Modelled Signal,False,0.14222223,0.0,0.0,0.0,0.0,-0.14222223,-0.14222223
2018-07-28,76128533B69417260894674,Chhota Udaipur,contained_grid,3.0349998,3.9,0.09687499,0.58124995,0.0007602722,0.001529053,0.00012545862,6,Low Modelled Signal,False,3.0349998,0.0,0.0,0.0,0.0,-3.0349998,-3.0349998
2018-07-28,76128533B69438085511257,Anand,contained_grid,1.195,1.5600001,0.2021875,0.69624996,0.00019782432,0.00019885584,4.5359848e-05,4,Low Modelled Signal,False,1.195,0.0,0.0,0.0,0.0,-1.195,-1.195
2018-07-28,76128533B69481535535995,Khargone (West Nimar),contained_grid,1.9410002,2.64,0.00875,0.057499997,0.00021709451,0.00028609505,6.9812086e-05,10,Low Modelled Signal,False,1.9410002,0.0,0.0,0.0,0.0,-1.9410002,-1.9410002
2018-07-28,76128533B69536039643660,Sonipat,contained_grid,21.075,23.26,2.5656247,3.8962498,0.023918163,0.030977344,0.0012955219,2,Low Modelled Signal,False,21.075,15.851525,18.036526,16.25814,18.443142,-4.81686,-5.2234755
2018-07-28,76128533B69844709752120,Chamoli,contained_grid,21.358332,49.800003,9.958959,38.59,0.012042285,0.016456727,0.00025004047,12,Low Modelled Signal,False,21.358332,16.13486,44.57653,16.541473,44.983143,-4.8168583,-5.2234726
2018-07-28,76128533B70021405538438,Buldana,contained_grid,0.4525,1.3,0.0,0.0,0.00016962447,0.00020443698,2.3648687e-05,16,Low Modelled Signal,False,0.4525,0.0,0.0,0.0,0.0,-0.4525,-0.4525
2018-07-28,76128533B70185077694103,East Jaintia Hills,contained_grid,10.823334,15.660001,25.695,29.685001,0.007646289,0.010474127,0.0007179038,3,Low Modelled Signal,False,10.823334,5.5998597,10.436527,6.006475,10.843142,-4.816859,-5.223474
2018-07-28,76128533B70210707786180,Lawngtlai,contained_grid,9.986667,11.720001,3.6899998,6.13,0.049939584,0.08747233,0.0022542751,3,Low Modelled Signal,False,9.986667,4.763193,6.496527,5.169808,6.903142,-4.816859,-5.2234735
2018-07-28,76128533B70315194619807,Hojai,contained_grid,17.060001,17.060001,9.62875,9.62875,0.0095504,0.0095504,0.00015642996,1,Low Modelled Signal,False,17.060001,11.836527,11.836527,12.243142,12.243142,-4.8168592,-5.2234745
2018-07-28,76128533B70554191137208,Jhajjar,contained_grid,8.993333,14.71,8.982499,17.034998,0.017234998,0.026605649,0.00089506735,3,Low Modelled Signal,False,8.993333,4.5310173,9.4865265,4.802094,9.893141,-4.191239,-4.4623156
2018-07-28,76128533B70570208114113,Ribhoi,contained_grid,30.26,44.28,12.227084,14.237499,0.019257326,0.024682276,0.00034807416,3,Low Modelled Signal,False,30.26,25.036524,39.056526,25.44314,39.46314,-4.81686,-5.2234764
2018-07-28,76128533B70576899889534,Dohad,contained_grid,1.9620003,2.1700003,0.0,0.0,0.00020864516,0.00022278243,2.930804e-05,5,Low Modelled Signal,False,1.9620003,0.0,0.0,0.0,0.0,-1.9620003,-1.9620003
2018-07-28,76128533B70646408240587,Chhindwara,contained_grid,2.0473335,3.6200001,0.0035,0.052500002,0.00034913726,0.0005910512,6.724584e-05,15,Low Modelled Signal,False,2.0473335,0.0,0.0,0.0,0.0,-2.0473335,-2.0473335
2018-07-28,76128533B70759200975708,Kalahandi,contained_grid,34.804546,41.14,0.23056817,1.0174999,0.050686944,0.055847898,0.009503232,11,Low Modelled Signal,False,34.804546,29.581074,35.916527,29.987688,36.32314,-4.8168583,-5.2234726
2018-07-28,76128533B70842759816811,Cuttack,contained_grid,4.7228575,13.860001,1.4760714,3.7374997,0.012499009,0.041611783,0.0059965556,7,Low Modelled Signal,False,4.7228575,1.7075789,8.636526,1.8237545,9.043141,-2.899103,-3.0152786
2018-07-28,76128533B70974512658911,Virudhunagar,contained_grid,0.007999999,0.04,0.122,0.4925,0.00012613049,0.0001696486,1.4571023e-05,5,Low Modelled Signal,False,0.007999999,0.0,0.0,0.0,0.0,-0.007999999,-0.007999999
2018-07-28,76128533B71056110198347,Medchal,nearest_grid,0.0,0.0,0.0,0.0,0.00016410275,0.00016410275,2.2116641e-05,1,Low Modelled Signal,False,0.0,0.0,0.0,0.0,0.0,0.0,0.0
2018-07-28,76128533B71088079535368,Palwal,contained_grid,14.236667,15.410001,1.5341665,2.9474998,0.044139553,0.053987376,0.0012369825,3,Low Modelled Signal,False,14.236667,9.013192,10.186527,9.419807,10.593142,-4.8168592,-5.2234745
2018-07-28,76128533B7124697440629,Fatehpur,contained_grid,11.594285,22.269999,9.243393,28.9,0.013913855,0.026286045,0.00029899616,7,Low Modelled Signal,False,11.594285,6.7689466,17.046524,7.0912633,17.45314,-4.5030217,-4.8253384
2018-07-28,76128533B71254158898830,Pherzawl,contained_grid,23.18,23.779999,10.202499,14.339999,0.007279641,0.0077528306,0.00011985141,2,Low Modelled Signal,False,23.18,17.956526,18.556524,18.36314,18.963139,-4.81686,-5.2234745
2018-07-28,76128533B71271011331008,Khandwa (East Nimar),contained_grid,2.2080002,2.6900003,1.1756248,7.204999,0.00024665048,0.00029264035,5.755569e-05,10,Low Modelled Signal,False,2.2080002,0.0,0.0,0.0,0.0,-2.2080002,-2.2080002
2018-07-28,76128533B71353370080255,North West,contained_grid,16.11,16.11,6.6225,6.6225,0.018093586,0.018093586,0.0006239118,1,Low Modelled Signal,False,16.11,10.886526,10.886526,11.293141,11.293141,-4.8168592,-5.2234745
2018-07-28,76128533B71380851181380,Pune,contained_grid,2.151579,8.0,0.17618422,1.73,0.0012457742,0.004847819,0.00020886416,19,Low Modelled Signal,False,2.151579,0.21595009,2.776526,0.26681167,3.1831408,-1.8847673,-1.9356288
2018-07-28,76128533B71390118115414,Nadia,contained_grid,16.890001,42.4,12.943333,29.9625,0.012394831,0.020627962,0.0027888292,6,Low Modelled Signal,False,16.890001,11.853772,37.17653,12.192616,37.58314,-4.697385,-5.036229
2018-07-28,76128533B71439508543442,Ranchi,contained_grid,22.775,34.68,7.5370307,17.899998,0.021562768,0.030712554,0.0013200848,8,Low Modelled Signal,False,22.775,17.551525,29.456526,17.958141,29.86314,-4.8168583,-5.2234745
2018-07-28,76128533B71485440235524,Visakhapatnam,contained_grid,2.951875,8.88,4.4803123,13.161249,0.0011270484,0.0032898693,0.00013354878,16,Low Modelled Signal,False,2.951875,0.38372368,3.656526,0.45996395,4.063141,-2.491911,-2.5681512
2018-07-28,76128533B7157007143985,Uttar Dinajpur,contained_grid,114.744,136.39,5.368,9.0775,0.02019539,0.025939059,0.0016043761,5,Low Modelled Signal,False,114.744,109.52053,131.16652,109.92715,131.57314,-4.8168564,-5.2234726
2018-07-28,76128533B71714250401862,Dhamtari,contained_grid,10.538334,19.760002,0.27541667,0.84250003,0.006822717,0.0119219795,0.000707778,6,Low Modelled Signal,False,10.538334,6.0654387,14.536528,6.404284,14.943143,-4.13405,-4.472895
2018-07-28,76128533B71824979235503,Madurai,contained_grid,0.0,0.0,0.074,0.345,0.00012406359,0.00013709157,1.8920995e-05,5,Low Modelled Signal,False,0.0,0.0,0.0,0.0,0.0,0.0,0.0
2018-07-28,76128533B72079972234594,Ganganagar,contained_grid,0.0,0.0,0.0,0.0,0.0007112412,0.0011949436,9.247761e-05,15,Low Modelled Signal,False,0.0,0.0,0.0,0.0,0.0,0.0,0.0
2018-07-28,76128533B72109128179340,Kadapa(YSR),contained_grid,0.0022727272,0.02,0.170625,0.64,0.00022327555,0.00024251657,3.65343e-05,22,Low Modelled Signal,False,0.0022727272,0.0,0.0,0.0,0.0,-0.0022727272,-0.0022727272
2018-07-28,76128533B72485933575946,East,nearest_grid,12.59,12.59,3.2949996,3.2949996,0.019013498,0.019013498,0.0008301212,1,Low Modelled Signal,False,12.59,7.366526,7.366526,7.773141,7.773141,-4.8168592,-5.223474
2018-07-28,76128533B72507508533064,Kolkata,nearest_grid,10.83,10.83,12.967499,12.967499,0.015318279,0.015318279,0.0028590325,1,Low Modelled Signal,False,10.83,5.606526,5.606526,6.0131407,6.0131407,-4.8168592,-5.223474
2018-07-28,76128533B72541188260561,Guntur,contained_grid,0.0,0.0,0.5691667,3.2350001,0.00023276145,0.0002576847,1.9733468e-05,15,Low Modelled Signal,False,0.0,0.0,0.0,0.0,0.0,0.0,0.0
2018-07-28,76128533B72829420975835,Jogulamba,contained_grid,0.087500006,0.15,0.2509375,0.50874996,0.00018482606,0.00021530136,2.1472943e-05,4,Low Modelled Signal,False,0.087500006,0.0,0.0,0.0,0.0,-0.087500006,-0.087500006
2018-07-28,76128533B7291413308870,Fazilka,contained_grid,0.016666668,0.1,0.0,0.0,0.0022502746,0.002905278,5.0053142e-05,6,Low Modelled Signal,False,0.016666668,0.0,0.0,0.0,0.0,-0.016666668,-0.016666668
2018-07-28,76128533B73736605657091,Bemetra,contained_grid,13.163334,14.230002,1.5795833,2.7175,0.009584468,0.012910687,0.0009303401,3,Low Modelled Signal,False,13.163334,7.93986,9.006529,8.346475,9.413143,-4.8168592,-5.223474
2018-07-28,76128533B73769926250842,Ballia,contained_grid,34.925,62.029995,45.837185,53.6175,0.02324303,0.029161444,0.0019602298,4,Low Modelled Signal,False,34.925,29.701525,56.806522,30.108139,57.213135,-4.81686,-5.2234745
2018-07-28,76128533B73809971322123,Dausa,contained_grid,0.135,0.8,0.0056249998,0.033749998,0.0012234374,0.0032479558,2.5401912e-05,6,Low Modelled Signal,False,0.135,0.0,0.0,0.0,0.0,-0.135,-0.135
2018-07-28,76128533B73854359719990,Gajapati,contained_grid,13.414,22.0,0.3295,0.72875,0.015571842,0.02502024,0.004906128,5,Low Modelled Signal,False,13.414,8.190526,16.776525,8.59714,17.18314,-4.8168592,-5.2234735
2018-07-28,76128533B73925919155567,Azamgarh,contained_grid,46.117146,70.259995,2.9716072,5.795,0.04270136,0.07730902,0.0046078195,7,Low Modelled Signal,False,46.117146,40.89367,65.03652,41.300285,65.44314,-4.81686,-5.2234764
2018-07-28,76128533B74057284038879,Rae Bareli,contained_grid,13.806666,23.509998,22.961042,35.212498,0.02590953,0.044064194,0.00029336117,6,Low Modelled Signal,False,13.806666,8.583192,18.286524,8.989807,18.693138,-4.8168592,-5.2234745
2018-07-28,76128533B74319098136622,Belgaum,contained_grid,2.0029411,6.67,0.9774264,5.87,0.00073945144,0.0038321386,0.0004190124,17,Low Modelled Signal,False,2.0029411,0.085089765,1.446526,0.11919302,1.8531408,-1.883748,-1.9178513
2018-07-28,76128533B74381554567803,Devbhumi Dwarka,contained_grid,1.5042858,2.0700002,0.16571428,1.16,7.877804e-05,9.0561014e-05,1.1668461e-05,7,Low Modelled Signal,False,1.5042858,0.0,0.0,0.0,0.0,-1.5042858,-1.5042858
2018-07-28,76128533B74447895476194,Kota,contained_grid,0.38000003,0.71000004,0.47296873,1.6249999,0.00053629733,0.00070029165,6.0108287e-05,8,Low Modelled Signal,False,0.38000003,0.0,0.0,0.0,0.0,-0.38000003,-0.38000003
2018-07-28,76128533B74482494441458,Bargarh,contained_grid,13.0125,22.33,7.2287493,21.664997,0.02749827,0.040686376,0.0044158464,8,Low Modelled Signal,False,13.0125,7.7890253,17.106525,8.195641,17.513142,-4.8168592,-5.2234745
2018-07-28,76128533B74859418903113,Thane,contained_grid,6.926,9.219999,1.3189999,4.1249995,0.004520031,0.0057298606,0.00024150686,5,Low Modelled Signal,False,6.926,1.8632206,3.9965253,2.1885123,4.40314,-4.737488,-5.0627794
2018-07-28,76128533B74887942950962,Vikarabad,contained_grid,0.25599998,0.41,0.0175,0.0725,0.00014567056,0.00015142089,2.1123707e-05,5,Low Modelled Signal,False,0.25599998,0.0,0.0,0.0,0.0,-0.25599998,-0.25599998
2018-07-28,76128533B74917207853309,Almora,contained_grid,41.994,61.83,44.803993,117.02498,0.037558027,0.050350435,0.0020905146,5,Low Modelled Signal,False,41.994,36.770527,56.60653,37.177143,57.01314,-4.8168564,-5.2234726
2018-07-28,76128533B74938989340684,Bara Banki,contained_grid,18.712,29.8,14.129499,19.777498,0.05240004,0.08584894,0.0011582719,5,Low Modelled Signal,False,18.712,13.488525,24.576525,13.89514,24.983139,-4.81686,-5.2234745
2018-07-28,76128533B74958462315105,Pulwama,contained_grid,5.96,5.96,0.61999995,0.61999995,0.0007476475,0.0007476475,3.4308938e-05,1,Low Modelled Signal,False,5.96,0.736526,0.736526,1.1431408,1.1431408,-4.8168592,-5.223474
2018-07-28,76128533B74961596993088,Sheohar,contained_grid,114.649994,114.649994,28.770002,28.770002,0.020635063,0.020635063,0.0004972932,1,Low Modelled Signal,False,114.649994,109.42652,109.42652,109.83314,109.83314,-4.8168564,-5.2234726
2018-07-28,76128533B74992405432705,Rajkot,contained_grid,0.95100003,1.3200002,0.0,0.0,6.658992e-05,7.2040326e-05,8.287887e-06,10,Low Modelled Signal,False,0.95100003,0.0,0.0,0.0,0.0,-0.95100003,-0.95100003
2018-07-28,76128533B75110579117636,Dharwad,contained_grid,1.9125,2.28,1.200625,3.9349997,0.00027265042,0.0004123001,4.821656e-05,4,Low Modelled Signal,False,1.9125,0.0,0.0,0.0,0.0,-1.9125,-1.9125
2018-07-28,76128533B75262864015847,Una,contained_grid,10.690001,10.92,2.5149999,3.3224998,0.0075446656,0.008447546,4.5814628e-05,2,Low Modelled Signal,False,10.690001,5.466526,5.696526,5.873141,6.103141,-4.8168597,-5.2234745
2018-07-28,76128533B75359793481950,Lahul & Spiti,contained_grid,7.292778,21.59,1.5834028,10.33125,0.004307191,0.026418792,0.00014239522,18,Low Modelled Signal,False,7.292778,2.8588185,16.366526,3.0811894,16.77314,-4.211589,-4.4339595
2018-07-28,76128533B7545062765383,Sambhal,contained_grid,14.6975,21.990002,9.939688,12.5,0.04108558,0.058564525,0.0013699285,4,Low Modelled Signal,False,14.6975,9.474026,16.766527,9.880641,17.173141,-4.8168592,-5.2234745
2018-07-28,76128533B75519739609062,Ernakulam,contained_grid,6.0959997,7.16,18.151249,29.182499,0.0012330168,0.0019587695,9.741455e-05,5,Low Modelled Signal,False,6.0959997,0.872526,1.9365258,1.2791407,2.3431406,-4.8168592,-5.2234735
2018-07-28,76128533B75529869544465,Giridih,contained_grid,25.259998,33.36,16.158749,19.839998,0.015731877,0.020933468,0.0015499091,7,Low Modelled Signal,False,25.259998,20.036526,28.136526,20.44314,28.54314,-4.8168583,-5.2234726
2018-07-28,76128533B75548370501185,Ashoknagar,contained_grid,0.86666673,1.0,0.008333333,0.049999997,0.0002590941,0.00028135572,2.8045934e-05,6,Low Modelled Signal,False,0.86666673,0.0,0.0,0.0,0.0,-0.86666673,-0.86666673
2018-07-28,76128533B75696328527555,Thrissur,contained_grid,7.475,7.5600004,14.234999,19.029999,0.0015957863,0.0018213177,9.542122e-05,2,Low Modelled Signal,False,7.475,2.2515259,2.3365264,2.6581407,2.7431412,-4.8168592,-5.223474
2018-07-28,76128533B75922461866405,Barmer,contained_grid,0.049000002,0.46000004,0.0,0.0,0.00029571628,0.0004384347,6.735899e-05,40,Low Modelled Signal,False,0.049000002,0.0,0.0,0.0,0.0,-0.049000002,-0.049000002
2018-07-28,76128533B76058958071350,Upper Siang,contained_grid,35.078182,53.869995,5.047727,11.035,0.013913936,0.026827501,0.00040876915,11,Low Modelled Signal,False,35.078182,29.854708,48.646523,30.261322,49.053135,-4.81686,-5.2234745
2018-07-28,76128533B7606365706860,Gandhinagar,contained_grid,0.58,0.73,0.029166669,0.087500006,0.00015019333,0.00015883334,3.8585058e-05,3,Low Modelled Signal,False,0.58,0.0,0.0,0.0,0.0,-0.58,-0.58
2018-07-28,76128533B76129461078086,East Kameng,contained_grid,60.216663,90.19,25.396873,33.024998,0.03035248,0.05142033,0.0011046244,6,Low Modelled Signal,False,60.216663,54.993195,84.96653,55.399807,85.373146,-4.8168564,-5.223469
2018-07-28,76128533B7622369120497,Varanasi,contained_grid,64.2625,73.89,8.453438,17.88875,0.060964342,0.08257054,0.0024071727,4,Low Modelled Signal,False,64.2625,59.03903,68.66653,59.44564,69.07314,-4.8168564,-5.223469
2018-07-28,76128533B76286653784168,Gondiya,contained_grid,2.63375,3.3400002,0.13109374,1.0224999,0.0003871969,0.00075296225,5.4724227e-05,8,Low Modelled Signal,False,2.63375,0.0,0.0,0.0,0.0,-2.63375,-2.63375
2018-07-28,76128533B7643504807381,Kanshiram Nagar,contained_grid,19.07,21.06,22.625832,26.347498,0.09367641,0.143383,0.00072369893,3,Heavy Rain Watch,False,19.07,13.846524,15.836525,14.25314,16.243141,-4.8168592,-5.2234755
2018-07-28,76128533B76479861129777,Kheri,contained_grid,24.026999,42.95,9.624624,20.035,0.03399922,0.056702368,0.0039136983,10,Low Modelled Signal,False,24.026999,18.803526,37.72653,19.21014,38.13314,-4.8168583,-5.2234726
2018-07-28,76128533B76927648517269,Bangalore,contained_grid,0.20333333,0.25,1.1970834,3.40625,8.5453765e-05,9.603029e-05,2.0310943e-05,3,Low Modelled Signal,False,0.20333333,0.0,0.0,0.0,0.0,-0.20333333,-0.20333333
2018-07-28,76128533B77134386587213,North Tripura,contained_grid,5.31,7.45,6.3774996,6.9849997,0.002139214,0.0030163336,0.0003211466,2,Low Modelled Signal,False,5.31,1.1132629,2.2265258,1.3165703,2.6331406,-3.9934297,-4.1967373
2018-07-28,76128533B77191913035963,Neemuch,contained_grid,1.1433333,1.72,0.0,0.0,0.00030613705,0.00034266972,2.7687141e-05,6,Low Modelled Signal,False,1.1433333,0.0,0.0,0.0,0.0,-1.1433333,-1.1433333
2018-07-28,76128533B77336742344288,Mamit,contained_grid,2.45,2.7399998,4.759584,9.7612505,0.00225955,0.004277227,0.00014594548,3,Low Modelled Signal,False,2.45,0.0,0.0,0.0,0.0,-2.45,-2.45
2018-07-28,76128533B77537928419507,Shimla,contained_grid,21.931112,35.22,25.2675,34.149998,0.010363679,0.012757351,0.00021070332,9,Low Modelled Signal,False,21.931112,16.707636,29.996527,17.11425,30.403141,-4.816862,-5.2234764
2018-07-28,76128533B77719785699048,Nayagarh,contained_grid,13.416667,19.800001,2.4587498,8.389999,0.01907217,0.02852473,0.0046828585,6,Low Modelled Signal,False,13.416667,8.1931925,14.576527,8.599808,14.983142,-4.8168592,-5.2234745
2018-07-28,76128533B78458325839103,Kalimpong,contained_grid,54.795,59.1,15.00625,16.5075,0.032631412,0.035029467,0.0041943896,2,Low Modelled Signal,False,54.795,49.571526,53.876526,49.978138,54.28314,-4.81686,-5.2234726
2018-07-28,76128533B78482805703540,Seoni,contained_grid,3.1776924,5.67,0.0059615383,0.0775,0.00086140883,0.0021876348,7.9520396e-05,13,Low Modelled Signal,False,3.1776924,0.034348156,0.44652605,0.06562622,0.85314083,-3.1120663,-3.1433442
2018-07-28,76128533B7851306475665,Surendranagar,contained_grid,0.33153847,0.57,0.0,0.0,0.00020746983,0.00031278175,7.785097e-05,13,Low Modelled Signal,False,0.33153847,0.0,0.0,0.0,0.0,-0.33153847,-0.33153847
2018-07-28,76128533B7879459377699,Ambedkar Nagar,contained_grid,29.41,33.48,1.516875,2.2575,0.02975092,0.03181191,0.0010623768,2,Low Modelled Signal,False,29.41,24.186525,28.256525,24.59314,28.66314,-4.81686,-5.2234745
2018-07-28,76128533B78904410352326,Kaimur (Bhabua),contained_grid,42.974995,64.549995,10.0320835,14.192499,0.0430097,0.05586811,0.0062704645,6,Low Modelled Signal,False,42.974995,37.751526,59.326523,38.15814,59.733135,-4.8168564,-5.223469
2018-07-28,76128533B78970756356546,Khagaria,contained_grid,44.1,47.43,12.893749,15.9925,0.022587229,0.027831672,0.009807075,2,Low Modelled Signal,False,44.1,38.876526,42.206528,39.283142,42.61314,-4.8168564,-5.2234726
2018-07-28,76128533B79048012717121,Guna,contained_grid,0.9955556,1.42,0.004583333,0.041249998,0.0002512405,0.00033778566,3.8271926e-05,9,Low Modelled Signal,False,0.9955556,0.0,0.0,0.0,0.0,-0.9955556,-0.9955556
2018-07-28,76128533B79087524886024,Mandla,contained_grid,5.191111,6.5999994,0.16916667,1.005,0.0022326065,0.0040085907,0.00019876623,9,Low Modelled Signal,False,5.191111,0.3302921,1.3765254,0.6335538,1.7831402,-4.557557,-4.860819
2018-07-28,76128533B79135514077232,Theni,contained_grid,0.4,1.1800001,2.9312503,8.765,0.000114208575,0.00015964982,1.5644173e-05,3,Low Modelled Signal,False,0.4,0.0,0.0,0.0,0.0,-0.4,-0.4
2018-07-28,76128533B79180273895456,Uttara Kannada,contained_grid,6.3123074,10.05,1.7475,6.7425,0.0036019767,0.008150628,0.0007372985,13,Low Modelled Signal,False,6.3123074,1.7324774,4.826526,1.982702,5.233141,-4.329605,-4.57983
2018-07-28,76128533B79263581040575,Ramgarh,contained_grid,12.240001,14.920001,4.683749,5.749999,0.02208755,0.033356026,0.0005942157,2,Low Modelled Signal,False,12.240001,7.016527,9.6965275,7.4231415,10.103142,-4.8168592,-5.2234735
2018-07-28,76128533B79303776608295,Shahdol,contained_grid,12.68375,15.959999,7.890625,16.885,0.007739509,0.008569871,0.00018767173,8,Low Modelled Signal,False,12.68375,7.4602757,10.736525,7.8668904,11.14314,-4.8168597,-5.2234745
2018-07-28,76128533B79600797037735,Ramanagara,contained_grid,0.3,0.35999998,0.086875,0.25,8.733529e-05,0.000100830366,2.2717106e-05,4,Low Modelled Signal,False,0.3,0.0,0.0,0.0,0.0,-0.3,-0.3
2018-07-28,76128533B79601545186231,Koppal,contained_grid,0.42125002,0.55,0.8528125,3.5299997,0.00017088103,0.00021959934,2.8301822e-05,8,Low Modelled Signal,False,0.42125002,0.0,0.0,0.0,0.0,-0.42125002,-0.42125002
2018-07-28,76128533B79652855441225,Kathua,contained_grid,8.508,10.57,1.8705002,4.1600003,0.0050167153,0.00919985,5.463279e-05,5,Low Modelled Signal,False,8.508,3.2845256,5.3465257,3.6911407,5.7531404,-4.8168597,-5.2234745
2018-07-28,76128533B79750857313751,South Garo Hills,contained_grid,24.64,26.689999,38.868744,47.612495,0.006753185,0.007633578,0.0003346748,2,Low Modelled Signal,False,24.64,19.416523,21.466524,19.82314,21.873138,-4.81686,-5.2234764
2018-07-28,76128533B79784438258239,Etawah,contained_grid,13.07,13.719999,0.22499998,0.33499998,0.121522784,0.12765554,0.00034053382,3,Heavy Rain Watch,False,13.07,7.8465257,8.496525,8.25314,8.90314,-4.8168592,-5.223474
2018-07-28,76128533B80016894369263,Mewat,contained_grid,8.373333,9.82,1.4245833,2.48875,0.030275725,0.035034366,0.0006427042,3,Low Modelled Signal,False,8.373333,3.1498592,4.5965257,3.5564737,5.0031404,-4.8168592,-5.2234735
2018-07-28,76128533B80299348876357,Kanpur Dehat,contained_grid,21.59,24.93,0.49925002,1.43625,0.06709345,0.0844103,0.0009444232,5,Low Modelled Signal,False,21.59,16.366526,19.706526,16.77314,20.11314,-4.81686,-5.2234745
2018-07-28,76128533B80656256583567,Puri,contained_grid,5.8879995,11.9,2.62025,3.8600001,0.0141829755,0.022974387,0.004852376,5,Low Modelled Signal,False,5.8879995,1.9706103,6.6765256,2.1332562,7.0831404,-3.7547433,-3.9173894
2018-07-28,76128533B80772392204057,Chikkaballapura,contained_grid,0.036000002,0.14,0.26775,0.625,0.00014531292,0.00020715676,5.2037383e-05,5,Low Modelled Signal,False,0.036000002,0.0,0.0,0.0,0.0,-0.036000002,-0.036000002
2018-07-28,76128533B80916614857890,Gumla,contained_grid,23.318335,30.86,8.3525,15.17,0.029282594,0.048271637,0.0010321282,6,Low Modelled Signal,False,23.318335,18.094858,25.636526,18.501474,26.04314,-4.81686,-5.2234764
2018-07-28,76128533B80958502091898,Datia,contained_grid,11.1625,13.43,0.828125,1.475,0.07157171,0.11320176,0.00032495035,4,Heavy Rain Watch,False,11.1625,5.939026,8.206526,6.34564,8.613141,-4.81686,-5.2234745
2018-07-28,76128533B80966996849325,Kannauj,contained_grid,22.08,25.36,7.4091663,16.537498,0.085505426,0.1032819,0.00077476946,3,Heavy Rain Watch,False,22.08,16.856525,20.136526,17.26314,20.54314,-4.81686,-5.2234745
2018-07-28,76128533B81147724102706,Baleshwar,contained_grid,8.08,13.240001,14.3205,19.6875,0.012893563,0.015754763,0.009641415,5,Low Modelled Signal,False,8.08,2.9572208,8.016527,3.2825127,8.4231415,-4.7974873,-5.122779
2018-07-28,76128533B81419063387740,Shahdara,nearest_grid,12.59,12.59,3.2949996,3.2949996,0.019013498,0.019013498,0.0008301212,1,Low Modelled Signal,False,12.59,7.366526,7.366526,7.773141,7.773141,-4.8168592,-5.223474
2018-07-28,76128533B81607600692021,Panna,contained_grid,1.5555556,3.4199998,1.5820832,6.625,0.0008916996,0.002935168,0.0002584895,9,Low Modelled Signal,False,1.5555556,0.0,0.0,0.0,0.0,-1.5555556,-1.5555556
2018-07-28,76128533B81661995166840,Mahesana,contained_grid,0.6566667,1.1400001,0.014166667,0.085,0.00015719338,0.00017633759,3.553719e-05,6,Low Modelled Signal,False,0.6566667,0.0,0.0,0.0,0.0,-0.6566667,-0.6566667
2018-07-28,76128533B81694682724865,Uttarkashi,contained_grid,16.610909,28.21,38.40159,103.30751,0.014070987,0.042358898,0.00013983194,11,Low Modelled Signal,False,16.610909,11.486841,22.986525,11.856491,23.393139,-4.7544174,-5.1240673
2018-07-28,76128533B81857725777974,Hugli,contained_grid,13.783333,19.08,23.051666,32.22,0.013580388,0.017811682,0.0028906765,3,Low Modelled Signal,False,13.783333,8.71435,13.856525,8.985427,14.263141,-4.797906,-5.068983
2018-07-28,76128533B81964529079574,Bilaspur,contained_grid,29.263334,36.239998,4.3022914,8.5824995,0.061924685,0.076826185,0.0020105783,6,Low Modelled Signal,False,29.263334,24.039858,31.016523,24.446474,31.423138,-4.81686,-5.2234764
2018-07-28,76128533B82052450002431,Tuensang,contained_grid,66.93,88.19,64.70875,84.909996,0.03456793,0.036613423,0.00023573777,3,Low Modelled Signal,False,66.93,61.706528,82.96653,62.11314,83.373146,-4.81686,-5.2234726
2018-07-28,76128533B8221925175605,Baksa,contained_grid,44.8625,54.16,17.19875,18.775002,0.04172446,0.05306633,0.0324905,4,Low Modelled Signal,False,44.8625,39.639027,48.936527,40.04564,49.34314,-4.81686,-5.2234726
2018-07-28,76128533B82240600990321,Sheopur,contained_grid,0.61,1.1899999,0.8612499,2.8099997,0.00059717195,0.00075868383,5.2462907e-05,8,Low Modelled Signal,False,0.61,0.0,0.0,0.0,0.0,-0.61,-0.61
2018-07-28,76128533B82279368215419,Kakching,contained_grid,61.809998,61.809998,22.41875,22.41875,0.020689148,0.020689148,0.00022927187,1,Low Modelled Signal,False,61.809998,56.586525,56.586525,56.993137,56.993137,-4.81686,-5.2234726
2018-07-28,76128533B82539771173603,Wayanad,contained_grid,3.9199998,5.49,1.0062499,1.0875,0.0009896938,0.0015023837,0.000109417015,2,Low Modelled Signal,False,3.9199998,0.13326287,0.26652575,0.33657026,0.6731405,-3.5834296,-3.786737
2018-07-28,76128533B82559220423608,Betul,contained_grid,2.853125,4.94,0.009531249,0.15249999,0.00038910087,0.00060870236,9.5377894e-05,16,Low Modelled Signal,False,2.853125,0.0,0.0,0.0076963007,0.12314081,-2.8454287,-2.853125
2018-07-28,76128533B82601690264832,Sangrur,contained_grid,6.0,9.41,2.067143,4.3349996,0.005947485,0.0098502785,0.00028051742,7,Low Modelled Signal,False,6.0,1.5465862,4.186526,1.7789375,4.5931406,-4.2210627,-4.453414
2018-07-28,76128533B82793215586362,Mokokchung,contained_grid,27.964998,32.989998,38.69188,51.013752,0.017799314,0.023898967,0.000800613,2,Low Modelled Signal,False,27.964998,22.741524,27.766523,23.148138,28.173138,-4.81686,-5.2234745
2018-07-28,76128533B83105693975079,Yanam,nearest_grid,0.3,0.3,3.4099998,3.4099998,0.0003463071,0.0003463071,2.46084e-05,1,Low Modelled Signal,False,0.3,0.0,0.0,0.0,0.0,-0.3,-0.3
2018-07-28,76128533B83278580643229,Bagalkot,contained_grid,0.5744445,0.87000006,0.32013887,1.9499999,0.00019084809,0.00021959934,2.7957472e-05,9,Low Modelled Signal,False,0.5744445,0.0,0.0,0.0,0.0,-0.5744445,-0.5744445
2018-07-28,76128533B83462627230182,Bhagalpur,contained_grid,44.92333,48.819996,26.263336,28.005001,0.016315648,0.01693956,0.0021369178,3,Low Modelled Signal,False,44.92333,39.69986,43.596523,40.106472,44.003136,-4.8168564,-5.223469
2018-07-28,76128533B83644689337946,Kancheepuram,contained_grid,0.0,0.0,0.08166667,0.14999999,0.00012557242,0.00012668614,1.8630524e-05,3,Low Modelled Signal,False,0.0,0.0,0.0,0.0,0.0,0.0,0.0
2018-07-28,76128533B83861010847920,Malappuram,contained_grid,4.4366665,5.8399997,19.072916,37.539997,0.0006133431,0.0010004328,7.380135e-05,6,Low Modelled Signal,False,4.4366665,0.10275427,0.61652565,0.1705234,1.0231404,-4.266143,-4.3339124
2018-07-28,76128533B84094142280102,Jodhpur,contained_grid,0.009411764,0.11,0.0,0.0,0.00022576716,0.00039198555,2.7082766e-05,34,Low Modelled Signal,False,0.009411764,0.0,0.0,0.0,0.0,-0.009411764,-0.009411764
2018-07-28,76128533B84129562351919,Sambalpur,contained_grid,23.01909,40.690002,9.185113,22.096249,0.054187372,0.07609541,0.03647433,11,Low Modelled Signal,False,23.01909,17.795618,35.46653,18.202232,35.873142,-4.8168583,-5.2234726
2018-07-28,76128533B8426545955058,Amritsar,contained_grid,14.88,14.99,1.34,2.355,0.009044331,0.0090644555,8.874746e-05,2,Low Modelled Signal,False,14.88,9.656526,9.766525,10.063141,10.173141,-4.8168592,-5.2234745
2018-07-28,76128533B84398038505400,Mulugu,contained_grid,1.5475,2.0,0.13374999,0.3725,0.00029672816,0.00046237488,1.5787917e-05,4,Low Modelled Signal,False,1.5475,0.0,0.0,0.0,0.0,-1.5475,-1.5475
2018-07-28,76128533B84417945851362,Porbandar,contained_grid,2.15,2.63,0.0,0.0,8.4270796e-05,9.073924e-05,3.106284e-05,5,Low Modelled Signal,False,2.15,0.0,0.0,0.0,0.0,-2.15,-2.15
2018-07-28,76128533B84622469201834,West Jaintia Hills,contained_grid,10.443333,19.849998,18.334585,27.027502,0.009662109,0.01116905,0.00027697018,3,Low Modelled Signal,False,10.443333,5.7643504,14.626524,6.035427,15.033139,-4.4079056,-4.6789823
2018-07-28,76128533B84676164211579,Hydrabad,contained_grid,0.0,0.0,0.0,0.0,0.00016410275,0.00016410275,2.2116641e-05,1,Low Modelled Signal,False,0.0,0.0,0.0,0.0,0.0,0.0,0.0
2018-07-28,76128533B84679668760735,Budaun,contained_grid,17.08,20.14,29.99854,41.56125,0.055087168,0.09068484,0.0032280262,6,Low Modelled Signal,False,17.08,11.856525,14.916525,12.263141,15.32314,-4.8168592,-5.2234745
2018-07-28,76128533B84689409020934,Upper Subansiri,contained_grid,48.99143,92.11,10.7025,19.8075,0.02734967,0.046807367,0.0004637024,7,Low Modelled Signal,False,48.99143,43.767956,86.88653,44.17457,87.293144,-4.81686,-5.2234726
2018-07-28,76128533B84772375641700,Baudh,contained_grid,14.885,22.18,1.3996875,1.7025,0.02142923,0.029713053,0.0028327913,4,Low Modelled Signal,False,14.885,9.661526,16.956526,10.068141,17.36314,-4.8168592,-5.2234745
2018-07-28,76128533B84772439394056,Mainpuri,contained_grid,17.0275,22.34,0.83718747,1.3799999,0.06803108,0.08718533,0.0011251711,4,Low Modelled Signal,False,17.0275,11.804026,17.116526,12.21064,17.52314,-4.81686,-5.2234745
2018-07-28,76128533B84837672903805,Sirsa,contained_grid,0.10833333,0.22,0.19833332,1.1424999,0.0019739724,0.002452655,6.0989638e-05,6,Low Modelled Signal,False,0.10833333,0.0,0.0,0.0,0.0,-0.10833333,-0.10833333
2018-07-28,76128533B84927972855096,Yadgir,contained_grid,0.23,0.34,0.03958333,0.23749998,0.00017354304,0.00019846288,2.3423305e-05,6,Low Modelled Signal,False,0.23,0.0,0.0,0.0,0.0,-0.23,-0.23
2018-07-28,76128533B85157820615002,Yadadri Bhongiri,contained_grid,0.030000001,0.120000005,0.0259375,0.0725,0.00018124607,0.00019324584,2.1032445e-05,4,Low Modelled Signal,False,0.030000001,0.0,0.0,0.0,0.0,-0.030000001,-0.030000001
2018-07-28,76128533B85389886560116,Shimoga,contained_grid,5.6053843,12.91,1.1086538,2.6125,0.004083474,0.010476442,0.0010485208,13,Low Modelled Signal,False,5.6053843,1.9514735,7.686526,2.139142,8.093141,-3.4662423,-3.6539109
2018-07-28,76128533B85627242103654,Lakhimpur,contained_grid,31.931665,53.37,48.247498,109.4725,0.038047764,0.072367884,0.002100927,6,Low Modelled Signal,False,31.931665,26.708193,48.146526,27.114807,48.55314,-4.8168583,-5.2234726
2018-07-28,76128533B85695392289827,Bilaspur,contained_grid,11.535001,13.29,4.3849998,5.9849997,0.011822987,0.015244599,3.9034887e-05,2,Low Modelled Signal,False,11.535001,6.3115273,8.066526,6.7181416,8.473141,-4.8168592,-5.2234735
2018-07-28,76128533B85747247216737,Dimapur,contained_grid,14.2,14.2,24.185,24.185,0.006864266,0.006864266,0.00017661382,1,Low Modelled Signal,False,14.2,8.976526,8.976526,9.383141,9.383141,-4.8168592,-5.2234735
2018-07-28,76128533B8575303957680,Ratnagiri,contained_grid,8.920909,11.37,1.3213636,4.1,0.007285899,0.009218288,0.0007025013,11,Low Modelled Signal,False,8.920909,3.697435,6.146526,4.1040497,6.5531406,-4.8168592,-5.223474
2018-07-28,76128533B85917349021677,Malkangiri,contained_grid,6.6087503,9.5,9.312656,16.2075,0.0027344907,0.004129143,0.00031185214,8,Low Modelled Signal,False,6.6087503,1.7103289,4.276526,1.9761058,4.6831408,-4.6326447,-4.8984213
2018-07-28,76128533B86048662040782,Panipat,contained_grid,33.730003,33.730003,2.7375002,2.7375002,0.03355428,0.03355428,0.0014431882,1,Low Modelled Signal,False,33.730003,28.506529,28.506529,28.913143,28.913143,-4.81686,-5.2234745
2018-07-28,76128533B86135761305702,Jhunjhunun,contained_grid,0.17375001,1.1500001,6.0984373,24.497498,0.0010561036,0.0015179348,7.086316e-05,8,Low Modelled Signal,False,0.17375001,0.0,0.0,0.0,0.0,-0.17375001,-0.17375001
2018-07-28,76128533B86368264587575,Alappuzha,contained_grid,5.425,5.7200003,5.8068748,9.558749,0.00044421232,0.00057900953,5.2330644e-05,2,Low Modelled Signal,False,5.425,0.24826312,0.49652624,0.6081407,0.903141,-4.8168592,-5.176737
2018-07-28,76128533B86424887513424,Hingoli,contained_grid,0.15166667,0.31,0.014375,0.08625,0.0001784608,0.00023394384,3.917799e-05,6,Low Modelled Signal,False,0.15166667,0.0,0.0,0.0,0.0,-0.15166667,-0.15166667
2018-07-28,76128533B86430586962522,Viluppuram,contained_grid,0.05,0.2,0.0070833326,0.024999999,0.00012967423,0.00015570669,1.8630524e-05,6,Low Modelled Signal,False,0.05,0.0,0.0,0.0,0.0,-0.05,-0.05
2018-07-28,76128533B86721175299079,Haveri,contained_grid,1.268,1.6200001,0.33249998,0.72625,0.00021682754,0.00039306903,5.3679596e-05,5,Low Modelled Signal,False,1.268,0.0,0.0,0.0,0.0,-1.268,-1.268
2018-07-28,76128533B87051210355251,Muzaffarnagar,contained_grid,33.602,39.23,33.7575,50.9725,0.015571037,0.018336982,0.0011478357,5,Low Modelled Signal,False,33.602,28.378529,34.006527,28.785141,34.41314,-4.81686,-5.2234726
2018-07-28,76128533B87317961648652,Hapur,contained_grid,21.390001,21.390001,7.3449993,7.3449993,0.030479725,0.030479725,0.0013239618,1,Low Modelled Signal,False,21.390001,16.166527,16.166527,16.573143,16.573143,-4.8168583,-5.2234745
2018-07-28,76128533B87327155385261,Kulgam,contained_grid,14.815001,15.72,5.5374994,5.9749994,0.0011949723,0.0012200756,3.5627894e-05,2,Low Modelled Signal,False,14.815001,9.591526,10.496527,9.99814,10.903141,-4.81686,-5.2234745
2018-07-28,76128533B87371000929659,Balrampur,contained_grid,45.47,51.82,11.577916,18.41625,0.04579862,0.073759265,0.002356591,3,Low Modelled Signal,False,45.47,40.246525,46.596527,40.65314,47.00314,-4.81686,-5.2234764
2018-07-28,76128533B87515288456202,Sant Ravidas Nagar (Bhadohi),contained_grid,42.03,49.550003,6.365,10.49,0.04413864,0.054249253,0.00293963,2,Low Modelled Signal,False,42.03,36.806526,44.32653,37.213142,44.733143,-4.8168564,-5.2234726
2018-07-28,76128533B87833640460819,Hardwar,contained_grid,16.403334,19.929998,88.01292,146.11499,0.015835484,0.017327828,0.00036104576,3,Low Modelled Signal,False,16.403334,11.179859,14.706524,11.586474,15.113139,-4.8168592,-5.2234745
2018-07-28,76128533B8798165946807,Kandhamal,contained_grid,12.832727,18.94,1.4502273,3.2275,0.013567231,0.022241827,0.0033197072,11,Low Modelled Signal,False,12.832727,7.609253,13.716526,8.015868,14.123141,-4.8168592,-5.2234745
2018-07-28,76128533B88214376170788,Badgam,nearest_grid,13.120001,13.120001,2.1899998,2.1899998,0.0009356868,0.0009356868,3.0581843e-05,1,Low Modelled Signal,False,13.120001,7.896527,7.896527,8.303142,8.303142,-4.8168592,-5.223474
2018-07-28,76128533B88466433485589,Nagapattinam,contained_grid,1.0,1.3,1.5450001,2.0900002,0.00011382129,0.00011815682,1.8837902e-05,2,Low Modelled Signal,False,1.0,0.0,0.0,0.0,0.0,-1.0,-1.0
2018-07-28,76128533B88481188307630,Muzaffarpur,contained_grid,98.832504,150.17,9.718437,18.08,0.021340625,0.027215065,0.00038574435,4,Low Modelled Signal,False,98.832504,93.609024,144.94652,94.01564,145.35313,-4.816864,-5.22348
2018-07-28,76128533B88623139855224,Mau,contained_grid,28.07,33.4,27.190624,37.174995,0.013964703,0.018673126,0.0006593949,4,Low Modelled Signal,False,28.07,22.846525,28.176527,23.25314,28.583141,-4.81686,-5.2234745
2018-07-28,76128533B88669134807148,Chengalputtu,contained_grid,0.0,0.0,0.08708333,0.1425,0.00018710474,0.00021609777,1.8630524e-05,3,Low Modelled Signal,False,0.0,0.0,0.0,0.0,0.0,0.0,0.0
2018-07-28,76128533B88758450653156,Mathura,contained_grid,29.514002,40.92,2.2374997,3.7124999,0.085991755,0.11095624,0.0016171891,5,Heavy Rain Watch,False,29.514002,24.290525,35.696526,24.69714,36.103138,-4.816862,-5.2234764
2018-07-28,76128533B8878807356913,Mahamaya Nagar,contained_grid,38.280006,38.280006,0.63,0.63,0.16518965,0.16518965,0.0003694924,1,Heavy Rain Watch,False,38.280006,33.056534,33.056534,33.463146,33.463146,-4.81686,-5.2234726
2018-07-28,76128533B88812350838807,Paschim Medinipur,contained_grid,10.135,26.869999,11.078592,19.104996,0.0091338735,0.015222665,0.0039923615,8,Low Modelled Signal,False,10.135,5.411578,21.646524,5.665713,22.053139,-4.4692874,-4.723422
2018-07-28,76128533B8892495882090,Nalgonda,contained_grid,0.0,0.0,0.33069444,1.0124998,0.0002228836,0.00030269273,2.1472943e-05,9,Low Modelled Signal,False,0.0,0.0,0.0,0.0,0.0,0.0,0.0
2018-07-28,76128533B89024397489955,Chennai,contained_grid,0.0,0.0,0.2175,0.2175,0.00020335801,0.00020335801,1.6368373e-05,1,Low Modelled Signal,False,0.0,0.0,0.0,0.0,0.0,0.0,0.0
2018-07-28,76128533B8920527783032,Tinsukia,contained_grid,80.94666,108.590004,19.243542,28.675001,0.026103081,0.04448378,0.00086118875,6,Low Modelled Signal,False,80.94666,75.7232,103.36653,76.129814,103.77315,-4.8168488,-5.223465
2018-07-28,76128533B89228414823983,Charaideo,contained_grid,33.539997,33.539997,13.99,13.99,0.010859221,0.010859221,0.00032274763,1,Low Modelled Signal,False,33.539997,28.316523,28.316523,28.723137,28.723137,-4.81686,-5.2234745
2018-07-28,76128533B89286042589317,Ujjain,contained_grid,2.295,2.65,0.0,0.0,0.00028992322,0.0005685068,6.731523e-05,8,Low Modelled Signal,False,2.295,0.0,0.0,0.0,0.0,-2.295,-2.295
2018-07-28,76128533B8930157583904,Jangaon,contained_grid,0.25,0.38,0.11166666,0.21,0.00019508037,0.00021999513,2.1032445e-05,3,Low Modelled Signal,False,0.25,0.0,0.0,0.0,0.0,-0.25,-0.25
2018-07-28,76128533B89374164863010,Vellore,contained_grid,0.0,0.0,0.075312495,0.16,0.00015410328,0.00016074181,2.2745318e-05,4,Low Modelled Signal,False,0.0,0.0,0.0,0.0,0.0,0.0,0.0
2018-07-28,76128533B89438858641946,Korba,contained_grid,29.426,37.32,4.49125,7.805,0.05554368,0.075887315,0.0031027165,10,Low Modelled Signal,False,29.426,24.202526,32.096527,24.60914,32.50314,-4.81686,-5.2234745
2018-07-28,76128533B89575258858457,Tiruvannamalai,contained_grid,0.0,0.0,0.108035706,0.21,0.00012696392,0.00018050586,1.8630524e-05,7,Low Modelled Signal,False,0.0,0.0,0.0,0.0,0.0,0.0,0.0
2018-07-28,76128533B89925537847414,Sivaganga,contained_grid,0.0,0.0,1.9683332,2.725,0.00012465219,0.00016113845,8.905082e-06,3,Low Modelled Signal,False,0.0,0.0,0.0,0.0,0.0,0.0,0.0
2018-07-28,76128533B89979485471283,Narayanpur,contained_grid,6.471667,9.639999,0.004583333,0.012499999,0.0029795782,0.0052402886,0.00028081023,6,Low Modelled Signal,False,6.471667,1.3654383,4.4165254,1.7042841,4.82314,-4.7673826,-5.1062284
2018-07-28,76128533B8998698404381,Sitapur,contained_grid,15.954444,23.73,9.887083,27.2,0.031684756,0.049954366,0.0013987744,9,Low Modelled Signal,False,15.954444,10.73097,18.506525,11.137585,18.91314,-4.8168592,-5.2234735
2018-07-28,76128533B90068096507942,Deoghar,contained_grid,45.1075,50.18,7.1450005,13.907501,0.018731486,0.020796718,0.0027266468,4,Low Modelled Signal,False,45.1075,39.884026,44.956528,40.29064,45.36314,-4.8168564,-5.2234726
2018-07-28,76128533B90071703601852,Pilibhit,contained_grid,21.230001,31.090002,15.195625,25.03,0.029009009,0.066655986,0.0045485045,6,Low Modelled Signal,False,21.230001,16.006525,25.866528,16.413141,26.273144,-4.81686,-5.2234764
2018-07-28,76128533B90169585758701,Balod,contained_grid,7.6800003,20.260002,0.67833334,2.02375,0.0036102186,0.00792096,0.0009996359,6,Low Modelled Signal,False,7.6800003,4.17493,15.036528,4.3782372,15.443143,-3.301763,-3.5050702
2018-07-28,76128533B90384580518633,Madhubani,contained_grid,55.058002,67.12,7.6207495,10.337501,0.0075033037,0.008302013,0.00035718904,5,Low Modelled Signal,False,55.058002,49.834526,61.89653,50.241142,62.303143,-4.81686,-5.2234764
2018-07-28,76128533B90551733723251,Gwalior,contained_grid,8.318571,15.82,0.15107143,0.44875,0.04665665,0.10349529,0.00023751947,7,Heavy Rain Watch,False,8.318571,4.20609,10.596525,4.496529,11.00314,-3.822042,-4.112481
2018-07-28,76128533B90913053845537,Lower Subansiri,contained_grid,197.62,197.62,51.8475,51.8475,0.11057384,0.11057384,0.0006278586,1,Heavy Rain Watch,False,197.62,192.39651,192.39651,192.80313,192.80313,-4.816864,-5.22348
2018-07-28,76128533B91211372620495,Jalandhar,contained_grid,5.845,6.3599997,0.2175,0.435,0.0046129907,0.004648381,3.932338e-05,2,Low Modelled Signal,False,5.845,0.62152576,1.1365256,1.0281405,1.5431404,-4.8168592,-5.223474
2018-07-28,76128533B91445917652173,Vaishali,contained_grid,57.199997,73.56,33.533333,54.614998,0.020442944,0.029306779,0.00045453623,3,Low Modelled Signal,False,57.199997,51.97653,68.336525,52.383137,68.74314,-4.81686,-5.223469
2018-07-28,76128533B91472319248603,Goalpara,contained_grid,48.13667,60.489994,11.350833,20.775,0.015870376,0.023928529,0.00088547793,3,Low Modelled Signal,False,48.13667,42.913193,55.26652,43.319805,55.673134,-4.816864,-5.2234764
2018-07-28,76128533B91480770176940,Kokrajhar,contained_grid,71.744995,92.24,3.6759377,6.1887503,0.046964377,0.067446105,0.00428661,4,Low Modelled Signal,False,71.744995,66.52153,87.016525,66.92815,87.42314,-4.8168488,-5.223465
2018-07-28,76128533B91640519747726,Firozabad,contained_grid,17.088001,25.43,0.60725003,1.72,0.11338873,0.18678859,0.0009082626,5,Heavy Rain Watch,False,17.088001,11.864526,20.206526,12.271141,20.61314,-4.81686,-5.2234755
2018-07-28,76128533B91818883767147,Jajapur,contained_grid,8.516001,15.82,6.95975,12.495,0.022165306,0.04887296,0.0080388505,5,Low Modelled Signal,False,8.516001,3.7372208,10.596525,4.062513,11.00314,-4.453488,-4.77878
2018-07-28,76128533B91871300208785,Gaya,contained_grid,33.506668,59.96,58.420967,78.93249,0.029749172,0.040993787,0.0015228426,9,Low Modelled Signal,False,33.506668,28.283194,54.736526,28.689806,55.14314,-4.816862,-5.2234745
2018-07-28,76128533B91881382098572,Kachchh,contained_grid,0.7929508,1.65,0.18795082,2.505,0.00021646968,0.00083422347,2.6372143e-05,61,Low Modelled Signal,False,0.7929508,0.0,0.0,0.0,0.0,-0.7929508,-0.7929508
2018-07-28,76128533B91943656836526,Jhalawar,contained_grid,1.228889,1.9300002,0.02222222,0.19999999,0.00028269948,0.0004101927,3.106019e-05,9,Low Modelled Signal,False,1.228889,0.0,0.0,0.0,0.0,-1.228889,-1.228889
2018-07-28,76128533B92044109913630,Hanumangarh,contained_grid,0.15466666,0.77,0.5823333,2.96,0.0017267851,0.0026501426,8.112227e-05,15,Low Modelled Signal,False,0.15466666,0.0,0.0,0.0,0.0,-0.15466666,-0.15466666
2018-07-28,76128533B92621859299479,Bellary,contained_grid,0.49636364,1.08,0.23920454,1.3675,0.0001612487,0.00018078976,2.7957472e-05,11,Low Modelled Signal,False,0.49636364,0.0,0.0,0.0,0.0,-0.49636364,-0.49636364
2018-07-28,76128533B92985585225784,Ramban,contained_grid,5.77,5.77,5.635,5.635,0.0009203002,0.0009203002,3.984288e-05,1,Low Modelled Signal,False,5.77,0.54652596,0.54652596,0.95314074,0.95314074,-4.8168592,-5.223474
2018-07-28,76128533B93063337202124,Gariaband,contained_grid,10.962858,17.240002,0.03482143,0.1325,0.016496906,0.05234282,0.005082636,7,Low Modelled Signal,False,10.962858,6.061309,12.016527,6.409836,12.423142,-4.5530224,-4.9015493
2018-07-28,76128533B93113981386565,Ahmadabad,contained_grid,0.63,0.8,0.34421873,0.9549999,0.00018112204,0.00023556463,5.6334608e-05,8,Low Modelled Signal,False,0.63,0.0,0.0,0.0,0.0,-0.63,-0.63
2018-07-28,76128533B93152786731267,Satara,contained_grid,2.4717648,7.81,0.7005882,4.665,0.001462155,0.0053337184,0.00039301798,17,Low Modelled Signal,False,2.4717648,0.4721237,2.586526,0.5677978,2.9931407,-1.903967,-1.9996411
2018-07-28,76128533B93214480696409,Gopalganj,contained_grid,49.704998,69.74,27.605938,31.943748,0.018913925,0.021987919,0.00062987127,4,Low Modelled Signal,False,49.704998,44.481525,64.516525,44.888138,64.92314,-4.81686,-5.2234726
2018-07-28,76128533B93240759409313,Jharsuguda,contained_grid,22.795,30.69,18.26,18.395,0.039197594,0.048882015,0.017692508,2,Low Modelled Signal,False,22.795,17.571526,25.466526,17.978142,25.873142,-4.8168583,-5.2234745
2018-07-28,76128533B93441663686573,Bhilwara,contained_grid,0.026428571,0.15,0.0,0.0,0.0005279182,0.0007805948,6.126132e-05,14,Low Modelled Signal,False,0.026428571,0.0,0.0,0.0,0.0,-0.026428571,-0.026428571
2018-07-28,76128533B93450974047240,Bhavnagar,contained_grid,1.0645455,2.0600002,0.09340909,0.64625,0.00037588738,0.0004357481,7.63563e-05,11,Low Modelled Signal,False,1.0645455,0.0,0.0,0.0,0.0,-1.0645455,-1.0645455
2018-07-28,76128533B93453964263910,North Twenty Four Parganas,contained_grid,22.92,26.97,22.0765,35.557503,0.021752367,0.035800815,0.0037740383,5,Low Modelled Signal,False,22.92,17.696526,21.746525,18.103142,22.153141,-4.8168583,-5.2234745
2018-07-28,76128533B94126463611805,Gomati,contained_grid,19.789999,35.94,7.9266667,10.285,0.024419555,0.03562026,0.00067405927,3,Low Modelled Signal,False,19.789999,14.566525,30.716524,14.97314,31.123138,-4.8168592,-5.2234735
2018-07-28,76128533B94710820075529,Kurukshetra,contained_grid,33.823334,54.249996,2.6554165,5.85875,0.017144455,0.018073717,0.00027568545,3,Low Modelled Signal,False,33.823334,28.59986,49.026524,29.006472,49.433136,-4.816862,-5.2234745
2018-07-28,76128533B94847743365739,Dhanbad,contained_grid,15.0475,34.879997,6.0924997,8.5975,0.012726227,0.014958643,0.0008941533,4,Low Modelled Signal,False,15.0475,9.824025,29.656523,10.23064,30.063137,-4.8168592,-5.2234745
2018-07-28,76128533B95049353851516,Ambala,contained_grid,21.64,29.059998,4.3425,6.09,0.014544109,0.017594023,0.00014324434,2,Low Modelled Signal,False,21.64,16.416523,23.836523,16.82314,24.243137,-4.81686,-5.2234764
2018-07-28,76128533B95075104846315,Prakasam,contained_grid,0.0,0.0,0.28791666,1.04,0.0002399485,0.00026548014,1.7972627e-05,24,Low Modelled Signal,False,0.0,0.0,0.0,0.0,0.0,0.0,0.0
2018-07-28,76128533B9558749744242,Changlang,contained_grid,36.20875,52.940002,14.582657,20.27,0.010784729,0.020594845,0.00035607058,8,Low Modelled Signal,False,36.20875,30.985277,47.71653,31.391891,48.123142,-4.81686,-5.2234745
2018-07-28,76128533B95642877176862,Senapati,contained_grid,25.965,31.71,40.176872,54.03,0.036836475,0.05166131,0.00046035365,2,Low Modelled Signal,False,25.965,20.741524,26.486525,21.14814,26.893139,-4.81686,-5.2234764
2018-07-28,76128533B95764075909869,West Siang,contained_grid,67.62,89.05,5.9208336,10.4925,0.035009135,0.041069478,0.0005714206,3,Low Modelled Signal,False,67.62,62.39653,83.82653,62.803143,84.23315,-4.81686,-5.2234726
2018-07-28,76128533B95879808095476,Mysore,contained_grid,0.99857146,2.17,0.7760714,1.49,0.00024154317,0.00046876745,0.00023751555,7,Low Modelled Signal,False,0.99857146,0.0,0.0,0.0,0.0,-0.99857146,-0.99857146
2018-07-28,76128533B95910687666425,Siang,contained_grid,59.64,59.64,2.2450001,2.2450001,0.0270108,0.0270108,0.00047552452,1,Low Modelled Signal,False,59.64,54.416527,54.416527,54.82314,54.82314,-4.81686,-5.2234726
2018-07-28,76128533B96195300293897,West Garo Hills,contained_grid,60.23,89.16,27.083752,52.310005,0.01778031,0.024060711,0.0012206977,4,Low Modelled Signal,False,60.23,55.006527,83.93653,55.41314,84.34315,-4.81686,-5.2234726
2018-07-28,76128533B96571577519224,Khammam,contained_grid,0.65400004,1.1600001,1.7025,2.385,0.00018763987,0.00023661823,2.3481485e-05,5,Low Modelled Signal,False,0.65400004,0.0,0.0,0.0,0.0,-0.65400004,-0.65400004
2018-07-28,76128533B96584288929219,Banswara,contained_grid,2.1183333,2.3600004,0.0,0.0,0.000251401,0.00027630286,6.1579e-05,6,Low Modelled Signal,False,2.1183333,0.0,0.0,0.0,0.0,-2.1183333,-2.1183333
2018-07-28,76128533B96719327593873,Darrang,contained_grid,52.939995,53.969997,18.03125,19.5775,0.021993844,0.024922045,0.0005731996,2,Low Modelled Signal,False,52.939995,47.716522,48.746525,48.12314,49.153137,-4.8168564,-5.2234726
2018-07-28,76128533B96870418529164,Shahjahanpur,contained_grid,23.436249,31.84,23.530624,35.41,0.050947756,0.10243506,0.0018713473,8,Heavy Rain Watch,False,23.436249,18.212776,26.616526,18.61939,27.02314,-4.8168583,-5.2234726
2018-07-28,76128533B97089774514948,South,contained_grid,13.9,13.9,0.80999994,0.80999994,0.024066282,0.024066282,0.0012273473,1,Low Modelled Signal,False,13.9,8.676525,8.676525,9.08314,9.08314,-4.8168592,-5.2234745
2018-07-28,76128533B97126567441665,Medak,contained_grid,0.0019999999,0.01,0.022499999,0.1125,0.00018560168,0.00019324584,2.2116641e-05,5,Low Modelled Signal,False,0.0019999999,0.0,0.0,0.0,0.0,-0.0019999999,-0.0019999999
2018-07-28,76128533B97225684979956,West Tripura,contained_grid,3.0833333,3.4,6.3954163,8.48,0.0029543827,0.0034473967,0.00029304338,3,Low Modelled Signal,False,3.0833333,0.0,0.0,0.0,0.0,-3.0833333,-3.0833333
2018-07-28,76128533B97372652494648,Surat,contained_grid,3.5125,3.9,0.0,0.0,0.0009526223,0.0012838187,8.741196e-05,4,Low Modelled Signal,False,3.5125,0.0,0.0,0.0,0.0,-3.5125,-3.5125
2018-07-28,76128533B97425778881707,Kullu,contained_grid,13.1,25.07,12.440277,24.299997,0.009321211,0.018383592,0.00013006253,9,Low Modelled Signal,False,13.1,7.9046903,19.846525,8.28314,20.25314,-4.81686,-5.19531
2018-07-28,76128533B9759621355294,Mahasamund,contained_grid,11.72,17.579998,1.9426786,4.6450005,0.02158664,0.027318684,0.0017500266,7,Low Modelled Signal,False,11.72,6.496526,12.3565235,6.9031405,12.763139,-4.8168597,-5.2234745
2018-07-28,76128533B9783509419210,Pali,contained_grid,0.10941177,0.28,0.0,0.0,0.00026750454,0.0004600195,3.812221e-05,17,Low Modelled Signal,False,0.10941177,0.0,0.0,0.0,0.0,-0.10941177,-0.10941177
2018-07-28,76128533B97836280165555,Lunglei,contained_grid,7.21,10.01,3.895,5.5325,0.022855017,0.052428056,0.0038058122,5,Low Modelled Signal,False,7.21,2.077221,4.786526,2.4025128,5.193141,-4.8074875,-5.132779
2018-07-28,76128533B9794868259401,Bidar,contained_grid,0.062222224,0.15,0.0,0.0,0.00017519348,0.00021029818,2.1123707e-05,9,Low Modelled Signal,False,0.062222224,0.0,0.0,0.0,0.0,-0.062222224,-0.062222224
2018-07-28,76128533B98050240849249,Latur,contained_grid,0.016666666,0.03,0.0,0.0,0.00020039284,0.00021029818,2.318099e-05,9,Low Modelled Signal,False,0.016666666,0.0,0.0,0.0,0.0,-0.016666666,-0.016666666
2018-07-28,76128533B98308664713511,Baran,contained_grid,0.70100003,1.03,0.048625,0.22375,0.00038353982,0.0005889978,6.0108287e-05,10,Low Modelled Signal,False,0.70100003,0.0,0.0,0.0,0.0,-0.70100003,-0.70100003
2018-07-28,76128533B98420041301261,Kaushambi,contained_grid,5.91,6.48,6.04,9.115,0.014153451,0.016867664,0.00010410653,2,Low Modelled Signal,False,5.91,0.68652606,1.256526,1.0931408,1.6631408,-4.8168592,-5.2234735
2018-07-28,76128533B9892158671522,Sangli,contained_grid,1.365,4.17,0.250125,2.1175,0.0003629477,0.0010855601,0.00015035948,10,Low Modelled Signal,False,1.365,0.0,0.0,0.0,0.0,-1.365,-1.365
2018-07-28,76128533B98951704707517,Kendrapara,contained_grid,8.606667,12.3,3.32,4.7950006,0.020029085,0.030515874,0.007193157,3,Low Modelled Signal,False,8.606667,3.887684,7.076526,4.1587605,7.483141,-4.447906,-4.7189827
2018-07-28,76128533B98985252129882,Lakhisarai,contained_grid,34.06333,44.499996,40.514584,52.792492,0.018590217,0.020768967,0.0011336426,3,Low Modelled Signal,False,34.06333,28.839859,39.276524,29.24647,39.683136,-4.816862,-5.2234726
2018-07-28,76128533B99037046327658,Nabarangapur,contained_grid,22.6825,28.800001,0.73859376,3.315,0.027207043,0.05049175,0.0066152066,8,Low Modelled Signal,False,22.6825,17.459026,23.576527,17.86564,23.983143,-4.81686,-5.2234745
2018-07-28,76128533B99051523080987,Jalpaiguri,contained_grid,149.01,199.08,6.42375,9.53,0.041544188,0.04616807,0.0012566693,4,Low Modelled Signal,False,149.01,143.78651,193.85652,144.19313,194.26314,-4.816864,-5.22348
2018-07-28,76128533B99469070633974,Tirap,contained_grid,33.749996,33.749996,8.45625,8.45625,0.008972234,0.008972234,9.024116e-05,1,Low Modelled Signal,False,33.749996,28.526522,28.526522,28.933136,28.933136,-4.81686,-5.2234745
2018-07-28,76128533B9976625304286,North East,contained_grid,12.59,12.59,3.2949996,3.2949996,0.019013498,0.019013498,0.0008301212,1,Low Modelled Signal,False,12.59,7.366526,7.366526,7.773141,7.773141,-4.8168592,-5.223474
2018-07-28,76128533B99807650893733,Imphal West,nearest_grid,22.95,22.95,18.28,18.28,0.03193359,0.03193359,0.0002856523,1,Low Modelled Signal,False,22.95,17.726526,17.726526,18.13314,18.13314,-4.81686,-5.2234745
2018-07-28,76128533B99895802074414,Raigarh,contained_grid,7.2799997,9.92,0.602875,2.8425,0.00501389,0.0070005194,0.000551209,10,Low Modelled Signal,False,7.2799997,2.063873,4.696526,2.4631405,5.103141,-4.8168592,-5.2161264
2018-07-28,76128533B99919205026025,Fatehgarh Sahib,nearest_grid,4.4700003,4.4700003,4.796163e-15,4.796163e-15,0.0042306497,0.0042306497,2.7628348e-05,1,Low Modelled Signal,False,4.4700003,0.0,0.0,0.0,0.0,-4.4700003,-4.4700003
2018-07-29,76128533B10270619600482,South District,nearest_grid,74.93,74.93,13.46,13.46,0.06641921,0.06641921,0.0003992559,1,Low Modelled Signal,False,74.93,69.53559,69.53559,69.52007,69.52007,-5.4099274,-5.394409
2018-07-29,76128533B10727492375508,Fatehabad,contained_grid,0.055,0.22,0.47593746,1.4099998,0.0011478924,0.0018814638,7.247203e-05,4,Low Modelled Signal,False,0.055,0.0,0.0,0.0,0.0,-0.055,-0.055
2018-07-29,76128533B1083016608278,Gulbarga,contained_grid,0.35333335,0.6,0.0019999999,0.03,0.00018877843,0.0002302975,2.1472943e-05,15,Low Modelled Signal,False,0.35333335,0.0,0.0,0.0,0.0,-0.35333335,-0.35333335
2018-07-29,76128533B11082155919544,Rajsamand,contained_grid,0.030000001,0.21000001,0.0,0.0,0.00025431186,0.00029400404,9.838891e-05,7,Low Modelled Signal,False,0.030000001,0.0,0.0,0.0,0.0,-0.030000001,-0.030000001
2018-07-29,76128533B11083100419963,Mahoba,contained_grid,25.67,37.03,29.810312,53.508747,0.035574254,0.051680505,0.00045807476,4,Low Modelled Signal,False,25.67,20.275593,31.635592,20.26007,31.620071,-5.4099293,-5.3944073
2018-07-29,76128533B11403491783632,Tirupathur,contained_grid,0.56666666,0.8,2.723747e-15,8.171241e-15,0.0001278199,0.00013533479,2.8159602e-05,3,Low Modelled Signal,False,0.56666666,0.0,0.0,0.0,0.0,-0.56666666,-0.56666666
2018-07-29,76128533B11421856387892,Tamenglong,contained_grid,14.6625,20.949999,15.266562,26.76,0.009407226,0.01454555,0.00026230016,4,Low Modelled Signal,False,14.6625,9.268093,15.555592,9.252572,15.540071,-5.4099283,-5.3944073
2018-07-29,76128533B11651252780045,Dibang Valley,contained_grid,13.716154,22.55,5.4536533,13.364999,0.0036286337,0.0054422137,0.002485687,13,Low Modelled Signal,False,13.716154,8.321746,17.155592,8.306226,17.140072,-5.4099283,-5.394408
2018-07-29,76128533B11802210119774,Sirmaur,contained_grid,2.402,4.0,0.13149999,0.40999997,0.0018730985,0.0035468896,3.463941e-05,5,Low Modelled Signal,False,2.402,0.0,0.0,0.0,0.0,-2.402,-2.402
2018-07-29,76128533B12079567451207,Dungarpur,contained_grid,1.0680001,1.2,0.00075,0.00375,0.0002473685,0.00026228445,4.5254586e-05,5,Low Modelled Signal,False,1.0680001,0.0,0.0,0.0,0.0,-1.0680001,-1.0680001
2018-07-29,76128533B12129983841645,Kra Daadi,contained_grid,13.524999,19.499998,12.641874,13.730001,0.0137082115,0.026222082,0.00018662149,4,Low Modelled Signal,False,13.524999,8.130591,14.105591,8.11507,14.09007,-5.4099283,-5.3944073
2018-07-29,76128533B12144400448811,Kondagaon,contained_grid,2.55125,5.11,0.00265625,0.02125,0.0011941198,0.0036905038,0.0002930708,8,Low Modelled Signal,False,2.55125,0.0,0.0,0.0,0.0,-2.55125,-2.55125
2018-07-29,76128533B12197302963241,Sahibzada Ajit Singh Nagar,nearest_grid,1.4200001,1.4200001,0.0,0.0,0.002222421,0.002222421,2.6580634e-05,1,Low Modelled Signal,False,1.4200001,0.0,0.0,0.0,0.0,-1.4200001,-1.4200001
2018-07-29,76128533B1222571856670,Hazaribagh,contained_grid,17.818333,32.769997,14.603541,21.735,0.020967787,0.027816769,0.0004615005,6,Low Modelled Signal,False,17.818333,12.423924,27.37559,12.408404,27.36007,-5.4099283,-5.394408
2018-07-29,76128533B12244045944458,Rohtak,contained_grid,0.4,0.8,2.4346876,3.5900004,0.0008492146,0.0015487035,4.0699677e-05,4,Low Modelled Signal,False,0.4,0.0,0.0,0.0,0.0,-0.4,-0.4
2018-07-29,76128533B12244320360965,Buxar,contained_grid,49.129997,54.949997,44.75125,45.377502,0.03132307,0.036101952,0.0012843688,2,Low Modelled Signal,False,49.129997,43.735588,49.555588,43.72007,49.54007,-5.4099274,-5.394409
2018-07-29,76128533B12294379827032,Garhwa,contained_grid,38.40167,49.2,45.626453,61.219997,0.030742055,0.04895816,0.002657966,6,Low Modelled Signal,False,38.40167,33.00726,43.80559,32.99174,43.790073,-5.4099274,-5.394409
2018-07-29,76128533B12343314564708,Morena,contained_grid,3.1485715,11.9800005,20.240356,105.34999,0.023390593,0.13360049,0.00051025173,7,Heavy Rain Watch,False,3.1485715,0.94079894,6.5855927,0.93858176,6.570072,-2.2099898,-2.2077725
2018-07-29,76128533B12380735325851,Akola,contained_grid,0.9866667,1.25,0.028541664,0.099999994,0.00019795832,0.00019809115,2.489165e-05,6,Low Modelled Signal,False,0.9866667,0.0,0.0,0.0,0.0,-0.9866667,-0.9866667
2018-07-29,76128533B12519626815499,Tapi,contained_grid,4.38,4.9700003,0.0,0.0,0.0011460286,0.0015315384,0.00011971672,6,Low Modelled Signal,False,4.38,0.0,0.0,0.0,0.0,-4.38,-4.38
2018-07-29,76128533B12694285477701,Darbhanga,contained_grid,48.6,63.079998,25.000938,34.504997,0.0053570825,0.0060281926,0.00029692615,4,Low Modelled Signal,False,48.6,43.20559,57.68559,43.19007,57.67007,-5.4099274,-5.394409
2018-07-29,76128533B13272482176343,Bulandshahr,contained_grid,10.494,18.27,4.21675,12.395,0.039130215,0.07807112,0.002363666,5,Low Modelled Signal,False,10.494,5.224474,12.875593,5.2120576,12.860072,-5.281943,-5.2695265
2018-07-29,76128533B13437137070957,Nagaon,contained_grid,17.228,20.880001,18.44925,26.945004,0.0060738674,0.006903535,0.00037430105,5,Low Modelled Signal,False,17.228,11.833592,15.485594,11.818071,15.470073,-5.4099293,-5.394408
2018-07-29,76128533B13552746017223,Faridkot,contained_grid,0.21999998,0.52,1.3441666,1.7649999,0.0028386426,0.003506678,0.00015593688,3,Low Modelled Signal,False,0.21999998,0.0,0.0,0.0,0.0,-0.21999998,-0.21999998
2018-07-29,76128533B13673614951516,Chandauli,contained_grid,48.2475,96.83,68.50312,91.99499,0.04301372,0.09335146,0.010589516,4,Low Modelled Signal,False,48.2475,42.853092,91.43559,42.837574,91.420074,-5.4099274,-5.394409
2018-07-29,76128533B13697452453823,Kangra,contained_grid,3.9399998,4.7,8.1525,30.522501,0.0013852178,0.0017620645,2.2637036e-05,8,Low Modelled Signal,False,3.9399998,0.0,0.0,0.0,0.0,-3.9399998,-3.9399998
2018-07-29,76128533B13733639953372,Phek,contained_grid,65.6875,74.07,50.358746,67.94999,0.027495608,0.03683216,0.00031547478,4,Low Modelled Signal,False,65.6875,60.29309,68.67559,60.277573,68.66007,-5.4099274,-5.394409
2018-07-29,76128533B13791982054894,Bathinda,contained_grid,0.22142859,1.22,0.7350001,4.1800003,0.0018157752,0.0030753152,0.00017828438,7,Low Modelled Signal,False,0.22142859,0.0,0.0,0.0,0.0,-0.22142859,-0.22142859
2018-07-29,76128533B13908294104682,Amethi,contained_grid,76.08,81.97,44.08281,63.4975,0.10025865,0.111787386,0.004138136,4,Heavy Rain Watch,False,76.08,70.68559,76.57559,70.670074,76.560074,-5.4099274,-5.394409
2018-07-29,76128533B14033116794334,Siwan,contained_grid,68.36667,70.43,25.89,49.805,0.014747318,0.017528936,0.00033789393,3,Low Modelled Signal,False,68.36667,62.97226,65.03559,62.95674,65.02007,-5.4099274,-5.394409
2018-07-29,76128533B1420136949169,South East,nearest_grid,1.09,1.09,0.035,0.035,0.0016626277,0.0016626277,4.5836627e-05,1,Low Modelled Signal,False,1.09,0.0,0.0,0.0,0.0,-1.09,-1.09
2018-07-29,76128533B14243635342908,Bhandara,contained_grid,2.995,4.0,0.021666666,0.13,0.002319268,0.005003427,8.742943e-05,6,Low Modelled Signal,False,2.995,0.0,0.0,0.0,0.0,-2.995,-2.995
2018-07-29,76128533B14292125820380,Dakshin Bastar Dantewada,contained_grid,8.57,17.529999,0.305,0.90999997,0.0049489867,0.009913502,0.002037089,4,Low Modelled Signal,False,8.57,3.8577962,12.1355915,3.8500357,12.12007,-4.719964,-4.7122035
2018-07-29,76128533B14403163214152,Bishnupur,contained_grid,16.300001,16.300001,42.8775,42.8775,0.016906554,0.016906554,0.00016769524,1,Low Modelled Signal,False,16.300001,10.905594,10.905594,10.890073,10.890073,-5.4099283,-5.3944073
2018-07-29,76128533B14534161138054,Bijnor,contained_grid,8.532,14.77,5.58775,16.94,0.017041793,0.023140915,0.0018265949,5,Low Modelled Signal,False,8.532,3.1375923,9.375593,3.1220715,9.360072,-5.4099283,-5.3944073
2018-07-29,76128533B14598081584747,Balrampur,contained_grid,40.615383,52.25,21.759615,41.285,0.0459012,0.0689147,0.006256788,13,Low Modelled Signal,False,40.615383,35.220978,46.85559,35.20546,46.840073,-5.4099236,-5.3944054
2018-07-29,76128533B14849085202492,Jaisalmer,contained_grid,0.0,0.0,0.0,0.0,0.00016926951,0.0002864903,2.908731e-05,55,Low Modelled Signal,False,0.0,0.0,0.0,0.0,0.0,0.0,0.0
2018-07-29,76128533B14968875277413,Narayanpet,contained_grid,0.59999996,0.8,0.09208333,0.27624997,0.00016601273,0.000172779,2.1472943e-05,3,Low Modelled Signal,False,0.59999996,0.0,0.0,0.0,0.0,-0.59999996,-0.59999996
2018-07-29,76128533B14984770113274,Shahid Bhagat Singh Nagar,contained_grid,6.33,10.35,0.24625,0.405,0.004434865,0.006564551,0.00011109755,2,Low Modelled Signal,False,6.33,2.4777963,4.9555926,2.470036,4.940072,-3.859964,-3.8522036
2018-07-29,76128533B15157901669242,Majuli,contained_grid,14.220001,14.220001,11.537499,11.537499,0.0065870536,0.0065870536,9.546838e-05,1,Low Modelled Signal,False,14.220001,8.825594,8.825594,8.810073,8.810073,-5.4099283,-5.3944073
2018-07-29,76128533B15180319517641,Daman,nearest_grid,3.5499997,3.5499997,0.18249997,0.18249997,0.0011242023,0.0011242023,8.419956e-05,1,Low Modelled Signal,False,3.5499997,0.0,0.0,0.0,0.0,-3.5499997,-3.5499997
2018-07-29,76128533B15337568968545,Erode,contained_grid,2.3625,10.2,0.054218747,0.28499997,0.00048264928,0.001709768,0.00014027074,8,Low Modelled Signal,False,2.3625,0.600699,4.805592,0.59875894,4.7900715,-1.763741,-1.761801
2018-07-29,76128533B15342706434354,Etah,contained_grid,22.460001,31.2,70.64625,99.7175,0.124699675,0.16370074,0.0008601793,5,Heavy Rain Watch,False,22.460001,17.736475,25.805593,17.724058,25.790073,-4.735943,-4.723526
2018-07-29,76128533B15550697205080,Chikmagalur,contained_grid,3.4533334,9.84,0.98499995,2.8725,0.001613376,0.00536133,0.0002959227,9,Low Modelled Signal,False,3.4533334,0.8040863,4.4455924,0.79891276,4.430072,-2.6544206,-2.6492472
2018-07-29,76128533B15567489974292,Baramula,contained_grid,0.90000004,1.1,1.6449999,2.5949998,0.00025207753,0.00032998674,1.2238425e-05,3,Low Modelled Signal,False,0.90000004,0.0,0.0,0.0,0.0,-0.90000004,-0.90000004
2018-07-29,76128533B15601995412161,Simdega,contained_grid,63.25375,87.0,10.855625,17.2125,0.0992353,0.13955945,0.008525715,8,Heavy Rain Watch,False,63.25375,57.85934,81.60559,57.843822,81.59007,-5.4099274,-5.394409
2018-07-29,76128533B1566053393466,Tikamgarh,contained_grid,9.571428,15.93,1.5762501,6.5725,0.029144121,0.046801794,0.00031994743,7,Low Modelled Signal,False,9.571428,4.3068514,10.535593,4.2957654,10.520072,-5.275663,-5.264577
2018-07-29,76128533B15835290978888,Jalaun,contained_grid,40.203335,46.1,64.01833,89.79749,0.040105317,0.05090434,0.00067728816,6,Low Modelled Signal,False,40.203335,34.808926,40.70559,34.793407,40.69007,-5.4099274,-5.394409
2018-07-29,76128533B15993411864574,Durg,contained_grid,18.935,27.329998,0.2846875,0.45499998,0.02015853,0.021946989,0.001985442,4,Low Modelled Signal,False,18.935,13.540592,21.93559,13.525071,21.92007,-5.4099283,-5.3944073
2018-07-29,76128533B1621599562140,Koriya,contained_grid,37.14417,48.18,9.707396,16.888748,0.047566157,0.058518108,0.0016379117,12,Low Modelled Signal,False,37.14417,31.749758,42.78559,31.734238,42.770073,-5.409931,-5.394411
2018-07-29,76128533B16271917438029,The Dangs,contained_grid,3.95,4.58,0.0,0.0,0.00064804906,0.0007330302,9.016291e-05,3,Low Modelled Signal,False,3.95,0.0,0.0,0.0,0.0,-3.95,-3.95
2018-07-29,76128533B1629699732681,Ramanathapuram,contained_grid,20.453333,25.46,0.21041667,0.80500007,0.0019450014,0.0022249501,0.00021356237,6,Low Modelled Signal,False,20.453333,15.058926,20.065592,15.0434065,20.050072,-5.4099264,-5.3944073
2018-07-29,76128533B16442413169750,Mumbai,nearest_grid,4.5,4.5,0.9,0.9,0.0016635645,0.0016635645,0.00017385444,1,Low Modelled Signal,False,4.5,0.0,0.0,0.0,0.0,-4.5,-4.5
2018-07-29,76128533B1645877589145,Tiruchirappalli,contained_grid,5.7450004,8.0,0.6372916,1.2499999,0.00081433804,0.0014099432,7.473103e-05,6,Low Modelled Signal,False,5.7450004,0.57946277,2.6055923,0.5717025,2.5900717,-5.173298,-5.165538
2018-07-29,76128533B16476001647323,Panch Mahals,contained_grid,2.1125,2.35,0.260625,0.94,0.00031044465,0.00034330573,4.112351e-05,4,Low Modelled Signal,False,2.1125,0.0,0.0,0.0,0.0,-2.1125,-2.1125
2018-07-29,76128533B16628456658675,Chamarajanagar,contained_grid,0.3285714,0.6,0.19214284,1.2674999,0.00013472025,0.00017220578,4.8722784e-05,7,Low Modelled Signal,False,0.3285714,0.0,0.0,0.0,0.0,-0.3285714,-0.3285714
2018-07-29,76128533B16674973717653,Katni,contained_grid,21.153751,30.300001,5.628281,10.224999,0.019300302,0.023350991,0.0004247252,8,Low Modelled Signal,False,21.153751,15.759344,24.905594,15.743822,24.890072,-5.4099293,-5.3944073
2018-07-29,76128533B16749627383755,Hailakandi,contained_grid,5.19,9.77,23.164999,26.96,0.0027351542,0.0040871436,0.0001554547,2,Low Modelled Signal,False,5.19,2.1877964,4.3755927,2.180036,4.360072,-3.009964,-3.0022037
2018-07-29,76128533B16781044866906,Jamui,contained_grid,64.80499,67.869995,17.975624,29.202496,0.022323046,0.02260161,0.002017252,4,Low Modelled Signal,False,64.80499,59.410587,62.475586,59.39507,62.460068,-5.4099236,-5.3944054
2018-07-29,76128533B16811573188243,Puruliya,contained_grid,31.553335,43.919994,23.395973,32.43375,0.012674119,0.021539306,0.003061942,9,Low Modelled Signal,False,31.553335,26.158926,38.525585,26.143406,38.510067,-5.4099293,-5.394409
2018-07-29,76128533B16889790752134,Ariyalur,contained_grid,3.3433335,4.8100004,5.374583,6.8749995,0.00035694553,0.00042705212,0.00013133774,3,Low Modelled Signal,False,3.3433335,0.0,0.0,0.0,0.0,-3.3433335,-3.3433335
2018-07-29,76128533B17109302371020,Darjiling,contained_grid,143.80333,169.17,16.288332,26.642498,0.033082057,0.03833525,0.0018729222,3,Low Modelled Signal,False,143.80333,138.40892,163.77559,138.3934,163.76007,-5.4099274,-5.394409
2018-07-29,76128533B1711704044407,North Goa,contained_grid,7.8950005,8.09,0.00375,0.0075,0.0037389689,0.0041031614,0.0005479449,2,Low Modelled Signal,False,7.8950005,2.5005927,2.6955924,2.4850721,2.6800718,-5.4099283,-5.3944077
2018-07-29,76128533B17261532861377,Jamtara,contained_grid,37.483334,41.629997,52.617504,67.055,0.011680518,0.013535374,0.00032377258,3,Low Modelled Signal,False,37.483334,32.088924,36.235588,32.073406,36.22007,-5.4099274,-5.394409
2018-07-29,76128533B17292264941997,Mungeli,contained_grid,26.08,30.579998,0.8459375,1.155,0.050961137,0.069828086,0.0009729533,4,Low Modelled Signal,False,26.08,20.685593,25.18559,20.670073,25.17007,-5.4099274,-5.3944073
2018-07-29,76128533B17472905712757,Papum Pare,contained_grid,35.578003,68.380005,23.99725,41.499992,0.011263475,0.015287785,0.00049201155,5,Low Modelled Signal,False,35.578003,30.183594,62.985596,30.168072,62.970078,-5.409931,-5.394409
2018-07-29,76128533B17762399278073,Pashchim Champaran,contained_grid,38.55125,49.839996,7.4882812,14.119999,0.0069033448,0.011176198,0.00071965845,8,Low Modelled Signal,False,38.55125,33.15684,44.445587,33.141323,44.43007,-5.4099274,-5.394409
2018-07-29,76128533B17968019348564,Morigaon,contained_grid,17.54,18.06,5.4925,7.0999994,0.010249015,0.010724312,0.00017122725,2,Low Modelled Signal,False,17.54,12.145593,12.665592,12.130072,12.650071,-5.4099293,-5.394408
2018-07-29,76128533B18243475101734,Mirzapur,contained_grid,45.07,50.25,56.347183,60.89374,0.030389953,0.03731924,0.0015601137,4,Low Modelled Signal,False,45.07,39.67559,44.85559,39.660072,44.840073,-5.4099274,-5.394409
2018-07-29,76128533B18648944871057,Basti,contained_grid,31.6225,42.559998,52.79125,56.335007,0.037047274,0.043804824,0.0010938644,4,Low Modelled Signal,False,31.6225,26.228092,37.16559,26.212572,37.15007,-5.4099274,-5.3944073
2018-07-29,76128533B18668117085772,Tawang,contained_grid,17.202,39.48,11.293,18.807499,0.011346706,0.016246365,0.0006907829,5,Low Modelled Signal,False,17.202,11.807592,34.08559,11.792072,34.070072,-5.4099274,-5.3944073
2018-07-29,76128533B1875965515331,Namsai,contained_grid,15.42,21.880001,10.411251,17.372501,0.0059763873,0.0070265546,0.00016518969,2,Low Modelled Signal,False,15.42,10.025593,16.485594,10.010073,16.470074,-5.4099274,-5.3944073
2018-07-29,76128533B18802630191461,Dumka,contained_grid,70.409996,82.909996,29.394001,37.72625,0.025016185,0.032308567,0.0016632057,5,Low Modelled Signal,False,70.409996,65.01559,77.51559,65.00008,77.50007,-5.4099197,-5.394409
2018-07-29,76128533B18834172694083,Moga,contained_grid,3.4375,8.11,0.90624994,3.5924997,0.005783911,0.007868312,0.00025209392,4,Low Modelled Signal,False,3.4375,0.678898,2.715592,0.67501783,2.7000713,-2.7624822,-2.7586021
2018-07-29,76128533B18931932305748,Purbi Singhbhum,contained_grid,20.416,30.27,26.444998,31.105,0.010621265,0.015419082,0.00081960374,5,Low Modelled Signal,False,20.416,15.021594,24.875593,15.006073,24.860073,-5.4099274,-5.3944063
2018-07-29,76128533B19335918192159,Karur,contained_grid,5.903333,10.2,0.60333335,0.975,0.00091276475,0.001655522,6.401134e-05,3,Low Modelled Signal,False,5.903333,1.601864,4.805592,1.5966905,4.7900715,-4.3066425,-4.3014693
2018-07-29,76128533B19341883513630,Ratlam,contained_grid,1.11,2.2400002,0.0,0.0,0.0002703055,0.00033141382,3.6524925e-05,8,Low Modelled Signal,False,1.11,0.0,0.0,0.0,0.0,-1.11,-1.11
2018-07-29,76128533B19545859035458,Kallakurichi,contained_grid,2.2,4.7,0.20099998,0.81499994,0.00038654805,0.0006583291,6.107801e-05,5,Low Modelled Signal,False,2.2,0.0,0.0,0.0,0.0,-2.2,-2.2
2018-07-29,76128533B19581555782120,Palakkad,contained_grid,5.128333,10.11,0.39395833,1.39375,0.001757933,0.0045327526,0.00016195638,6,Low Modelled Signal,False,5.128333,1.1235307,4.715592,1.1183572,4.7000713,-4.009976,-4.004802
2018-07-29,76128533B19630094725383,Pathankot,contained_grid,3.1399999,3.1399999,3.3924997,3.3924997,0.0063085346,0.0063085346,2.454743e-05,1,Low Modelled Signal,False,3.1399999,0.0,0.0,0.0,0.0,-3.1399999,-3.1399999
2018-07-29,76128533B19792346411952,West Godavari,contained_grid,0.36363637,0.9000001,2.0843184,6.1400013,0.00027361914,0.00050351635,2.3204107e-05,11,Low Modelled Signal,False,0.36363637,0.0,0.0,0.0,0.0,-0.36363637,-0.36363637
2018-07-29,76128533B19832024635761,Central,nearest_grid,3.3400002,3.3400002,4.87,4.87,0.0030578803,0.0030578803,0.00023800781,1,Low Modelled Signal,False,3.3400002,0.0,0.0,0.0,0.0,-3.3400002,-3.3400002
2018-07-29,76128533B19898496046456,Kamle,contained_grid,14.723332,16.759998,18.535833,23.682499,0.006838929,0.008803066,0.00022239558,3,Low Modelled Signal,False,14.723332,9.328925,11.365591,9.313405,11.35007,-5.4099274,-5.3944073
2018-07-29,76128533B19903856317609,Saran,contained_grid,67.594,72.840004,16.68775,21.140001,0.00860973,0.010102411,0.0004645528,5,Low Modelled Signal,False,67.594,62.199593,67.445595,62.18407,67.43008,-5.409931,-5.394409
2018-07-29,76128533B1996088953603,Sultanpur,contained_grid,96.4825,139.73999,47.155624,55.255005,0.09641153,0.1006494,0.001110285,4,Heavy Rain Watch,False,96.4825,91.08809,134.34558,91.07257,134.33006,-5.4099274,-5.394409
2018-07-29,76128533B20298037622173,South Salmara-Mankachar,nearest_grid,30.449999,30.449999,0.6774999,0.6774999,0.006700205,0.006700205,0.00025821573,1,Low Modelled Signal,False,30.449999,25.055592,25.055592,25.04007,25.04007,-5.4099293,-5.3944073
2018-07-29,76128533B20307518801538,Udalguri,contained_grid,48.73,62.97,13.525833,21.3,0.016917622,0.020018216,0.0004827724,3,Low Modelled Signal,False,48.73,43.33559,57.575592,43.320072,57.560074,-5.4099274,-5.394409
2018-07-29,76128533B20458430922604,Kishtwar,contained_grid,2.3584616,4.6000004,0.45259616,1.4099998,0.00023952458,0.00038780138,5.736152e-05,13,Low Modelled Signal,False,2.3584616,0.0,0.0,0.0,0.0,-2.3584616,-2.3584616
2018-07-29,76128533B20474666262371,Osmanabad,contained_grid,0.19272728,0.3,0.018522726,0.1725,0.0001664348,0.00018151112,2.1472943e-05,11,Low Modelled Signal,False,0.19272728,0.0,0.0,0.0,0.0,-0.19272728,-0.19272728
2018-07-29,76128533B20502827346807,Dindori,contained_grid,5.282,7.89,0.53024995,0.78999996,0.008820385,0.012987452,0.00039820603,5,Low Modelled Signal,False,5.282,0.5922369,2.495592,0.5860287,2.4800715,-4.6959715,-4.689763
2018-07-29,76128533B20504715877560,Ganderbal,contained_grid,0.53333336,0.90000004,0.16749997,0.28499997,0.00015661519,0.00016845355,1.5237581e-05,3,Low Modelled Signal,False,0.53333336,0.0,0.0,0.0,0.0,-0.53333336,-0.53333336
2018-07-29,76128533B20647769792365,Pratapgarh,contained_grid,94.99167,119.39,64.77979,85.926254,0.094875544,0.104886055,0.0017627529,6,Heavy Rain Watch,False,94.99167,89.59726,113.99559,89.58175,113.98007,-5.4099197,-5.394409
2018-07-29,76128533B20660206691661,Auraiya,contained_grid,45.885002,45.99,91.17124,95.197495,0.11114353,0.14638515,0.00088718004,2,Heavy Rain Watch,False,45.885002,40.490593,40.595592,40.475075,40.580074,-5.4099274,-5.394409
2018-07-29,76128533B20683890392439,Narsimhapur,contained_grid,2.2933333,7.0,0.124166675,0.6175,0.0026312668,0.010901872,0.00019776767,9,Low Modelled Signal,False,2.2933333,0.17839915,1.6055923,0.17667463,1.5900717,-2.1166587,-2.1149342
2018-07-29,76128533B20732636837048,Sikar,contained_grid,0.0,0.0,0.14181818,1.56,0.0005500825,0.0008033104,6.2099345e-05,11,Low Modelled Signal,False,0.0,0.0,0.0,0.0,0.0,0.0,0.0
2018-07-29,76128533B20752885472650,Bankura,contained_grid,16.422728,25.38,25.228407,40.4125,0.007996282,0.0111110965,0.001199226,11,Low Modelled Signal,False,16.422728,11.02832,19.985592,11.012798,19.97007,-5.4099293,-5.3944073
2018-07-29,76128533B2080752988715,Morbi,contained_grid,0.55857146,0.69,0.12857142,0.9,0.00022162587,0.00028589132,4.4767537e-05,7,Low Modelled Signal,False,0.55857146,0.0,0.0,0.0,0.0,-0.55857146,-0.55857146
2018-07-29,76128533B21068662878849,Kamareddy,contained_grid,0.76199996,1.0,0.041,0.205,0.00014478658,0.00015992258,1.7217995e-05,5,Low Modelled Signal,False,0.76199996,0.0,0.0,0.0,0.0,-0.76199996,-0.76199996
2018-07-29,76128533B21119051307760,Jyotiba Phule Nagar,contained_grid,21.3575,29.869999,4.598125,10.2375,0.046549734,0.07827119,0.0013139051,4,Low Modelled Signal,False,21.3575,15.963092,24.475592,15.947572,24.460072,-5.4099283,-5.394408
2018-07-29,76128533B21179322085415,Harda,contained_grid,1.746,2.0,0.19049999,0.43749997,0.00023844233,0.00027952084,2.5992522e-05,5,Low Modelled Signal,False,1.746,0.0,0.0,0.0,0.0,-1.746,-1.746
2018-07-29,76128533B21485639457044,Aurangabad,contained_grid,10.385,16.240002,37.80781,41.970005,0.013851545,0.017112847,0.000879851,4,Low Modelled Signal,False,10.385,5.089195,10.845594,5.077554,10.830073,-5.307446,-5.2958055
2018-07-29,76128533B21485897206517,Rajanna Sircilla,contained_grid,0.76,0.81,0.0,0.0,0.00018437748,0.00020861764,1.7217995e-05,2,Low Modelled Signal,False,0.76,0.0,0.0,0.0,0.0,-0.76,-0.76
2018-07-29,76128533B21722277889516,Sivasagar,contained_grid,11.32,13.91,9.214998,10.527498,0.004770277,0.005367755,0.00015444694,2,Low Modelled Signal,False,11.32,5.9255924,8.515593,5.9100714,8.500072,-5.4099283,-5.3944073
2018-07-29,76128533B21812274124310,The Nilgiris,contained_grid,1.7666668,2.6,0.32166663,0.49499997,0.0001685061,0.00021171148,7.149651e-05,3,Low Modelled Signal,False,1.7666668,0.0,0.0,0.0,0.0,-1.7666668,-1.7666668
2018-07-29,76128533B21922686388534,Sitamarhi,contained_grid,26.483332,31.33,12.333751,13.687501,0.0043678945,0.0058442736,0.0011235806,3,Low Modelled Signal,False,26.483332,21.088926,25.935593,21.073404,25.92007,-5.4099274,-5.3944054
2018-07-29,76128533B22077262393417,Haora,contained_grid,4.4566665,8.7699995,21.49125,29.406248,0.0045581334,0.0075416663,0.0054338668,3,Low Modelled Signal,False,4.4566665,1.1251973,3.3755918,1.1200237,3.3600712,-3.3366427,-3.331469
2018-07-29,76128533B22439249004073,Bhopal,contained_grid,0.264,0.51,0.0145,0.0725,0.00036028365,0.00046324616,1.968028e-05,5,Low Modelled Signal,False,0.264,0.0,0.0,0.0,0.0,-0.264,-0.264
2018-07-29,76128533B22471914548132,Chittoor,contained_grid,0.20000002,2.2,0.009047619,0.115,0.0002148502,0.00026413504,5.2197152e-05,21,Low Modelled Signal,False,0.20000002,0.0,0.0,0.0,0.0,-0.20000002,-0.20000002
2018-07-29,76128533B22587307937261,South Andaman,contained_grid,48.2,60.01,4.3815627,10.205,0.024253547,0.038729656,0.0029415411,4,Low Modelled Signal,False,48.2,42.80559,54.61559,42.79007,54.60007,-5.409931,-5.394409
2018-07-29,76128533B22687502928564,Ranipet,contained_grid,0.0,0.0,0.12624998,0.12624998,0.00017358396,0.00017358396,2.337847e-05,1,Low Modelled Signal,False,0.0,0.0,0.0,0.0,0.0,0.0,0.0
2018-07-29,76128533B22715430000002,Longding,contained_grid,22.599998,22.9,43.8575,70.715,0.0077619413,0.00823945,0.0003210901,2,Low Modelled Signal,False,22.599998,17.205593,17.505592,17.190071,17.49007,-5.4099274,-5.3944054
2018-07-29,76128533B22722327711505,Rewari,contained_grid,0.0,0.0,0.04,0.04,0.00047948275,0.00047948275,1.22086385e-05,1,Low Modelled Signal,False,0.0,0.0,0.0,0.0,0.0,0.0,0.0
2018-07-29,76128533B22732185131019,Hisar,contained_grid,0.0,0.0,0.4325,1.06,0.00056407467,0.00060795853,9.622207e-05,4,Low Modelled Signal,False,0.0,0.0,0.0,0.0,0.0,0.0,0.0
2018-07-29,76128533B23092176497025,Karimganj,contained_grid,7.7675,14.009999,20.835625,29.38,0.0034638846,0.0049542314,0.00020326886,4,Low Modelled Signal,False,7.7675,3.2716937,8.615591,3.2600536,8.600071,-4.5074463,-4.495806
2018-07-29,76128533B23611090346849,Mon,contained_grid,18.494999,25.93,30.190624,46.06625,0.008880865,0.013198463,0.00031599574,2,Low Modelled Signal,False,18.494999,13.100593,20.535593,13.085072,20.520073,-5.4099274,-5.3944063
2018-07-29,76128533B23710487943819,Kanpur Nagar,contained_grid,60.8525,71.91,43.4025,57.475,0.12366284,0.15385899,0.002230108,4,Heavy Rain Watch,False,60.8525,55.45809,66.515594,55.442574,66.50008,-5.4099274,-5.394409
2018-07-29,76128533B23735146933631,Mandi,contained_grid,4.3,6.8,0.20024998,0.59999996,0.0016500133,0.0023699675,3.5431123e-05,5,Low Modelled Signal,False,4.3,0.4422369,1.4055924,0.43602866,1.3900719,-3.8639715,-3.8577633
2018-07-29,76128533B23858286755005,Alipurduar,contained_grid,55.350006,123.55002,7.72025,10.96,0.025759837,0.035772856,0.00647404,5,Low Modelled Signal,False,55.350006,49.955597,118.15561,49.940075,118.14009,-5.409931,-5.394409
2018-07-29,76128533B23956636471502,Yamunanagar,contained_grid,2.48,4.42,0.0066666664,0.02,0.0027988448,0.004855261,0.0001469938,3,Low Modelled Signal,False,2.48,0.0,0.0,0.0,0.0,-2.48,-2.48
2018-07-29,76128533B24017517661394,Pakke Kessang,contained_grid,19.053333,24.44,79.63583,112.69501,0.010439302,0.013695645,0.0007579823,3,Low Modelled Signal,False,19.053333,13.658925,19.045593,13.643405,19.030071,-5.4099283,-5.394408
2018-07-29,76128533B24101991435637,Jehanabad,contained_grid,14.709999,14.709999,25.017498,25.017498,0.01968352,0.01968352,0.00010460396,1,Low Modelled Signal,False,14.709999,9.315592,9.315592,9.300071,9.300071,-5.4099283,-5.3944073
2018-07-29,76128533B24594618908349,Suryapet,contained_grid,0.016666668,0.1,0.32291666,0.9225,0.00020152015,0.00023119197,1.4897744e-05,6,Low Modelled Signal,False,0.016666668,0.0,0.0,0.0,0.0,-0.016666668,-0.016666668
2018-07-29,76128533B24755983727265,Saharsa,contained_grid,76.705,90.090004,17.729996,21.129995,0.013960025,0.014723852,0.00043031605,2,Low Modelled Signal,False,76.705,71.31059,84.695595,71.295074,84.68008,-5.4099274,-5.394409
2018-07-29,76128533B24759700890118,Rupnagar,contained_grid,3.335,3.4,0.43250003,0.7900001,0.0020625049,0.0022039239,3.7783746e-05,2,Low Modelled Signal,False,3.335,0.0,0.0,0.0,0.0,-3.335,-3.335
2018-07-29,76128533B24861976740713,Jhargram,contained_grid,9.16,12.97,25.998123,27.675,0.0068433345,0.008688663,0.0004538197,2,Low Modelled Signal,False,9.16,3.7877963,7.5755925,3.780036,7.560072,-5.379964,-5.372204
2018-07-29,76128533B25020556592153,Rajnandgaon,contained_grid,4.878,14.72,0.029999997,0.26,0.005680534,0.017817892,0.0013228682,10,Low Modelled Signal,False,4.878,1.3392369,9.325592,1.3330287,9.310072,-3.544971,-3.538763
2018-07-29,76128533B25208535254310,Hardoi,contained_grid,27.94111,58.480003,29.386526,43.905,0.16548315,0.42491347,0.0040965537,9,Heavy Rain Watch,False,27.94111,22.546703,53.085594,22.531183,53.070076,-5.4099274,-5.3944073
2018-07-29,76128533B25280172436550,Nirmal,contained_grid,0.934,1.3000001,0.023249999,0.08,0.00020908409,0.00022438123,1.7476921e-05,5,Low Modelled Signal,False,0.934,0.0,0.0,0.0,0.0,-0.934,-0.934
2018-07-29,76128533B25344721013980,Dhule,contained_grid,0.9966668,2.1800003,0.029444443,0.265,0.00031136535,0.00059571676,4.419933e-05,9,Low Modelled Signal,False,0.9966668,0.0,0.0,0.0,0.0,-0.9966668,-0.9966668
2018-07-29,76128533B25373378863054,Purba Medinipur,contained_grid,17.496666,31.22,34.478542,54.999996,0.025645675,0.052379776,0.02035778,6,Low Modelled Signal,False,17.496666,12.10226,25.825592,12.086739,25.81007,-5.4099274,-5.3944063
2018-07-29,76128533B25448742967716,Leparada,contained_grid,15.205,16.06,9.125,10.835001,0.005247512,0.0066283057,0.00021282845,2,Low Modelled Signal,False,15.205,9.810592,10.665592,9.795071,10.650071,-5.4099293,-5.394408
2018-07-29,76128533B25468964623139,Anuppur,contained_grid,15.075,32.41,2.6072915,7.7349997,0.034802556,0.051742516,0.0004895099,6,Low Modelled Signal,False,15.075,9.872994,27.015593,9.86006,27.000072,-5.21494,-5.2020054
2018-07-29,76128533B25576352747885,Bharatpur,contained_grid,0.99142855,4.77,0.6839285,2.6249998,0.0012951664,0.0027352301,3.0680854e-05,7,Low Modelled Signal,False,0.99142855,0.0,0.0,0.0,0.0,-0.99142855,-0.99142855
2018-07-29,76128533B25679991785711,Mandsaur,contained_grid,0.08666667,0.24000001,0.0,0.0,0.00034073202,0.00046656738,6.0108287e-05,9,Low Modelled Signal,False,0.08666667,0.0,0.0,0.0,0.0,-0.08666667,-0.08666667
2018-07-29,76128533B2576169508425,Kottayam,contained_grid,12.2733345,18.070002,8.835,12.820001,0.0028098922,0.003801899,0.0002574102,3,Low Modelled Signal,False,12.2733345,6.878927,12.675594,6.8634057,12.660073,-5.409929,-5.3944073
2018-07-29,76128533B25835998628545,Dhubri,contained_grid,29.43,33.73,17.95875,25.12625,0.0137281,0.02123371,0.0012333074,3,Low Modelled Signal,False,29.43,24.035593,28.335592,24.020071,28.320072,-5.4099293,-5.3944073
2018-07-29,76128533B26296891809198,Agra,contained_grid,3.7466667,4.4300003,19.777498,38.257496,0.008471643,0.019029193,0.0001337481,3,Low Modelled Signal,False,3.7466667,0.0,0.0,0.0,0.0,-3.7466667,-3.7466667
2018-07-29,76128533B26755490628656,Uttar Bastar Kanker,contained_grid,2.3855557,3.44,0.021388888,0.0975,0.0010194043,0.0031156857,0.00010678698,9,Low Modelled Signal,False,2.3855557,0.0,0.0,0.0,0.0,-2.3855557,-2.3855557
2018-07-29,76128533B26931973511551,Kushinagar,contained_grid,43.913334,46.46,30.035416,43.0725,0.022592878,0.025687166,0.00043299515,3,Low Modelled Signal,False,43.913334,38.518925,41.06559,38.503407,41.05007,-5.4099274,-5.394409
2018-07-29,76128533B26964150246712,Cachar,contained_grid,15.45,22.119999,26.55604,38.395,0.005090454,0.0060454844,0.00019997699,6,Low Modelled Signal,False,15.45,10.055593,16.725592,10.0400715,16.710072,-5.4099283,-5.3944073
2018-07-29,76128533B27102120636500,South West Khasi Hills,contained_grid,9.505001,9.52,27.778751,35.275,0.006909391,0.010516191,0.00038895555,2,Low Modelled Signal,False,9.505001,4.110593,4.1255927,4.0950723,4.110072,-5.409929,-5.394408
2018-07-29,76128533B27201270098470,Hamirpur,contained_grid,45.135,72.47,58.300625,85.31999,0.05314954,0.081692554,0.0005231204,6,Low Modelled Signal,False,45.135,39.740593,67.07559,39.72507,67.060074,-5.4099274,-5.3944054
2018-07-29,76128533B27414563922025,Khunti,contained_grid,54.333332,73.2,37.115833,39.234997,0.034681097,0.052302413,0.0030190106,3,Low Modelled Signal,False,54.333332,48.938923,67.80559,48.923405,67.79007,-5.4099274,-5.394409
2018-07-29,76128533B27432148084533,Katihar,contained_grid,85.586,147.76999,23.588001,39.845,0.011907135,0.01582186,0.005082244,5,Low Modelled Signal,False,85.586,80.19159,142.37558,80.17607,142.36006,-5.4099274,-5.394409
2018-07-29,76128533B27604563137530,Tenkasi,contained_grid,3.42,6.92,0.0,0.0,0.00083369453,0.0012932131,0.00024265274,3,Low Modelled Signal,False,3.42,0.5085308,1.5255923,0.50335723,1.5100718,-2.916643,-2.9114692
2018-07-29,76128533B27609096170969,Parbhani,contained_grid,0.13,0.3,0.08325,0.21000001,0.0002048279,0.00022490049,2.506317e-05,10,Low Modelled Signal,False,0.13,0.0,0.0,0.0,0.0,-0.13,-0.13
2018-07-29,76128533B27615708126939,Jabalpur,contained_grid,18.61,24.2,3.9632142,9.8975,0.016145365,0.01990839,0.00030061664,7,Low Modelled Signal,False,18.61,13.215592,18.805593,13.200072,18.790073,-5.4099283,-5.394408
2018-07-29,76128533B2761749808956,Champawat,contained_grid,61.355,64.29,9.057501,10.935,0.0341705,0.039345454,0.0007591399,2,Low Modelled Signal,False,61.355,55.96059,58.89559,55.945072,58.880074,-5.4099274,-5.394409
2018-07-29,76128533B2782141712775,DATA NOT AVAILABLE,contained_grid,4.7744927,21.25,0.81263584,6.0949993,0.00044260788,0.0070132874,0.00046634296,138,Low Modelled Signal,False,4.7744927,1.9759542,15.855593,1.9708931,15.840072,-2.8035996,-2.7985387
2018-07-29,76128533B28138828116492,Sawai Madhopur,contained_grid,0.0,0.0,0.025833333,0.0775,0.00069905556,0.0008700812,6.722078e-05,6,Low Modelled Signal,False,0.0,0.0,0.0,0.0,0.0,0.0,0.0
2018-07-29,76128533B28290181894983,Mahabubabad,contained_grid,1.632,2.5000002,0.21900001,0.6025,0.00025829667,0.00029081435,2.0628067e-05,5,Low Modelled Signal,False,1.632,0.0,0.0,0.0,0.0,-1.632,-1.632
2018-07-29,76128533B28294794137747,Kurnool,contained_grid,0.04782609,0.2,0.02972826,0.30999997,0.00020249731,0.00023713872,2.1472943e-05,23,Low Modelled Signal,False,0.04782609,0.0,0.0,0.0,0.0,-0.04782609,-0.04782609
2018-07-29,76128533B28397307540277,North  & Middle Andaman,contained_grid,20.612,43.48,8.40125,21.619999,0.012127789,0.022621695,0.0027180829,5,Low Modelled Signal,False,20.612,15.286473,38.08559,15.274057,38.070072,-5.337942,-5.325526
2018-07-29,76128533B284680734793,Raichur,contained_grid,0.19166666,0.2,0.041770827,0.38499993,0.00018037751,0.00019468105,2.1472943e-05,12,Low Modelled Signal,False,0.19166666,0.0,0.0,0.0,0.0,-0.19166666,-0.19166666
2018-07-29,76128533B28521131010314,Rajgarh,contained_grid,0.1125,0.2,0.0,0.0,0.0004230654,0.00046324616,2.3717146e-05,8,Low Modelled Signal,False,0.1125,0.0,0.0,0.0,0.0,-0.1125,-0.1125
2018-07-29,76128533B2860535426345,South Twenty Four Parganas,contained_grid,12.8392315,29.97,24.437593,49.659996,0.019335104,0.045383878,0.0053673224,13,Low Modelled Signal,False,12.8392315,7.9516554,24.575592,7.9385223,24.56007,-4.900709,-4.887576
2018-07-29,76128533B28755611410447,Jaipur,contained_grid,0.0,0.0,0.0031249998,0.049999997,0.0006112791,0.00074080436,6.595559e-05,16,Low Modelled Signal,False,0.0,0.0,0.0,0.0,0.0,0.0,0.0
2018-07-29,76128533B28879432621383,Dindigul,contained_grid,3.7412498,7.3799996,0.666875,1.865,0.0003813097,0.0006748852,5.439342e-05,8,Low Modelled Signal,False,3.7412498,0.24819899,1.9855919,0.24625891,1.9700713,-3.4949908,-3.4930508
2018-07-29,76128533B29138015770556,East Godavari,contained_grid,1.9846667,10.610001,3.0504165,5.7899995,0.0013829737,0.006881328,0.00045185414,15,Low Modelled Signal,False,1.9846667,0.5827457,5.215593,0.58067626,5.2000723,-1.4039905,-1.401921
2018-07-29,76128533B29292403538801,Kolar,contained_grid,0.25,0.8,0.0,0.0,0.0001969096,0.0002157599,3.298961e-05,6,Low Modelled Signal,False,0.25,0.0,0.0,0.0,0.0,-0.25,-0.25
2018-07-29,76128533B29293163114565,Madhepura,contained_grid,105.92,130.56,25.869999,31.749998,0.01603287,0.01629874,0.0007827767,4,Low Modelled Signal,False,105.92,100.52559,125.16559,100.51007,125.15007,-5.4099274,-5.394409
2018-07-29,76128533B29330052395581,Pathanamthitta,contained_grid,4.51,6.11,3.7683334,5.3849998,0.0007191673,0.0012614654,0.00014022991,3,Low Modelled Signal,False,4.51,0.2385308,0.7155924,0.23335727,0.7000718,-4.276643,-4.2714696
2018-07-29,76128533B29554440319099,Mahrajganj,contained_grid,40.084,42.08,29.834248,38.516247,0.023997417,0.029052546,0.0004148011,5,Low Modelled Signal,False,40.084,34.68959,36.685593,34.674072,36.670074,-5.4099274,-5.394409
2018-07-29,76128533B29672216830072,Sheikhpura,contained_grid,51.79,51.79,14.34,14.34,0.016951555,0.016951555,0.00035652344,1,Low Modelled Signal,False,51.79,46.39559,46.39559,46.380074,46.380074,-5.4099274,-5.394409
2018-07-29,76128533B2970909480221,Peren,contained_grid,15.553333,25.46,9.410417,17.1475,0.008917662,0.009671943,0.00014510249,3,Low Modelled Signal,False,15.553333,10.158925,20.065592,10.143405,20.050072,-5.4099283,-5.394408
2018-07-29,76128533B29721759389119,Agar,contained_grid,0.0019999999,0.01,0.0,0.0,0.0003983755,0.00045930906,2.7022883e-05,5,Low Modelled Signal,False,0.0019999999,0.0,0.0,0.0,0.0,-0.0019999999,-0.0019999999
2018-07-29,76128533B29873478326363,Puducherry,contained_grid,0.6,0.6,0.0025,0.0025,0.0003836622,0.0003836622,2.749538e-05,1,Low Modelled Signal,False,0.6,0.0,0.0,0.0,0.0,-0.6,-0.6
2018-07-29,76128533B30016122738302,Bokaro,contained_grid,29.12,41.56,22.974686,31.086246,0.02142374,0.026106352,0.0006162295,4,Low Modelled Signal,False,29.12,23.725594,36.165592,23.710073,36.150074,-5.4099274,-5.3944073
2018-07-29,76128533B30151252629779,West District,contained_grid,79.745,106.76,10.74875,11.3125,0.04882879,0.0733455,0.00061383535,2,Low Modelled Signal,False,79.745,74.35059,101.36559,74.335075,101.350075,-5.4099274,-5.394409
2018-07-29,76128533B30246762498957,Bhadradri,contained_grid,3.3925,10.13,1.7307031,6.9099994,0.0012478827,0.005887273,0.00032854357,16,Low Modelled Signal,False,3.3925,0.435074,4.7355924,0.43313393,4.720072,-2.959366,-2.9574258
2018-07-29,76128533B3026318797185,Nagpur,contained_grid,1.6313335,2.63,0.0014999999,0.02,0.0002949972,0.0008725681,2.7690707e-05,15,Low Modelled Signal,False,1.6313335,0.0,0.0,0.0,0.0,-1.6313335,-1.6313335
2018-07-29,76128533B30447764775083,Sagar,contained_grid,2.7214284,11.299999,0.063125,0.2525,0.013845227,0.03172313,0.00023294603,14,Low Modelled Signal,False,2.7214284,0.7222274,5.9055915,0.72001016,5.890071,-2.001418,-1.999201
2018-07-29,76128533B30477486088156,Shajapur,contained_grid,0.20799999,0.41,0.0,0.0,0.00031139157,0.00034989443,1.8541368e-05,5,Low Modelled Signal,False,0.20799999,0.0,0.0,0.0,0.0,-0.20799999,-0.20799999
2018-07-29,76128533B30779259886340,Imphal East,nearest_grid,38.710003,38.710003,40.9525,40.9525,0.012866018,0.012866018,0.00018363807,1,Low Modelled Signal,False,38.710003,33.315594,33.315594,33.300076,33.300076,-5.4099274,-5.394409
2018-07-29,76128533B31111781432113,Siddipet,contained_grid,0.46000004,0.70000005,0.18775,0.39875,0.00017880651,0.00022224616,2.1472943e-05,5,Low Modelled Signal,False,0.46000004,0.0,0.0,0.0,0.0,-0.46000004,-0.46000004
2018-07-29,76128533B31127900859310,Udhampur,contained_grid,3.3,4.2,0.0,0.0,0.0012927171,0.0018650375,8.0716854e-05,3,Low Modelled Signal,False,3.3,0.0,0.0,0.0,0.0,-3.3,-3.3
2018-07-29,76128533B31161316175613,Rewa,contained_grid,28.344545,38.08,19.543861,49.08499,0.025419591,0.031168982,0.00052181643,11,Low Modelled Signal,False,28.344545,22.950138,32.685593,22.934618,32.670074,-5.4099274,-5.3944073
2018-07-29,76128533B31175522938788,Rangareddy,contained_grid,0.21428572,0.6,0.1305357,0.35500002,0.00016977829,0.00020682013,2.1472943e-05,7,Low Modelled Signal,False,0.21428572,0.0,0.0,0.0,0.0,-0.21428572,-0.21428572
2018-07-29,76128533B31241181851990,Thoothukkudi,contained_grid,13.86125,26.58,0.13999999,0.955,0.0029109283,0.0054928204,0.00043684914,8,Low Modelled Signal,False,13.86125,9.365444,21.185593,9.353804,21.17007,-4.5074463,-4.4958057
2018-07-29,76128533B31246189674263,Nagarkurnool,contained_grid,0.14444444,0.5,0.20347221,0.55749995,0.00016591075,0.00018868134,2.1472943e-05,9,Low Modelled Signal,False,0.14444444,0.0,0.0,0.0,0.0,-0.14444444,-0.14444444
2018-07-29,76128533B31342633028465,Chandrapur,contained_grid,0.76285714,1.72,0.010982143,0.106249996,0.00022573072,0.00025072185,2.7998043e-05,14,Low Modelled Signal,False,0.76285714,0.0,0.0,0.0,0.0,-0.76285714,-0.76285714
2018-07-29,76128533B31405919461443,Kurung Kumey,contained_grid,13.097143,41.940002,33.64304,86.07501,0.008585998,0.0142423585,0.00014708273,7,Low Modelled Signal,False,13.097143,7.889709,36.545593,7.8786235,36.530075,-5.2185197,-5.207434
2018-07-29,76128533B32249045995424,Srinagar,contained_grid,1.3000001,1.3000001,0.68249995,0.68249995,0.0001639376,0.0001639376,6.9480993e-06,1,Low Modelled Signal,False,1.3000001,0.0,0.0,0.0,0.0,-1.3000001,-1.3000001
2018-07-29,76128533B32499449492865,Purnia,contained_grid,80.51667,108.73,30.275002,33.912502,0.013360523,0.015675955,0.0005904301,3,Low Modelled Signal,False,80.51667,75.12226,103.335594,75.10674,103.320076,-5.4099274,-5.394409
2018-07-29,76128533B32509926596077,Dhenkanal,contained_grid,10.35,11.599999,9.915624,12.854998,0.02622443,0.0350079,0.0074740425,4,Low Modelled Signal,False,10.35,4.955592,6.2055917,4.940072,6.190071,-5.4099283,-5.394408
2018-07-29,76128533B32949331695897,Jagatsinghapur,contained_grid,2.135,2.42,2.9912498,3.4624999,0.0065502967,0.0066055804,0.0010135698,2,Low Modelled Signal,False,2.135,0.0,0.0,0.0,0.0,-2.135,-2.135
2018-07-29,76128533B32998994032811,Punch,contained_grid,2.3,4.5,2.055,3.8724997,0.0004204542,0.00055237405,3.333846e-05,3,Low Modelled Signal,False,2.3,0.0,0.0,0.0,0.0,-2.3,-2.3
2018-07-29,76128533B33103505211400,Nicobars,contained_grid,19.94,25.45,19.5075,36.3475,0.0036124461,0.0061184173,9.292808e-05,2,Low Modelled Signal,False,19.94,14.545592,20.055593,14.530072,20.040073,-5.4099283,-5.394408
2018-07-29,76128533B33151011563565,Vadodara,contained_grid,2.0583334,3.21,0.0075,0.044999998,0.0005670647,0.0010539215,9.43972e-05,6,Low Modelled Signal,False,2.0583334,0.0,0.0,0.0,0.0,-2.0583334,-2.0583334
2018-07-29,76128533B33162455176756,Thiruvananthapuram,contained_grid,3.9066668,5.07,6.88625,16.335,0.0003252401,0.00045139293,4.2675852e-05,3,Low Modelled Signal,False,3.9066668,0.0,0.0,0.0,0.0,-3.9066668,-3.9066668
2018-07-29,76128533B33226396095315,Komaram Bheem,contained_grid,1.2912501,1.9000002,0.004375,0.035,0.00022775265,0.00027644838,2.0566364e-05,8,Low Modelled Signal,False,1.2912501,0.0,0.0,0.0,0.0,-1.2912501,-1.2912501
2018-07-29,76128533B33437990510331,Saharanpur,contained_grid,4.3383336,6.6099997,0.15625,0.53249997,0.0046527255,0.009156481,0.00024712423,6,Low Modelled Signal,False,4.3383336,0.3401974,1.2155919,0.33502388,1.2000713,-4.0033097,-3.9981363
2018-07-29,76128533B33451850475260,Nuapada,contained_grid,20.6225,24.69,0.84499997,1.43,0.029077716,0.036483586,0.0021785074,4,Low Modelled Signal,False,20.6225,15.228092,19.295593,15.212572,19.280071,-5.4099274,-5.3944073
2018-07-29,76128533B33458049385696,Rohtas,contained_grid,24.382,38.35,39.39875,50.05875,0.03429136,0.05607308,0.0015989167,5,Low Modelled Signal,False,24.382,18.98759,32.95559,18.972073,32.94007,-5.4099274,-5.394409
2018-07-29,76128533B334793883930,Jorhat,contained_grid,15.23,15.65,14.8324995,16.985,0.007301123,0.008708239,0.000659918,2,Low Modelled Signal,False,15.23,9.835592,10.255592,9.820072,10.240071,-5.4099274,-5.3944073
2018-07-29,76128533B3371867518692,Jammu,contained_grid,4.02,6.07,5.2625003,15.3525,0.005043822,0.0075140097,0.000264201,3,Low Modelled Signal,False,4.02,0.22519748,0.6755924,0.22002394,0.66007185,-3.799976,-3.7948024
2018-07-29,76128533B33966968116377,Gadag,contained_grid,0.4925,0.74000007,0.000625,0.005,0.00019075183,0.00022051389,2.8301822e-05,8,Low Modelled Signal,False,0.4925,0.0,0.0,0.0,0.0,-0.4925,-0.4925
2018-07-29,76128533B34069028331411,Karauli,contained_grid,0.05,0.3,2.960595e-17,1.7763569e-16,0.00068422855,0.00089935015,7.006683e-05,6,Low Modelled Signal,False,0.05,0.0,0.0,0.0,0.0,-0.05,-0.05
2018-07-29,76128533B34203923268864,Aizawl,contained_grid,8.455999,12.33,19.0835,37.207497,0.0059289197,0.009811317,0.00012851284,5,Low Modelled Signal,False,8.455999,3.204474,6.935592,3.1920574,6.9200716,-5.263942,-5.2515254
2018-07-29,76128533B34216851275023,Mayurbhanj,contained_grid,22.095882,44.44,31.458752,58.82,0.0222106,0.053335592,0.009761304,17,Low Modelled Signal,False,22.095882,17.288982,39.04559,17.277115,39.03007,-4.8187675,-4.8069
2018-07-29,76128533B34462889864078,Gautam Buddha Nagar,contained_grid,3.13,3.13,0.9025,0.9025,0.0035771402,0.0035771402,0.0002795801,1,Low Modelled Signal,False,3.13,0.0,0.0,0.0,0.0,-3.13,-3.13
2018-07-29,76128533B34824326075805,Warangal (U),contained_grid,0.8,0.8,0.49124998,0.49124998,0.00023661823,0.00023661823,1.3624447e-05,1,Low Modelled Signal,False,0.8,0.0,0.0,0.0,0.0,-0.8,-0.8
2018-07-29,76128533B34832354589031,Shrawasti,contained_grid,25.253334,30.089998,16.831667,33.175,0.034081805,0.046025425,0.0043330234,3,Low Modelled Signal,False,25.253334,19.858927,24.695591,19.843405,24.680069,-5.4099293,-5.3944073
2018-07-29,76128533B35083559759016,Idukki,contained_grid,4.443333,5.2400002,3.7802083,8.13125,0.0013999861,0.0027248722,9.602081e-05,6,Low Modelled Signal,False,4.443333,0.0,0.0,0.0,0.0,-4.443333,-4.443333
2018-07-29,76128533B35129325000613,Sabar Kantha,contained_grid,1.0325,1.1500001,0.0,0.0,0.00023072877,0.00024186727,4.398905e-05,4,Low Modelled Signal,False,1.0325,0.0,0.0,0.0,0.0,-1.0325,-1.0325
2018-07-29,76128533B35143550659673,Latehar,contained_grid,34.670002,45.46,23.354,36.765003,0.04673382,0.055691823,0.0018959965,5,Low Modelled Signal,False,34.670002,29.275593,40.06559,29.26007,40.05007,-5.409931,-5.394409
2018-07-29,76128533B35167844027544,Alirajpur,contained_grid,3.06,4.0,0.21174999,0.76124996,0.0006223775,0.001110137,0.0001167856,5,Low Modelled Signal,False,3.06,0.0,0.0,0.0,0.0,-3.06,-3.06
2018-07-29,76128533B35205406647638,Jamnagar,contained_grid,1.0711112,1.5500001,0.0,0.0,9.7452445e-05,0.00023718788,1.5293746e-05,9,Low Modelled Signal,False,1.0711112,0.0,0.0,0.0,0.0,-1.0711112,-1.0711112
2018-07-29,76128533B35439951183692,Lohardaga,contained_grid,24.305,26.880001,29.250626,29.3775,0.025402553,0.027522279,0.0005245386,2,Low Modelled Signal,False,24.305,18.910595,21.485594,18.895073,21.470074,-5.4099274,-5.3944054
2018-07-29,76128533B35465481868600,Samli,contained_grid,7.7099996,7.7099996,0.0,0.0,0.0067055193,0.0067055193,0.0002673932,1,Low Modelled Signal,False,7.7099996,2.3155918,2.3155918,2.3000712,2.3000712,-5.4099283,-5.3944077
2018-07-29,76128533B35468154415031,Saiha,contained_grid,20.733332,22.099998,6.695833,9.9825,0.025764843,0.02716383,0.00046404015,3,Low Modelled Signal,False,20.733332,15.338925,16.705591,15.323405,16.690071,-5.4099264,-5.3944063
2018-07-29,76128533B35717069663408,Krishnagiri,contained_grid,1.25,3.2,0.69374996,2.9599998,0.00016741034,0.00018613842,3.197577e-05,6,Low Modelled Signal,False,1.25,0.0,0.0,0.0,0.0,-1.25,-1.25
2018-07-29,76128533B35759455556328,North Garo Hills,contained_grid,22.73,22.73,1.7462499,1.7462499,0.0074964557,0.0074964557,0.00022585377,1,Low Modelled Signal,False,22.73,17.335592,17.335592,17.320072,17.320072,-5.4099274,-5.3944073
2018-07-29,76128533B35956162202704,Hamirpur,contained_grid,3.65,3.7,0.038125,0.07625,0.0021636758,0.0022991928,1.8479834e-05,2,Low Modelled Signal,False,3.65,0.0,0.0,0.0,0.0,-3.65,-3.65
2018-07-29,76128533B36164606132718,Vizianagaram,contained_grid,3.75125,8.7,9.887187,18.63,0.0059712697,0.011701018,0.0016678253,8,Low Modelled Signal,False,3.75125,0.70264804,3.305592,0.6987679,3.2900715,-3.0524821,-3.048602
2018-07-29,76128533B36594996191182,Noney,contained_grid,15.11,15.11,40.6125,40.6125,0.0055528493,0.0055528493,0.00015295357,1,Low Modelled Signal,False,15.11,9.715591,9.715591,9.700071,9.700071,-5.4099283,-5.394408
2018-07-29,76128533B36625800127334,Nawada,contained_grid,18.943333,33.26,15.923332,18.775,0.013860633,0.017585063,0.001051308,3,Low Modelled Signal,False,18.943333,13.548924,27.865591,13.533404,27.85007,-5.4099283,-5.394408
2018-07-29,76128533B36734405131975,Maldah,contained_grid,47.044,55.97,5.21775,11.500001,0.0076360656,0.009088762,0.0014066756,5,Low Modelled Signal,False,47.044,41.64959,50.575592,41.63407,50.560074,-5.4099274,-5.394409
2018-07-29,76128533B36958871695926,Gadchiroli,contained_grid,2.91,6.5000005,0.0041666664,0.035,0.0005536179,0.0017911299,8.8461755e-05,21,Low Modelled Signal,False,2.91,0.052647274,1.1055927,0.0519082,1.0900722,-2.8580918,-2.8573527
2018-07-29,76128533B37096001761063,Burhanpur,contained_grid,1.4233335,1.6200001,0.0,0.0,0.00022104978,0.00024566884,2.9759914e-05,6,Low Modelled Signal,False,1.4233335,0.0,0.0,0.0,0.0,-1.4233335,-1.4233335
2018-07-29,76128533B37148244536449,Palghar,contained_grid,4.7177777,7.32,0.43555555,3.9099998,0.0020986614,0.003793292,0.00019358462,9,Low Modelled Signal,False,4.7177777,0.31568724,1.9255924,0.31223822,1.9100718,-4.4055395,-4.4020905
2018-07-29,76128533B37199077904074,Kapurthala,contained_grid,10.486667,11.7699995,3.2120836,8.91125,0.008045125,0.008415987,6.947222e-05,3,Low Modelled Signal,False,10.486667,5.092259,6.3755918,5.0767384,6.360071,-5.4099283,-5.3944077
2018-07-29,76128533B37392223136185,Udaipur,contained_grid,0.7005883,1.4300001,0.0,0.0,0.00023004357,0.00026658867,4.5254586e-05,17,Low Modelled Signal,False,0.7005883,0.0,0.0,0.0,0.0,-0.7005883,-0.7005883
2018-07-29,76128533B37486272752374,Wardha,contained_grid,0.8985715,1.57,0.0,0.0,0.00022451417,0.00025219785,2.5110923e-05,7,Low Modelled Signal,False,0.8985715,0.0,0.0,0.0,0.0,-0.8985715,-0.8985715
2018-07-29,76128533B37825396764028,Shupiyan,contained_grid,3.0,3.1999998,0.2125,0.365,0.0004144634,0.0004560302,1.4708034e-05,2,Low Modelled Signal,False,3.0,0.0,0.0,0.0,0.0,-3.0,-3.0
2018-07-29,76128533B38141181853016,Kolasib,contained_grid,0.97,1.1,29.102497,31.314997,0.0018547168,0.0019542528,7.136166e-05,2,Low Modelled Signal,False,0.97,0.0,0.0,0.0,0.0,-0.97,-0.97
2018-07-29,76128533B38203190611533,Gaurella Pendra Marwahi,contained_grid,34.455,36.85,3.365625,4.09875,0.04504112,0.04628462,0.0005591715,2,Low Modelled Signal,False,34.455,29.060593,31.455591,29.045073,31.440071,-5.4099293,-5.394409
2018-07-29,76128533B38230828972906,Kamrup Metropolitan,nearest_grid,29.809998,29.809998,10.987499,10.987499,0.011256054,0.011256054,0.00011708226,1,Low Modelled Signal,False,29.809998,24.41559,24.41559,24.40007,24.40007,-5.4099274,-5.3944073
2018-07-29,76128533B38354309367879,Adilabad,contained_grid,1.15,1.3100001,0.028,0.044999998,0.00021733044,0.00022438123,1.8061626e-05,5,Low Modelled Signal,False,1.15,0.0,0.0,0.0,0.0,-1.15,-1.15
2018-07-29,76128533B38548995376745,Karbi Anglong East,contained_grid,13.8825,17.74,7.515208,23.5225,0.006160293,0.009355365,0.0004334366,12,Low Modelled Signal,False,13.8825,8.488092,12.3455925,8.472571,12.330071,-5.4099283,-5.3944073
2018-07-29,76128533B38561771925520,Pithoragarh,contained_grid,19.004002,50.010002,5.891,15.307499,0.021665718,0.05488729,0.0021527351,10,Low Modelled Signal,False,19.004002,13.740033,44.615593,13.726065,44.600075,-5.277937,-5.2639685
2018-07-29,76128533B38767180038480,Niwari,contained_grid,6.75,6.75,8.1,8.1,0.020754667,0.020754667,0.00021559733,1,Low Modelled Signal,False,6.75,1.3555923,1.3555923,1.3400717,1.3400717,-5.4099283,-5.3944077
2018-07-29,76128533B38784530776316,Lower Dibang Valley,contained_grid,15.87,22.3,3.9320831,9.287499,0.0059429803,0.008795462,0.00021405001,6,Low Modelled Signal,False,15.87,10.475593,16.905592,10.460072,16.890072,-5.4099283,-5.3944073
2018-07-29,76128533B39039541714099,Champhai,contained_grid,7.98,7.98,8.395,8.395,0.011880219,0.011880219,0.0001371576,1,Low Modelled Signal,False,7.98,2.5855923,2.5855923,2.5700717,2.5700717,-5.4099283,-5.3944077
2018-07-29,76128533B39046535416628,Kheda,contained_grid,1.0899999,1.3299999,0.1355,0.645,0.00022817802,0.000253833,2.6260572e-05,5,Low Modelled Signal,False,1.0899999,0.0,0.0,0.0,0.0,-1.0899999,-1.0899999
2018-07-29,76128533B39051871473194,Barnala,contained_grid,2.8000002,4.15,0.16125,0.3225,0.0030352552,0.003568819,7.1796e-05,2,Low Modelled Signal,False,2.8000002,0.0,0.0,0.0,0.0,-2.8000002,-2.8000002
2018-07-29,76128533B39238815774480,Sindhudurg,contained_grid,6.826667,8.110001,0.032638885,0.23749997,0.0050062584,0.0070563876,0.00029580135,9,Low Modelled Signal,False,6.826667,1.4322592,2.7155929,1.4167386,2.7000723,-5.4099283,-5.3944077
2018-07-29,76128533B39329594544563,Aurangabad,contained_grid,0.13666667,0.32,0.063,0.59000003,0.00020509331,0.00025223906,3.9825703e-05,15,Low Modelled Signal,False,0.13666667,0.0,0.0,0.0,0.0,-0.13666667,-0.13666667
2018-07-29,76128533B39368211148513,Patiala,contained_grid,5.862,6.84,0.0,0.0,0.004305074,0.0064247283,8.346781e-05,5,Low Modelled Signal,False,5.862,0.62847376,1.4455924,0.6160573,1.4300718,-5.2459426,-5.233526
2018-07-29,76128533B39705008578419,Satna,contained_grid,22.815454,32.61,11.215113,41.532497,0.02248103,0.039206028,0.00035410142,11,Low Modelled Signal,False,22.815454,17.42105,27.215593,17.405527,27.200073,-5.4099274,-5.3944054
2018-07-29,76128533B3985531353014,Kozhikode,contained_grid,6.2166657,8.059999,12.409165,24.564999,0.001516412,0.0020146747,0.00017413577,3,Low Modelled Signal,False,6.2166657,1.2737279,2.6655917,1.2633809,2.6500711,-4.9532847,-4.942938
2018-07-29,76128533B39959897010345,Sehore,contained_grid,0.54625005,0.9100001,0.2584375,0.875,0.0002683172,0.00041661202,2.2952956e-05,8,Low Modelled Signal,False,0.54625005,0.0,0.0,0.0,0.0,-0.54625005,-0.54625005
2018-07-29,76128533B40023971667984,Deoria,contained_grid,60.32,64.5,26.526249,33.07,0.019862762,0.02071046,0.00033789393,2,Low Modelled Signal,False,60.32,54.92559,59.10559,54.910072,59.090073,-5.4099274,-5.394409
2018-07-29,76128533B40156838070,Jalgaon,contained_grid,0.89466673,2.53,0.021333333,0.32,0.00023002285,0.00025006308,4.441232e-05,15,Low Modelled Signal,False,0.89466673,0.0,0.0,0.0,0.0,-0.89466673,-0.89466673
2018-07-29,76128533B40226077866964,Gorakhpur,contained_grid,49.744,59.300003,39.67125,47.02,0.026758846,0.034766402,0.00055757764,5,Low Modelled Signal,False,49.744,44.34959,53.905594,44.334072,53.890076,-5.4099274,-5.394409
2018-07-29,76128533B40480360118262,Sangareddy,contained_grid,0.54,0.6,0.019499999,0.067499995,0.0001465237,0.0001465237,2.1123707e-05,5,Low Modelled Signal,False,0.54,0.0,0.0,0.0,0.0,-0.54,-0.54
2018-07-29,76128533B40495457052818,Bijapur,contained_grid,0.15142858,0.3,0.11848215,1.6425,0.00017128795,0.0002143685,2.6198168e-05,14,Low Modelled Signal,False,0.15142858,0.0,0.0,0.0,0.0,-0.15142858,-0.15142858
2018-07-29,76128533B40509297062120,Siddharthnagar,contained_grid,37.4425,39.800003,29.465624,32.7325,0.02726691,0.036643118,0.0013478817,4,Low Modelled Signal,False,37.4425,32.04809,34.405594,32.032574,34.390076,-5.4099274,-5.394409
2018-07-29,76128533B40535123096970,East Garo Hills,contained_grid,7.9049997,13.32,8.366875,16.619999,0.003932959,0.0062612398,0.00024416726,4,Low Modelled Signal,False,7.9049997,3.3627958,7.925592,3.3550355,7.9100714,-4.549964,-4.542204
2018-07-29,76128533B40638696154891,Faridabad,contained_grid,2.19,2.19,0.885,0.885,0.0017793438,0.0017793438,4.2781237e-05,1,Low Modelled Signal,False,2.19,0.0,0.0,0.0,0.0,-2.19,-2.19
2018-07-29,76128533B40714385808093,Biswanath,contained_grid,13.210001,13.210001,30.244999,30.244999,0.0060091675,0.0060091675,0.001117497,1,Low Modelled Signal,False,13.210001,7.8155932,7.8155932,7.8000727,7.8000727,-5.4099283,-5.3944077
2018-07-29,76128533B40868676647207,Munger,contained_grid,61.450005,65.39,20.490625,24.77125,0.024791975,0.031101884,0.0007217744,2,Low Modelled Signal,False,61.450005,56.055595,59.99559,56.040077,59.980072,-5.4099274,-5.394409
2018-07-29,76128533B40923846274136,Junagadh,contained_grid,2.0042856,2.55,0.0,0.0,0.00022045596,0.00027668843,4.301248e-05,7,Low Modelled Signal,False,2.0042856,0.0,0.0,0.0,0.0,-2.0042856,-2.0042856
2018-07-29,76128533B40995085026980,Nalbari,contained_grid,20.515,22.1,5.2375,5.245,0.011458405,0.015925918,0.00035660854,2,Low Modelled Signal,False,20.515,15.120593,16.705593,15.105072,16.690071,-5.4099274,-5.3944063
2018-07-29,76128533B41005496708834,Sonitpur,contained_grid,22.3525,26.300001,21.968124,28.435,0.013847986,0.017185964,0.0005110147,4,Low Modelled Signal,False,22.3525,16.958094,20.905594,16.942574,20.890072,-5.4099274,-5.3944073
2018-07-29,76128533B41246169049488,Mahe,nearest_grid,7.92,7.92,16.485,16.485,0.0027473348,0.0027473348,0.00013233186,1,Low Modelled Signal,False,7.92,2.5255923,2.5255923,2.5100718,2.5100718,-5.4099283,-5.3944077
2018-07-29,76128533B41321006511827,Khawzawl,contained_grid,15.5,15.5,73.3625,73.3625,0.007988372,0.007988372,0.00015016862,1,Low Modelled Signal,False,15.5,10.105593,10.105593,10.090072,10.090072,-5.4099283,-5.3944073
2018-07-29,76128533B41477629049356,Lakshadweep,nearest_grid,3.3000002,3.3000002,0.0225,0.0225,0.00013824539,0.00013824539,3.3976703e-05,1,Low Modelled Signal,False,3.3000002,0.0,0.0,0.0,0.0,-3.3000002,-3.3000002
2018-07-29,76128533B41499938690181,Mansa,contained_grid,0.13,0.26,0.363125,0.72625,0.0013549132,0.0019948443,7.63018e-05,2,Low Modelled Signal,False,0.13,0.0,0.0,0.0,0.0,-0.13,-0.13
2018-07-29,76128533B41744580856133,Bandipore,contained_grid,0.5,0.70000005,0.097812496,0.17249998,0.00016475105,0.00028668702,1.4980493e-05,4,Low Modelled Signal,False,0.5,0.0,0.0,0.0,0.0,-0.5,-0.5
2018-07-29,76128533B41747884279129,Hoshiarpur,contained_grid,5.5749993,8.099999,2.7291667,7.987499,0.005074726,0.0076503353,0.00012214997,6,Low Modelled Signal,False,5.5749993,0.58353066,2.7055917,0.57835716,2.690071,-4.996642,-4.9914684
2018-07-29,76128533B41976979530466,Kannur,contained_grid,8.139999,9.01,5.785,16.485,0.0027695796,0.0030660809,0.00018800676,4,Low Modelled Signal,False,8.139999,2.745592,3.6155925,2.7300715,3.600072,-5.409928,-5.3944073
2018-07-29,76128533B42153891534463,West Khasi Hills,contained_grid,13.393333,22.550001,22.595,36.1375,0.011228302,0.021656219,0.00044677663,6,Low Modelled Signal,False,13.393333,7.998926,17.155594,7.9834056,17.140072,-5.409928,-5.3944073
2018-07-29,76128533B421757708753,Firozpur,contained_grid,3.7800002,4.5600004,0.12,0.175,0.0050698193,0.005236653,5.932585e-05,2,Low Modelled Signal,False,3.7800002,0.0,0.0,0.0,0.0,-3.7800002,-3.7800002
2018-07-29,76128533B42623703243160,Unnao,contained_grid,67.299995,87.009995,43.19875,51.484997,0.1479056,0.161899,0.0056487727,6,Heavy Rain Watch,False,67.299995,61.90559,81.615585,61.89007,81.60007,-5.4099236,-5.3944054
2018-07-29,76128533B42646400584570,Bhiwani,contained_grid,0.0,0.0,0.18232141,0.69624996,0.0005200656,0.0006032936,4.108373e-05,7,Low Modelled Signal,False,0.0,0.0,0.0,0.0,0.0,0.0,0.0
2018-07-29,76128533B42839853072341,Patan,contained_grid,1.0500001,1.2,0.0,0.0,0.00024924715,0.000532307,7.827539e-05,6,Low Modelled Signal,False,1.0500001,0.0,0.0,0.0,0.0,-1.0500001,-1.0500001
2018-07-29,76128533B42880544505675,Dhar,contained_grid,1.7954545,2.3700001,0.10863636,0.24374999,0.00030876233,0.00036891992,3.5864265e-05,11,Low Modelled Signal,False,1.7954545,0.0,0.0,0.0,0.0,-1.7954545,-1.7954545
2018-07-29,76128533B42922918567330,Chhatarpur,contained_grid,20.573334,41.230003,14.381562,91.11,0.03387504,0.0443933,0.00034929783,12,Low Modelled Signal,False,20.573334,15.1789255,35.835594,15.163405,35.820076,-5.4099283,-5.394408
2018-07-29,76128533B42970684683247,Dhalai,contained_grid,2.6,3.1999998,11.9075,12.2875,0.0009978367,0.0012154968,7.1723e-05,2,Low Modelled Signal,False,2.6,0.0,0.0,0.0,0.0,-2.6,-2.6
2018-07-29,76128533B43049220506604,Dakshin Dinajpur,contained_grid,54.70667,58.620003,7.3187504,9.811251,0.006609654,0.008864673,0.0007616151,3,Low Modelled Signal,False,54.70667,49.31226,53.225594,49.29674,53.210075,-5.4099274,-5.394409
2018-07-29,76128533B43180268042348,Kodarma,contained_grid,25.626669,30.580002,11.167084,13.3275,0.021041496,0.021581514,0.00070267793,3,Low Modelled Signal,False,25.626669,20.23226,25.185595,20.21674,25.170074,-5.4099293,-5.394409
2018-07-29,76128533B43252171579976,Dadra & Nagar Haveli,contained_grid,3.35,3.35,0.0,0.0,0.0011939298,0.0011939298,8.704518e-05,1,Low Modelled Signal,False,3.35,0.0,0.0,0.0,0.0,-3.35,-3.35
2018-07-29,76128533B43335986553000,Mandya,contained_grid,0.1825,0.34,0.35250002,2.805,0.00013808739,0.0001600458,2.786245e-05,8,Low Modelled Signal,False,0.1825,0.0,0.0,0.0,0.0,-0.1825,-0.1825
2018-07-29,76128533B43544960343942,Nagaur,contained_grid,0.0,0.0,0.0,0.0,0.00041117633,0.0010549924,6.447959e-05,27,Low Modelled Signal,False,0.0,0.0,0.0,0.0,0.0,0.0,0.0
2018-07-29,76128533B43737470294384,Amreli,contained_grid,1.2850001,2.31,0.0,0.0,0.00025232515,0.0004357481,4.0933064e-05,10,Low Modelled Signal,False,1.2850001,0.0,0.0,0.0,0.0,-1.2850001,-1.2850001
2018-07-29,76128533B43965372582859,Sipahijula,contained_grid,0.90000004,0.90000004,2.3525,2.3525,0.0005004362,0.0005004362,3.0338246e-05,1,Low Modelled Signal,False,0.90000004,0.0,0.0,0.0,0.0,-0.90000004,-0.90000004
2018-07-29,76128533B44190672061408,Ukhrul,contained_grid,73.49,104.399994,58.213333,74.0025,0.024709523,0.029888328,0.00036499035,3,Low Modelled Signal,False,73.49,68.09559,99.005585,68.08007,98.99007,-5.4099274,-5.394409
2018-07-29,76128533B44197302080139,Thoubal,nearest_grid,38.710003,38.710003,40.9525,40.9525,0.012866018,0.012866018,0.00018363807,1,Low Modelled Signal,False,38.710003,33.315594,33.315594,33.300076,33.300076,-5.4099274,-5.394409
2018-07-29,76128533B44250373880839,Damoh,contained_grid,18.78,27.500002,4.7374997,13.8475,0.025588145,0.04455297,0.00021712885,10,Low Modelled Signal,False,18.78,13.385592,22.105595,13.370071,22.090073,-5.4099293,-5.394408
2018-07-29,76128533B44395557448920,Balangir,contained_grid,27.715555,36.43,1.5031943,3.6725001,0.054998145,0.0818058,0.0066772,9,Low Modelled Signal,False,27.715555,22.321148,31.035593,22.305628,31.020073,-5.4099274,-5.3944073
2018-07-29,76128533B44632955875385,Chatra,contained_grid,20.87857,44.620003,10.098214,17.990002,0.03327541,0.044696562,0.002186038,7,Low Modelled Signal,False,20.87857,15.999079,39.225594,15.985776,39.210075,-4.8927946,-4.879492
2018-07-29,76128533B4466876522971,Umaria,contained_grid,9.00375,17.529999,1.3048437,4.2125,0.020241724,0.03711637,0.0002109356,8,Low Modelled Signal,False,9.00375,3.6093426,12.1355915,3.595063,12.12007,-5.4086866,-5.3944073
2018-07-29,76128533B4481773749911,Krishna,contained_grid,0.16666667,0.4,1.5723958,3.73,0.00017403443,0.00019667624,2.175717e-05,12,Low Modelled Signal,False,0.16666667,0.0,0.0,0.0,0.0,-0.16666667,-0.16666667
2018-07-29,76128533B45037556977273,Gir Somnath,contained_grid,3.0583334,3.3700001,0.0,0.0,0.00026891733,0.0003145515,8.960548e-05,6,Low Modelled Signal,False,3.0583334,0.0,0.0,0.0,0.0,-3.0583334,-3.0583334
2018-07-29,76128533B45072089356239,Thiruvarur,contained_grid,2.63,4.27,10.085418,19.130003,0.00034686024,0.00043447412,7.0882765e-05,3,Low Modelled Signal,False,2.63,0.0,0.0,0.0,0.0,-2.63,-2.63
2018-07-29,76128533B45099378029175,Banda,contained_grid,54.760002,73.759995,54.84785,78.79249,0.06602321,0.092524834,0.0013598163,7,Low Modelled Signal,False,54.760002,49.365593,68.365585,49.35007,68.35007,-5.409931,-5.394409
2018-07-29,76128533B45106682783501,Jind,contained_grid,0.696,2.52,2.09075,4.5399995,0.0016000938,0.002188096,9.2775255e-05,5,Low Modelled Signal,False,0.696,0.0,0.0,0.0,0.0,-0.696,-0.696
2018-07-29,76128533B45314020251888,Hoshangabad,contained_grid,2.1277778,3.31,0.4970833,1.7349999,0.00029033667,0.0003444424,3.4563185e-05,9,Low Modelled Signal,False,2.1277778,0.0,0.0,0.0,0.0,-2.1277778,-2.1277778
2018-07-29,76128533B45381195840581,Pakur,contained_grid,72.996666,85.56,12.043334,22.405,0.02349437,0.0273419,0.0017334397,3,Low Modelled Signal,False,72.996666,67.60226,80.16559,67.58674,80.15007,-5.4099274,-5.394409
2018-07-29,76128533B45574198291616,North ,nearest_grid,0.63,0.63,3.0649998,3.0649998,0.0015221529,0.0015221529,3.0683106e-05,1,Low Modelled Signal,False,0.63,0.0,0.0,0.0,0.0,-0.63,-0.63
2018-07-29,76128533B45592431373253,Thiruvallur,contained_grid,0.033333335,0.1,0.51416665,0.85,0.00022360607,0.00022685788,3.1265783e-05,3,Low Modelled Signal,False,0.033333335,0.0,0.0,0.0,0.0,-0.033333335,-0.033333335
2018-07-29,76128533B45623818137574,Arwal,contained_grid,11.4,11.4,25.690002,25.690002,0.013998213,0.013998213,0.00018031539,1,Low Modelled Signal,False,11.4,6.005592,6.005592,5.9900713,5.9900713,-5.4099283,-5.3944077
2018-07-29,76128533B45655211862788,Rajouri,contained_grid,3.9775002,4.7999997,0.103125,0.4125,0.0021665161,0.004260513,3.9210812e-05,4,Low Modelled Signal,False,3.9775002,0.0,0.0,0.0,0.0,-3.9775002,-3.9775002
2018-07-29,76128533B46038384763988,Rudraprayag,contained_grid,23.385,23.8,3.5774999,5.0724998,0.010845637,0.011327418,0.00010938288,2,Low Modelled Signal,False,23.385,17.990593,18.405592,17.975073,18.390072,-5.4099274,-5.3944073
2018-07-29,76128533B46084756537322,Shi Yomi,contained_grid,16.475,24.35,21.014582,62.069996,0.0058443216,0.00809949,0.0003255446,6,Low Modelled Signal,False,16.475,11.080592,18.955593,11.065071,18.940071,-5.4099293,-5.394408
2018-07-29,76128533B46195204843409,Ludhiana,contained_grid,8.206667,13.110001,0.74125,2.7625,0.007564033,0.009304992,0.0001100468,6,Low Modelled Signal,False,8.206667,2.812259,7.715593,2.7967386,7.7000723,-5.4099283,-5.394408
2018-07-29,76128533B46268976217915,Baghpat,contained_grid,7.395,7.84,2.3899999,4.02,0.010116106,0.010934881,0.0013897297,2,Low Modelled Signal,False,7.395,2.0005922,2.4455924,1.9850717,2.4300718,-5.4099283,-5.3944077
2018-07-29,76128533B46490409917345,Bongaigaon,contained_grid,17.65,17.65,11.619999,11.619999,0.0068155783,0.0068155783,0.00023531994,1,Low Modelled Signal,False,17.65,12.255592,12.255592,12.240071,12.240071,-5.4099283,-5.3944073
2018-07-29,76128533B46531174070538,Udham Singh Nagar,contained_grid,23.532001,35.51,7.3534994,24.679998,0.04687784,0.06889168,0.0018327141,5,Low Modelled Signal,False,23.532001,18.137592,30.115591,18.122072,30.10007,-5.4099293,-5.394409
2018-07-29,76128533B46682008877369,Rampur,contained_grid,10.7075,15.61,24.948124,46.168747,0.032171275,0.05897544,0.0014972934,4,Low Modelled Signal,False,10.7075,5.313092,10.215591,5.297572,10.200071,-5.4099283,-5.394408
2018-07-29,76128533B46866455993508,Narmada,contained_grid,4.7525,5.21,0.0,0.0,0.0015947646,0.0017626843,0.000111800575,4,Low Modelled Signal,False,4.7525,0.0,0.0,0.0,0.0,-4.7525,-4.7525
2018-07-29,76128533B46926146855114,Garhwal,contained_grid,8.75875,15.16,18.795624,32.1325,0.009628183,0.014022625,0.0005956075,8,Low Modelled Signal,False,8.75875,3.9404442,9.765593,3.9288037,9.750072,-4.8299465,-4.818306
2018-07-29,76128533B46979893461805,Surajpur,contained_grid,47.525,52.85,16.264374,17.750002,0.061653376,0.0689147,0.0066183875,4,Low Modelled Signal,False,47.525,42.130592,47.45559,42.115074,47.44007,-5.4099274,-5.394409
2018-07-29,76128533B4720703924950,Unokoti,contained_grid,5.1,5.1,14.375001,14.375001,0.0035812655,0.0035812655,0.00015796589,1,Low Modelled Signal,False,5.1,0.0,0.0,0.0,0.0,-5.1,-5.1
2018-07-29,76128533B4743808419896,Dharmapuri,contained_grid,1.4857142,3.0,0.7478571,2.7250001,0.00015742793,0.00019078823,3.494182e-05,7,Low Modelled Signal,False,1.4857142,0.0,0.0,0.0,0.0,-1.4857142,-1.4857142
2018-07-29,76128533B47448948912370,Koraput,contained_grid,11.144546,15.909999,3.1801133,6.7049994,0.008310369,0.014814609,0.0019056412,11,Low Modelled Signal,False,11.144546,5.7501373,10.515591,5.734617,10.500071,-5.4099283,-5.394408
2018-07-29,76128533B4745348385341,Araria,contained_grid,57.46,70.229996,19.811249,28.457499,0.011575938,0.016078396,0.0005183055,4,Low Modelled Signal,False,57.46,52.06559,64.83559,52.05007,64.82007,-5.4099274,-5.394409
2018-07-29,76128533B4753404177348,Coimbatore,contained_grid,1.4714286,4.2999997,0.5207143,2.3625,0.00019165092,0.0003060793,6.875232e-05,7,Low Modelled Signal,False,1.4714286,0.0,0.0,0.0,0.0,-1.4714286,-1.4714286
2018-07-29,76128533B47594161132413,Chitradurga,contained_grid,0.1590909,0.44,0.0,0.0,0.00018386568,0.00025316363,3.9467894e-05,11,Low Modelled Signal,False,0.1590909,0.0,0.0,0.0,0.0,-0.1590909,-0.1590909
2018-07-29,76128533B47664895117076,Kargil,contained_grid,1.0832,2.14,0.57005,2.045,0.00013052492,0.0002188706,1.9213603e-05,25,Low Modelled Signal,False,1.0832,0.0,0.0,0.0,0.0,-1.0832,-1.0832
2018-07-29,76128533B47772746709007,Barpeta,contained_grid,15.067501,19.4,3.7431247,5.1574993,0.008326892,0.0106882285,0.0018985163,4,Low Modelled Signal,False,15.067501,9.673094,14.005592,9.657573,13.990071,-5.4099283,-5.3944073
2018-07-29,76128533B47816398970283,Ahmadnagar,contained_grid,0.29,4.44,0.22589286,3.9775002,0.0003310015,0.0018050594,0.00015657183,21,Low Modelled Signal,False,0.29,0.0,0.0,0.0,0.0,-0.29,-0.29
2018-07-29,76128533B47840093719460,Bastar,contained_grid,9.115714,20.699999,0.16053571,0.48625,0.0064801765,0.016063502,0.0012723829,7,Low Modelled Signal,False,9.115714,4.1703386,15.305592,4.1614695,15.290071,-4.9542446,-4.9453754
2018-07-29,76128533B48075109668277,Bangalore Rural,contained_grid,0.75,1.4,0.0,0.0,0.0001935077,0.00022297062,3.6570116e-05,4,Low Modelled Signal,False,0.75,0.0,0.0,0.0,0.0,-0.75,-0.75
2018-07-29,76128533B48077510234542,Kabeerdham,contained_grid,17.831667,25.810001,0.57354164,1.715,0.024030566,0.028448604,0.0008123756,6,Low Modelled Signal,False,17.831667,12.43726,20.415594,12.421739,20.400074,-5.4099283,-5.3944073
2018-07-29,76128533B4839184447445,Udupi,contained_grid,9.775999,10.66,0.52175,1.615,0.0063858414,0.008088492,0.00066666433,5,Low Modelled Signal,False,9.775999,4.3815923,5.265592,4.366071,5.2500715,-5.409928,-5.394407
2018-07-29,76128533B48708628358161,Doda,contained_grid,4.3450003,4.67,0.46718746,0.65999997,0.0005470889,0.0006849345,3.2808915e-05,4,Low Modelled Signal,False,4.3450003,0.0,0.0,0.0,0.0,-4.3450003,-4.3450003
2018-07-29,76128533B48885555323596,Batod,contained_grid,0.875,0.98,0.34374997,1.3749999,0.00039348388,0.00043495704,4.4319444e-05,4,Low Modelled Signal,False,0.875,0.0,0.0,0.0,0.0,-0.875,-0.875
2018-07-29,76128533B49017555803526,Purba Champaran,contained_grid,34.234,41.0,11.31575,16.574999,0.005284246,0.007503514,0.0008444481,5,Low Modelled Signal,False,34.234,28.839594,35.60559,28.824072,35.590073,-5.4099293,-5.3944073
2018-07-29,76128533B49100243723360,Kiphire,contained_grid,50.98,60.68,51.71375,73.505,0.027601212,0.030408004,0.00026150123,2,Low Modelled Signal,False,50.98,45.58559,55.28559,45.570072,55.270073,-5.4099274,-5.394409
2018-07-29,76128533B49246671500878,East Khasi Hills,contained_grid,13.2,14.25,11.643125,20.902498,0.011713137,0.0146044595,0.00048605443,4,Low Modelled Signal,False,13.2,7.805592,8.855593,7.7900715,8.840072,-5.4099283,-5.3944077
2018-07-29,76128533B49394025943542,Wanaparthy,contained_grid,0.3,0.6,0.56375,1.6850001,0.00017409166,0.00017671703,2.1472943e-05,3,Low Modelled Signal,False,0.3,0.0,0.0,0.0,0.0,-0.3,-0.3
2018-07-29,76128533B49429513424897,Samba,contained_grid,2.9950001,4.19,2.378125,4.75625,0.0045774225,0.00674078,0.00019029566,2,Low Modelled Signal,False,2.9950001,0.0,0.0,0.0,0.0,-2.9950001,-2.9950001
2018-07-29,76128533B49436035281620,Lucknow,contained_grid,83.485,95.78,24.05031,28.919998,0.24736148,0.38030794,0.008359606,4,Heavy Rain Watch,False,83.485,78.09059,90.38559,78.07507,90.37007,-5.4099274,-5.394409
2018-07-29,76128533B49456368048033,Serchhip,contained_grid,6.8550005,7.01,9.252501,9.594999,0.0058179796,0.0064568925,0.00011305793,2,Low Modelled Signal,False,6.8550005,1.4605925,1.6155925,1.4450719,1.6000719,-5.4099283,-5.394408
2018-07-29,76128533B49460554954204,Ghazipur,contained_grid,92.328,148.73001,59.11925,65.829994,0.09248674,0.11733522,0.0025833237,5,Heavy Rain Watch,False,92.328,86.93359,143.3356,86.918076,143.32008,-5.4099274,-5.394409
2018-07-29,76128533B49597693387243,Davanagere,contained_grid,0.73,1.1500001,0.0,0.0,0.00015061548,0.00018354924,3.146578e-05,7,Low Modelled Signal,False,0.73,0.0,0.0,0.0,0.0,-0.73,-0.73
2018-07-29,76128533B49615943426842,Mahisagar,contained_grid,1.2433333,1.53,0.00125,0.00375,0.00025697736,0.00026228445,2.7475136e-05,3,Low Modelled Signal,False,1.2433333,0.0,0.0,0.0,0.0,-1.2433333,-1.2433333
2018-07-29,76128533B49805675626253,Sahibganj,contained_grid,81.465004,105.79,8.265625,12.74,0.017434426,0.019502116,0.0019088213,4,Low Modelled Signal,False,81.465004,76.070595,100.39559,76.05508,100.38007,-5.4099274,-5.394409
2018-07-29,76128533B49867917697487,Sirohi,contained_grid,0.53375,0.95000005,0.0,0.0,0.00015268916,0.00021022056,2.7573498e-05,8,Low Modelled Signal,False,0.53375,0.0,0.0,0.0,0.0,-0.53375,-0.53375
2018-07-29,76128533B49993259380917,Lower Siang,contained_grid,21.669998,23.949999,42.79375,56.0525,0.006761806,0.008529309,0.00026248733,2,Low Modelled Signal,False,21.669998,16.275593,18.555592,16.26007,18.54007,-5.4099274,-5.3944054
2018-07-29,76128533B50011981829203,Kinnaur,contained_grid,1.091,3.6999998,0.802375,2.1299999,0.0002896679,0.0006529635,1.5473022e-05,10,Low Modelled Signal,False,1.091,0.0,0.0,0.0,0.0,-1.091,-1.091
2018-07-29,76128533B50014751336341,Singrauli,contained_grid,23.21875,32.519997,22.801874,44.168747,0.026463965,0.03282957,0.0005644271,8,Low Modelled Signal,False,23.21875,17.824343,27.12559,17.808823,27.11007,-5.4099274,-5.3944073
2018-07-29,76128533B50056157736049,Nashik,contained_grid,1.7578261,5.92,0.41711956,4.19,0.0006044613,0.00205047,0.00011430062,23,Low Modelled Signal,False,1.7578261,0.02285184,0.5255923,0.022177033,0.51007175,-1.7356491,-1.7349743
2018-07-29,76128533B50184713016881,Muktsar,contained_grid,0.13333334,0.2,0.565,0.87999994,0.0009526252,0.0013927179,0.00017776557,3,Low Modelled Signal,False,0.13333334,0.0,0.0,0.0,0.0,-0.13333334,-0.13333334
2018-07-29,76128533B50275440439236,Saraikela-Kharsawan,contained_grid,33.31,33.47,41.270832,45.135006,0.021052605,0.025100822,0.004651998,3,Low Modelled Signal,False,33.31,27.915594,28.075594,27.900072,28.060074,-5.4099293,-5.3944073
2018-07-29,76128533B50374927918374,Nainital,contained_grid,34.711998,64.01,10.075251,24.175,0.019038681,0.024855286,0.0006780488,5,Low Modelled Signal,False,34.711998,29.317593,58.615593,29.302073,58.600075,-5.4099255,-5.3944054
2018-07-29,76128533B50498617372937,Rayagada,contained_grid,6.925,11.139999,2.898,6.1300006,0.009245826,0.020981232,0.0037479268,10,Low Modelled Signal,False,6.925,2.1669145,5.7455916,2.1560502,5.730071,-4.76895,-4.7580857
2018-07-29,76128533B50613523798301,Pratapgarh,contained_grid,1.11,1.3800001,0.0,0.0,0.0002681944,0.00029807398,2.6054699e-05,5,Low Modelled Signal,False,1.11,0.0,0.0,0.0,0.0,-1.11,-1.11
2018-07-29,76128533B50650763703739,Dhemaji,contained_grid,23.07,40.749996,35.153435,61.38875,0.008356887,0.010273142,0.0006716826,4,Low Modelled Signal,False,23.07,18.354193,35.355587,18.342552,35.34007,-4.7274475,-4.715807
2018-07-29,76128533B50784044604286,Reasi,contained_grid,7.8,8.0,0.5225,1.045,0.000778671,0.0007894531,2.8058674e-05,2,Low Modelled Signal,False,7.8,2.4055924,2.6055923,2.3900719,2.5900717,-5.4099283,-5.3944077
2018-07-29,76128533B50969226102213,Churachandpur,contained_grid,10.882501,23.080002,29.509998,40.433746,0.010092231,0.014833,0.00020457558,4,Low Modelled Signal,False,10.882501,5.784195,17.685595,5.7725544,17.670074,-5.1099463,-5.0983057
2018-07-29,76128533B51331331726928,Gurdaspur,contained_grid,8.601999,14.950001,14.36075,18.24,0.007485185,0.010174426,0.00011876215,5,Low Modelled Signal,False,8.601999,3.4184737,9.5555935,3.4060574,9.540072,-5.195942,-5.1835256
2018-07-29,76128533B51363853289247,Nalanda,contained_grid,12.295,14.61,16.135002,20.185005,0.011711084,0.012832591,0.0008522991,2,Low Modelled Signal,False,12.295,6.900592,9.215591,6.8850718,9.200071,-5.4099283,-5.394408
2018-07-29,76128533B51368558457506,Allahabad,contained_grid,63.382854,110.35,56.910713,70.44249,0.06159974,0.08944084,0.0016066532,7,Low Modelled Signal,False,63.382854,57.988445,104.95559,57.97293,104.94007,-5.4099236,-5.394409
2018-07-29,76128533B51372664315362,Namakkal,contained_grid,4.69,8.9,0.01625,0.065,0.00094126246,0.0013670042,0.00013552945,4,Low Modelled Signal,False,4.69,0.87639797,3.5055919,0.8725178,3.4900713,-3.8174822,-3.813602
2018-07-29,76128533B51402332870635,Murshidabad,contained_grid,33.065,56.8,13.320209,23.985,0.013912767,0.015999189,0.0035192915,6,Low Modelled Signal,False,33.065,27.670593,51.40559,27.655073,51.39007,-5.4099255,-5.3944054
2018-07-29,76128533B51799781997546,Perambalur,contained_grid,4.7250004,4.8500004,3.11,5.145,0.0004039501,0.00040592268,0.00013023872,2,Low Modelled Signal,False,4.7250004,0.0,0.0,0.0,0.0,-4.7250004,-4.7250004
2018-07-29,76128533B51849218363622,Moradabad,contained_grid,9.3225,13.280001,35.806873,47.139996,0.036530375,0.07899721,0.0012507242,4,Low Modelled Signal,False,9.3225,3.9280927,7.885593,3.9125721,7.8700724,-5.4099283,-5.3944073
2018-07-29,76128533B52058654769647,Sonbhadra,contained_grid,31.708752,41.31,40.25703,48.3175,0.027111925,0.03305384,0.0011769434,8,Low Modelled Signal,False,31.708752,26.314342,35.915592,26.298822,35.900074,-5.4099293,-5.394409
2018-07-29,76128533B5215906594478,Bid,contained_grid,0.047333334,0.13,0.051999994,0.7774999,0.00021398909,0.00027181962,2.544467e-05,15,Low Modelled Signal,False,0.047333334,0.0,0.0,0.0,0.0,-0.047333334,-0.047333334
2018-07-29,76128533B52487813780503,Surguja,contained_grid,20.663332,31.94,19.449375,26.7225,0.040708024,0.044302087,0.0024229372,6,Low Modelled Signal,False,20.663332,15.268926,26.545593,15.253404,26.530071,-5.4099283,-5.3944063
2018-07-29,76128533B52590639744160,Salem,contained_grid,2.3428571,4.0,0.038035717,0.20125002,0.00033511868,0.0006653562,5.6063323e-05,7,Low Modelled Signal,False,2.3428571,0.0,0.0,0.0,0.0,-2.3428571,-2.3428571
2018-07-29,76128533B52639434516056,Tirunelveli,contained_grid,0.32166666,1.43,0.0,0.0,0.00035340642,0.0006712456,6.173598e-05,6,Low Modelled Signal,False,0.32166666,0.0,0.0,0.0,0.0,-0.32166666,-0.32166666
2018-07-29,76128533B52664671961643,Anantapur,contained_grid,0.04,0.21000001,0.0011538462,0.02,0.00022167506,0.000290056,3.65343e-05,26,Low Modelled Signal,False,0.04,0.0,0.0,0.0,0.0,-0.04,-0.04
2018-07-29,76128533B52802748445403,Khordha,contained_grid,11.7,13.4,17.875834,24.335,0.01339073,0.016139511,0.005499736,3,Low Modelled Signal,False,11.7,6.305592,8.005592,6.2900715,7.9900713,-5.4099283,-5.3944077
2018-07-29,76128533B52902360321344,Banas Kantha,contained_grid,0.8213333,1.47,0.0,0.0,0.00027430788,0.00059253164,6.473463e-05,15,Low Modelled Signal,False,0.8213333,0.0,0.0,0.0,0.0,-0.8213333,-0.8213333
2018-07-29,76128533B52906466328910,South West Garo Hills,contained_grid,27.09,27.09,2.75,2.75,0.0060339887,0.0060339887,0.00020309637,1,Low Modelled Signal,False,27.09,21.695593,21.695593,21.680073,21.680073,-5.4099274,-5.3944073
2018-07-29,76128533B53018054761164,Mancherial,contained_grid,1.5775001,2.0,1.3322676e-16,5.32907e-16,0.00023753494,0.00027644838,2.0566364e-05,4,Low Modelled Signal,False,1.5775001,0.0,0.0,0.0,0.0,-1.5775001,-1.5775001
2018-07-29,76128533B53136419849111,South West,nearest_grid,0.19,0.19,0.00375,0.00375,0.000758202,0.000758202,2.3182229e-05,1,Low Modelled Signal,False,0.19,0.0,0.0,0.0,0.0,-0.19,-0.19
2018-07-29,76128533B53316015271969,Sukma,contained_grid,10.610001,23.33,0.4948214,1.4724998,0.0061085117,0.012308857,0.00049060775,7,Low Modelled Signal,False,10.610001,5.491138,17.935593,5.4800515,17.92007,-5.129949,-5.1188626
2018-07-29,76128533B53366745705922,Birbhum,contained_grid,28.582857,45.31,29.493393,38.18375,0.012077808,0.014586585,0.0016729078,7,Low Modelled Signal,False,28.582857,23.188448,39.915592,23.17293,39.900074,-5.4099274,-5.394409
2018-07-29,76128533B53373614632193,Peddapalli,contained_grid,1.1500001,1.3000001,0.32,0.84499997,0.00022438123,0.00022438123,1.823274e-05,4,Low Modelled Signal,False,1.1500001,0.0,0.0,0.0,0.0,-1.1500001,-1.1500001
2018-07-29,76128533B53549946596470,Dewas,contained_grid,0.564,1.0600001,0.1495,0.445,0.00022745729,0.00023810402,2.4017443e-05,10,Low Modelled Signal,False,0.564,0.0,0.0,0.0,0.0,-0.564,-0.564
2018-07-29,76128533B53609934827566,Jashpur,contained_grid,36.135,56.079998,7.265625,12.22125,0.054142416,0.09425446,0.010081016,6,Low Modelled Signal,False,36.135,30.740593,50.68559,30.725073,50.67007,-5.4099255,-5.3944054
2018-07-29,76128533B53671786151110,Kohima,contained_grid,31.773333,42.37,20.481667,23.8975,0.014549526,0.020566678,0.0002840825,3,Low Modelled Signal,False,31.773333,26.378923,36.97559,26.363405,36.96007,-5.4099274,-5.394409
2018-07-29,76128533B53717296822608,East Siang,contained_grid,25.28,30.58,7.1999993,15.569999,0.007579498,0.010767808,0.0003532517,4,Low Modelled Signal,False,25.28,19.885593,25.185593,19.870071,25.17007,-5.4099293,-5.3944073
2018-07-29,76128533B53725063754801,Chitrakoot,contained_grid,44.46,52.079998,37.708748,51.859997,0.038624175,0.052828845,0.0008338023,4,Low Modelled Signal,False,44.46,39.06559,46.68559,39.05007,46.67007,-5.4099274,-5.394409
2018-07-29,76128533B53791014455989,Sidhi,contained_grid,20.018333,29.96,10.805625,26.8725,0.01994132,0.03127081,0.0005020643,6,Low Modelled Signal,False,20.018333,14.623925,24.565592,14.608405,24.550072,-5.4099283,-5.394408
2018-07-29,76128533B53796141759805,Kanniyakumari,contained_grid,0.53000003,1.1300001,0.044166666,0.1325,0.00014662625,0.00019647749,1.2254172e-05,3,Low Modelled Signal,False,0.53000003,0.0,0.0,0.0,0.0,-0.53000003,-0.53000003
2018-07-29,76128533B54279577656282,Thanjavur,contained_grid,4.0600004,5.26,2.9190001,11.0725,0.00041576996,0.00061241776,9.132537e-05,5,Low Modelled Signal,False,4.0600004,0.0,0.0,0.0,0.0,-4.0600004,-4.0600004
2018-07-29,76128533B54279951806726,Sant Kabir Nagar,contained_grid,54.289997,74.909996,53.557495,59.489994,0.05104812,0.093282096,0.00058453536,3,Low Modelled Signal,False,54.289997,48.895588,69.51559,48.88007,69.50007,-5.4099274,-5.394409
2018-07-29,76128533B54301724756864,Tonk,contained_grid,0.0,0.0,0.0,0.0,0.0006397955,0.0007079025,6.117317e-05,10,Low Modelled Signal,False,0.0,0.0,0.0,0.0,0.0,0.0,0.0
2018-07-29,76128533B54306414631532,Baloda Bazar,contained_grid,12.164,24.14,2.2,3.52375,0.018746145,0.031414866,0.0014812354,5,Low Modelled Signal,False,12.164,7.408474,18.745592,7.396058,18.730072,-4.7679415,-4.7555256
2018-07-29,76128533B54396396829952,Dakshina Kannada,contained_grid,9.2842865,10.450001,0.20249997,0.5499999,0.0049231136,0.012631886,0.00036345466,7,Low Modelled Signal,False,9.2842865,3.889878,5.055593,3.8743575,5.0400724,-5.4099293,-5.394408
2018-07-29,76128533B54517225652088,Banka,contained_grid,86.2625,116.6,15.306873,21.124998,0.034480803,0.053459976,0.0014023458,4,Low Modelled Signal,False,86.2625,80.86809,111.20559,80.85257,111.19007,-5.4099274,-5.394409
2018-07-29,76128533B54652028494758,Tarn Taran,contained_grid,7.46,9.29,3.0262496,7.4224997,0.007689466,0.009593077,7.62352e-05,5,Low Modelled Signal,False,7.46,2.0655923,3.8955922,2.0500715,3.8800716,-5.4099283,-5.3944077
2018-07-29,76128533B54775433755383,Hassan,contained_grid,1.2670001,4.7500005,0.58725,3.04,0.00033926204,0.0011561803,0.00019855976,10,Low Modelled Signal,False,1.2670001,0.0,0.0,0.0,0.0,-1.2670001,-1.2670001
2018-07-29,76128533B55039756001726,Bikaner,contained_grid,0.0,0.0,0.0,0.0,0.00043275024,0.000777255,0.00012897445,43,Low Modelled Signal,False,0.0,0.0,0.0,0.0,0.0,0.0,0.0
2018-07-29,76128533B55519385298440,Golaghat,contained_grid,16.848001,23.390001,17.987751,27.539999,0.005477076,0.0060565374,0.0005133859,5,Low Modelled Signal,False,16.848001,11.453592,17.995594,11.438072,17.980072,-5.4099293,-5.394409
2018-07-29,76128533B55603381222870,Jalna,contained_grid,0.11111111,0.3,0.0052777776,0.0475,0.00020820137,0.00026728376,2.2212864e-05,9,Low Modelled Signal,False,0.11111111,0.0,0.0,0.0,0.0,-0.11111111,-0.11111111
2018-07-29,76128533B55622097933343,Sri Potti Sriramulu Nellore,contained_grid,0.0,0.0,0.03340278,0.4675,0.00022959143,0.00025234369,5.1080635e-05,18,Low Modelled Signal,False,0.0,0.0,0.0,0.0,0.0,0.0,0.0
2018-07-29,76128533B55878637000592,Anjaw,contained_grid,21.532001,47.0,18.6105,38.079998,0.0098244,0.01302459,0.0008962983,10,Low Modelled Signal,False,21.532001,16.137592,41.60559,16.122072,41.590073,-5.4099293,-5.394409
2018-07-29,76128533B56012535339305,Chirang,contained_grid,14.885,21.989998,8.050625,14.784999,0.01678842,0.024807457,0.012707167,4,Low Modelled Signal,False,14.885,9.490593,16.59559,9.475072,16.58007,-5.4099283,-5.3944073
2018-07-29,76128533B56050914259601,Chandigarh,contained_grid,1.4200001,1.4200001,0.0,0.0,0.002222421,0.002222421,2.6580634e-05,1,Low Modelled Signal,False,1.4200001,0.0,0.0,0.0,0.0,-1.4200001,-1.4200001
2018-07-29,76128533B5628791558965,Alwar,contained_grid,0.0,0.0,0.11392857,0.83875,0.00059895625,0.00076342345,6.4173866e-05,14,Low Modelled Signal,False,0.0,0.0,0.0,0.0,0.0,0.0,0.0
2018-07-29,76128533B56326354019534,Kangpokpi,contained_grid,30.04,38.710003,32.018127,40.9525,0.019110598,0.031966127,0.00028295364,4,Low Modelled Signal,False,30.04,24.645592,33.315594,24.630074,33.300076,-5.4099274,-5.394409
2018-07-29,76128533B56857410767766,Diu,nearest_grid,3.3500001,3.3500001,0.0,0.0,0.0003145515,0.0003145515,7.759229e-05,1,Low Modelled Signal,False,3.3500001,0.0,0.0,0.0,0.0,-3.3500001,-3.3500001
2018-07-29,76128533B57036825942975,Tiruppur,contained_grid,2.83875,10.799999,0.0,0.0,0.0005142886,0.001655522,6.275666e-05,8,Low Modelled Signal,False,2.83875,0.67569894,5.4055915,0.67375886,5.390071,-2.164991,-2.163051
2018-07-29,76128533B57183548666997,Leh(Ladakh),contained_grid,1.1207031,5.4999995,0.29794922,3.2299998,0.00018759714,0.0008667657,3.294981e-05,128,Low Modelled Signal,False,1.1207031,0.00082493573,0.105591774,0.00070368126,0.0900712,-1.1199994,-1.1198782
2018-07-29,76128533B57609583882472,Kodagu,contained_grid,4.2875,6.33,1.2093749,3.2574997,0.001522945,0.002881768,0.00039927848,4,Low Modelled Signal,False,4.2875,0.23389804,0.9355922,0.2300179,0.9200716,-4.057482,-4.0536017
2018-07-29,76128533B57691508962219,Raipur,contained_grid,21.576666,24.31,3.8174999,5.015,0.0206453,0.02241894,0.0015495769,3,Low Modelled Signal,False,21.576666,16.182259,18.915592,16.166739,18.90007,-5.4099274,-5.3944073
2018-07-29,76128533B57712033428660,Bhind,contained_grid,23.315,35.9,71.50271,102.42875,0.09153994,0.15423709,0.00085968967,6,Heavy Rain Watch,False,23.315,17.920593,30.505594,17.905073,30.490074,-5.4099274,-5.3944073
2018-07-29,76128533B57825981663822,Dibrugarh,contained_grid,17.2475,26.710001,15.516249,29.599998,0.008860241,0.011533986,0.0005808508,4,Low Modelled Signal,False,17.2475,12.124195,21.315594,12.112554,21.300072,-5.134946,-5.1233044
2018-07-29,76128533B57893545331548,Raisen,contained_grid,1.1475,2.1,0.22135417,0.775,0.00048403686,0.0011594844,2.8156506e-05,12,Low Modelled Signal,False,1.1475,0.0,0.0,0.0,0.0,-1.1475,-1.1475
2018-07-29,76128533B57995625790051,Karbi Anglong West,contained_grid,24.051666,32.74,5.4079165,10.785001,0.010999347,0.016000714,0.00020673046,6,Low Modelled Signal,False,24.051666,18.657259,27.345594,18.641739,27.330074,-5.4099274,-5.3944073
2018-07-29,76128533B58058152513003,Zunheboto,contained_grid,24.64,28.9,17.914375,30.44875,0.011543715,0.013598923,0.00013723214,2,Low Modelled Signal,False,24.64,19.245594,23.505592,19.230072,23.49007,-5.4099274,-5.3944054
2018-07-29,76128533B58104976570569,Karimnagar,contained_grid,0.7666667,0.8000001,0.3358333,0.635,0.00022438123,0.00022438123,1.1945683e-05,3,Low Modelled Signal,False,0.7666667,0.0,0.0,0.0,0.0,-0.7666667,-0.7666667
2018-07-29,76128533B58170186574016,Mahabubnagar,contained_grid,0.57500005,0.70000005,0.11937499,0.47749996,0.00015735568,0.000172779,2.270833e-05,4,Low Modelled Signal,False,0.57500005,0.0,0.0,0.0,0.0,-0.57500005,-0.57500005
2018-07-29,76128533B58262202014972,New Delhi,nearest_grid,1.09,1.09,0.035,0.035,0.0016626277,0.0016626277,4.5836627e-05,1,Low Modelled Signal,False,1.09,0.0,0.0,0.0,0.0,-1.09,-1.09
2018-07-29,76128533B58493775523243,Nizamabad,contained_grid,0.8242857,1.12,0.08642857,0.315,0.00018285685,0.00022438123,2.166184e-05,7,Low Modelled Signal,False,0.8242857,0.0,0.0,0.0,0.0,-0.8242857,-0.8242857
2018-07-29,76128533B58527154065354,Chittaurgarh,contained_grid,0.03818182,0.31,0.011136364,0.0775,0.00034979964,0.0007308336,6.979966e-05,11,Low Modelled Signal,False,0.03818182,0.0,0.0,0.0,0.0,-0.03818182,-0.03818182
2018-07-29,76128533B58537895532859,Chamba,contained_grid,3.492727,5.3199997,1.1998863,5.45,0.0005769518,0.0011937364,4.4559507e-05,11,Low Modelled Signal,False,3.492727,0.0,0.0,0.0,0.0,-3.492727,-3.492727
2018-07-29,76128533B5855800361016,Begusarai,contained_grid,66.7,71.509995,8.579375,9.6575,0.009351872,0.011746466,0.00054611056,2,Low Modelled Signal,False,66.7,61.305588,66.115585,61.29007,66.10007,-5.4099274,-5.394409
2018-07-29,76128533B58569599021232,Solan,contained_grid,1.4666667,1.9000001,0.09708333,0.16499999,0.0006475647,0.001011151,1.3392937e-05,3,Low Modelled Signal,False,1.4666667,0.0,0.0,0.0,0.0,-1.4666667,-1.4666667
2018-07-29,76128533B58697472287618,Godda,contained_grid,121.45,142.6,19.926249,25.474998,0.028200854,0.028539492,0.0012492833,2,Low Modelled Signal,False,121.45,116.05559,137.2056,116.04007,137.19008,-5.4099274,-5.394409
2018-07-29,76128533B58797478961083,Bhadrak,contained_grid,6.655,9.1,4.7725,5.285,0.011409067,0.01201112,0.005997894,2,Low Modelled Signal,False,6.655,1.8527963,3.7055926,1.845036,3.690072,-4.809964,-4.802204
2018-07-29,76128533B58876508630362,Panchkula,contained_grid,0.93500006,1.45,0.076249994,0.15249999,0.0015290863,0.0015539884,2.1814634e-05,2,Low Modelled Signal,False,0.93500006,0.0,0.0,0.0,0.0,-0.93500006,-0.93500006
2018-07-29,76128533B59121537940607,Barddhaman,contained_grid,6.003,12.289999,18.278374,41.673748,0.0054305154,0.007852152,0.0010664994,10,Low Modelled Signal,False,6.003,1.7872368,6.8955913,1.7810285,6.8800707,-4.2219715,-4.215763
2018-07-29,76128533B59256192226816,Lalitpur,contained_grid,0.5625,2.2,0.14734374,0.955,0.007276996,0.019547816,0.00010105432,8,Low Modelled Signal,False,0.5625,0.0,0.0,0.0,0.0,-0.5625,-0.5625
2018-07-29,76128533B59405966069108,Srikakulam,contained_grid,3.366,8.1,4.0765,11.91,0.006962797,0.020912424,0.0028975557,10,Low Modelled Signal,False,3.366,0.27055925,2.7055926,0.2690072,2.690072,-3.0969927,-3.0954406
2018-07-29,76128533B59459156188335,Jalor,contained_grid,0.228125,0.5,0.0,0.0,0.0002079484,0.00033771442,4.2441738e-05,16,Low Modelled Signal,False,0.228125,0.0,0.0,0.0,0.0,-0.228125,-0.228125
2018-07-29,76128533B59504628511334,Kendujhar,contained_grid,27.81,42.110004,16.88625,25.155,0.059383985,0.08556179,0.031083947,12,Low Modelled Signal,False,27.81,22.415594,36.715595,22.400072,36.700077,-5.4099274,-5.3944054
2018-07-29,76128533B59596968713717,Farrukhabad,contained_grid,37.81,42.61,65.0725,81.115005,0.1450997,0.14782064,0.0010365902,2,Heavy Rain Watch,False,37.81,32.415592,37.21559,32.400074,37.200073,-5.4099274,-5.394409
2018-07-29,76128533B59855617266389,Chandel,contained_grid,21.975,23.380001,23.814373,28.954998,0.010988662,0.0119533045,0.00018533303,2,Low Modelled Signal,False,21.975,16.580593,17.985594,16.565073,17.970074,-5.4099274,-5.3944073
2018-07-29,76128533B59866172845044,Washim,contained_grid,0.7516667,0.9000001,0.23458332,0.4999999,0.00018936687,0.00019809115,2.489165e-05,6,Low Modelled Signal,False,0.7516667,0.0,0.0,0.0,0.0,-0.7516667,-0.7516667
2018-07-29,76128533B60180372390230,Ajmer,contained_grid,0.0,0.0,0.0,0.0,0.00054708275,0.0007079025,5.1008465e-05,15,Low Modelled Signal,False,0.0,0.0,0.0,0.0,0.0,0.0,0.0
2018-07-29,76128533B60186573304899,Anugul,contained_grid,8.844545,28.050001,13.939203,26.0225,0.039481882,0.079523265,0.01557646,11,Low Modelled Signal,False,8.844545,4.4112325,22.655594,4.4027667,22.640072,-4.4417787,-4.433313
2018-07-29,76128533B60261306484775,Valsad,contained_grid,4.1275,4.63,0.00875,0.035,0.0010173031,0.0011242023,0.00015316739,4,Low Modelled Signal,False,4.1275,0.0,0.0,0.0,0.0,-4.1275,-4.1275
2018-07-29,76128533B60320291189162,Faizabad,contained_grid,47.885,62.17,48.239998,51.325,0.09260899,0.1535661,0.0023430353,4,Heavy Rain Watch,False,47.885,42.49059,56.77559,42.47507,56.76007,-5.4099274,-5.394409
2018-07-29,76128533B60322704115131,Jayashankar,contained_grid,1.8499999,2.3999999,0.22031249,0.5725,0.00024984675,0.00027644838,2.3894767e-05,4,Low Modelled Signal,False,1.8499999,0.0,0.0,0.0,0.0,-1.8499999,-1.8499999
2018-07-29,76128533B60360721573267,Indore,contained_grid,0.73166674,1.1800001,0.24895833,0.54249996,0.00023047354,0.00025580573,2.3109318e-05,6,Low Modelled Signal,False,0.73166674,0.0,0.0,0.0,0.0,-0.73166674,-0.73166674
2018-07-29,76128533B6050540865870,Palamu,contained_grid,39.52714,54.699997,21.814999,38.14,0.038312886,0.052789886,0.0013279616,7,Low Modelled Signal,False,39.52714,34.132732,49.305588,34.117214,49.29007,-5.4099274,-5.394409
2018-07-29,76128533B60721316645780,Patna,contained_grid,53.0975,72.9,13.610624,18.994997,0.00967212,0.010342714,0.0020442496,4,Low Modelled Signal,False,53.0975,47.70309,67.50559,47.687572,67.490074,-5.4099274,-5.394409
2018-07-29,76128533B60845263086042,Paschim Barddhaman,contained_grid,25.76,25.76,48.679996,48.679996,0.010644967,0.010644967,0.00039031912,1,Low Modelled Signal,False,25.76,20.365593,20.365593,20.35007,20.35007,-5.4099293,-5.3944073
2018-07-29,76128533B60862799554879,Aligarh,contained_grid,12.331668,40.870003,20.705208,36.5425,0.054792073,0.14489104,0.00059297914,6,Heavy Rain Watch,False,12.331668,8.362797,35.475594,8.355037,35.460075,-3.9766312,-3.968871
2018-07-29,76128533B60893804631193,Pashchimi Singhbhum,contained_grid,27.993752,40.9,23.089375,38.425,0.039778568,0.063173555,0.0049573327,8,Low Modelled Signal,False,27.993752,22.599342,35.505592,22.583822,35.490074,-5.4099293,-5.394409
2018-07-29,76128533B61117593923933,Kollam,contained_grid,4.365,5.21,2.068125,3.6175,0.00058136985,0.00078248885,0.00011616624,2,Low Modelled Signal,False,4.365,0.0,0.0,0.0,0.0,-4.365,-4.365
2018-07-29,76128533B61134942989820,Tehri Garhwal,contained_grid,16.197142,27.48,11.956964,22.5375,0.009415293,0.012154173,0.0001618041,7,Low Modelled Signal,False,16.197142,10.802735,22.085592,10.787214,22.070072,-5.4099274,-5.3944063
2018-07-29,76128533B61235952222315,West Kameng,contained_grid,56.62,109.08,21.2675,64.35,0.022032628,0.025858385,0.0013252645,7,Low Modelled Signal,False,56.62,51.22559,103.68559,51.21007,103.670074,-5.4099274,-5.394409
2018-07-29,76128533B6128685860104,Sundargarh,contained_grid,43.863846,62.859997,12.118173,23.63,0.12987925,0.16574135,0.012375274,13,Heavy Rain Watch,False,43.863846,38.469437,57.465588,38.45392,57.45007,-5.4099274,-5.394409
2018-07-29,76128533B61304308285665,Nandurbar,contained_grid,3.0514283,5.3999996,0.0,0.0,0.00082678767,0.0014631283,0.00011570656,7,Low Modelled Signal,False,3.0514283,0.0007988385,0.0055918694,0.0,0.0,-3.0514283,-3.0506294
2018-07-29,76128533B61321395333865,Cuddalore,contained_grid,4.842857,8.3,2.4558928,8.252501,0.00068681483,0.0010564834,0.00012498311,7,Low Modelled Signal,False,4.842857,0.6730264,2.9055924,0.6685919,2.8900719,-4.174265,-4.1698303
2018-07-29,76128533B61760400952464,Meerut,contained_grid,14.82,21.16,0.78156257,1.6800001,0.023836007,0.031618267,0.0049615665,4,Low Modelled Signal,False,14.82,9.425592,15.765593,9.410071,15.750072,-5.4099283,-5.3944073
2018-07-29,76128533B61814103412294,Yavatmal,contained_grid,0.61950004,0.91,0.0618125,0.2775,0.00019485489,0.0002189663,2.4575533e-05,20,Low Modelled Signal,False,0.61950004,0.0,0.0,0.0,0.0,-0.61950004,-0.61950004
2018-07-29,76128533B61831576863813,Tengnoupal,contained_grid,43.635002,49.47,41.236248,69.4825,0.01294023,0.013855988,0.00022147263,2,Low Modelled Signal,False,43.635002,38.240593,44.075592,38.225075,44.060074,-5.4099274,-5.394409
2018-07-29,76128533B62153454383166,Aravali,contained_grid,0.89799994,1.11,0.00049999997,0.0025,0.00024029892,0.00026228445,3.6275887e-05,5,Low Modelled Signal,False,0.89799994,0.0,0.0,0.0,0.0,-0.89799994,-0.89799994
2018-07-29,76128533B62486414019241,Saitual,contained_grid,8.97,17.87,30.3275,35.874996,0.0052167927,0.0065983953,0.00014926211,3,Low Modelled Signal,False,8.97,4.753729,12.475594,4.7433815,12.4600725,-4.226619,-4.2162714
2018-07-29,76128533B62490300334729,Solapur,contained_grid,0.053478263,0.2,0.03369565,0.49999997,0.00020576258,0.00025190407,2.4370025e-05,23,Low Modelled Signal,False,0.053478263,0.0,0.0,0.0,0.0,-0.053478263,-0.053478263
2018-07-29,76128533B62624361588317,Karaikal,nearest_grid,4.27,4.27,19.130003,19.130003,0.000308821,0.000308821,3.0630865e-05,1,Low Modelled Signal,False,4.27,0.0,0.0,0.0,0.0,-4.27,-4.27
2018-07-29,76128533B62794162648247,Supaul,contained_grid,56.7775,67.49,23.600937,38.579994,0.0107817,0.013196198,0.0004998363,4,Low Modelled Signal,False,56.7775,51.38309,62.09559,51.367573,62.08007,-5.4099274,-5.394409
2018-07-29,76128533B6310527412636,Janjgir-Champa,contained_grid,7.284286,10.240001,2.0883927,3.44,0.022247588,0.039174423,0.0018541953,7,Low Modelled Signal,False,7.284286,2.3890793,4.845593,2.3757758,4.8300724,-4.90851,-4.8952065
2018-07-29,76128533B63117839967753,South Goa,contained_grid,8.403333,8.67,0.14333333,0.2825,0.004877414,0.0052858246,0.00051332446,3,Low Modelled Signal,False,8.403333,3.0089257,3.2755923,2.993405,3.2600718,-5.4099274,-5.3944073
2018-07-29,76128533B63176236753619,Mayiladuthurai,contained_grid,2.22,2.22,14.295,14.295,0.0004868165,0.0004868165,0.000118984506,1,Low Modelled Signal,False,2.22,0.0,0.0,0.0,0.0,-2.22,-2.22
2018-07-29,76128533B6330405394721,Karnal,contained_grid,7.6275,8.95,0.46375006,1.3325002,0.0060266964,0.006549102,0.00012520229,4,Low Modelled Signal,False,7.6275,2.2330923,3.555592,2.2175717,3.5400715,-5.4099283,-5.3944077
2018-07-29,76128533B63366045987285,Kasaragod,contained_grid,8.033334,8.87,1.05125,2.02375,0.003235441,0.0039886236,0.00018963583,3,Low Modelled Signal,False,8.033334,2.6389258,3.4755921,2.6234052,3.4600716,-5.4099283,-5.394408
2018-07-29,76128533B633842538351,Ganjam,contained_grid,16.23,22.7,3.239659,11.807499,0.03281119,0.049238905,0.004722221,11,Low Modelled Signal,False,16.23,10.835593,17.305593,10.820072,17.290073,-5.4099274,-5.3944063
2018-07-29,76128533B63599385776584,Bharuch,contained_grid,2.4185715,3.5500002,0.0028571428,0.02,0.00062087126,0.0010758317,0.00010157725,7,Low Modelled Signal,False,2.4185715,0.0,0.0,0.0,0.0,-2.4185715,-2.4185715
2018-07-29,76128533B63783580004876,Nanded,contained_grid,0.43066666,1.0,0.020499999,0.145,0.00019628536,0.00023069613,2.4655543e-05,15,Low Modelled Signal,False,0.43066666,0.0,0.0,0.0,0.0,-0.43066666,-0.43066666
2018-07-29,76128533B63815467309300,Amravati,contained_grid,1.2650001,2.06,0.04015625,0.35250002,0.00020136873,0.00025920535,2.679976e-05,16,Low Modelled Signal,False,1.2650001,0.0,0.0,0.0,0.0,-1.2650001,-1.2650001
2018-07-29,76128533B63833971372360,Warangal (R),contained_grid,1.21,1.4100001,1.415,2.02,0.00023661823,0.00023661823,1.4118495e-05,2,Low Modelled Signal,False,1.21,0.0,0.0,0.0,0.0,-1.21,-1.21
2018-07-29,76128533B6393836306469,Anantnag,contained_grid,2.3,4.4,0.21916668,0.6575,0.00035851504,0.0005415358,4.1603478e-05,3,Low Modelled Signal,False,2.3,0.0,0.0,0.0,0.0,-2.3,-2.3
2018-07-29,76128533B6397758882978,Navsari,contained_grid,4.355,4.4399996,0.0,0.0,0.0011361688,0.0016558634,0.00010628557,4,Low Modelled Signal,False,4.355,0.0,0.0,0.0,0.0,-4.355,-4.355
2018-07-29,76128533B64003397477352,Pudukkottai,contained_grid,3.1185715,5.8,0.7030358,2.0275,0.00056377833,0.0014722376,3.8622602e-05,7,Low Modelled Signal,False,3.1185715,0.057941776,0.40559244,0.055724554,0.39007187,-3.062847,-3.0606298
2018-07-29,76128533B64156747739715,Koch Bihar,contained_grid,146.14499,177.18999,8.905937,14.054999,0.023580343,0.027534146,0.0011811554,4,Low Modelled Signal,False,146.14499,140.75058,171.79558,140.73508,171.78006,-5.409912,-5.394409
2018-07-29,76128533B64161607349718,Mahendragarh,contained_grid,0.0,0.0,0.0,0.0,0.0004951508,0.0005053311,2.7858112e-05,2,Low Modelled Signal,False,0.0,0.0,0.0,0.0,0.0,0.0,0.0
2018-07-29,76128533B64217423710469,Bageshwar,contained_grid,26.758,46.85,26.073248,55.184998,0.01680642,0.019018823,0.00025969,5,Low Modelled Signal,False,26.758,21.363592,41.45559,21.348072,41.44007,-5.4099274,-5.3944073
2018-07-29,76128533B64596101949699,Kaithal,contained_grid,4.7433333,5.89,0.01,0.03,0.003203733,0.0045436453,9.970788e-05,3,Low Modelled Signal,False,4.7433333,0.21706152,0.49559212,0.20671447,0.48007154,-4.5366187,-4.526272
2018-07-29,76128533B64732849735713,Jaunpur,contained_grid,157.16501,180.1,62.49937,76.71,0.090053484,0.10072446,0.002125812,4,Heavy Rain Watch,False,157.16501,151.7706,174.7056,151.75507,174.69008,-5.4099426,-5.394409
2018-07-29,76128533B64749652826710,Debagarh,contained_grid,29.426666,36.13,27.444582,31.7025,0.09861779,0.12730043,0.020640638,3,Heavy Rain Watch,False,29.426666,24.032257,30.735594,24.016739,30.720074,-5.4099274,-5.394409
2018-07-29,76128533B64834018186186,Vidisha,contained_grid,0.28100002,0.71000004,0.03525,0.1875,0.00073577784,0.0012489231,2.2424323e-05,10,Low Modelled Signal,False,0.28100002,0.0,0.0,0.0,0.0,-0.28100002,-0.28100002
2018-07-29,76128533B64881202564500,Jiribam,nearest_grid,19.99,19.99,24.507498,24.507498,0.00521778,0.00521778,0.00014816376,1,Low Modelled Signal,False,19.99,14.5955925,14.5955925,14.580071,14.580071,-5.4099283,-5.3944073
2018-07-29,76128533B64898456093948,Dhaulpur,contained_grid,1.4139999,3.06,2.27175,8.615001,0.0016903456,0.003664952,5.7629906e-05,5,Low Modelled Signal,False,1.4139999,0.0,0.0,0.0,0.0,-1.4139999,-1.4139999
2018-07-29,76128533B64903504311414,Hnahthial,contained_grid,8.220001,8.220001,17.269999,17.269999,0.007529399,0.007529399,0.00021413252,1,Low Modelled Signal,False,8.220001,2.8255935,2.8255935,2.810073,2.810073,-5.4099283,-5.3944077
2018-07-29,76128533B64905184636422,Tumkur,contained_grid,0.20833333,0.90000004,0.003125,0.03,0.00021203374,0.000267252,4.2818625e-05,12,Low Modelled Signal,False,0.20833333,0.0,0.0,0.0,0.0,-0.20833333,-0.20833333
2018-07-29,76128533B65773363805797,Kishanganj,contained_grid,52.510002,52.75,14.018751,16.125,0.012607679,0.016083233,0.0005943699,2,Low Modelled Signal,False,52.510002,47.115593,47.35559,47.100075,47.340073,-5.4099274,-5.394409
2018-07-29,76128533B65820903826030,North District,contained_grid,25.821428,45.93,4.8450003,9.945,0.010708705,0.022803321,0.0006204231,7,Low Modelled Signal,False,25.821428,20.427021,40.53559,20.4115,40.520073,-5.4099274,-5.3944073
2018-07-29,76128533B66072086060089,Jhansi,contained_grid,15.62875,29.34,11.162812,22.05,0.024299864,0.046036646,0.00037797747,8,Low Modelled Signal,False,15.62875,11.345444,23.945593,11.333804,23.930073,-4.2949457,-4.283306
2018-07-29,76128533B66125202864966,Dima Hasao,contained_grid,9.161428,11.14,3.9114285,17.1575,0.0057361596,0.008581854,0.00020597513,7,Low Modelled Signal,False,9.161428,3.7670207,5.7455926,3.7515004,5.730072,-5.4099283,-5.3944077
2018-07-29,76128533B66134271591289,Balaghat,contained_grid,13.047693,20.11,0.3258654,0.93,0.013201908,0.01968415,0.0012262894,13,Low Modelled Signal,False,13.047693,7.653285,14.715593,7.6377645,14.700072,-5.409929,-5.394408
2018-07-29,76128533B66145460152555,Bijapur,contained_grid,4.2075,5.319999,0.004583333,0.0275,0.001053561,0.0019449062,6.654909e-05,12,Low Modelled Signal,False,4.2075,0.0,0.0,0.0,0.0,-4.2075,-4.2075
2018-07-29,76128533B66335428496945,Shivpuri,contained_grid,0.17,1.8900001,0.31875002,3.0500002,0.0011581898,0.0069880313,5.3062955e-05,17,Low Modelled Signal,False,0.17,0.0,0.0,0.0,0.0,-0.17,-0.17
2018-07-29,76128533B66411945144923,Longleng,contained_grid,23.8,23.8,8.0075,8.0075,0.00771085,0.00771085,0.0001021065,1,Low Modelled Signal,False,23.8,18.405592,18.405592,18.390072,18.390072,-5.4099274,-5.3944073
2018-07-29,76128533B66426066081507,Bhojpur,contained_grid,27.506666,37.559998,23.8275,30.557499,0.015089899,0.018575488,0.00031428246,3,Low Modelled Signal,False,27.506666,22.112259,32.16559,22.096739,32.15007,-5.4099274,-5.3944073
2018-07-29,76128533B66612397499770,Bahraich,contained_grid,29.622858,52.07,29.224463,53.27,0.09524447,0.4694462,0.010207655,7,Heavy Rain Watch,False,29.622858,24.22845,46.67559,24.21293,46.660072,-5.4099274,-5.3944073
2018-07-29,76128533B66682530790248,Kamrup,contained_grid,17.16,20.92,12.184499,37.749996,0.010324409,0.014747513,0.0003228877,5,Low Modelled Signal,False,17.16,11.765593,15.525593,11.750072,15.510072,-5.4099283,-5.3944073
2018-07-29,76128533B66719908763317,Kolhapur,contained_grid,3.746667,6.46,0.0,0.0,0.0013878536,0.0025089,0.0006164514,9,Low Modelled Signal,False,3.746667,0.19346492,1.0655923,0.1900159,1.0500717,-3.556651,-3.553202
2018-07-29,76128533B66790149147330,Samastipur,contained_grid,66.855,71.75,14.123125,16.3375,0.007905701,0.0096061,0.00036944184,4,Low Modelled Signal,False,66.855,61.460594,66.35559,61.445076,66.34007,-5.4099274,-5.394409
2018-07-29,76128533B66815680293072,Kamjong,contained_grid,48.056667,56.449997,74.92458,85.09499,0.015512891,0.017791076,0.00027410287,3,Low Modelled Signal,False,48.056667,42.66226,51.055588,42.64674,51.04007,-5.4099274,-5.394409
2018-07-29,76128533B668165975951,Barwani,contained_grid,2.075,2.72,0.038437497,0.30749997,0.00037932693,0.00075577677,4.2533688e-05,8,Low Modelled Signal,False,2.075,0.0,0.0,0.0,0.0,-2.075,-2.075
2018-07-29,76128533B66825707357376,Churu,contained_grid,0.0,0.0,1.397443,7.985,0.0005625467,0.0006800618,0.0002585318,22,Low Modelled Signal,False,0.0,0.0,0.0,0.0,0.0,0.0,0.0
2018-07-29,76128533B67004768724668,Jhabua,contained_grid,2.21,2.43,0.103250004,0.28125,0.00030785493,0.0003425548,5.8309943e-05,5,Low Modelled Signal,False,2.21,0.0,0.0,0.0,0.0,-2.21,-2.21
2018-07-29,76128533B67005208112053,Dehradun,contained_grid,6.8900003,10.900001,5.870625,14.785,0.0056724967,0.0076403334,8.040206e-05,4,Low Modelled Signal,False,6.8900003,1.8166943,5.505593,1.8050538,5.4900723,-5.0849466,-5.073306
2018-07-29,76128533B67018657649043,Raigarh,contained_grid,16.953333,36.04,6.793472,22.124998,0.04963136,0.104476444,0.010080177,9,Heavy Rain Watch,False,16.953333,11.867683,30.645594,11.855611,30.630074,-5.097722,-5.0856495
2018-07-29,76128533B67044589012853,Khowai,contained_grid,5.1,5.2,10.2875,11.569999,0.0032439716,0.0039137835,9.258899e-05,2,Low Modelled Signal,False,5.1,0.0,0.0,0.0,0.0,-5.1,-5.1
2018-07-29,76128533B67054925852429,Jagtial,contained_grid,1.23,1.5000001,0.00125,0.005,0.00022438123,0.00022438123,1.823274e-05,4,Low Modelled Signal,False,1.23,0.0,0.0,0.0,0.0,-1.23,-1.23
2018-07-29,76128533B67210465807627,Wokha,contained_grid,23.363333,24.76,5.4300003,8.605,0.006979497,0.009194934,0.00030757388,3,Low Modelled Signal,False,23.363333,17.968925,19.365593,17.953405,19.35007,-5.4099274,-5.3944073
2018-07-29,76128533B67326016655833,Mumbai Suburban,nearest_grid,4.71,4.71,0.0,0.0,0.003695652,0.003695652,0.00020332445,1,Low Modelled Signal,False,4.71,0.0,0.0,0.0,0.0,-4.71,-4.71
2018-07-29,76128533B67530641452031,Gonda,contained_grid,34.00857,51.76,49.931606,54.664993,0.1000701,0.40823206,0.00490521,7,Heavy Rain Watch,False,34.00857,28.614164,46.36559,28.598644,46.35007,-5.4099274,-5.3944073
2018-07-29,76128533B67580812983244,Gurgaon,contained_grid,0.095,0.19,0.001875,0.00375,0.0005971575,0.000758202,2.3182229e-05,2,Low Modelled Signal,False,0.095,0.0,0.0,0.0,0.0,-0.095,-0.095
2018-07-29,76128533B67639510673366,East District,contained_grid,64.155,74.93,16.6675,19.874998,0.049413808,0.06641921,0.0003992559,2,Low Modelled Signal,False,64.155,58.76059,69.53559,58.74507,69.52007,-5.4099274,-5.394409
2018-07-29,76128533B67748245133340,South Tripura,contained_grid,2.4,2.4,6.1675,6.1675,0.0014168976,0.0014168976,0.000117174786,1,Low Modelled Signal,False,2.4,0.0,0.0,0.0,0.0,-2.4,-2.4
2018-07-29,76128533B68195849750399,Kupwara,contained_grid,1.15,1.7,0.6334375,1.40625,0.0002809078,0.00032718305,1.7134462e-05,4,Low Modelled Signal,False,1.15,0.0,0.0,0.0,0.0,-1.15,-1.15
2018-07-29,76128533B6828791241172,Lohit,contained_grid,18.06,24.86,26.2125,51.2375,0.008818315,0.011919124,7.282454e-05,2,Low Modelled Signal,False,18.06,12.665592,19.465593,12.650072,19.450073,-5.4099274,-5.3944073
2018-07-29,76128533B68379889579232,West,nearest_grid,0.63,0.63,3.0649998,3.0649998,0.0015221529,0.0015221529,3.0683106e-05,1,Low Modelled Signal,False,0.63,0.0,0.0,0.0,0.0,-0.63,-0.63
2018-07-29,76128533B68554447699730,Bareilly,contained_grid,18.612001,29.800001,7.46625,18.060001,0.07902299,0.18577632,0.0017581057,5,Heavy Rain Watch,False,18.612001,13.217593,24.405594,13.202072,24.390072,-5.4099293,-5.394408
2018-07-29,76128533B6884509901047,Subarnapur,contained_grid,39.417503,44.88,11.224063,17.4675,0.09708011,0.108920164,0.007150261,4,Heavy Rain Watch,False,39.417503,34.023094,39.48559,34.007576,39.470074,-5.4099274,-5.394409
2018-07-29,76128533B68984344044805,Ghaziabad,contained_grid,7.2200003,7.2200003,0.10250001,0.10250001,0.017362626,0.017362626,0.0022623944,1,Low Modelled Signal,False,7.2200003,1.8255925,1.8255925,1.810072,1.810072,-5.4099283,-5.3944077
2018-07-29,76128533B69412164931619,Bundi,contained_grid,0.0,0.0,0.0,0.0,0.00065516704,0.00072148,6.117317e-05,9,Low Modelled Signal,False,0.0,0.0,0.0,0.0,0.0,0.0,0.0
2018-07-29,76128533B69417260894674,Chhota Udaipur,contained_grid,3.4683332,4.48,0.0925,0.48499998,0.00077508064,0.0012841068,0.00010371108,6,Low Modelled Signal,False,3.4683332,0.0,0.0,0.0,0.0,-3.4683332,-3.4683332
2018-07-29,76128533B69438085511257,Anand,contained_grid,1.24,1.48,0.136875,0.275,0.00024120921,0.00027874255,2.5559762e-05,4,Low Modelled Signal,False,1.24,0.0,0.0,0.0,0.0,-1.24,-1.24
2018-07-29,76128533B69481535535995,Khargone (West Nimar),contained_grid,1.6560001,2.8200002,0.009125,0.053749997,0.0002600684,0.00031794218,3.303524e-05,10,Low Modelled Signal,False,1.6560001,0.0,0.0,0.0,0.0,-1.6560001,-1.6560001
2018-07-29,76128533B69536039643660,Sonipat,contained_grid,3.085,3.19,2.7925,3.185,0.0031029992,0.0035722943,0.00018812896,2,Low Modelled Signal,False,3.085,0.0,0.0,0.0,0.0,-3.085,-3.085
2018-07-29,76128533B69844709752120,Chamoli,contained_grid,11.86,24.859999,7.1572914,24.460001,0.009004031,0.019123118,0.00022717792,12,Low Modelled Signal,False,11.86,7.0020614,19.465591,6.9917145,19.45007,-4.868285,-4.8579383
2018-07-29,76128533B70021405538438,Buldana,contained_grid,0.53125,1.16,0.031953126,0.46375,0.000192299,0.00020443698,2.3284332e-05,16,Low Modelled Signal,False,0.53125,0.0,0.0,0.0,0.0,-0.53125,-0.53125
2018-07-29,76128533B70185077694103,East Jaintia Hills,contained_grid,9.133333,12.12,2.1825,4.72,0.009495904,0.01107712,0.0003022142,3,Low Modelled Signal,False,9.133333,3.7389257,6.725592,3.7234051,6.7100716,-5.4099283,-5.3944073
2018-07-29,76128533B70210707786180,Lawngtlai,contained_grid,18.166666,21.100002,13.54,15.045,0.024936639,0.030174302,0.0022156774,3,Low Modelled Signal,False,18.166666,12.77226,15.705595,12.756738,15.690074,-5.4099283,-5.3944063
2018-07-29,76128533B70315194619807,Hojai,contained_grid,13.880001,13.880001,4.2362494,4.2362494,0.005813946,0.005813946,8.191079e-05,1,Low Modelled Signal,False,13.880001,8.485594,8.485594,8.470073,8.470073,-5.4099283,-5.3944073
2018-07-29,76128533B70554191137208,Jhajjar,contained_grid,0.0,0.0,0.0,0.0,0.0005719043,0.0008001171,2.076936e-05,3,Low Modelled Signal,False,0.0,0.0,0.0,0.0,0.0,0.0,0.0
2018-07-29,76128533B70570208114113,Ribhoi,contained_grid,26.819998,29.809998,9.107499,10.987499,0.013599791,0.015040822,0.00017802026,3,Low Modelled Signal,False,26.819998,21.42559,24.41559,21.41007,24.40007,-5.4099274,-5.3944073
2018-07-29,76128533B70576899889534,Dohad,contained_grid,2.282,2.72,0.070999995,0.29749998,0.0002855202,0.0003072675,8.31252e-05,5,Low Modelled Signal,False,2.282,0.0,0.0,0.0,0.0,-2.282,-2.282
2018-07-29,76128533B70646408240587,Chhindwara,contained_grid,0.68866664,1.45,0.13933332,0.87,0.0002459646,0.00033279884,2.1217576e-05,15,Low Modelled Signal,False,0.68866664,0.0,0.0,0.0,0.0,-0.68866664,-0.68866664
2018-07-29,76128533B70759200975708,Kalahandi,contained_grid,18.487272,33.19,2.9163635,5.605,0.026818711,0.06937815,0.008648977,11,Low Modelled Signal,False,18.487272,13.155993,27.795591,13.141885,27.780071,-5.3453875,-5.331279
2018-07-29,76128533B70842759816811,Cuttack,contained_grid,11.400001,14.9,16.215357,23.982496,0.016351145,0.032343637,0.0035566392,7,Low Modelled Signal,False,11.400001,6.0055923,9.505592,5.99149,9.490071,-5.4085107,-5.394408
2018-07-29,76128533B70974512658911,Virudhunagar,contained_grid,12.218,15.76,0.113,0.565,0.0031434516,0.004663187,0.0002684102,5,Low Modelled Signal,False,12.218,6.8235917,10.365593,6.808072,10.350072,-5.4099283,-5.3944087
2018-07-29,76128533B71056110198347,Medchal,nearest_grid,0.1,0.1,0.02,0.02,0.00015861347,0.00015861347,2.1472943e-05,1,Low Modelled Signal,False,0.1,0.0,0.0,0.0,0.0,-0.1,-0.1
2018-07-29,76128533B71088079535368,Palwal,contained_grid,0.62000006,1.1400001,0.009166666,0.0275,0.0010091265,0.001415378,2.8260987e-05,3,Low Modelled Signal,False,0.62000006,0.0,0.0,0.0,0.0,-0.62000006,-0.62000006
2018-07-29,76128533B7124697440629,Fatehpur,contained_grid,58.58143,72.06,47.34607,60.759995,0.080272034,0.12478445,0.002551787,7,Heavy Rain Watch,False,58.58143,53.18702,66.66559,53.1715,66.65007,-5.4099274,-5.394409
2018-07-29,76128533B71254158898830,Pherzawl,contained_grid,15.36,20.96,48.11625,56.507496,0.005015777,0.0052519827,0.00017417084,2,Low Modelled Signal,False,15.36,9.965592,15.565592,9.950071,15.550071,-5.4099283,-5.3944073
2018-07-29,76128533B71271011331008,Khandwa (East Nimar),contained_grid,1.2440001,1.7000002,1.549125,6.7324996,0.00024205275,0.00025734515,2.508096e-05,10,Low Modelled Signal,False,1.2440001,0.0,0.0,0.0,0.0,-1.2440001,-1.2440001
2018-07-29,76128533B71353370080255,North West,contained_grid,0.63,0.63,3.0649998,3.0649998,0.0015221529,0.0015221529,3.0683106e-05,1,Low Modelled Signal,False,0.63,0.0,0.0,0.0,0.0,-0.63,-0.63
2018-07-29,76128533B71380851181380,Pune,contained_grid,1.621579,6.5,0.008421052,0.10249999,0.0011009489,0.0038471017,0.00026779858,19,Low Modelled Signal,False,1.621579,0.058189064,1.1055923,0.057372194,1.0900717,-1.5642068,-1.56339
2018-07-29,76128533B71390118115414,Nadia,contained_grid,23.37,35.609997,8.096667,14.5650015,0.014247406,0.023186868,0.0015049399,6,Low Modelled Signal,False,23.37,17.975592,30.21559,17.960072,30.20007,-5.4099293,-5.394409
2018-07-29,76128533B71439508543442,Ranchi,contained_grid,30.14375,35.76,33.924995,51.537495,0.032793473,0.04249809,0.0034009032,8,Low Modelled Signal,False,30.14375,24.749344,30.365591,24.733822,30.35007,-5.4099274,-5.3944054
2018-07-29,76128533B71485440235524,Visakhapatnam,contained_grid,7.7831244,18.199997,2.1714842,5.1549997,0.0068152547,0.014448161,0.00081192295,16,Low Modelled Signal,False,7.7831244,3.8112702,12.80559,3.8025398,12.790069,-3.9805846,-3.9718542
2018-07-29,76128533B7157007143985,Uttar Dinajpur,contained_grid,52.114002,64.77,15.177249,23.174997,0.0100842975,0.025353402,0.00087961176,5,Low Modelled Signal,False,52.114002,46.71959,59.375587,46.70407,59.36007,-5.409931,-5.394413
2018-07-29,76128533B71714250401862,Dhamtari,contained_grid,11.625,15.690001,0.28229168,0.755,0.012394284,0.019871086,0.0015540617,6,Low Modelled Signal,False,11.625,6.2305923,10.295593,6.215071,10.280072,-5.409929,-5.3944077
2018-07-29,76128533B71824979235503,Madurai,contained_grid,6.868,9.830001,1.079,4.3849998,0.0010659877,0.0013196843,9.912152e-05,5,Low Modelled Signal,False,6.868,1.8733555,4.435593,1.864043,4.4200726,-5.003957,-4.9946446
2018-07-29,76128533B72079972234594,Ganganagar,contained_grid,0.0,0.0,0.62899995,4.8424997,0.0007890616,0.0011652026,0.00013847476,15,Low Modelled Signal,False,0.0,0.0,0.0,0.0,0.0,0.0,0.0
2018-07-29,76128533B72109128179340,Kadapa(YSR),contained_grid,0.0,0.0,0.0034659093,0.044999998,0.00023493312,0.00026548014,4.1545125e-05,22,Low Modelled Signal,False,0.0,0.0,0.0,0.0,0.0,0.0,0.0
2018-07-29,76128533B72485933575946,East,nearest_grid,3.3400002,3.3400002,4.87,4.87,0.0030578803,0.0030578803,0.00023800781,1,Low Modelled Signal,False,3.3400002,0.0,0.0,0.0,0.0,-3.3400002,-3.3400002
2018-07-29,76128533B72507508533064,Kolkata,nearest_grid,2.6,2.6,18.492502,18.492502,0.004100446,0.004100446,0.003360057,1,Low Modelled Signal,False,2.6,0.0,0.0,0.0,0.0,-2.6,-2.6
2018-07-29,76128533B72541188260561,Guntur,contained_grid,0.008666666,0.1,1.0863334,4.2925,0.00021774549,0.00024322757,1.6676328e-05,15,Low Modelled Signal,False,0.008666666,0.0,0.0,0.0,0.0,-0.008666666,-0.008666666
2018-07-29,76128533B72829420975835,Jogulamba,contained_grid,0.15,0.2,0.076874994,0.24249999,0.00017474801,0.00017671703,1.5204523e-05,4,Low Modelled Signal,False,0.15,0.0,0.0,0.0,0.0,-0.15,-0.15
2018-07-29,76128533B7291413308870,Fazilka,contained_grid,0.13333334,0.3,0.4120833,2.4724998,0.00092889514,0.001318676,0.00019308334,6,Low Modelled Signal,False,0.13333334,0.0,0.0,0.0,0.0,-0.13333334,-0.13333334
2018-07-29,76128533B73736605657091,Bemetra,contained_grid,29.826666,30.39,2.7724998,5.0624995,0.04104519,0.050177246,0.0026699228,3,Low Modelled Signal,False,29.826666,24.432259,24.995592,24.416739,24.980072,-5.4099274,-5.3944073
2018-07-29,76128533B73769926250842,Ballia,contained_grid,56.4775,61.18,33.78219,53.687504,0.021761417,0.03681824,0.0007650342,4,Low Modelled Signal,False,56.4775,51.08309,55.78559,51.067574,55.770073,-5.4099274,-5.394409
2018-07-29,76128533B73809971322123,Dausa,contained_grid,0.0,0.0,0.024583334,0.14750001,0.00067985075,0.0007837148,6.722078e-05,6,Low Modelled Signal,False,0.0,0.0,0.0,0.0,0.0,0.0,0.0
2018-07-29,76128533B73854359719990,Gajapati,contained_grid,8.418,13.660001,1.4134998,2.8849995,0.018803768,0.03471446,0.004364264,5,Low Modelled Signal,False,8.418,3.9393554,8.265593,3.930043,8.2500725,-4.487957,-4.478645
2018-07-29,76128533B73925919155567,Azamgarh,contained_grid,122.98572,162.65001,57.189106,73.88125,0.09435921,0.11733522,0.0064569563,7,Heavy Rain Watch,False,122.98572,117.59131,157.2556,117.57579,157.24008,-5.4099274,-5.394409
2018-07-29,76128533B74057284038879,Rae Bareli,contained_grid,68.46333,85.92,40.835205,43.84,0.09045035,0.09952788,0.0051250067,6,Low Modelled Signal,False,68.46333,63.068924,80.52559,63.053406,80.51007,-5.4099274,-5.394409
2018-07-29,76128533B74319098136622,Belgaum,contained_grid,0.98294115,4.09,0.0010294118,0.0175,0.00042729842,0.0010611993,0.0002175863,17,Low Modelled Signal,False,0.98294115,0.0,0.0,0.0,0.0,-0.98294115,-0.98294115
2018-07-29,76128533B74381554567803,Devbhumi Dwarka,contained_grid,1.5714285,1.9100001,0.11607142,0.79749995,8.561515e-05,0.000102802915,9.223628e-06,7,Low Modelled Signal,False,1.5714285,0.0,0.0,0.0,0.0,-1.5714285,-1.5714285
2018-07-29,76128533B74447895476194,Kota,contained_grid,0.0,0.0,0.07609375,0.41125,0.00059455,0.0007057057,6.1257735e-05,8,Low Modelled Signal,False,0.0,0.0,0.0,0.0,0.0,0.0,0.0
2018-07-29,76128533B74482494441458,Bargarh,contained_grid,17.3925,45.060005,9.005312,16.595,0.06269258,0.1382599,0.055289343,8,Heavy Rain Watch,True,17.3925,12.197393,39.665596,12.183813,39.650078,-5.208687,-5.1951065
2018-07-29,76128533B74859418903113,Thane,contained_grid,6.3780003,8.120001,0.012499999,0.062499996,0.0049211495,0.005921539,0.00031804843,5,Low Modelled Signal,False,6.3780003,1.120474,2.725593,1.1080575,2.7100725,-5.2699428,-5.2575264
2018-07-29,76128533B74887942950962,Vikarabad,contained_grid,0.68,0.70000005,0.0,0.0,0.0001694855,0.00019549433,2.1472943e-05,5,Low Modelled Signal,False,0.68,0.0,0.0,0.0,0.0,-0.68,-0.68
2018-07-29,76128533B74917207853309,Almora,contained_grid,53.690002,71.86,7.5292497,15.427499,0.018673273,0.020457452,0.00027262815,5,Low Modelled Signal,False,53.690002,48.29559,66.46559,48.28007,66.45007,-5.409931,-5.394413
2018-07-29,76128533B74938989340684,Bara Banki,contained_grid,73.06999,88.03999,45.624,57.637493,0.2723388,0.42662004,0.012810785,5,Heavy Rain Watch,False,73.06999,67.67558,82.645584,67.66007,82.630066,-5.4099197,-5.394409
2018-07-29,76128533B74958462315105,Pulwama,contained_grid,1.0,1.0,0.62125003,0.62125003,0.00016905396,0.00016905396,8.71472e-06,1,Low Modelled Signal,False,1.0,0.0,0.0,0.0,0.0,-1.0,-1.0
2018-07-29,76128533B74961596993088,Sheohar,contained_grid,27.919998,27.919998,26.195005,26.195005,0.0037562614,0.0037562614,0.00050016947,1,Low Modelled Signal,False,27.919998,22.52559,22.52559,22.51007,22.51007,-5.4099274,-5.3944073
2018-07-29,76128533B74992405432705,Rajkot,contained_grid,1.2060001,1.44,0.0,0.0,0.00022171656,0.00032229876,2.7377058e-05,10,Low Modelled Signal,False,1.2060001,0.0,0.0,0.0,0.0,-1.2060001,-1.2060001
2018-07-29,76128533B75110579117636,Dharwad,contained_grid,1.0275,1.35,0.0,0.0,0.00017594299,0.00023626759,2.7957472e-05,4,Low Modelled Signal,False,1.0275,0.0,0.0,0.0,0.0,-1.0275,-1.0275
2018-07-29,76128533B75262864015847,Una,contained_grid,4.8,5.0,1.09,1.9025,0.0033924482,0.0038655077,4.245289e-05,2,Low Modelled Signal,False,4.8,0.0,0.0,0.0,0.0,-4.8,-4.8
2018-07-29,76128533B75359793481950,Lahul & Spiti,contained_grid,0.92944443,3.01,1.0736805,5.5925007,0.00016600634,0.0003058693,1.4138859e-05,18,Low Modelled Signal,False,0.92944443,0.0,0.0,0.0,0.0,-0.92944443,-0.92944443
2018-07-29,76128533B7545062765383,Sambhal,contained_grid,26.4125,33.61,16.589687,37.965,0.08946694,0.18006761,0.0015740951,4,Heavy Rain Watch,False,26.4125,21.018093,28.215593,21.002571,28.200073,-5.4099293,-5.3944073
2018-07-29,76128533B75519739609062,Ernakulam,contained_grid,10.252001,13.370001,7.6464996,12.7925,0.0038631852,0.005567377,0.00027789784,5,Low Modelled Signal,False,10.252001,4.8575926,7.975593,4.842072,7.9600725,-5.409929,-5.394408
2018-07-29,76128533B75529869544465,Giridih,contained_grid,43.094288,49.7,22.336248,34.8625,0.023514653,0.029467471,0.0018694944,7,Low Modelled Signal,False,43.094288,37.69988,44.30559,37.684357,44.290073,-5.409931,-5.394409
2018-07-29,76128533B75548370501185,Ashoknagar,contained_grid,0.016666668,0.1,0.0,0.0,0.002145824,0.0046862885,2.4026307e-05,6,Low Modelled Signal,False,0.016666668,0.0,0.0,0.0,0.0,-0.016666668,-0.016666668
2018-07-29,76128533B75696328527555,Thrissur,contained_grid,16.34,17.43,6.98625,10.995,0.0036754236,0.0043320684,0.00022652962,2,Low Modelled Signal,False,16.34,10.945592,12.035593,10.930071,12.020072,-5.4099293,-5.394408
2018-07-29,76128533B75922461866405,Barmer,contained_grid,0.03325,0.49,0.0,0.0,0.0002937441,0.00048808646,7.7318604e-05,40,Low Modelled Signal,False,0.03325,0.0,0.0,0.0,0.0,-0.03325,-0.03325
2018-07-29,76128533B76058958071350,Upper Siang,contained_grid,12.74,24.39,12.24375,42.86,0.005110174,0.008253134,0.000731932,11,Low Modelled Signal,False,12.74,7.345593,18.995592,7.330072,18.980072,-5.409928,-5.394407
2018-07-29,76128533B7606365706860,Gandhinagar,contained_grid,0.85999995,0.90000004,0.0,0.0,0.0001734477,0.00018138977,4.772661e-05,3,Low Modelled Signal,False,0.85999995,0.0,0.0,0.0,0.0,-0.85999995,-0.85999995
2018-07-29,76128533B76129461078086,East Kameng,contained_grid,22.43,35.92,28.020416,56.2775,0.0123669645,0.015519155,0.00035849516,6,Low Modelled Signal,False,22.43,17.035593,30.52559,17.020071,30.51007,-5.4099293,-5.3944073
2018-07-29,76128533B7622369120497,Varanasi,contained_grid,113.5875,153.42,63.536247,67.62251,0.057169486,0.058654707,0.0031377585,4,Low Modelled Signal,False,113.5875,108.19309,148.02559,108.177574,148.01007,-5.4099274,-5.394409
2018-07-29,76128533B76286653784168,Gondiya,contained_grid,8.16375,17.56,0.049062498,0.28,0.0072573563,0.015254013,0.0012778355,8,Low Modelled Signal,False,8.16375,3.5022452,12.165592,3.4925447,12.150071,-4.671205,-4.6615047
2018-07-29,76128533B7643504807381,Kanshiram Nagar,contained_grid,35.786667,45.979996,67.65583,91.3,0.11791196,0.16898535,0.0011602187,3,Heavy Rain Watch,False,35.786667,30.392258,40.585587,30.37674,40.57007,-5.4099274,-5.394409
2018-07-29,76128533B76479861129777,Kheri,contained_grid,39.294,53.079998,9.407625,21.574997,0.0483975,0.09758966,0.0026251627,10,Low Modelled Signal,False,39.294,33.89959,47.68559,33.88407,47.67007,-5.4099274,-5.394409
2018-07-29,76128533B76927648517269,Bangalore,contained_grid,0.06666667,0.2,1.2499999,3.5899997,0.00018291837,0.00019399673,2.7286507e-05,3,Low Modelled Signal,False,0.06666667,0.0,0.0,0.0,0.0,-0.06666667,-0.06666667
2018-07-29,76128533B77134386587213,North Tripura,contained_grid,2.1000001,2.9,14.563751,17.912502,0.00080699346,0.0009971868,6.381383e-05,2,Low Modelled Signal,False,2.1000001,0.0,0.0,0.0,0.0,-2.1000001,-2.1000001
2018-07-29,76128533B77191913035963,Neemuch,contained_grid,0.085,0.2,0.0,0.0,0.00033486812,0.00039698207,6.848593e-05,6,Low Modelled Signal,False,0.085,0.0,0.0,0.0,0.0,-0.085,-0.085
2018-07-29,76128533B77336742344288,Mamit,contained_grid,3.9666665,5.5,13.808749,30.349998,0.0020009808,0.0038082623,0.00015816244,3,Low Modelled Signal,False,3.9666665,0.03519742,0.10559225,0.030023893,0.09007168,-3.9366426,-3.931469
2018-07-29,76128533B77537928419507,Shimla,contained_grid,2.2333333,4.3999996,0.5969444,3.0749998,0.0008601339,0.0017905151,2.2062371e-05,9,Low Modelled Signal,False,2.2333333,0.0,0.0,0.0,0.0,-2.2333333,-2.2333333
2018-07-29,76128533B77719785699048,Nayagarh,contained_grid,11.04,17.0,13.401875,27.562498,0.033759188,0.047949456,0.0043303873,6,Low Modelled Signal,False,11.04,6.2346606,11.605593,6.221727,11.590072,-4.818273,-4.8053393
2018-07-29,76128533B78458325839103,Kalimpong,contained_grid,97.30499,122.649994,17.941877,22.191252,0.04040806,0.042631853,0.003584124,2,Low Modelled Signal,False,97.30499,91.91058,117.255585,91.895065,117.24007,-5.4099274,-5.394409
2018-07-29,76128533B78482805703540,Seoni,contained_grid,6.5246153,23.4,0.20442308,0.66125,0.012126967,0.035887275,0.00051570847,13,Low Modelled Signal,False,6.5246153,3.0575356,18.005592,3.051566,17.99007,-3.4730494,-3.4670796
2018-07-29,76128533B7851306475665,Surendranagar,contained_grid,0.62846154,0.87,0.0,0.0,0.00021215038,0.00036088892,8.427817e-05,13,Low Modelled Signal,False,0.62846154,0.0,0.0,0.0,0.0,-0.62846154,-0.62846154
2018-07-29,76128533B7879459377699,Ambedkar Nagar,contained_grid,61.925003,71.48,41.44062,42.914997,0.058781136,0.063069284,0.0020753946,2,Low Modelled Signal,False,61.925003,56.530594,66.085594,56.515076,66.070076,-5.4099274,-5.394409
2018-07-29,76128533B78904410352326,Kaimur (Bhabua),contained_grid,23.138334,39.559998,66.92917,85.8625,0.027842326,0.046810076,0.0065296553,6,Low Modelled Signal,False,23.138334,17.743925,34.16559,17.728407,34.15007,-5.4099274,-5.394409
2018-07-29,76128533B78970756356546,Khagaria,contained_grid,68.58,79.53,14.57375,15.155001,0.0137944035,0.014723852,0.00075512833,2,Low Modelled Signal,False,68.58,63.185593,74.13559,63.170074,74.12007,-5.4099274,-5.394409
2018-07-29,76128533B79048012717121,Guna,contained_grid,0.08888889,0.2,0.013611111,0.114999995,0.00054374326,0.0006318853,3.2622116e-05,9,Low Modelled Signal,False,0.08888889,0.0,0.0,0.0,0.0,-0.08888889,-0.08888889
2018-07-29,76128533B79087524886024,Mandla,contained_grid,16.985556,22.8,0.47749996,0.91875,0.012598053,0.018591564,0.0007167375,9,Low Modelled Signal,False,16.985556,11.591148,17.405592,11.575627,17.390072,-5.4099283,-5.3944073
2018-07-29,76128533B79135514077232,Theni,contained_grid,5.7566667,10.66,0.4766666,1.1049999,0.00069117564,0.0008457338,9.451035e-05,3,Low Modelled Signal,False,5.7566667,1.7551974,5.265592,1.7500238,5.2500715,-4.006643,-4.001469
2018-07-29,76128533B79180273895456,Uttara Kannada,contained_grid,5.1138463,9.07,0.40644228,1.2924999,0.0028974921,0.008502711,0.0005182691,13,Low Modelled Signal,False,5.1138463,1.0702733,3.675592,1.0631101,3.6600714,-4.0507364,-4.043573
2018-07-29,76128533B79263581040575,Ramgarh,contained_grid,19.39,20.64,32.903748,39.2075,0.020773768,0.022327855,0.000367039,2,Low Modelled Signal,False,19.39,13.995593,15.245592,13.980072,15.230071,-5.4099274,-5.3944063
2018-07-29,76128533B79303776608295,Shahdol,contained_grid,15.856251,23.590002,2.9884374,6.365,0.017930578,0.029364388,0.0003553743,8,Low Modelled Signal,False,15.856251,10.461843,18.195595,10.4463215,18.180073,-5.4099293,-5.394408
2018-07-29,76128533B79600797037735,Ramanagara,contained_grid,0.45,1.0,0.2090625,0.74625003,0.00017358037,0.00019399673,2.8264707e-05,4,Low Modelled Signal,False,0.45,0.0,0.0,0.0,0.0,-0.45,-0.45
2018-07-29,76128533B79601545186231,Koppal,contained_grid,0.315,0.41,0.2903125,1.01,0.00015573573,0.00018897389,2.6762145e-05,8,Low Modelled Signal,False,0.315,0.0,0.0,0.0,0.0,-0.315,-0.315
2018-07-29,76128533B79652855441225,Kathua,contained_grid,3.2599998,3.8999999,1.1472499,1.9949999,0.0022638151,0.0040634214,2.485265e-05,5,Low Modelled Signal,False,3.2599998,0.0,0.0,0.0,0.0,-3.2599998,-3.2599998
2018-07-29,76128533B79750857313751,South Garo Hills,contained_grid,6.3,7.4300003,19.788752,30.325005,0.003062737,0.003116648,0.00019823747,2,Low Modelled Signal,False,6.3,1.0177963,2.0355926,1.010036,2.020072,-5.289964,-5.2822037
2018-07-29,76128533B79784438258239,Etawah,contained_grid,39.816666,41.7,90.857506,105.34499,0.1362251,0.1729425,0.0011890734,3,Heavy Rain Watch,False,39.816666,34.422256,36.30559,34.40674,36.290073,-5.4099274,-5.394409
2018-07-29,76128533B80016894369263,Mewat,contained_grid,0.07,0.2,8.881785e-16,2.6645355e-15,0.00046635026,0.0005149092,2.076936e-05,3,Low Modelled Signal,False,0.07,0.0,0.0,0.0,0.0,-0.07,-0.07
2018-07-29,76128533B80299348876357,Kanpur Dehat,contained_grid,53.126,58.02,61.296997,88.524994,0.09849481,0.1395622,0.0010501966,5,Heavy Rain Watch,False,53.126,47.73159,52.62559,47.716072,52.610073,-5.4099274,-5.394409
2018-07-29,76128533B80656256583567,Puri,contained_grid,8.4279995,18.3,6.46575,9.740001,0.015004526,0.025700744,0.004227751,5,Low Modelled Signal,False,8.4279995,3.7833552,12.905592,3.7740428,12.890071,-4.6539564,-4.6446443
2018-07-29,76128533B80772392204057,Chikkaballapura,contained_grid,0.3,0.90000004,0.0,0.0,0.00021034658,0.00022148472,4.060762e-05,5,Low Modelled Signal,False,0.3,0.0,0.0,0.0,0.0,-0.3,-0.3
2018-07-29,76128533B80916614857890,Gumla,contained_grid,54.466663,81.2,18.181875,24.677502,0.060232658,0.08329018,0.008667803,6,Low Modelled Signal,False,54.466663,49.072254,75.80559,49.056736,75.79007,-5.4099274,-5.394409
2018-07-29,76128533B80958502091898,Datia,contained_grid,16.810001,22.68,23.753124,47.63,0.041327506,0.07922597,0.0006313163,4,Low Modelled Signal,False,16.810001,11.415592,17.285593,11.400072,17.270073,-5.4099293,-5.394409
2018-07-29,76128533B80966996849325,Kannauj,contained_grid,46.61,52.36,88.088745,119.7675,0.12717752,0.13450453,0.0009088069,3,Heavy Rain Watch,False,46.61,41.21559,46.96559,41.200073,46.950073,-5.4099274,-5.394409
2018-07-29,76128533B81147724102706,Baleshwar,contained_grid,10.061999,15.5,25.159,56.165,0.01183721,0.020449076,0.0047531677,5,Low Modelled Signal,False,10.061999,4.667592,10.105593,4.6520715,10.090072,-5.409928,-5.3944073
2018-07-29,76128533B81419063387740,Shahdara,nearest_grid,3.3400002,3.3400002,4.87,4.87,0.0030578803,0.0030578803,0.00023800781,1,Low Modelled Signal,False,3.3400002,0.0,0.0,0.0,0.0,-3.3400002,-3.3400002
2018-07-29,76128533B81607600692021,Panna,contained_grid,28.88889,33.350002,7.988749,14.569998,0.02996197,0.04352901,0.00033872447,9,Low Modelled Signal,False,28.88889,23.494482,27.955595,23.478962,27.940075,-5.4099274,-5.3944073
2018-07-29,76128533B81661995166840,Mahesana,contained_grid,0.99499995,1.14,3.2566543e-16,1.9539926e-15,0.00016147892,0.00018834113,4.772661e-05,6,Low Modelled Signal,False,0.99499995,0.0,0.0,0.0,0.0,-0.99499995,-0.99499995
2018-07-29,76128533B81694682724865,Uttarkashi,contained_grid,7.92,16.6,3.340341,11.165,0.0056251157,0.013426999,8.485911e-05,11,Low Modelled Signal,False,7.92,3.1877036,11.205593,3.176416,11.190072,-4.743584,-4.7322965
2018-07-29,76128533B81857725777974,Hugli,contained_grid,2.6499999,3.8000002,7.636667,9.650001,0.003848043,0.004575028,0.00072812923,3,Low Modelled Signal,False,2.6499999,0.0,0.0,0.0,0.0,-2.6499999,-2.6499999
2018-07-29,76128533B81964529079574,Bilaspur,contained_grid,21.226667,41.67,2.260625,3.67625,0.048838496,0.078994915,0.004452726,6,Low Modelled Signal,False,21.226667,16.522993,36.27559,16.51006,36.26007,-4.716608,-4.7036743
2018-07-29,76128533B82052450002431,Tuensang,contained_grid,60.343334,93.79,44.62916,69.11499,0.030958526,0.05424314,0.00032743154,3,Low Modelled Signal,False,60.343334,54.948925,88.39559,54.933407,88.38007,-5.4099274,-5.394409
2018-07-29,76128533B8221925175605,Baksa,contained_grid,35.614998,45.64,11.844375,25.69,0.016826026,0.01915234,0.0025717958,4,Low Modelled Signal,False,35.614998,30.22059,40.24559,30.20507,40.230072,-5.4099274,-5.3944073
2018-07-29,76128533B82240600990321,Sheopur,contained_grid,0.0,0.0,0.1453125,0.89,0.00058314344,0.0006733579,1.5542793e-05,8,Low Modelled Signal,False,0.0,0.0,0.0,0.0,0.0,0.0,0.0
2018-07-29,76128533B82279368215419,Kakching,contained_grid,36.0,36.0,43.199997,43.199997,0.016441498,0.016441498,0.00018629771,1,Low Modelled Signal,False,36.0,30.605593,30.605593,30.590073,30.590073,-5.4099274,-5.3944073
2018-07-29,76128533B82539771173603,Wayanad,contained_grid,2.955,4.2999997,1.02875,1.335,0.0003700957,0.00047308594,9.26523e-05,2,Low Modelled Signal,False,2.955,0.0,0.0,0.0,0.0,-2.955,-2.955
2018-07-29,76128533B82559220423608,Betul,contained_grid,1.671875,3.04,0.031640626,0.22125001,0.000244326,0.00028482487,2.508096e-05,16,Low Modelled Signal,False,1.671875,0.0,0.0,0.0,0.0,-1.671875,-1.671875
2018-07-29,76128533B82601690264832,Sangrur,contained_grid,4.241429,6.3399997,0.31517857,0.74,0.0035849249,0.0067636934,7.4909265e-05,7,Low Modelled Signal,False,4.241429,0.33239666,0.9455919,0.32574496,0.93007135,-3.915684,-3.909032
2018-07-29,76128533B82793215586362,Mokokchung,contained_grid,18.260002,22.900002,7.0499997,9.775,0.0056144255,0.006717208,0.0011215823,2,Low Modelled Signal,False,18.260002,12.865594,17.505594,12.850073,17.490074,-5.4099293,-5.394408
2018-07-29,76128533B83105693975079,Yanam,nearest_grid,1.1,1.1,1.1999998,1.1999998,0.0003006478,0.0003006478,2.5628953e-05,1,Low Modelled Signal,False,1.1,0.0,0.0,0.0,0.0,-1.1,-1.1
2018-07-29,76128533B83278580643229,Bagalkot,contained_grid,0.3,0.4,0.116527766,0.78499997,0.00019374791,0.00022417017,2.6755466e-05,9,Low Modelled Signal,False,0.3,0.0,0.0,0.0,0.0,-0.3,-0.3
2018-07-29,76128533B83462627230182,Bhagalpur,contained_grid,127.1,170.65,14.804999,18.244997,0.020934032,0.022395967,0.0010636939,3,Low Modelled Signal,False,127.1,121.70559,165.25558,121.69007,165.24007,-5.4099274,-5.394409
2018-07-29,76128533B83644689337946,Kancheepuram,contained_grid,0.67,0.91,0.45708334,1.19375,0.00023433735,0.00032077509,2.749538e-05,3,Low Modelled Signal,False,0.67,0.0,0.0,0.0,0.0,-0.67,-0.67
2018-07-29,76128533B83861010847920,Malappuram,contained_grid,4.788333,9.65,2.2272916,3.83875,0.0009481415,0.0027289537,0.00020429751,6,Low Modelled Signal,False,4.788333,0.7092653,4.255592,0.70667857,4.2400713,-4.0816545,-4.0790677
2018-07-29,76128533B84094142280102,Jodhpur,contained_grid,0.005882353,0.1,0.0,0.0,0.00023184074,0.0003226133,3.2055446e-05,34,Low Modelled Signal,False,0.005882353,0.0,0.0,0.0,0.0,-0.005882353,-0.005882353
2018-07-29,76128533B84129562351919,Sambalpur,contained_grid,44.84818,63.629997,18.792158,27.215,0.13931322,0.1811887,0.05100609,11,Heavy Rain Watch,True,44.84818,39.453773,58.235588,39.438255,58.22007,-5.4099236,-5.3944054
2018-07-29,76128533B8426545955058,Amritsar,contained_grid,9.305,9.91,24.19875,29.8275,0.008282265,0.008706369,8.6020686e-05,2,Low Modelled Signal,False,9.305,3.910592,4.515592,3.8950715,4.5000715,-5.409929,-5.394408
2018-07-29,76128533B84398038505400,Mulugu,contained_grid,2.475,2.9,0.018125,0.0725,0.00042842372,0.0005954935,3.3637454e-05,4,Low Modelled Signal,False,2.475,0.0,0.0,0.0,0.0,-2.475,-2.475
2018-07-29,76128533B84417945851362,Porbandar,contained_grid,2.1100001,2.6,0.0,0.0,8.43203e-05,0.00010018153,1.8272678e-05,5,Low Modelled Signal,False,2.1100001,0.0,0.0,0.0,0.0,-2.1100001,-2.1100001
2018-07-29,76128533B84622469201834,West Jaintia Hills,contained_grid,13.523334,14.219999,4.0245833,7.1424994,0.010084561,0.012194651,0.00070458034,3,Low Modelled Signal,False,13.523334,8.128926,8.825592,8.113404,8.810071,-5.4099293,-5.3944073
2018-07-29,76128533B84676164211579,Hydrabad,contained_grid,0.1,0.1,0.02,0.02,0.00015861347,0.00015861347,2.1472943e-05,1,Low Modelled Signal,False,0.1,0.0,0.0,0.0,0.0,-0.1,-0.1
2018-07-29,76128533B84679668760735,Budaun,contained_grid,25.063334,33.64,46.08583,70.212494,0.096082024,0.17695415,0.0012927192,6,Heavy Rain Watch,False,25.063334,19.668926,28.245592,19.653406,28.230072,-5.4099274,-5.3944073
2018-07-29,76128533B84689409020934,Upper Subansiri,contained_grid,11.684286,20.010002,9.669642,16.595001,0.0064569227,0.010180972,0.000165858,7,Low Modelled Signal,False,11.684286,6.2898784,14.615595,6.274358,14.600074,-5.4099283,-5.3944077
2018-07-29,76128533B84772375641700,Baudh,contained_grid,16.32,28.629997,5.4224997,8.82,0.06471824,0.08468589,0.0095002195,4,Low Modelled Signal,False,16.32,12.219193,23.23559,12.207553,23.22007,-4.112447,-4.100806
2018-07-29,76128533B84772439394056,Mainpuri,contained_grid,32.2825,33.46,115.725624,148.11751,0.18177292,0.1992042,0.0012241631,4,Heavy Rain Watch,False,32.2825,26.888092,28.065592,26.872574,28.050072,-5.4099274,-5.394409
2018-07-29,76128533B84837672903805,Sirsa,contained_grid,0.0,0.0,0.05020833,0.23874998,0.0006639543,0.0007235613,0.00018204651,6,Low Modelled Signal,False,0.0,0.0,0.0,0.0,0.0,0.0,0.0
2018-07-29,76128533B84927972855096,Yadgir,contained_grid,0.26666668,0.6,0.06979167,0.17999998,0.0001611508,0.00018141465,2.1472943e-05,6,Low Modelled Signal,False,0.26666668,0.0,0.0,0.0,0.0,-0.26666668,-0.26666668
2018-07-29,76128533B85157820615002,Yadadri Bhongiri,contained_grid,0.025,0.1,0.0221875,0.0525,0.00017452164,0.00022224616,2.1472943e-05,4,Low Modelled Signal,False,0.025,0.0,0.0,0.0,0.0,-0.025,-0.025
2018-07-29,76128533B85389886560116,Shimoga,contained_grid,3.8346155,10.610001,0.36721152,2.14,0.0019632487,0.007141869,0.00057109696,13,Low Modelled Signal,False,3.8346155,0.97821367,5.215593,0.97463197,5.2000723,-2.8599834,-2.856402
2018-07-29,76128533B85627242103654,Lakhimpur,contained_grid,9.576667,16.36,33.00229,65.9775,0.0063383467,0.011383358,0.00084722013,6,Low Modelled Signal,False,9.576667,4.347994,10.965593,4.33506,10.950072,-5.2416067,-5.228673
2018-07-29,76128533B85695392289827,Bilaspur,contained_grid,2.0,2.5,0.195,0.23499998,0.001522922,0.0016423194,1.8290684e-05,2,Low Modelled Signal,False,2.0,0.0,0.0,0.0,0.0,-2.0,-2.0
2018-07-29,76128533B85747247216737,Dimapur,contained_grid,22.73,22.73,9.435,9.435,0.007799237,0.007799237,0.00016708116,1,Low Modelled Signal,False,22.73,17.335592,17.335592,17.320072,17.320072,-5.4099274,-5.3944073
2018-07-29,76128533B8575303957680,Ratnagiri,contained_grid,7.385454,8.870001,0.03738636,0.2275,0.007104722,0.008204483,0.000513377,11,Low Modelled Signal,False,7.385454,1.9910469,3.475593,1.9755265,3.4600725,-5.409928,-5.3944073
2018-07-29,76128533B85917349021677,Malkangiri,contained_grid,19.2425,25.539999,0.46109375,1.5474999,0.012662489,0.01875871,0.0016421168,8,Low Modelled Signal,False,19.2425,13.848093,20.145592,13.832572,20.13007,-5.4099283,-5.3944073
2018-07-29,76128533B86048662040782,Panipat,contained_grid,6.5299997,6.5299997,1.3650001,1.3650001,0.003959137,0.003959137,0.0010118749,1,Low Modelled Signal,False,6.5299997,1.135592,1.135592,1.1200714,1.1200714,-5.4099283,-5.3944077
2018-07-29,76128533B86135761305702,Jhunjhunun,contained_grid,0.0,0.0,0.000625,0.005,0.0006486669,0.0013665837,6.0264298e-05,8,Low Modelled Signal,False,0.0,0.0,0.0,0.0,0.0,0.0,0.0
2018-07-29,76128533B86368264587575,Alappuzha,contained_grid,11.66,14.039999,10.57875,10.737499,0.0022516767,0.00280879,0.00042258954,2,Low Modelled Signal,False,11.66,6.2655916,8.645592,6.250071,8.630071,-5.409929,-5.394408
2018-07-29,76128533B86424887513424,Hingoli,contained_grid,0.46666667,0.7,0.13312499,0.20499998,0.00018814515,0.00019299932,2.2188902e-05,6,Low Modelled Signal,False,0.46666667,0.0,0.0,0.0,0.0,-0.46666667,-0.46666667
2018-07-29,76128533B86430586962522,Viluppuram,contained_grid,0.81666666,1.6,0.09291667,0.5,0.00025045942,0.00045713398,2.9975863e-05,6,Low Modelled Signal,False,0.81666666,0.0,0.0,0.0,0.0,-0.81666666,-0.81666666
2018-07-29,76128533B86721175299079,Haveri,contained_grid,0.946,1.24,0.03375,0.125,0.00015973295,0.00021902016,3.1952575e-05,5,Low Modelled Signal,False,0.946,0.0,0.0,0.0,0.0,-0.946,-0.946
2018-07-29,76128533B87051210355251,Muzaffarnagar,contained_grid,11.458,16.29,0.5115,2.2024999,0.015363557,0.019089859,0.001955297,5,Low Modelled Signal,False,11.458,6.0635924,10.895594,6.048072,10.880073,-5.4099283,-5.3944077
2018-07-29,76128533B87317961648652,Hapur,contained_grid,20.52,20.52,1.3025,1.3025,0.043497518,0.043497518,0.0006723355,1,Low Modelled Signal,False,20.52,15.125593,15.125593,15.110072,15.110072,-5.4099283,-5.3944073
2018-07-29,76128533B87327155385261,Kulgam,contained_grid,8.199999,8.599999,0.821875,1.3225,0.0006619132,0.0007302803,3.4942364e-05,2,Low Modelled Signal,False,8.199999,2.8055916,3.2055917,2.790071,3.190071,-5.409928,-5.3944073
2018-07-29,76128533B87371000929659,Balrampur,contained_grid,40.733334,42.16,17.113333,23.505,0.029894516,0.037383825,0.0018077814,3,Low Modelled Signal,False,40.733334,35.338924,36.76559,35.323406,36.750072,-5.4099274,-5.394409
2018-07-29,76128533B87515288456202,Sant Ravidas Nagar (Bhadohi),contained_grid,67.92,73.93,53.254997,54.63,0.05845798,0.05845798,0.00078756426,2,Low Modelled Signal,False,67.92,62.525593,68.53559,62.510075,68.52007,-5.4099236,-5.3944054
2018-07-29,76128533B87833640460819,Hardwar,contained_grid,1.9866667,2.9099998,3.0424998,8.48,0.0034568373,0.00423147,9.873259e-05,3,Low Modelled Signal,False,1.9866667,0.0,0.0,0.0,0.0,-1.9866667,-1.9866667
2018-07-29,76128533B8798165946807,Kandhamal,contained_grid,11.923636,22.02,1.7398864,4.0299997,0.021550104,0.033366945,0.006379954,11,Low Modelled Signal,False,11.923636,6.742357,16.625593,6.728247,16.610073,-5.1953893,-5.1812797
2018-07-29,76128533B88214376170788,Badgam,nearest_grid,2.8000002,2.8000002,0.365,0.365,0.0003728966,0.0003728966,1.4345062e-05,1,Low Modelled Signal,False,2.8000002,0.0,0.0,0.0,0.0,-2.8000002,-2.8000002
2018-07-29,76128533B88466433485589,Nagapattinam,contained_grid,1.97,2.63,16.49125,19.16,0.0003994109,0.0004872794,8.911304e-05,2,Low Modelled Signal,False,1.97,0.0,0.0,0.0,0.0,-1.97,-1.97
2018-07-29,76128533B88481188307630,Muzaffarpur,contained_grid,49.7975,64.86,9.650625,11.45,0.0056137275,0.0068981256,0.00030834848,4,Low Modelled Signal,False,49.7975,44.40309,59.46559,44.387573,59.450073,-5.4099274,-5.394409
2018-07-29,76128533B88623139855224,Mau,contained_grid,60.095,73.020004,35.217503,43.8475,0.05437369,0.10674013,0.0008283392,4,Heavy Rain Watch,False,60.095,54.700592,67.625595,54.685074,67.61008,-5.4099274,-5.394409
2018-07-29,76128533B88669134807148,Chengalputtu,contained_grid,0.3,0.8,0.04875,0.065,0.00019849977,0.00022638844,3.1265783e-05,3,Low Modelled Signal,False,0.3,0.0,0.0,0.0,0.0,-0.3,-0.3
2018-07-29,76128533B88758450653156,Mathura,contained_grid,1.8659999,4.16,1.38525,2.365,0.0015111675,0.0023197483,6.0338705e-05,5,Low Modelled Signal,False,1.8659999,0.0,0.0,0.0,0.0,-1.8659999,-1.8659999
2018-07-29,76128533B8878807356913,Mahamaya Nagar,contained_grid,2.53,2.53,8.955,8.955,0.006159145,0.006159145,0.00011477154,1,Low Modelled Signal,False,2.53,0.0,0.0,0.0,0.0,-2.53,-2.53
2018-07-29,76128533B88812350838807,Paschim Medinipur,contained_grid,6.23125,12.17,27.90203,50.3375,0.005502132,0.0074751237,0.0023903886,8,Low Modelled Signal,False,6.23125,1.1434951,6.7755923,1.1337948,6.7600718,-5.097455,-5.0877547
2018-07-29,76128533B8892495882090,Nalgonda,contained_grid,0.0,0.0,0.13444443,0.325,0.00021984748,0.00023947605,2.1472943e-05,9,Low Modelled Signal,False,0.0,0.0,0.0,0.0,0.0,0.0,0.0
2018-07-29,76128533B89024397489955,Chennai,contained_grid,1.3,1.3,1.6175001,1.6175001,0.0002270705,0.0002270705,1.5959007e-05,1,Low Modelled Signal,False,1.3,0.0,0.0,0.0,0.0,-1.3,-1.3
2018-07-29,76128533B8920527783032,Tinsukia,contained_grid,17.161667,31.210001,25.72729,33.9,0.008969127,0.018441256,0.00037009764,6,Low Modelled Signal,False,17.161667,11.949661,25.815594,11.936727,25.800072,-5.2249403,-5.2120056
2018-07-29,76128533B89228414823983,Charaideo,contained_grid,12.25,12.25,12.1762495,12.1762495,0.0048482413,0.0048482413,0.00036215002,1,Low Modelled Signal,False,12.25,6.8555923,6.8555923,6.8400717,6.8400717,-5.4099283,-5.3944077
2018-07-29,76128533B89286042589317,Ujjain,contained_grid,0.385,0.89000005,0.000625,0.005,0.00024988633,0.00034989443,2.3648687e-05,8,Low Modelled Signal,False,0.385,0.0,0.0,0.0,0.0,-0.385,-0.385
2018-07-29,76128533B8930157583904,Jangaon,contained_grid,0.26666668,0.5,0.22958334,0.4725,0.0002218323,0.00023661823,1.4897744e-05,3,Low Modelled Signal,False,0.26666668,0.0,0.0,0.0,0.0,-0.26666668,-0.26666668
2018-07-29,76128533B89374164863010,Vellore,contained_grid,0.22500001,0.8,0.074374996,0.175,0.00015445639,0.00017046397,3.197577e-05,4,Low Modelled Signal,False,0.22500001,0.0,0.0,0.0,0.0,-0.22500001,-0.22500001
2018-07-29,76128533B89438858641946,Korba,contained_grid,20.713001,41.62,3.707,9.275,0.043947626,0.08436831,0.0022461028,10,Low Modelled Signal,False,20.713001,15.318593,36.22559,15.303072,36.21007,-5.4099293,-5.394408
2018-07-29,76128533B89575258858457,Tiruvannamalai,contained_grid,1.1571429,2.7,0.08392856,0.37999994,0.00012871857,0.000159355,3.7538328e-05,7,Low Modelled Signal,False,1.1571429,0.0,0.0,0.0,0.0,-1.1571429,-1.1571429
2018-07-29,76128533B89925537847414,Sivaganga,contained_grid,8.88,18.83,1.18125,1.9687499,0.001470134,0.0016898902,0.00013026615,3,Low Modelled Signal,False,8.88,4.478531,13.435593,4.473357,13.420072,-4.406643,-4.401469
2018-07-29,76128533B89979485471283,Narayanpur,contained_grid,4.7466664,6.2799997,3.700743e-16,2.131628e-15,0.0012309112,0.0017935312,7.2780735e-05,6,Low Modelled Signal,False,4.7466664,0.19186394,0.885592,0.1866904,0.8700714,-4.559976,-4.5548024
2018-07-29,76128533B8998698404381,Sitapur,contained_grid,29.926666,41.54,15.194027,26.2575,0.08475991,0.11664259,0.008589423,9,Heavy Rain Watch,False,29.926666,24.532259,36.14559,24.516739,36.130074,-5.4099274,-5.3944073
2018-07-29,76128533B90068096507942,Deoghar,contained_grid,64.825,72.979996,38.43,48.912502,0.02478097,0.04611997,0.004077209,4,Low Modelled Signal,False,64.825,59.430588,67.58559,59.41507,67.57007,-5.4099274,-5.394409
2018-07-29,76128533B90071703601852,Pilibhit,contained_grid,34.38333,50.730003,1.4206249,2.85375,0.09006119,0.24536091,0.0022878675,6,Heavy Rain Watch,False,34.38333,28.988924,45.335594,28.973404,45.320076,-5.4099274,-5.3944073
2018-07-29,76128533B90169585758701,Balod,contained_grid,2.9983332,5.1299996,0.0,0.0,0.003275454,0.013365624,0.00043496737,6,Low Modelled Signal,False,2.9983332,0.0,0.0,0.0,0.0,-2.9983332,-2.9983332
2018-07-29,76128533B90384580518633,Madhubani,contained_grid,44.612,58.370003,26.5085,37.149998,0.0056356667,0.008127105,0.0006834065,5,Low Modelled Signal,False,44.612,39.21759,52.975594,39.202072,52.960075,-5.4099274,-5.394409
2018-07-29,76128533B90551733723251,Gwalior,contained_grid,6.6,12.880001,9.464999,29.432499,0.021107802,0.04732043,0.0005284596,7,Low Modelled Signal,False,6.6,2.503196,7.4855933,2.494327,7.4700727,-4.105673,-4.0968037
2018-07-29,76128533B90913053845537,Lower Subansiri,contained_grid,30.029999,30.029999,8.96,8.96,0.012480971,0.012480971,0.00016141581,1,Low Modelled Signal,False,30.029999,24.635592,24.635592,24.620071,24.620071,-5.4099274,-5.3944073
2018-07-29,76128533B91211372620495,Jalandhar,contained_grid,11.995001,14.76,0.084374994,0.13499999,0.008547062,0.008678138,7.055505e-05,2,Low Modelled Signal,False,11.995001,6.6005926,9.365593,6.585072,9.350072,-5.409929,-5.394408
2018-07-29,76128533B91445917652173,Vaishali,contained_grid,71.85333,75.08,12.912501,14.754999,0.0075610653,0.008904118,0.0004052431,3,Low Modelled Signal,False,71.85333,66.45892,69.68559,66.443405,69.670074,-5.4099274,-5.394409
2018-07-29,76128533B91472319248603,Goalpara,contained_grid,25.093332,30.449999,7.7445836,19.235,0.0068351086,0.009530968,0.00017932199,3,Low Modelled Signal,False,25.093332,19.698927,25.055592,19.683405,25.04007,-5.4099274,-5.3944054
2018-07-29,76128533B91480770176940,Kokrajhar,contained_grid,21.87,27.240002,12.631874,16.467499,0.012515326,0.01804459,0.007403393,4,Low Modelled Signal,False,21.87,16.475594,21.845594,16.460072,21.830074,-5.4099293,-5.3944073
2018-07-29,76128533B91640519747726,Firozabad,contained_grid,16.394001,32.480003,75.001,100.91499,0.10917054,0.19275664,0.0007832895,5,Heavy Rain Watch,False,16.394001,11.424475,27.085596,11.412059,27.070076,-4.981942,-4.9695263
2018-07-29,76128533B91818883767147,Jajapur,contained_grid,10.682,16.2,9.011,21.205,0.017062735,0.028878752,0.014426295,5,Low Modelled Signal,False,10.682,5.644474,10.8055935,5.6320577,10.790072,-5.0499425,-5.037526
2018-07-29,76128533B91871300208785,Gaya,contained_grid,8.657778,17.699999,28.330418,46.649994,0.012222714,0.029190516,0.0008243705,9,Low Modelled Signal,False,8.657778,3.8399048,12.305592,3.8278334,12.290071,-4.8299446,-4.817873
2018-07-29,76128533B91881382098572,Kachchh,contained_grid,0.90081966,1.9100002,0.046577867,1.105,0.00029057747,0.00084238395,5.8240643e-05,61,Low Modelled Signal,False,0.90081966,0.0,0.0,0.0,0.0,-0.90081966,-0.90081966
2018-07-29,76128533B91943656836526,Jhalawar,contained_grid,0.0,0.0,0.00013888889,0.00125,0.0005100605,0.0008826014,3.5928864e-05,9,Low Modelled Signal,False,0.0,0.0,0.0,0.0,0.0,0.0,0.0
2018-07-29,76128533B92044109913630,Hanumangarh,contained_grid,0.0,0.0,2.7858331,10.084999,0.0007641585,0.0011091352,0.0002585318,15,Low Modelled Signal,False,0.0,0.0,0.0,0.0,0.0,0.0,0.0
2018-07-29,76128533B92621859299479,Bellary,contained_grid,0.43818185,1.1300001,0.0026136362,0.0175,0.00017067707,0.00021143159,2.6762145e-05,11,Low Modelled Signal,False,0.43818185,0.0,0.0,0.0,0.0,-0.43818185,-0.43818185
2018-07-29,76128533B92985585225784,Ramban,contained_grid,4.8999996,4.8999996,0.675,0.675,0.0005908395,0.0005908395,2.7309097e-05,1,Low Modelled Signal,False,4.8999996,0.0,0.0,0.0,0.0,-4.8999996,-4.8999996
2018-07-29,76128533B93063337202124,Gariaband,contained_grid,14.928572,18.12,1.1098214,2.93125,0.01782382,0.024559258,0.0025163093,7,Low Modelled Signal,False,14.928572,9.534164,12.725594,9.518643,12.7100725,-5.4099283,-5.3944073
2018-07-29,76128533B93113981386565,Ahmadabad,contained_grid,0.82625,1.02,0.12765625,0.4025,0.00021208203,0.00031835714,5.9860646e-05,8,Low Modelled Signal,False,0.82625,0.0,0.0,0.0,0.0,-0.82625,-0.82625
2018-07-29,76128533B93152786731267,Satara,contained_grid,1.9505885,6.640001,0.88249993,4.0249996,0.0015726787,0.005646013,0.00040656573,17,Low Modelled Signal,False,1.9505885,0.13098694,1.2455931,0.12824802,1.2300725,-1.8223405,-1.8196015
2018-07-29,76128533B93214480696409,Gopalganj,contained_grid,61.6,66.89,19.856249,26.22375,0.013186293,0.020279277,0.00048967625,4,Low Modelled Signal,False,61.6,56.20559,61.49559,56.19007,61.480072,-5.4099274,-5.394409
2018-07-29,76128533B93240759409313,Jharsuguda,contained_grid,32.555,43.370003,4.93375,7.67,0.11429523,0.13931577,0.01532388,2,Heavy Rain Watch,False,32.555,27.160593,37.975594,27.145073,37.960075,-5.4099274,-5.3944073
2018-07-29,76128533B93441663686573,Bhilwara,contained_grid,0.0,0.0,0.0,0.0,0.0005120916,0.0007156754,6.0104765e-05,14,Low Modelled Signal,False,0.0,0.0,0.0,0.0,0.0,0.0,0.0
2018-07-29,76128533B93450974047240,Bhavnagar,contained_grid,1.4463636,2.1799998,0.004886363,0.033749998,0.00052438787,0.0016002161,4.8747712e-05,11,Low Modelled Signal,False,1.4463636,0.0,0.0,0.0,0.0,-1.4463636,-1.4463636
2018-07-29,76128533B93453964263910,North Twenty Four Parganas,contained_grid,15.801999,33.28,30.478998,65.935,0.013687866,0.018464874,0.0018293213,5,Low Modelled Signal,False,15.801999,10.989355,27.885592,10.980042,27.870071,-4.8219566,-4.812644
2018-07-29,76128533B94126463611805,Gomati,contained_grid,7.066667,9.300001,2.53,3.85,0.002521143,0.0032323925,0.00015656324,3,Low Modelled Signal,False,7.066667,2.2370622,3.9055934,2.226715,3.8900728,-4.839952,-4.829605
2018-07-29,76128533B94710820075529,Kurukshetra,contained_grid,7.8799996,8.7,0.0,0.0,0.0062590507,0.006747664,0.00020597602,3,Low Modelled Signal,False,7.8799996,2.4855921,3.305592,2.4700716,3.2900715,-5.4099283,-5.3944073
2018-07-29,76128533B94847743365739,Dhanbad,contained_grid,43.5725,47.82,30.995312,44.05125,0.012429124,0.01921637,0.0011711451,4,Low Modelled Signal,False,43.5725,38.178093,42.42559,38.16257,42.410072,-5.4099274,-5.3944054
2018-07-29,76128533B95049353851516,Ambala,contained_grid,5.435,6.81,0.022499999,0.044999998,0.004999741,0.0063296654,7.830929e-05,2,Low Modelled Signal,False,5.435,0.7077961,1.4155922,0.7000358,1.4000716,-4.7349644,-4.727204
2018-07-29,76128533B95075104846315,Prakasam,contained_grid,0.0,0.0,0.20916666,0.9375,0.00022076581,0.00025234369,2.1472943e-05,24,Low Modelled Signal,False,0.0,0.0,0.0,0.0,0.0,0.0,0.0
2018-07-29,76128533B9558749744242,Changlang,contained_grid,44.568752,61.890003,55.277344,93.005005,0.012162253,0.017984344,0.0004611417,8,Low Modelled Signal,False,44.568752,39.174343,56.495594,39.158825,56.480076,-5.4099274,-5.394409
2018-07-29,76128533B95642877176862,Senapati,contained_grid,47.415,63.160004,45.686253,55.840004,0.028185565,0.036024477,0.00028456553,2,Low Modelled Signal,False,47.415,42.02059,57.765594,42.005074,57.750076,-5.4099274,-5.394409
2018-07-29,76128533B95764075909869,West Siang,contained_grid,10.05,12.7699995,19.034998,23.444998,0.008934545,0.010958775,0.00015269403,3,Low Modelled Signal,False,10.05,4.6555924,7.3755918,4.640072,7.360071,-5.4099283,-5.3944077
2018-07-29,76128533B95879808095476,Mysore,contained_grid,0.56857145,1.34,0.5896429,3.4875002,0.0001879926,0.000375024,7.956275e-05,7,Low Modelled Signal,False,0.56857145,0.0,0.0,0.0,0.0,-0.56857145,-0.56857145
2018-07-29,76128533B95910687666425,Siang,contained_grid,15.58,15.58,1.6099999,1.6099999,0.006745311,0.006745311,0.00026619754,1,Low Modelled Signal,False,15.58,10.185593,10.185593,10.170072,10.170072,-5.4099283,-5.3944073
2018-07-29,76128533B96195300293897,West Garo Hills,contained_grid,16.66,30.449999,4.885625,7.5049996,0.006257524,0.0071337977,0.0004456517,4,Low Modelled Signal,False,16.66,11.265593,25.055592,11.250072,25.04007,-5.4099283,-5.3944073
2018-07-29,76128533B96571577519224,Khammam,contained_grid,0.788,1.5100001,0.1895,0.93,0.0002060072,0.00023661823,1.7136275e-05,5,Low Modelled Signal,False,0.788,0.0,0.0,0.0,0.0,-0.788,-0.788
2018-07-29,76128533B96584288929219,Banswara,contained_grid,1.7016667,2.1399999,0.0033333332,0.02,0.00025191373,0.00029182888,3.0612555e-05,6,Low Modelled Signal,False,1.7016667,0.0,0.0,0.0,0.0,-1.7016667,-1.7016667
2018-07-29,76128533B96719327593873,Darrang,contained_grid,37.75,48.669994,7.2750006,9.462501,0.012428497,0.012475072,0.0004257712,2,Low Modelled Signal,False,37.75,32.35559,43.275585,32.340073,43.260067,-5.4099274,-5.394409
2018-07-29,76128533B96870418529164,Shahjahanpur,contained_grid,33.2325,51.66,10.047343,30.467499,0.14650504,0.2036886,0.0029116834,8,Heavy Rain Watch,False,33.2325,27.83809,46.26559,27.82257,46.250072,-5.4099274,-5.3944073
2018-07-29,76128533B97089774514948,South,contained_grid,1.09,1.09,0.035,0.035,0.0016626277,0.0016626277,4.5836627e-05,1,Low Modelled Signal,False,1.09,0.0,0.0,0.0,0.0,-1.09,-1.09
2018-07-29,76128533B97126567441665,Medak,contained_grid,0.68,0.90000004,0.02175,0.105,0.00015135962,0.00015861347,2.1472943e-05,5,Low Modelled Signal,False,0.68,0.0,0.0,0.0,0.0,-0.68,-0.68
2018-07-29,76128533B97225684979956,West Tripura,contained_grid,4.4866667,6.4,4.3041663,4.9524994,0.0021018249,0.004240847,0.00017352727,3,Low Modelled Signal,False,4.4866667,0.33519745,1.0055923,0.3300239,0.9900718,-4.156643,-4.151469
2018-07-29,76128533B97372652494648,Surat,contained_grid,3.4425,4.2400002,0.0,0.0,0.0010913895,0.0013613104,0.00015196028,4,Low Modelled Signal,False,3.4425,0.0,0.0,0.0,0.0,-3.4425,-3.4425
2018-07-29,76128533B97425778881707,Kullu,contained_grid,3.5911112,7.1000004,1.2340276,4.3299994,0.0007065671,0.0020978139,2.5651274e-05,9,Low Modelled Signal,False,3.5911112,0.18951029,1.7055926,0.18778579,1.6900721,-3.4033253,-3.4016008
2018-07-29,76128533B9759621355294,Mahasamund,contained_grid,5.2442856,9.67,2.0364287,3.71,0.0091904765,0.013523013,0.0012372144,7,Low Modelled Signal,False,5.2442856,1.1181109,4.2755923,1.1114591,4.2600718,-4.1328263,-4.126175
2018-07-29,76128533B9783509419210,Pali,contained_grid,0.07647059,0.3,0.0,0.0,0.0002928827,0.00039172886,3.203562e-05,17,Low Modelled Signal,False,0.07647059,0.0,0.0,0.0,0.0,-0.07647059,-0.07647059
2018-07-29,76128533B97836280165555,Lunglei,contained_grid,8.782,12.799999,11.1585,33.98,0.010846303,0.018811174,0.0025480592,5,Low Modelled Signal,False,8.782,3.3875923,7.4055915,3.3720717,7.390071,-5.409928,-5.3944073
2018-07-29,76128533B9794868259401,Bidar,contained_grid,0.45555556,0.5,9.868649e-18,8.881784e-17,0.00015293765,0.00017261032,2.1472943e-05,9,Low Modelled Signal,False,0.45555556,0.0,0.0,0.0,0.0,-0.45555556,-0.45555556
2018-07-29,76128533B98050240849249,Latur,contained_grid,0.42222223,0.5,0.0025,0.022499999,0.00016728032,0.00019442811,2.166184e-05,9,Low Modelled Signal,False,0.42222223,0.0,0.0,0.0,0.0,-0.42222223,-0.42222223
2018-07-29,76128533B98308664713511,Baran,contained_grid,0.01,0.1,0.01,0.065,0.0005726817,0.0006772317,5.3059848e-05,10,Low Modelled Signal,False,0.01,0.0,0.0,0.0,0.0,-0.01,-0.01
2018-07-29,76128533B98420041301261,Kaushambi,contained_grid,47.344997,47.739998,56.2025,66.69499,0.056856506,0.064520605,0.007428754,2,Low Modelled Signal,False,47.344997,41.95059,42.34559,41.93507,42.33007,-5.4099274,-5.394409
2018-07-29,76128533B9892158671522,Sangli,contained_grid,0.76500005,3.6900003,0.003,0.03,0.0004587159,0.0018853984,0.00033098378,10,Low Modelled Signal,False,0.76500005,0.0,0.0,0.0,0.0,-0.76500005,-0.76500005
2018-07-29,76128533B98951704707517,Kendrapara,contained_grid,1.9366668,2.2800002,15.685,21.077501,0.005214511,0.006189811,0.0020875856,3,Low Modelled Signal,False,1.9366668,0.0,0.0,0.0,0.0,-1.9366668,-1.9366668
2018-07-29,76128533B98985252129882,Lakhisarai,contained_grid,62.55,69.6,24.813334,40.245,0.020347003,0.02805126,0.00077028386,3,Low Modelled Signal,False,62.55,57.15559,64.20559,57.14007,64.19007,-5.4099274,-5.394409
2018-07-29,76128533B99037046327658,Nabarangapur,contained_grid,10.34625,18.89,0.7260937,2.415,0.007853222,0.011539312,0.0016547686,8,Low Modelled Signal,False,10.34625,5.022393,13.495592,5.008813,13.480071,-5.3374367,-5.3238564
2018-07-29,76128533B99051523080987,Jalpaiguri,contained_grid,146.89001,182.97002,19.176876,31.375,0.033924844,0.041319393,0.0014315385,4,Low Modelled Signal,False,146.89001,141.4956,177.5756,141.48007,177.56009,-5.4099426,-5.394409
2018-07-29,76128533B99469070633974,Tirap,contained_grid,42.899998,42.899998,40.753754,40.753754,0.00893215,0.00893215,7.468882e-05,1,Low Modelled Signal,False,42.899998,37.50559,37.50559,37.49007,37.49007,-5.4099274,-5.394409
2018-07-29,76128533B9976625304286,North East,contained_grid,3.3400002,3.3400002,4.87,4.87,0.0030578803,0.0030578803,0.00023800781,1,Low Modelled Signal,False,3.3400002,0.0,0.0,0.0,0.0,-3.3400002,-3.3400002
2018-07-29,76128533B99807650893733,Imphal West,nearest_grid,14.11,14.11,22.710003,22.710003,0.013482508,0.013482508,0.00026410123,1,Low Modelled Signal,False,14.11,8.715591,8.715591,8.700071,8.700071,-5.4099283,-5.394408
2018-07-29,76128533B99895802074414,Raigarh,contained_grid,6.4849997,7.7799997,0.013374999,0.13374999,0.0055780634,0.008288176,0.00044649874,10,Low Modelled Signal,False,6.4849997,1.1264738,2.385592,1.1140573,2.3700714,-5.370942,-5.3585258
2018-07-29,76128533B99919205026025,Fatehgarh Sahib,nearest_grid,3.27,3.27,0.074999996,0.074999996,0.0019210858,0.0019210858,3.7783746e-05,1,Low Modelled Signal,False,3.27,0.0,0.0,0.0,0.0,-3.27,-3.27
2018-07-30,76128533B10270619600482,South District,nearest_grid,88.229996,88.229996,11.97,11.97,0.031076347,0.031076347,0.00062197546,1,Low Modelled Signal,False,88.229996,82.8587,82.8587,82.76627,82.76627,-5.463722,-5.371292
2018-07-30,76128533B10727492375508,Fatehabad,contained_grid,0.0925,0.36,0.0,0.0,0.00071000727,0.0008313817,1.7491013e-05,4,Low Modelled Signal,False,0.0925,0.0,0.0,0.0,0.0,-0.0925,-0.0925
2018-07-30,76128533B1083016608278,Gulbarga,contained_grid,0.13066667,0.31,0.0036666666,0.0525,0.00017570244,0.00021219728,2.477293e-05,15,Low Modelled Signal,False,0.13066667,0.0,0.0,0.0,0.0,-0.13066667,-0.13066667
2018-07-30,76128533B11082155919544,Rajsamand,contained_grid,0.11857142,0.41,0.054642856,0.28,0.0002839622,0.00032075364,4.9627346e-05,7,Low Modelled Signal,False,0.11857142,0.0,0.0,0.0,0.0,-0.11857142,-0.11857142
2018-07-30,76128533B11083100419963,Mahoba,contained_grid,20.59,28.29,32.235,39.94,0.07261676,0.08206406,0.00029055608,4,Low Modelled Signal,False,20.59,15.218706,22.918707,15.126276,22.826277,-5.463724,-5.371294
2018-07-30,76128533B11403491783632,Tirupathur,contained_grid,0.0,0.0,0.34375,0.50875,0.0001347979,0.00013601828,2.2351893e-05,3,Low Modelled Signal,False,0.0,0.0,0.0,0.0,0.0,0.0,0.0
2018-07-30,76128533B11421856387892,Tamenglong,contained_grid,6.2875004,7.6300006,12.309375,16.0875,0.003605082,0.003969544,8.647123e-05,4,Low Modelled Signal,False,6.2875004,0.94902956,2.2587066,0.87970734,2.166277,-5.407793,-5.338471
2018-07-30,76128533B11651252780045,Dibang Valley,contained_grid,8.264616,12.82,19.923555,47.679996,0.0018172985,0.0033807475,0.00016285384,13,Low Modelled Signal,False,8.264616,2.9634209,7.4487057,2.8781013,7.356276,-5.3865147,-5.301195
2018-07-30,76128533B11802210119774,Sirmaur,contained_grid,1.792,5.0499997,0.16099998,0.80499995,0.0018274005,0.0047249296,4.8444526e-05,5,Low Modelled Signal,False,1.792,0.0,0.0,0.0,0.0,-1.792,-1.792
2018-07-30,76128533B12079567451207,Dungarpur,contained_grid,1.556,1.73,0.17975,0.3275,0.0002581153,0.00027972265,7.6319295e-05,5,Low Modelled Signal,False,1.556,0.0,0.0,0.0,0.0,-1.556,-1.556
2018-07-30,76128533B12129983841645,Kra Daadi,contained_grid,32.195,71.54,17.126875,22.874998,0.01537827,0.023374373,0.00028300603,4,Low Modelled Signal,False,32.195,26.823708,66.16871,26.731277,66.07628,-5.463722,-5.371292
2018-07-30,76128533B12144400448811,Kondagaon,contained_grid,1.62,2.3700004,2.6307812,6.4874997,0.00031982694,0.0006981848,5.8884263e-05,8,Low Modelled Signal,False,1.62,0.0,0.0,0.0,0.0,-1.62,-1.62
2018-07-30,76128533B12197302963241,Sahibzada Ajit Singh Nagar,nearest_grid,2.42,2.42,0.0,0.0,0.0018482095,0.0018482095,5.5858563e-05,1,Low Modelled Signal,False,2.42,0.0,0.0,0.0,0.0,-2.42,-2.42
2018-07-30,76128533B1222571856670,Hazaribagh,contained_grid,36.831665,40.52,16.298542,24.045002,0.022117889,0.023849811,0.0016575233,6,Low Modelled Signal,False,36.831665,31.460373,35.148705,31.367943,35.05628,-5.463722,-5.371292
2018-07-30,76128533B12244045944458,Rohtak,contained_grid,0.5775,1.08,1.1653124,1.41875,0.0013190614,0.0034986355,8.190078e-05,4,Low Modelled Signal,False,0.5775,0.0,0.0,0.0,0.0,-0.5775,-0.5775
2018-07-30,76128533B12244320360965,Buxar,contained_grid,22.77,25.88,5.255,6.185,0.016576126,0.017198635,0.00050743576,2,Low Modelled Signal,False,22.77,17.398706,20.508705,17.306276,20.416275,-5.463724,-5.371294
2018-07-30,76128533B12294379827032,Garhwa,contained_grid,22.795,27.039999,2.664375,4.78375,0.024839742,0.03154772,0.00080202933,6,Low Modelled Signal,False,22.795,17.423706,21.668705,17.331276,21.576275,-5.463724,-5.371294
2018-07-30,76128533B12343314564708,Morena,contained_grid,6.877143,16.04,23.386072,69.8175,0.019211281,0.04656856,0.00038717914,7,Low Modelled Signal,False,6.877143,3.4994457,10.668707,3.459833,10.576277,-3.41731,-3.3776972
2018-07-30,76128533B12380735325851,Akola,contained_grid,1.5333333,1.83,0.14312498,0.82874995,0.00020666682,0.000243465,2.2099966e-05,6,Low Modelled Signal,False,1.5333333,0.0,0.0,0.0,0.0,-1.5333333,-1.5333333
2018-07-30,76128533B12519626815499,Tapi,contained_grid,4.6966667,5.29,0.24541666,1.3249999,0.0017012308,0.0028651678,9.836375e-05,6,Low Modelled Signal,False,4.6966667,0.0,0.0,0.0,0.0,-4.6966667,-4.6966667
2018-07-30,76128533B12694285477701,Darbhanga,contained_grid,31.137499,38.57,12.266251,17.890001,0.004344065,0.005042069,0.00035178562,4,Low Modelled Signal,False,31.137499,25.766205,33.198708,25.673775,33.106277,-5.463724,-5.371294
2018-07-30,76128533B13272482176343,Bulandshahr,contained_grid,4.946,9.61,12.11925,17.52375,0.0042788545,0.009002215,0.0017784983,5,Low Modelled Signal,False,4.946,1.4254824,4.2387056,1.3885105,4.146276,-3.5574896,-3.5205178
2018-07-30,76128533B13437137070957,Nagaon,contained_grid,18.778,21.62,13.034999,19.794996,0.008075789,0.010814874,0.00027155262,5,Low Modelled Signal,False,18.778,13.406706,16.248707,13.314276,16.156277,-5.463724,-5.371294
2018-07-30,76128533B13552746017223,Faridkot,contained_grid,0.040000003,0.1,0.0,0.0,0.0006194303,0.00063775195,3.1516283e-05,3,Low Modelled Signal,False,0.040000003,0.0,0.0,0.0,0.0,-0.040000003,-0.040000003
2018-07-30,76128533B13673614951516,Chandauli,contained_grid,13.4675,20.93,22.209997,30.53,0.017163144,0.020394817,0.0006441765,4,Low Modelled Signal,False,13.4675,8.139029,15.558706,8.069707,15.466276,-5.397793,-5.328471
2018-07-30,76128533B13697452453823,Kangra,contained_grid,0.87125003,3.01,0.73953116,3.2949996,0.00059464667,0.0009243237,3.5417437e-05,8,Low Modelled Signal,False,0.87125003,0.0,0.0,0.0,0.0,-0.87125003,-0.87125003
2018-07-30,76128533B13733639953372,Phek,contained_grid,22.630001,39.480003,45.540627,66.2475,0.011382607,0.014767626,0.0002828472,4,Low Modelled Signal,False,22.630001,17.258707,34.10871,17.166277,34.01628,-5.463724,-5.371294
2018-07-30,76128533B13791982054894,Bathinda,contained_grid,0.21142857,0.56,7.054674e-15,4.938272e-14,0.00071554043,0.0010623886,9.415363e-05,7,Low Modelled Signal,False,0.21142857,0.0,0.0,0.0,0.0,-0.21142857,-0.21142857
2018-07-30,76128533B13908294104682,Amethi,contained_grid,59.872498,81.130005,5.6624994,9.259999,0.055272598,0.10781531,0.0030710676,4,Heavy Rain Watch,False,59.872498,54.501205,75.75871,54.408775,75.66628,-5.463722,-5.371292
2018-07-30,76128533B14033116794334,Siwan,contained_grid,41.963333,54.48,2.0816667,4.1349998,0.012388839,0.013349598,0.0013520222,3,Low Modelled Signal,False,41.963333,36.59204,49.108704,36.499615,49.016277,-5.4637184,-5.371292
2018-07-30,76128533B1420136949169,South East,nearest_grid,3.38,3.38,0.0,0.0,0.0030991142,0.0030991142,8.546864e-05,1,Low Modelled Signal,False,3.38,0.0,0.0,0.0,0.0,-3.38,-3.38
2018-07-30,76128533B14243635342908,Bhandara,contained_grid,2.0366666,2.6899998,0.0,0.0,0.0003114113,0.00033504883,2.1335989e-05,6,Low Modelled Signal,False,2.0366666,0.0,0.0,0.0,0.0,-2.0366666,-2.0366666
2018-07-30,76128533B14292125820380,Dakshin Bastar Dantewada,contained_grid,3.6374998,6.1499996,0.4075,0.74999994,0.0014731513,0.0036116347,0.00027372883,4,Low Modelled Signal,False,3.6374998,0.1946764,0.7787056,0.17156899,0.68627596,-3.465931,-3.4428234
2018-07-30,76128533B14403163214152,Bishnupur,contained_grid,6.7100005,6.7100005,17.2225,17.2225,0.006579172,0.006579172,0.00012319851,1,Low Modelled Signal,False,6.7100005,1.3387065,1.3387065,1.2462769,1.2462769,-5.4637237,-5.371294
2018-07-30,76128533B14534161138054,Bijnor,contained_grid,6.374,8.85,1.5372499,3.0575,0.007385507,0.012743667,0.00049379654,5,Low Modelled Signal,False,6.374,1.2932237,3.4787064,1.237766,3.3862767,-5.1362343,-5.080776
2018-07-30,76128533B14598081584747,Balrampur,contained_grid,22.692308,28.22,4.8357687,16.719997,0.021065544,0.027706238,0.0005672895,13,Low Modelled Signal,False,22.692308,17.321012,22.848705,17.228584,22.756275,-5.463724,-5.371296
2018-07-30,76128533B14849085202492,Jaisalmer,contained_grid,0.0,0.0,0.001,0.04,0.00019198362,0.00026882105,2.047465e-05,55,Low Modelled Signal,False,0.0,0.0,0.0,0.0,0.0,0.0,0.0
2018-07-30,76128533B14968875277413,Narayanpet,contained_grid,0.05,0.14,0.069583334,0.20875,0.00020808757,0.00022638486,2.1472943e-05,3,Low Modelled Signal,False,0.05,0.0,0.0,0.0,0.0,-0.05,-0.05
2018-07-30,76128533B14984770113274,Shahid Bhagat Singh Nagar,contained_grid,2.5949998,2.9699998,0.17375,0.3475,0.0017413478,0.0018192026,5.7765483e-05,2,Low Modelled Signal,False,2.5949998,0.0,0.0,0.0,0.0,-2.5949998,-2.5949998
2018-07-30,76128533B15157901669242,Majuli,contained_grid,10.030001,10.030001,49.070004,49.070004,0.010550488,0.010550488,0.00022693703,1,Low Modelled Signal,False,10.030001,4.6587067,4.6587067,4.566277,4.566277,-5.4637237,-5.371294
2018-07-30,76128533B15180319517641,Daman,nearest_grid,4.2799997,4.2799997,0.0025,0.0025,0.0013761362,0.0013761362,0.00013618464,1,Low Modelled Signal,False,4.2799997,0.0,0.0,0.0,0.0,-4.2799997,-4.2799997
2018-07-30,76128533B15337568968545,Erode,contained_grid,0.40625,0.78,6.7057815,13.38125,0.00012580298,0.00017366678,3.5779776e-05,8,Low Modelled Signal,False,0.40625,0.0,0.0,0.0,0.0,-0.40625,-0.40625
2018-07-30,76128533B15342706434354,Etah,contained_grid,26.457998,55.789997,48.3315,57.829998,0.09262996,0.2103636,0.001354509,5,Heavy Rain Watch,False,26.457998,21.624964,50.4187,21.551022,50.326275,-4.9069767,-4.8330345
2018-07-30,76128533B15550697205080,Chikmagalur,contained_grid,2.9455557,8.64,3.2697222,8.55,0.0011848558,0.003394406,0.0002039762,9,Low Modelled Signal,False,2.9455557,0.37749025,3.2687063,0.35695034,3.1762767,-2.5886054,-2.5680654
2018-07-30,76128533B15567489974292,Baramula,contained_grid,0.6166667,1.14,0.054999996,0.16499999,0.00034735491,0.00043529182,1.4332196e-05,3,Low Modelled Signal,False,0.6166667,0.0,0.0,0.0,0.0,-0.6166667,-0.6166667
2018-07-30,76128533B15601995412161,Simdega,contained_grid,27.1875,35.78,55.058594,81.63,0.058222406,0.0810386,0.0026733982,8,Low Modelled Signal,False,27.1875,21.816206,30.408705,21.723776,30.316275,-5.463724,-5.371294
2018-07-30,76128533B1566053393466,Tikamgarh,contained_grid,4.804286,8.09,6.2862496,15.329999,0.009344161,0.017477058,0.00011689311,7,Low Modelled Signal,False,4.804286,0.63944536,2.7187061,0.59983265,2.6262765,-4.2044535,-4.1648407
2018-07-30,76128533B15835290978888,Jalaun,contained_grid,31.451666,43.0,88.8425,111.25751,0.07779827,0.09915394,0.00043590833,6,Low Modelled Signal,False,31.451666,26.080374,37.628708,25.987944,37.536278,-5.463722,-5.371292
2018-07-30,76128533B15993411864574,Durg,contained_grid,2.355,6.3700004,0.0684375,0.18375,0.0051674535,0.012385047,0.0005239481,4,Low Modelled Signal,False,2.355,0.24967659,0.99870634,0.22656918,0.9062767,-2.1284308,-2.1053233
2018-07-30,76128533B1621599562140,Koriya,contained_grid,14.764167,23.73,1.9846874,4.9249997,0.023274282,0.03517108,0.00024072727,12,Low Modelled Signal,False,14.764167,9.392873,18.358706,9.300443,18.266275,-5.463724,-5.371294
2018-07-30,76128533B16271917438029,The Dangs,contained_grid,3.9333332,4.5099998,0.0,0.0,0.0009326334,0.0010357422,8.182615e-05,3,Low Modelled Signal,False,3.9333332,0.0,0.0,0.0,0.0,-3.9333332,-3.9333332
2018-07-30,76128533B1629699732681,Ramanathapuram,contained_grid,4.056667,6.48,1.5266666,4.3375,0.0003105783,0.00041272337,0.000108768516,6,Low Modelled Signal,False,4.056667,0.18478434,1.108706,0.1693794,1.0162764,-3.8872874,-3.8718824
2018-07-30,76128533B16442413169750,Mumbai,nearest_grid,4.27,4.27,0.0,0.0,0.0014820242,0.0014820242,0.0002278286,1,Low Modelled Signal,False,4.27,0.0,0.0,0.0,0.0,-4.27,-4.27
2018-07-30,76128533B1645877589145,Tiruchirappalli,contained_grid,3.665,5.8199997,0.5514583,2.3874998,0.00038547788,0.0007924965,4.464425e-05,6,Low Modelled Signal,False,3.665,0.07478428,0.44870567,0.05937934,0.35627604,-3.6056206,-3.5902157
2018-07-30,76128533B16476001647323,Panch Mahals,contained_grid,2.4175,2.69,0.76125,3.0325,0.0003126424,0.00032709027,9.2123955e-05,4,Low Modelled Signal,False,2.4175,0.0,0.0,0.0,0.0,-2.4175,-2.4175
2018-07-30,76128533B16628456658675,Chamarajanagar,contained_grid,0.24285714,0.49999997,3.7232144,16.2,0.00011517237,0.00014039857,6.8674344e-05,7,Low Modelled Signal,False,0.24285714,0.0,0.0,0.0,0.0,-0.24285714,-0.24285714
2018-07-30,76128533B16674973717653,Katni,contained_grid,16.74,22.94,3.335,8.275,0.016925396,0.02129013,0.00027305802,8,Low Modelled Signal,False,16.74,11.368706,17.568707,11.276276,17.476276,-5.463724,-5.371294
2018-07-30,76128533B16749627383755,Hailakandi,contained_grid,21.269999,23.119999,26.048748,32.077496,0.0055718105,0.0059860055,0.0003705634,2,Low Modelled Signal,False,21.269999,15.898705,17.748705,15.806274,17.656275,-5.463724,-5.371294
2018-07-30,76128533B16781044866906,Jamui,contained_grid,38.0225,48.95,6.218125,8.59,0.026683802,0.028575664,0.0014420504,4,Low Modelled Signal,False,38.0225,32.651207,43.578705,32.558777,43.48628,-5.463722,-5.371292
2018-07-30,76128533B16811573188243,Puruliya,contained_grid,13.224444,23.630001,32.516945,46.972496,0.0120288255,0.014433034,0.0013115302,9,Low Modelled Signal,False,13.224444,7.9499607,18.258707,7.867801,18.166277,-5.356643,-5.2744837
2018-07-30,76128533B16889790752134,Ariyalur,contained_grid,6.113333,8.6,0.95166665,1.3425,0.000721767,0.0009767445,7.210436e-05,3,Low Modelled Signal,False,6.113333,1.4891373,3.2287064,1.4275175,3.1362767,-4.685816,-4.624196
2018-07-30,76128533B17109302371020,Darjiling,contained_grid,53.166668,78.119995,8.235833,10.949999,0.015948955,0.023342952,0.0013896085,3,Low Modelled Signal,False,53.166668,47.79537,72.7487,47.70294,72.65627,-5.463726,-5.3712997
2018-07-30,76128533B1711704044407,North Goa,contained_grid,8.405001,9.02,0.0,0.0,0.004919953,0.0052717007,0.00039009287,2,Low Modelled Signal,False,8.405001,3.0337064,3.6487064,2.9412768,3.5562768,-5.463724,-5.371294
2018-07-30,76128533B17261532861377,Jamtara,contained_grid,35.09,36.46,19.77375,24.872501,0.02042281,0.020635478,0.0014834796,3,Low Modelled Signal,False,35.09,29.718706,31.088705,29.626276,30.996275,-5.463724,-5.371294
2018-07-30,76128533B17292264941997,Mungeli,contained_grid,17.164999,26.33,0.166875,0.29,0.01896136,0.023678381,0.00069402566,4,Low Modelled Signal,False,17.164999,11.793705,20.958706,11.701276,20.866276,-5.463723,-5.371294
2018-07-30,76128533B17472905712757,Papum Pare,contained_grid,55.935997,93.45,30.861502,43.291252,0.028486747,0.044549007,0.0003794606,5,Low Modelled Signal,False,55.935997,50.564705,88.078705,50.47228,87.986275,-5.4637184,-5.371292
2018-07-30,76128533B17762399278073,Pashchim Champaran,contained_grid,44.44375,71.119995,6.5671873,24.3275,0.0063222623,0.010175169,0.00056757696,8,Low Modelled Signal,False,44.44375,39.072456,65.7487,38.980026,65.65627,-5.463722,-5.371292
2018-07-30,76128533B17968019348564,Morigaon,contained_grid,29.864998,34.199997,10.60875,14.1525,0.018849546,0.027439015,0.00021370697,2,Low Modelled Signal,False,29.864998,24.493704,28.828703,24.401274,28.736273,-5.463724,-5.371294
2018-07-30,76128533B18243475101734,Mirzapur,contained_grid,21.0125,22.78,16.684063,20.0975,0.019940801,0.021300115,0.0003144922,4,Low Modelled Signal,False,21.0125,15.641206,17.408707,15.548776,17.316277,-5.463725,-5.371295
2018-07-30,76128533B18648944871057,Basti,contained_grid,125.645004,146.65,25.140625,33.165,0.11281899,0.13458912,0.001534991,4,Heavy Rain Watch,False,125.645004,120.273705,141.2787,120.181274,141.18626,-5.46373,-5.3712997
2018-07-30,76128533B18668117085772,Tawang,contained_grid,16.378,22.48,13.154001,29.115002,0.012705649,0.0262623,0.0014511424,5,Low Modelled Signal,False,16.378,11.006706,17.108706,10.914276,17.016275,-5.463724,-5.371294
2018-07-30,76128533B1875965515331,Namsai,contained_grid,8.195,10.22,15.62375,17.1525,0.0024147837,0.0026757552,0.00015791348,2,Low Modelled Signal,False,8.195,2.8237062,4.8487062,2.7312765,4.7562766,-5.463723,-5.3712935
2018-07-30,76128533B18802630191461,Dumka,contained_grid,51.538002,56.6,15.183499,24.599998,0.029799927,0.032413863,0.0029387304,5,Low Modelled Signal,False,51.538002,46.166706,51.228706,46.074276,51.136276,-5.463726,-5.371296
2018-07-30,76128533B18834172694083,Moga,contained_grid,0.735,2.05,0.0565625,0.22625,0.001079988,0.0014181226,3.380487e-05,4,Low Modelled Signal,False,0.735,0.0,0.0,0.0,0.0,-0.735,-0.735
2018-07-30,76128533B18931932305748,Purbi Singhbhum,contained_grid,7.1540003,13.11,37.614002,66.84501,0.029973755,0.042954005,0.003285726,5,Low Modelled Signal,False,7.1540003,2.4732237,7.7387056,2.4177659,7.646276,-4.7362347,-4.6807766
2018-07-30,76128533B19335918192159,Karur,contained_grid,2.7766666,3.79,0.22083335,0.4375,0.00029693326,0.0004599864,3.6719153e-05,3,Low Modelled Signal,False,2.7766666,0.0,0.0,0.0,0.0,-2.7766666,-2.7766666
2018-07-30,76128533B19341883513630,Ratlam,contained_grid,2.45125,3.29,0.1759375,0.5625,0.00031955924,0.00038347096,6.7857254e-05,8,Low Modelled Signal,False,2.45125,0.0,0.0,0.0,0.0,-2.45125,-2.45125
2018-07-30,76128533B19545859035458,Kallakurichi,contained_grid,0.488,1.14,4.59125,7.75375,0.00016373563,0.00026821427,1.7287863e-05,5,Low Modelled Signal,False,0.488,0.0,0.0,0.0,0.0,-0.488,-0.488
2018-07-30,76128533B19581555782120,Palakkad,contained_grid,5.843333,9.84,6.2029166,12.056249,0.002625875,0.006070206,0.00010434948,6,Low Modelled Signal,False,5.843333,1.214353,4.468706,1.1681381,4.3762765,-4.6751947,-4.6289797
2018-07-30,76128533B19630094725383,Pathankot,contained_grid,0.11,0.11,0.0,0.0,0.0005910229,0.0005910229,2.4538136e-05,1,Low Modelled Signal,False,0.11,0.0,0.0,0.0,0.0,-0.11,-0.11
2018-07-30,76128533B19792346411952,West Godavari,contained_grid,2.2163637,5.8899994,0.6343181,2.34,0.0006789828,0.0011761017,0.00010035571,11,Low Modelled Signal,False,2.2163637,0.047155034,0.51870537,0.03875234,0.42627573,-2.1776114,-2.1692085
2018-07-30,76128533B19832024635761,Central,nearest_grid,4.2799997,4.2799997,5.5777604e-14,5.5777604e-14,0.0030667617,0.0030667617,0.00016492693,1,Low Modelled Signal,False,4.2799997,0.0,0.0,0.0,0.0,-4.2799997,-4.2799997
2018-07-30,76128533B19898496046456,Kamle,contained_grid,49.083332,57.0,58.501663,104.22249,0.01626285,0.022392744,0.00028561422,3,Low Modelled Signal,False,49.083332,43.71204,51.628708,43.61961,51.536278,-5.463722,-5.371292
2018-07-30,76128533B19903856317609,Saran,contained_grid,54.736,72.69,1.874,2.9225001,0.012054617,0.01359961,0.00082782435,5,Low Modelled Signal,False,54.736,49.364708,67.31871,49.272278,67.22628,-5.463722,-5.371292
2018-07-30,76128533B1996088953603,Sultanpur,contained_grid,57.809998,75.68,4.7284374,8.772499,0.07670258,0.10781531,0.0015656516,4,Heavy Rain Watch,False,57.809998,52.438705,70.30871,52.346275,70.21628,-5.463722,-5.371292
2018-07-30,76128533B20298037622173,South Salmara-Mankachar,nearest_grid,68.12,68.12,16.6425,16.6425,0.02917679,0.02917679,0.00080051593,1,Low Modelled Signal,False,68.12,62.74871,62.74871,62.65628,62.65628,-5.463722,-5.371292
2018-07-30,76128533B20307518801538,Udalguri,contained_grid,51.436665,56.149998,34.134163,53.729996,0.038681995,0.042900875,0.0018782568,3,Low Modelled Signal,False,51.436665,46.06537,50.7787,45.972942,50.686275,-5.463722,-5.371296
2018-07-30,76128533B20458430922604,Kishtwar,contained_grid,0.64307696,2.3400002,1.3427885,5.365,0.0001330483,0.00019247548,2.8128728e-05,13,Low Modelled Signal,False,0.64307696,0.0,0.0,0.0,0.0,-0.64307696,-0.64307696
2018-07-30,76128533B20474666262371,Osmanabad,contained_grid,0.23363638,0.43,0.068977274,0.72,0.00017203156,0.0002211509,3.0718467e-05,11,Low Modelled Signal,False,0.23363638,0.0,0.0,0.0,0.0,-0.23363638,-0.23363638
2018-07-30,76128533B20502827346807,Dindori,contained_grid,1.204,3.18,0.17575,0.4025,0.0012979833,0.003957462,0.00015050132,5,Low Modelled Signal,False,1.204,0.0,0.0,0.0,0.0,-1.204,-1.204
2018-07-30,76128533B20504715877560,Ganderbal,contained_grid,0.14666666,0.42,0.22833334,0.635,5.428397e-05,5.9172206e-05,7.422266e-06,3,Low Modelled Signal,False,0.14666666,0.0,0.0,0.0,0.0,-0.14666666,-0.14666666
2018-07-30,76128533B20647769792365,Pratapgarh,contained_grid,48.538334,87.55,2.4914584,5.3725,0.034877013,0.058699828,0.0007723478,6,Low Modelled Signal,False,48.538334,43.167038,82.17871,43.07461,82.08628,-5.463722,-5.371296
2018-07-30,76128533B20660206691661,Auraiya,contained_grid,54.629997,57.44,54.778122,64.45874,0.11100462,0.11481779,0.0010134296,2,Heavy Rain Watch,False,54.629997,49.258705,52.068703,49.166275,51.976276,-5.463722,-5.371292
2018-07-30,76128533B20683890392439,Narsimhapur,contained_grid,0.5888889,1.0400001,0.46402776,1.145,0.00030393613,0.0007290436,2.9794259e-05,9,Low Modelled Signal,False,0.5888889,0.0,0.0,0.0,0.0,-0.5888889,-0.5888889
2018-07-30,76128533B20732636837048,Sikar,contained_grid,0.10454545,0.38,0.22147727,0.63,0.0012974995,0.0026808984,6.629696e-05,11,Low Modelled Signal,False,0.10454545,0.0,0.0,0.0,0.0,-0.10454545,-0.10454545
2018-07-30,76128533B20752885472650,Bankura,contained_grid,8.144546,11.66,29.642725,51.02625,0.0084273135,0.011291376,0.001986691,11,Low Modelled Signal,False,8.144546,2.839733,6.288706,2.7557058,6.196276,-5.3888397,-5.3048124
2018-07-30,76128533B2080752988715,Morbi,contained_grid,0.90999997,1.06,0.60767853,2.70375,0.00022685052,0.0002751204,6.783832e-05,7,Low Modelled Signal,False,0.90999997,0.0,0.0,0.0,0.0,-0.90999997,-0.90999997
2018-07-30,76128533B21068662878849,Kamareddy,contained_grid,0.908,1.22,0.1515,0.295,0.00015148048,0.00016526753,1.7217995e-05,5,Low Modelled Signal,False,0.908,0.0,0.0,0.0,0.0,-0.908,-0.908
2018-07-30,76128533B21119051307760,Jyotiba Phule Nagar,contained_grid,10.7074995,13.869999,9.863438,14.155001,0.022585176,0.04318243,0.0014883983,4,Low Modelled Signal,False,10.7074995,5.3362055,8.498705,5.243776,8.406275,-5.4637237,-5.371294
2018-07-30,76128533B21179322085415,Harda,contained_grid,3.0760002,3.53,0.75074995,1.12375,0.00056699436,0.00063558284,7.426395e-05,5,Low Modelled Signal,False,3.0760002,0.0,0.0,0.0,0.0,-3.0760002,-3.0760002
2018-07-30,76128533B21485639457044,Aurangabad,contained_grid,36.774998,48.289997,12.210625,19.039999,0.026539158,0.03191757,0.0026612654,4,Low Modelled Signal,False,36.774998,31.403704,42.9187,31.311275,42.826275,-5.463722,-5.371294
2018-07-30,76128533B21485897206517,Rajanna Sircilla,contained_grid,0.89,0.91,0.0,0.0,0.00018413023,0.00020833788,1.7217995e-05,2,Low Modelled Signal,False,0.89,0.0,0.0,0.0,0.0,-0.89,-0.89
2018-07-30,76128533B21722277889516,Sivasagar,contained_grid,8.73,10.54,37.6625,39.505005,0.005177769,0.0063095265,0.0004033863,2,Low Modelled Signal,False,8.73,3.3587058,5.168706,3.2662761,5.0762763,-5.463723,-5.371294
2018-07-30,76128533B21812274124310,The Nilgiris,contained_grid,1.8833332,3.2599998,13.8125,19.23,0.00019732631,0.00027263322,8.935026e-05,3,Low Modelled Signal,False,1.8833332,0.0,0.0,0.0,0.0,-1.8833332,-1.8833332
2018-07-30,76128533B21922686388534,Sitamarhi,contained_grid,18.300001,27.16,16.979166,24.5575,0.0043708547,0.0048461696,0.0009352712,3,Low Modelled Signal,False,18.300001,12.928706,21.788706,12.836276,21.696276,-5.463725,-5.371295
2018-07-30,76128533B22077262393417,Haora,contained_grid,8.743333,11.18,7.066666,11.829999,0.008367439,0.008808886,0.001929151,3,Low Modelled Signal,False,8.743333,3.3720396,5.8087063,3.2796097,5.7162766,-5.463723,-5.371293
2018-07-30,76128533B22439249004073,Bhopal,contained_grid,1.112,1.3399999,1.04775,3.1899998,0.0002932119,0.00031402882,1.9323936e-05,5,Low Modelled Signal,False,1.112,0.0,0.0,0.0,0.0,-1.112,-1.112
2018-07-30,76128533B22471914548132,Chittoor,contained_grid,0.45095238,1.6800001,0.36267856,1.5099999,0.00016838906,0.00031160968,7.584162e-05,21,Low Modelled Signal,False,0.45095238,0.0,0.0,0.0,0.0,-0.45095238,-0.45095238
2018-07-30,76128533B22587307937261,South Andaman,contained_grid,10.045,15.1,6.2578125,9.5775,0.0011168856,0.001573101,0.00040413716,4,Low Modelled Signal,False,10.045,4.7540293,9.728706,4.684707,9.636276,-5.360293,-5.290971
2018-07-30,76128533B22687502928564,Ranipet,contained_grid,0.0,0.0,0.1125,0.1125,0.00015310128,0.00015310128,1.8963043e-05,1,Low Modelled Signal,False,0.0,0.0,0.0,0.0,0.0,0.0,0.0
2018-07-30,76128533B22715430000002,Longding,contained_grid,19.48,25.349998,16.65375,18.15,0.007976421,0.009907516,0.00066019397,2,Low Modelled Signal,False,19.48,14.1087055,19.978704,14.016275,19.886274,-5.463724,-5.371294
2018-07-30,76128533B22722327711505,Rewari,contained_grid,0.34,0.34,0.0975,0.0975,0.000604474,0.000604474,1.6418233e-05,1,Low Modelled Signal,False,0.34,0.0,0.0,0.0,0.0,-0.34,-0.34
2018-07-30,76128533B22732185131019,Hisar,contained_grid,0.0,0.0,0.525,1.1274999,0.00059146306,0.00072204584,2.4208326e-05,4,Low Modelled Signal,False,0.0,0.0,0.0,0.0,0.0,0.0,0.0
2018-07-30,76128533B23092176497025,Karimganj,contained_grid,28.699999,32.35,10.487186,13.836249,0.007991606,0.009966697,0.000356713,4,Low Modelled Signal,False,28.699999,23.328705,26.978704,23.236275,26.886274,-5.463724,-5.371294
2018-07-30,76128533B23611090346849,Mon,contained_grid,30.695,39.03,40.55625,43.685,0.009206278,0.009901868,0.0002695286,2,Low Modelled Signal,False,30.695,25.323708,33.658707,25.231277,33.566277,-5.463722,-5.371292
2018-07-30,76128533B23710487943819,Kanpur Nagar,contained_grid,28.965,36.92,48.22125,53.440002,0.038031705,0.044725325,0.0008040398,4,Low Modelled Signal,False,28.965,23.593706,31.548704,23.501276,31.456274,-5.463724,-5.371294
2018-07-30,76128533B23735146933631,Mandi,contained_grid,2.098,4.62,0.18399999,0.67999995,0.0007671273,0.0016776872,3.2281212e-05,5,Low Modelled Signal,False,2.098,0.0,0.0,0.0,0.0,-2.098,-2.098
2018-07-30,76128533B23858286755005,Alipurduar,contained_grid,43.972,74.91,22.901,30.757498,0.035695694,0.0528615,0.0035048088,5,Low Modelled Signal,False,43.972,38.600708,69.53871,38.508278,69.44628,-5.463722,-5.371292
2018-07-30,76128533B23956636471502,Yamunanagar,contained_grid,1.5033334,2.04,0.32583332,0.97749996,0.001098063,0.001373569,4.4999982e-05,3,Low Modelled Signal,False,1.5033334,0.0,0.0,0.0,0.0,-1.5033334,-1.5033334
2018-07-30,76128533B24017517661394,Pakke Kessang,contained_grid,52.949997,74.70999,24.932917,41.095,0.029251292,0.03322135,0.001698614,3,Low Modelled Signal,False,52.949997,47.578705,69.3387,47.48628,69.24627,-5.4637184,-5.371292
2018-07-30,76128533B24101991435637,Jehanabad,contained_grid,21.259998,21.259998,6.419999,6.419999,0.016646463,0.016646463,0.0008335932,1,Low Modelled Signal,False,21.259998,15.888704,15.888704,15.796274,15.796274,-5.463724,-5.371294
2018-07-30,76128533B24594618908349,Suryapet,contained_grid,0.0016666666,0.01,0.07395834,0.20750001,0.00020753143,0.0002387791,2.341683e-05,6,Low Modelled Signal,False,0.0016666666,0.0,0.0,0.0,0.0,-0.0016666666,-0.0016666666
2018-07-30,76128533B24755983727265,Saharsa,contained_grid,26.885002,27.7,18.56,31.564999,0.004732947,0.005148826,0.00041417754,2,Low Modelled Signal,False,26.885002,21.513708,22.328707,21.421278,22.236277,-5.463724,-5.371294
2018-07-30,76128533B24759700890118,Rupnagar,contained_grid,3.46,4.83,0.19374998,0.38749996,0.0014763752,0.001841654,7.112628e-05,2,Low Modelled Signal,False,3.46,0.0,0.0,0.0,0.0,-3.46,-3.46
2018-07-30,76128533B24861976740713,Jhargram,contained_grid,12.465,14.559999,22.307499,26.715,0.02093041,0.028339827,0.0021953718,2,Low Modelled Signal,False,12.465,7.0937057,9.188705,7.001276,9.096275,-5.463724,-5.3712945
2018-07-30,76128533B25020556592153,Rajnandgaon,contained_grid,1.5530001,3.46,0.022,0.19,0.00089987845,0.0031401364,0.00016799312,10,Low Modelled Signal,False,1.5530001,0.0,0.0,0.0,0.0,-1.5530001,-1.5530001
2018-07-30,76128533B25208535254310,Hardoi,contained_grid,63.329998,102.31,52.42208,66.9875,0.23406127,0.45787016,0.0045033623,9,Heavy Rain Watch,False,63.329998,57.958706,96.938705,57.86628,96.846275,-5.4637184,-5.371292
2018-07-30,76128533B25280172436550,Nirmal,contained_grid,0.9,1.2900001,0.10625,0.205,0.0002113786,0.00022438123,2.5090234e-05,5,Low Modelled Signal,False,0.9,0.0,0.0,0.0,0.0,-0.9,-0.9
2018-07-30,76128533B25344721013980,Dhule,contained_grid,1.1911111,3.3200002,0.00041666665,0.00375,0.0003951576,0.00078832207,5.9531325e-05,9,Low Modelled Signal,False,1.1911111,0.0,0.0,0.0,0.0,-1.1911111,-1.1911111
2018-07-30,76128533B25373378863054,Purba Medinipur,contained_grid,12.248333,21.0,10.37625,21.566248,0.031051822,0.08009186,0.0038406071,6,Low Modelled Signal,False,12.248333,6.883921,15.628706,6.8068967,15.536276,-5.4414363,-5.364412
2018-07-30,76128533B25448742967716,Leparada,contained_grid,12.685001,13.520001,12.155,16.005,0.008912027,0.011459077,0.0003132681,2,Low Modelled Signal,False,12.685001,7.313707,8.148707,7.221277,8.056278,-5.463724,-5.3712945
2018-07-30,76128533B25468964623139,Anuppur,contained_grid,6.366667,11.190001,1.0897917,2.3625,0.00929826,0.031821407,0.00041159953,6,Low Modelled Signal,False,6.366667,1.7191375,5.8187065,1.6575178,5.726277,-4.709149,-4.647529
2018-07-30,76128533B25576352747885,Bharatpur,contained_grid,5.8328576,8.33,9.767142,26.095,0.0045571313,0.008965564,0.00033137106,7,Low Modelled Signal,False,5.8328576,0.96068907,2.958706,0.90787214,2.8662763,-4.9249854,-4.8721685
2018-07-30,76128533B25679991785711,Mandsaur,contained_grid,0.9122222,1.57,0.061805554,0.21749999,0.00026353763,0.00034497102,3.7625996e-05,9,Low Modelled Signal,False,0.9122222,0.0,0.0,0.0,0.0,-0.9122222,-0.9122222
2018-07-30,76128533B2576169508425,Kottayam,contained_grid,14.650001,16.2,72.91416,90.465,0.0027710812,0.0033310656,0.00018180473,3,Low Modelled Signal,False,14.650001,9.278706,10.828707,9.186276,10.736277,-5.463724,-5.371295
2018-07-30,76128533B25835998628545,Dhubri,contained_grid,90.62667,129.37,5.468334,6.7200003,0.036158085,0.04000153,0.001896597,3,Low Modelled Signal,False,90.62667,85.25537,123.9987,85.16294,123.90627,-5.46373,-5.3712997
2018-07-30,76128533B26296891809198,Agra,contained_grid,11.273334,13.320001,56.846664,80.645,0.019904604,0.0383506,0.0005002505,3,Low Modelled Signal,False,11.273334,5.90204,7.9487066,5.80961,7.856277,-5.4637237,-5.3712935
2018-07-30,76128533B26755490628656,Uttar Bastar Kanker,contained_grid,1.1322223,1.79,0.76138884,1.9949999,0.00021607842,0.00026614516,2.9628576e-05,9,Low Modelled Signal,False,1.1322223,0.0,0.0,0.0,0.0,-1.1322223,-1.1322223
2018-07-30,76128533B26931973511551,Kushinagar,contained_grid,59.543335,65.84,2.4891665,4.06,0.0074908636,0.007689091,0.0003425424,3,Low Modelled Signal,False,59.543335,54.17204,60.468704,54.07961,60.376274,-5.463726,-5.371296
2018-07-30,76128533B26964150246712,Cachar,contained_grid,17.576666,27.5,19.198751,38.978752,0.0074724723,0.008581188,0.00021644887,6,Low Modelled Signal,False,17.576666,12.205373,22.128706,12.112943,22.036276,-5.463723,-5.371293
2018-07-30,76128533B27102120636500,South West Khasi Hills,contained_grid,23.105,25.650002,38.231247,43.8475,0.01236124,0.015478166,0.00051090267,2,Low Modelled Signal,False,23.105,17.733707,20.278708,17.641277,20.186277,-5.463722,-5.371292
2018-07-30,76128533B27201270098470,Hamirpur,contained_grid,26.186666,33.76,52.539795,75.268745,0.06929939,0.09117922,0.0003269504,6,Low Modelled Signal,False,26.186666,20.815372,28.388704,20.722942,28.296274,-5.463724,-5.371294
2018-07-30,76128533B27414563922025,Khunti,contained_grid,25.303335,29.109999,48.501667,50.2825,0.034926426,0.03627794,0.002354113,3,Low Modelled Signal,False,25.303335,19.93204,23.738705,19.83961,23.646275,-5.463726,-5.371296
2018-07-30,76128533B27432148084533,Katihar,contained_grid,52.796,61.27,14.2795,18.869999,0.0065924907,0.007896948,0.00522592,5,Low Modelled Signal,False,52.796,47.424706,55.898705,47.33228,55.80628,-5.463722,-5.371296
2018-07-30,76128533B27604563137530,Tenkasi,contained_grid,1.2166666,2.57,2.4141667,4.1,0.00023712096,0.00036878354,6.560885e-05,3,Low Modelled Signal,False,1.2166666,0.0,0.0,0.0,0.0,-1.2166666,-1.2166666
2018-07-30,76128533B27609096170969,Parbhani,contained_grid,0.188,0.55,0.21199998,0.48,0.00022723505,0.00032382965,3.3227163e-05,10,Low Modelled Signal,False,0.188,0.0,0.0,0.0,0.0,-0.188,-0.188
2018-07-30,76128533B27615708126939,Jabalpur,contained_grid,5.2214284,13.869999,2.2069643,5.9874997,0.007948326,0.021438994,0.000264607,7,Low Modelled Signal,False,5.2214284,1.4994452,8.498705,1.4598324,8.406275,-3.761596,-3.7219832
2018-07-30,76128533B2761749808956,Champawat,contained_grid,33.355003,33.72,13.19125,14.644999,0.017061627,0.017658768,0.00042602187,2,Low Modelled Signal,False,33.355003,27.983707,28.348707,27.891277,28.256277,-5.463726,-5.371296
2018-07-30,76128533B2782141712775,DATA NOT AVAILABLE,contained_grid,2.587536,13.150001,0.7620562,3.435,0.00019760463,0.0022839424,3.6978236e-05,138,Low Modelled Signal,False,2.587536,0.34004608,7.7787066,0.32265875,7.686277,-2.2648773,-2.24749
2018-07-30,76128533B28138828116492,Sawai Madhopur,contained_grid,0.008333333,0.049999997,0.36187503,1.4925001,0.00070403307,0.0009488221,5.1008465e-05,6,Low Modelled Signal,False,0.008333333,0.0,0.0,0.0,0.0,-0.008333333,-0.008333333
2018-07-30,76128533B28290181894983,Mahabubabad,contained_grid,0.574,1.09,0.56875,1.6475,0.0002339242,0.0002443834,2.1036145e-05,5,Low Modelled Signal,False,0.574,0.0,0.0,0.0,0.0,-0.574,-0.574
2018-07-30,76128533B28294794137747,Kurnool,contained_grid,0.0,0.0,0.04244565,0.26875,0.00022354843,0.00027435206,2.2149023e-05,23,Low Modelled Signal,False,0.0,0.0,0.0,0.0,0.0,0.0,0.0
2018-07-30,76128533B28397307540277,North  & Middle Andaman,contained_grid,11.474001,18.57,19.503,22.787502,0.003361402,0.008313095,0.0017148047,5,Low Modelled Signal,False,11.474001,6.102706,13.198706,6.0102763,13.106276,-5.4637246,-5.371295
2018-07-30,76128533B284680734793,Raichur,contained_grid,0.0033333332,0.02,0.060729165,0.33499998,0.00020551258,0.00023840393,2.477293e-05,12,Low Modelled Signal,False,0.0033333332,0.0,0.0,0.0,0.0,-0.0033333332,-0.0033333332
2018-07-30,76128533B28521131010314,Rajgarh,contained_grid,1.3175,1.7800001,0.19593748,0.68249995,0.00034275177,0.0003969493,3.549908e-05,8,Low Modelled Signal,False,1.3175,0.0,0.0,0.0,0.0,-1.3175,-1.3175
2018-07-30,76128533B2860535426345,South Twenty Four Parganas,contained_grid,8.748462,25.77,5.1715384,15.632501,0.015894871,0.032027423,0.0043814103,13,Low Modelled Signal,False,8.748462,4.1361265,20.398706,4.079247,20.306276,-4.6692147,-4.612335
2018-07-30,76128533B28755611410447,Jaipur,contained_grid,0.4575,1.8199999,0.008437499,0.09499999,0.0013371733,0.0029360899,0.00012462844,16,Low Modelled Signal,False,0.4575,0.0,0.0,0.0,0.0,-0.4575,-0.4575
2018-07-30,76128533B28879432621383,Dindigul,contained_grid,1.7425001,7.94,1.7178125,6.1,0.00018587954,0.00027316238,3.8804796e-05,8,Low Modelled Signal,False,1.7425001,0.32108825,2.568706,0.30953455,2.4762764,-1.4329655,-1.4214118
2018-07-30,76128533B29138015770556,East Godavari,contained_grid,2.0166667,4.6199994,0.35258332,1.2449999,0.0009105666,0.0023177755,0.00018235207,15,Low Modelled Signal,False,2.0166667,0.0,0.0,0.0,0.0,-2.0166667,-2.0166667
2018-07-30,76128533B29292403538801,Kolar,contained_grid,0.37333333,1.14,0.17166667,0.53,0.000167006,0.00017849423,4.8556125e-05,6,Low Modelled Signal,False,0.37333333,0.0,0.0,0.0,0.0,-0.37333333,-0.37333333
2018-07-30,76128533B29293163114565,Madhepura,contained_grid,35.845,40.04,22.019062,29.7375,0.0062967343,0.008017037,0.0005557697,4,Low Modelled Signal,False,35.845,30.473705,34.66871,30.381275,34.57628,-5.463726,-5.371296
2018-07-30,76128533B29330052395581,Pathanamthitta,contained_grid,9.163333,14.64,30.799164,62.97499,0.0016764039,0.0029139211,0.00049865915,3,Low Modelled Signal,False,9.163333,4.489137,9.268706,4.4275174,9.176277,-4.7358155,-4.674196
2018-07-30,76128533B29554440319099,Mahrajganj,contained_grid,49.138,57.330006,8.248751,12.2075,0.008029546,0.009536197,0.0003836453,5,Low Modelled Signal,False,49.138,43.766705,51.95871,43.67428,51.866283,-5.463722,-5.371296
2018-07-30,76128533B29672216830072,Sheikhpura,contained_grid,68.94,68.94,6.9849997,6.9849997,0.025926875,0.025926875,0.0009979431,1,Low Modelled Signal,False,68.94,63.56871,63.56871,63.47628,63.47628,-5.463722,-5.371292
2018-07-30,76128533B2970909480221,Peren,contained_grid,7.486666,10.139999,20.161667,33.075,0.0039871223,0.0046385373,0.00012941424,3,Low Modelled Signal,False,7.486666,2.475804,4.7687054,2.4141843,4.6762757,-5.072482,-5.0108624
2018-07-30,76128533B29721759389119,Agar,contained_grid,1.668,2.02,0.04,0.0925,0.00033318152,0.00038936894,4.5371537e-05,5,Low Modelled Signal,False,1.668,0.0,0.0,0.0,0.0,-1.668,-1.668
2018-07-30,76128533B29873478326363,Puducherry,contained_grid,0.27,0.27,20.994997,20.994997,0.00023904847,0.00023904847,1.8191067e-05,1,Low Modelled Signal,False,0.27,0.0,0.0,0.0,0.0,-0.27,-0.27
2018-07-30,76128533B30016122738302,Bokaro,contained_grid,35.9975,38.75,26.993437,37.91,0.017695975,0.024454918,0.0017430075,4,Low Modelled Signal,False,35.9975,30.626207,33.378708,30.533777,33.286278,-5.463724,-5.371294
2018-07-30,76128533B30151252629779,West District,contained_grid,63.760002,76.63,12.7575,16.814999,0.026107501,0.029699,0.00036153462,2,Low Modelled Signal,False,63.760002,58.38871,71.258705,58.29628,71.166275,-5.463722,-5.371292
2018-07-30,76128533B30246762498957,Bhadradri,contained_grid,1.901875,3.8899999,0.69921875,2.155,0.00037966517,0.0012612616,8.7123e-05,16,Low Modelled Signal,False,1.901875,0.0,0.0,0.0,0.0,-1.901875,-1.901875
2018-07-30,76128533B3026318797185,Nagpur,contained_grid,1.5486667,2.3700001,0.0013333333,0.012499999,0.00025793834,0.00027467898,2.1111884e-05,15,Low Modelled Signal,False,1.5486667,0.0,0.0,0.0,0.0,-1.5486667,-1.5486667
2018-07-30,76128533B30447764775083,Sagar,contained_grid,1.4742857,5.87,0.97267854,2.6325,0.004627276,0.024754405,0.000108786255,14,Low Modelled Signal,False,1.4742857,0.035621848,0.49870586,0.02901973,0.40627623,-1.445266,-1.4386638
2018-07-30,76128533B30477486088156,Shajapur,contained_grid,2.006,2.2,0.243,0.66249996,0.00035626825,0.00046187718,4.5371537e-05,5,Low Modelled Signal,False,2.006,0.0,0.0,0.0,0.0,-2.006,-2.006
2018-07-30,76128533B30779259886340,Imphal East,nearest_grid,10.69,10.69,19.925,19.925,0.005774362,0.005774362,0.00015946495,1,Low Modelled Signal,False,10.69,5.3187056,5.3187056,5.226276,5.226276,-5.4637237,-5.371294
2018-07-30,76128533B31111781432113,Siddipet,contained_grid,0.372,0.59,0.04575,0.13499999,0.00017669148,0.00020663253,2.1123707e-05,5,Low Modelled Signal,False,0.372,0.0,0.0,0.0,0.0,-0.372,-0.372
2018-07-30,76128533B31127900859310,Udhampur,contained_grid,0.72333336,1.52,0.0,0.0,0.0005971105,0.00080595113,3.7145917e-05,3,Low Modelled Signal,False,0.72333336,0.0,0.0,0.0,0.0,-0.72333336,-0.72333336
2018-07-30,76128533B31161316175613,Rewa,contained_grid,22.41909,27.11,18.565,29.5625,0.028243762,0.06209595,0.00059309724,11,Low Modelled Signal,False,22.41909,17.047798,21.738707,16.955366,21.646276,-5.463724,-5.371292
2018-07-30,76128533B31175522938788,Rangareddy,contained_grid,0.018571427,0.049999997,0.02,0.14,0.00019953703,0.00022218838,2.1472943e-05,7,Low Modelled Signal,False,0.018571427,0.0,0.0,0.0,0.0,-0.018571427,-0.018571427
2018-07-30,76128533B31241181851990,Thoothukkudi,contained_grid,1.5675,4.7599998,0.42046875,2.2749999,0.00024908758,0.0004149286,7.196284e-05,8,Low Modelled Signal,False,1.5675,0.0,0.0,0.0,0.0,-1.5675,-1.5675
2018-07-30,76128533B31246189674263,Nagarkurnool,contained_grid,0.0033333332,0.01,4.3422056e-16,1.9539926e-15,0.00023313978,0.00026036246,2.1472943e-05,9,Low Modelled Signal,False,0.0033333332,0.0,0.0,0.0,0.0,-0.0033333332,-0.0033333332
2018-07-30,76128533B31342633028465,Chandrapur,contained_grid,1.2178572,1.72,0.028839286,0.2075,0.00023122734,0.00025409277,1.910143e-05,14,Low Modelled Signal,False,1.2178572,0.0,0.0,0.0,0.0,-1.2178572,-1.2178572
2018-07-30,76128533B31405919461443,Kurung Kumey,contained_grid,40.298573,74.67,18.000713,32.507496,0.016997749,0.029825635,0.00047090027,7,Low Modelled Signal,False,40.298573,34.92728,69.298706,34.834846,69.206276,-5.463726,-5.371292
2018-07-30,76128533B32249045995424,Srinagar,contained_grid,0.49,0.49,0.0,0.0,0.0002161842,0.0002161842,5.9701983e-06,1,Low Modelled Signal,False,0.49,0.0,0.0,0.0,0.0,-0.49,-0.49
2018-07-30,76128533B32499449492865,Purnia,contained_grid,49.569996,52.579998,25.819168,30.5925,0.006871009,0.008361322,0.00041060144,3,Low Modelled Signal,False,49.569996,44.198704,47.208702,44.106277,47.116276,-5.4637184,-5.371292
2018-07-30,76128533B32509926596077,Dhenkanal,contained_grid,2.1975,3.1499999,25.021252,48.515003,0.0030228565,0.0037115428,7.796445e-05,4,Low Modelled Signal,False,2.1975,0.0,0.0,0.0,0.0,-2.1975,-2.1975
2018-07-30,76128533B32949331695897,Jagatsinghapur,contained_grid,10.91,15.91,27.639996,29.664993,0.035165332,0.057665262,0.009244462,2,Low Modelled Signal,False,10.91,5.538706,10.538706,5.4462757,10.446276,-5.463724,-5.371294
2018-07-30,76128533B32998994032811,Punch,contained_grid,1.5933332,1.8299999,0.09375,0.19,0.00034661754,0.00045856365,4.1388757e-05,3,Low Modelled Signal,False,1.5933332,0.0,0.0,0.0,0.0,-1.5933332,-1.5933332
2018-07-30,76128533B33103505211400,Nicobars,contained_grid,9.380001,10.030001,7.778125,13.952499,0.009648305,0.018589063,5.726328e-05,2,Low Modelled Signal,False,9.380001,4.0087066,4.6587067,3.916277,4.566277,-5.463724,-5.3712945
2018-07-30,76128533B33151011563565,Vadodara,contained_grid,1.9933333,2.8200002,3.2749999,7.76,0.0006003151,0.0010539215,0.00016881725,6,Low Modelled Signal,False,1.9933333,0.0,0.0,0.0,0.0,-1.9933333,-1.9933333
2018-07-30,76128533B33162455176756,Thiruvananthapuram,contained_grid,8.896667,13.19,84.17333,122.67,0.0015824271,0.002598731,0.00024053967,3,Low Modelled Signal,False,8.896667,3.5253727,7.8187056,3.432943,7.726276,-5.463723,-5.371294
2018-07-30,76128533B33226396095315,Komaram Bheem,contained_grid,1.35,1.84,0.12828125,0.83500004,0.00023054815,0.00026355134,2.0025043e-05,8,Low Modelled Signal,False,1.35,0.0,0.0,0.0,0.0,-1.35,-1.35
2018-07-30,76128533B33437990510331,Saharanpur,contained_grid,3.2883332,4.26,0.5214583,1.1199999,0.001962464,0.002116327,0.00014771921,6,Low Modelled Signal,False,3.2883332,0.0,0.0,0.0,0.0,-3.2883332,-3.2883332
2018-07-30,76128533B33451850475260,Nuapada,contained_grid,14.14,16.13,4.4981246,6.5174994,0.02357304,0.027551316,0.0021119872,4,Low Modelled Signal,False,14.14,8.768706,10.758705,8.676277,10.666275,-5.463723,-5.371294
2018-07-30,76128533B33458049385696,Rohtas,contained_grid,30.681997,38.469997,10.94075,14.304999,0.02746521,0.033473913,0.0014144148,5,Low Modelled Signal,False,30.681997,25.310705,33.0987,25.218275,33.006275,-5.463722,-5.371292
2018-07-30,76128533B334793883930,Jorhat,contained_grid,8.785,9.700001,46.05625,49.08,0.0057902206,0.006240919,0.00053956994,2,Low Modelled Signal,False,8.785,3.4137063,4.3287067,3.3212767,4.236277,-5.463723,-5.3712935
2018-07-30,76128533B3371867518692,Jammu,contained_grid,0.12666668,0.36,6.400833,15.5375,0.0009672965,0.0017241065,1.577702e-05,3,Low Modelled Signal,False,0.12666668,0.0,0.0,0.0,0.0,-0.12666668,-0.12666668
2018-07-30,76128533B33966968116377,Gadag,contained_grid,0.2,0.32,0.12593749,0.65749997,0.0001763664,0.00018636894,2.5299913e-05,8,Low Modelled Signal,False,0.2,0.0,0.0,0.0,0.0,-0.2,-0.2
2018-07-30,76128533B34069028331411,Karauli,contained_grid,0.5916667,1.73,0.35458335,1.545,0.0014256922,0.0024294476,2.7152297e-05,6,Low Modelled Signal,False,0.5916667,0.0,0.0,0.0,0.0,-0.5916667,-0.5916667
2018-07-30,76128533B34203923268864,Aizawl,contained_grid,4.294,11.96,25.419498,36.745,0.0021355494,0.005758215,0.00016808942,5,Low Modelled Signal,False,4.294,1.3177412,6.588706,1.2992553,6.4962764,-2.9947448,-2.976259
2018-07-30,76128533B34216851275023,Mayurbhanj,contained_grid,17.095882,25.739998,26.039337,44.99375,0.040018182,0.05621561,0.004772081,17,Low Modelled Signal,False,17.095882,11.724588,20.368704,11.632158,20.276274,-5.463724,-5.371294
2018-07-30,76128533B34462889864078,Gautam Buddha Nagar,contained_grid,2.9699998,2.9699998,0.49125,0.49125,0.0030249062,0.0030249062,0.000104985964,1,Low Modelled Signal,False,2.9699998,0.0,0.0,0.0,0.0,-2.9699998,-2.9699998
2018-07-30,76128533B34824326075805,Warangal (U),contained_grid,0.28,0.28,0.27749997,0.27749997,0.00022224616,0.00022224616,1.6169202e-05,1,Low Modelled Signal,False,0.28,0.0,0.0,0.0,0.0,-0.28,-0.28
2018-07-30,76128533B34832354589031,Shrawasti,contained_grid,58.833332,70.45999,15.678749,21.11375,0.049886864,0.066583544,0.002111481,3,Low Modelled Signal,False,58.833332,53.462036,65.0887,53.36961,64.99627,-5.463722,-5.371296
2018-07-30,76128533B35083559759016,Idukki,contained_grid,6.943333,11.420001,8.9956255,18.490002,0.0026877837,0.005585049,0.00016602204,6,Low Modelled Signal,False,6.943333,2.409353,6.048707,2.3631382,5.9562774,-4.580195,-4.5339804
2018-07-30,76128533B35129325000613,Sabar Kantha,contained_grid,1.7625,2.16,0.0,0.0,0.00029754944,0.0003370292,4.7064652e-05,4,Low Modelled Signal,False,1.7625,0.0,0.0,0.0,0.0,-1.7625,-1.7625
2018-07-30,76128533B35143550659673,Latehar,contained_grid,28.95,31.890001,5.68,13.1475,0.03769978,0.04437923,0.0007029132,5,Low Modelled Signal,False,28.95,23.578707,26.518707,23.486277,26.426277,-5.463724,-5.371294
2018-07-30,76128533B35167844027544,Alirajpur,contained_grid,3.334,3.88,0.361,1.1375,0.00067920133,0.0011274803,0.00012768473,5,Low Modelled Signal,False,3.334,0.0,0.0,0.0,0.0,-3.334,-3.334
2018-07-30,76128533B35205406647638,Jamnagar,contained_grid,1.2677778,1.6,0.31055558,1.135,0.00020379607,0.00031221422,2.3780316e-05,9,Low Modelled Signal,False,1.2677778,0.0,0.0,0.0,0.0,-1.2677778,-1.2677778
2018-07-30,76128533B35439951183692,Lohardaga,contained_grid,33.695,34.36,16.645624,16.9725,0.031949103,0.034491103,0.0006839765,2,Low Modelled Signal,False,33.695,28.323706,28.988707,28.231276,28.896276,-5.463724,-5.371294
2018-07-30,76128533B35465481868600,Samli,contained_grid,7.07,7.07,3.2174997,3.2174997,0.009817902,0.009817902,0.00025889702,1,Low Modelled Signal,False,7.07,1.6987062,1.6987062,1.6062765,1.6062765,-5.4637237,-5.371294
2018-07-30,76128533B35468154415031,Saiha,contained_grid,2.0033333,3.72,22.975416,29.289999,0.0017850014,0.0021869575,7.3261e-05,3,Low Modelled Signal,False,2.0033333,0.0,0.0,0.0,0.0,-2.0033333,-2.0033333
2018-07-30,76128533B35717069663408,Krishnagiri,contained_grid,0.051666666,0.15,3.9158332,17.19,0.00014560205,0.00016456742,2.6346675e-05,6,Low Modelled Signal,False,0.051666666,0.0,0.0,0.0,0.0,-0.051666666,-0.051666666
2018-07-30,76128533B35759455556328,North Garo Hills,contained_grid,42.11,42.11,11.24875,11.24875,0.009707932,0.009707932,0.000495577,1,Low Modelled Signal,False,42.11,36.73871,36.73871,36.64628,36.64628,-5.463722,-5.371292
2018-07-30,76128533B35956162202704,Hamirpur,contained_grid,0.96000004,1.1,0.018749999,0.037499998,0.0012453806,0.0012859083,1.074829e-05,2,Low Modelled Signal,False,0.96000004,0.0,0.0,0.0,0.0,-0.96000004,-0.96000004
2018-07-30,76128533B36164606132718,Vizianagaram,contained_grid,9.595,26.2,4.913125,13.125001,0.014638295,0.027551362,0.003016375,8,Low Modelled Signal,False,9.595,5.5666914,20.828707,5.5089226,20.736277,-4.0860777,-4.028309
2018-07-30,76128533B36594996191182,Noney,contained_grid,6.52,6.52,16.1725,16.1725,0.0036914165,0.0036914165,8.392684e-05,1,Low Modelled Signal,False,6.52,1.148706,1.148706,1.0562763,1.0562763,-5.4637237,-5.371294
2018-07-30,76128533B36625800127334,Nawada,contained_grid,35.476665,40.34,9.659166,11.98,0.027837401,0.033915654,0.001223182,3,Low Modelled Signal,False,35.476665,30.105371,34.968704,30.012945,34.876278,-5.4637203,-5.371294
2018-07-30,76128533B36734405131975,Maldah,contained_grid,41.912,47.440002,8.47225,15.592501,0.008719655,0.012645873,0.00068109715,5,Low Modelled Signal,False,41.912,36.540707,42.06871,36.44828,41.97628,-5.4637184,-5.371292
2018-07-30,76128533B36958871695926,Gadchiroli,contained_grid,2.632381,5.13,0.39297616,3.5749998,0.00049712945,0.0011506481,5.5752615e-05,21,Low Modelled Signal,False,2.632381,0.0,0.0,0.0,0.0,-2.632381,-2.632381
2018-07-30,76128533B37096001761063,Burhanpur,contained_grid,2.2716668,2.93,0.13395832,0.505,0.00027841344,0.0002899291,5.1849376e-05,6,Low Modelled Signal,False,2.2716668,0.0,0.0,0.0,0.0,-2.2716668,-2.2716668
2018-07-30,76128533B37148244536449,Palghar,contained_grid,5.2277775,8.16,0.010972221,0.07,0.0028622912,0.005343106,0.00053068565,9,Low Modelled Signal,False,5.2277775,0.612902,2.7887058,0.5820921,2.6962762,-4.645685,-4.6148753
2018-07-30,76128533B37199077904074,Kapurthala,contained_grid,2.2766666,2.9099998,0.0,0.0,0.0012224772,0.0014433698,1.8178042e-05,3,Low Modelled Signal,False,2.2766666,0.0,0.0,0.0,0.0,-2.2766666,-2.2766666
2018-07-30,76128533B37392223136185,Udaipur,contained_grid,1.3570588,2.31,0.012647058,0.155,0.000247882,0.0002949616,4.4517903e-05,17,Low Modelled Signal,False,1.3570588,0.0,0.0,0.0,0.0,-1.3570588,-1.3570588
2018-07-30,76128533B37486272752374,Wardha,contained_grid,1.4342859,2.25,0.0,0.0,0.00024199458,0.0002884902,2.5291922e-05,7,Low Modelled Signal,False,1.4342859,0.0,0.0,0.0,0.0,-1.4342859,-1.4342859
2018-07-30,76128533B37825396764028,Shupiyan,contained_grid,2.495,2.71,0.0,0.0,0.00030107005,0.00031672243,1.6023554e-05,2,Low Modelled Signal,False,2.495,0.0,0.0,0.0,0.0,-2.495,-2.495
2018-07-30,76128533B38141181853016,Kolasib,contained_grid,11.895,20.1,26.857498,31.129997,0.0039947648,0.0049322303,0.00039728606,2,Low Modelled Signal,False,11.895,7.364353,14.728706,7.318138,14.636276,-4.5768623,-4.5306473
2018-07-30,76128533B38203190611533,Gaurella Pendra Marwahi,contained_grid,13.04,15.1,0.06625,0.1325,0.027276043,0.029386034,0.00033046346,2,Low Modelled Signal,False,13.04,7.668706,9.728706,7.576276,9.636276,-5.463724,-5.371294
2018-07-30,76128533B38230828972906,Kamrup Metropolitan,nearest_grid,49.469997,49.469997,7.895,7.895,0.023425503,0.023425503,0.00042207298,1,Low Modelled Signal,False,49.469997,44.0987,44.0987,44.006275,44.006275,-5.463722,-5.371296
2018-07-30,76128533B38354309367879,Adilabad,contained_grid,1.3540001,1.5100001,0.22950001,0.48999998,0.00021642415,0.00022438123,2.2019973e-05,5,Low Modelled Signal,False,1.3540001,0.0,0.0,0.0,0.0,-1.3540001,-1.3540001
2018-07-30,76128533B38548995376745,Karbi Anglong East,contained_grid,14.910832,17.0,24.05604,51.497498,0.0052438066,0.007205735,0.0003654386,12,Low Modelled Signal,False,14.910832,9.539539,11.628706,9.447109,11.536276,-5.463723,-5.371293
2018-07-30,76128533B38561771925520,Pithoragarh,contained_grid,18.599,45.14,6.1624994,14.304998,0.010141783,0.014345625,0.0002822799,10,Low Modelled Signal,False,18.599,13.227705,39.768707,13.135277,39.676277,-5.463724,-5.371296
2018-07-30,76128533B38767180038480,Niwari,contained_grid,2.49,2.49,7.2349997,7.2349997,0.0012238052,0.0012238052,2.3184974e-05,1,Low Modelled Signal,False,2.49,0.0,0.0,0.0,0.0,-2.49,-2.49
2018-07-30,76128533B38784530776316,Lower Dibang Valley,contained_grid,5.445,7.65,8.043333,18.4375,0.0015176566,0.0022855352,8.2862476e-05,6,Low Modelled Signal,False,5.445,0.899353,2.278706,0.8531382,2.1862764,-4.5918617,-4.545647
2018-07-30,76128533B39039541714099,Champhai,contained_grid,5.62,5.62,13.62,13.62,0.004138528,0.004138528,8.021634e-05,1,Low Modelled Signal,False,5.62,0.24870586,0.24870586,0.15627623,0.15627623,-5.4637237,-5.371294
2018-07-30,76128533B39046535416628,Kheda,contained_grid,1.784,1.89,0.35775,0.645,0.00026881762,0.00031054547,5.888238e-05,5,Low Modelled Signal,False,1.784,0.0,0.0,0.0,0.0,-1.784,-1.784
2018-07-30,76128533B39051871473194,Barnala,contained_grid,0.77,1.25,0.96875,1.9375,0.0013020698,0.0014471014,2.8157474e-05,2,Low Modelled Signal,False,0.77,0.0,0.0,0.0,0.0,-0.77,-0.77
2018-07-30,76128533B39238815774480,Sindhudurg,contained_grid,8.3955555,9.69,0.21513888,1.405,0.00747882,0.009907396,0.00050474086,9,Low Modelled Signal,False,8.3955555,3.0242615,4.3187056,2.9318318,4.226276,-5.4637237,-5.371294
2018-07-30,76128533B39329594544563,Aurangabad,contained_grid,0.44399998,0.75,0.37891668,4.4825,0.00021807532,0.00023153087,4.0762076e-05,15,Low Modelled Signal,False,0.44399998,0.0,0.0,0.0,0.0,-0.44399998,-0.44399998
2018-07-30,76128533B39368211148513,Patiala,contained_grid,5.73,6.7599998,0.99899995,2.9325,0.00261037,0.0028182867,0.000103814964,5,Low Modelled Signal,False,5.73,0.81496465,1.3887057,0.741021,1.2962761,-4.988979,-4.9150352
2018-07-30,76128533B39705008578419,Satna,contained_grid,27.375456,29.289999,14.808521,27.545,0.039409783,0.0737753,0.0003364707,11,Low Modelled Signal,False,27.375456,22.00416,23.918705,21.91173,23.826275,-5.463726,-5.371296
2018-07-30,76128533B3985531353014,Kozhikode,contained_grid,7.3266664,9.2699995,27.659998,36.907497,0.0023492423,0.0030799354,0.00015242725,3,Low Modelled Signal,False,7.3266664,2.2624705,3.8987055,2.2008507,3.8062758,-5.1258154,-5.0641956
2018-07-30,76128533B39959897010345,Sehore,contained_grid,1.86875,2.1299999,0.8073437,1.4975001,0.00028204266,0.00030443686,4.1596857e-05,8,Low Modelled Signal,False,1.86875,0.0,0.0,0.0,0.0,-1.86875,-1.86875
2018-07-30,76128533B40023971667984,Deoria,contained_grid,41.515,48.969997,1.76125,2.4375,0.008613978,0.00931726,0.00046586499,2,Low Modelled Signal,False,41.515,36.143703,43.5987,36.051277,43.506275,-5.463722,-5.371296
2018-07-30,76128533B40156838070,Jalgaon,contained_grid,1.4173334,2.8400002,0.116916664,0.72999996,0.00029911025,0.00063912274,5.6763452e-05,15,Low Modelled Signal,False,1.4173334,0.0,0.0,0.0,0.0,-1.4173334,-1.4173334
2018-07-30,76128533B40226077866964,Gorakhpur,contained_grid,47.284,59.800007,7.107,13.8425,0.008705376,0.010133408,0.0008077785,5,Low Modelled Signal,False,47.284,41.912704,54.42871,41.820274,54.336285,-5.463726,-5.371296
2018-07-30,76128533B40480360118262,Sangareddy,contained_grid,0.2,0.29,0.0,0.0,0.00015142089,0.00015142089,2.1472943e-05,5,Low Modelled Signal,False,0.2,0.0,0.0,0.0,0.0,-0.2,-0.2
2018-07-30,76128533B40495457052818,Bijapur,contained_grid,0.027857142,0.15,0.399375,2.7549999,0.00020007745,0.00022800456,2.477293e-05,14,Low Modelled Signal,False,0.027857142,0.0,0.0,0.0,0.0,-0.027857142,-0.027857142
2018-07-30,76128533B40509297062120,Siddharthnagar,contained_grid,70.455,91.45,9.019375,11.4325,0.05483392,0.07982553,0.0012192493,4,Low Modelled Signal,False,70.455,65.08371,86.078705,64.99128,85.986275,-5.463722,-5.371292
2018-07-30,76128533B40535123096970,East Garo Hills,contained_grid,33.835,37.61,17.148125,26.544998,0.010537811,0.013348453,0.00044007204,4,Low Modelled Signal,False,33.835,28.463707,32.23871,28.371277,32.14628,-5.463722,-5.371292
2018-07-30,76128533B40638696154891,Faridabad,contained_grid,2.8000002,2.8000002,0.27749997,0.27749997,0.00077496393,0.00077496393,4.3472064e-05,1,Low Modelled Signal,False,2.8000002,0.0,0.0,0.0,0.0,-2.8000002,-2.8000002
2018-07-30,76128533B40714385808093,Biswanath,contained_grid,17.16,17.16,21.025002,21.025002,0.012122812,0.012122812,0.00036027638,1,Low Modelled Signal,False,17.16,11.788706,11.788706,11.696276,11.696276,-5.463724,-5.371294
2018-07-30,76128533B40868676647207,Munger,contained_grid,50.62,50.84,16.256874,18.287498,0.017905515,0.020841438,0.00087764877,2,Low Modelled Signal,False,50.62,45.248703,45.468704,45.156277,45.376278,-5.463722,-5.371296
2018-07-30,76128533B40923846274136,Junagadh,contained_grid,2.6771429,3.25,0.90625,3.26375,0.000460862,0.00095592835,0.00010700179,7,Low Modelled Signal,False,2.6771429,0.0,0.0,0.0,0.0,-2.6771429,-2.6771429
2018-07-30,76128533B40995085026980,Nalbari,contained_grid,29.070002,30.470001,13.421249,17.3625,0.01488672,0.018014474,0.00042795643,2,Low Modelled Signal,False,29.070002,23.698708,25.098707,23.606277,25.006277,-5.463724,-5.371294
2018-07-30,76128533B41005496708834,Sonitpur,contained_grid,38.02,68.75,20.093124,24.402498,0.023968788,0.031012777,0.0026830058,4,Low Modelled Signal,False,38.02,32.648705,63.378708,32.556274,63.286278,-5.463726,-5.371296
2018-07-30,76128533B41246169049488,Mahe,nearest_grid,9.7300005,9.7300005,55.6175,55.6175,0.0041101556,0.0041101556,0.00015775961,1,Low Modelled Signal,False,9.7300005,4.3587065,4.3587065,4.266277,4.266277,-5.4637237,-5.371294
2018-07-30,76128533B41321006511827,Khawzawl,contained_grid,9.070001,9.070001,6.4175,6.4175,0.004908996,0.004908996,7.0233524e-05,1,Low Modelled Signal,False,9.070001,3.6987066,3.6987066,3.606277,3.606277,-5.4637237,-5.371294
2018-07-30,76128533B41477629049356,Lakshadweep,nearest_grid,2.6,2.6,0.14,0.14,0.00023561461,0.00023561461,3.100139e-05,1,Low Modelled Signal,False,2.6,0.0,0.0,0.0,0.0,-2.6,-2.6
2018-07-30,76128533B41499938690181,Mansa,contained_grid,0.005,0.01,0.85749996,0.96500003,0.00080629217,0.001023695,1.7491013e-05,2,Low Modelled Signal,False,0.005,0.0,0.0,0.0,0.0,-0.005,-0.005
2018-07-30,76128533B41744580856133,Bandipore,contained_grid,0.075,0.2,0.273125,1.0925,9.205845e-05,0.00015805215,4.848303e-06,4,Low Modelled Signal,False,0.075,0.0,0.0,0.0,0.0,-0.075,-0.075
2018-07-30,76128533B41747884279129,Hoshiarpur,contained_grid,1.3716668,2.26,2.6645353e-15,1.5987212e-14,0.0006893449,0.00077526737,1.6816153e-05,6,Low Modelled Signal,False,1.3716668,0.0,0.0,0.0,0.0,-1.3716668,-1.3716668
2018-07-30,76128533B41976979530466,Kannur,contained_grid,9.2225,9.7300005,24.89,55.6175,0.003980711,0.0045116693,0.00026888293,4,Low Modelled Signal,False,9.2225,3.8512058,4.3587065,3.7587762,4.266277,-5.4637237,-5.371294
2018-07-30,76128533B42153891534463,West Khasi Hills,contained_grid,44.92166,85.81,36.18979,78.1075,0.028085569,0.04587909,0.0014881106,6,Low Modelled Signal,False,44.92166,39.550373,80.438705,39.457943,80.346275,-5.4637184,-5.3712883
2018-07-30,76128533B421757708753,Firozpur,contained_grid,0.585,0.83,0.0,0.0,0.0010446674,0.0011266232,2.3762652e-05,2,Low Modelled Signal,False,0.585,0.0,0.0,0.0,0.0,-0.585,-0.585
2018-07-30,76128533B42623703243160,Unnao,contained_grid,40.195,53.71,36.644165,43.694992,0.04620002,0.1353057,0.0017577185,6,Heavy Rain Watch,False,40.195,34.823704,48.338707,34.731277,48.246277,-5.463722,-5.371296
2018-07-30,76128533B42646400584570,Bhiwani,contained_grid,0.27285716,0.64,0.3842857,1.4549998,0.00051815185,0.00059794384,3.28387e-05,7,Low Modelled Signal,False,0.27285716,0.0,0.0,0.0,0.0,-0.27285716,-0.27285716
2018-07-30,76128533B42839853072341,Patan,contained_grid,1.3616667,1.46,0.0,0.0,0.00025279244,0.0004927082,8.024535e-05,6,Low Modelled Signal,False,1.3616667,0.0,0.0,0.0,0.0,-1.3616667,-1.3616667
2018-07-30,76128533B42880544505675,Dhar,contained_grid,2.509091,2.8600001,0.63954544,1.88625,0.0003399288,0.00035212826,6.6419445e-05,11,Low Modelled Signal,False,2.509091,0.0,0.0,0.0,0.0,-2.509091,-2.509091
2018-07-30,76128533B42922918567330,Chhatarpur,contained_grid,15.8125,24.029999,13.848958,35.394997,0.039464302,0.07682882,0.00025655117,12,Low Modelled Signal,False,15.8125,10.441206,18.658705,10.348777,18.566275,-5.463723,-5.371294
2018-07-30,76128533B42970684683247,Dhalai,contained_grid,9.535,14.440001,2.7956247,3.30875,0.003686443,0.004586307,0.00057425734,2,Low Modelled Signal,False,9.535,4.5343533,9.0687065,4.488138,8.976276,-5.0468616,-5.0006466
2018-07-30,76128533B43049220506604,Dakshin Dinajpur,contained_grid,41.920002,46.760002,12.179584,16.16125,0.0041794223,0.004179556,0.00090642157,3,Low Modelled Signal,False,41.920002,36.54871,41.38871,36.45628,41.29628,-5.463722,-5.371292
2018-07-30,76128533B43180268042348,Kodarma,contained_grid,36.116665,36.62,19.0525,22.1125,0.021570623,0.023101939,0.0017430075,3,Low Modelled Signal,False,36.116665,30.74537,31.248705,30.65294,31.156275,-5.463724,-5.371294
2018-07-30,76128533B43252171579976,Dadra & Nagar Haveli,contained_grid,3.8899999,3.8899999,0.0,0.0,0.0014966024,0.0014966024,0.00013901814,1,Low Modelled Signal,False,3.8899999,0.0,0.0,0.0,0.0,-3.8899999,-3.8899999
2018-07-30,76128533B43335986553000,Mandya,contained_grid,0.3575,0.45000002,1.4490625,2.945,0.00011832548,0.0001600458,2.241997e-05,8,Low Modelled Signal,False,0.3575,0.0,0.0,0.0,0.0,-0.3575,-0.3575
2018-07-30,76128533B43544960343942,Nagaur,contained_grid,0.012592592,0.14,0.048148148,0.5875,0.0004266974,0.0013300651,5.624034e-05,27,Low Modelled Signal,False,0.012592592,0.0,0.0,0.0,0.0,-0.012592592,-0.012592592
2018-07-30,76128533B43737470294384,Amreli,contained_grid,1.911,2.73,2.155,16.895,0.0007110629,0.0018185085,9.684242e-05,10,Low Modelled Signal,False,1.911,0.0,0.0,0.0,0.0,-1.911,-1.911
2018-07-30,76128533B43965372582859,Sipahijula,contained_grid,3.9399998,3.9399998,0.71,0.71,0.0019214337,0.0019214337,0.00010337245,1,Low Modelled Signal,False,3.9399998,0.0,0.0,0.0,0.0,-3.9399998,-3.9399998
2018-07-30,76128533B44190672061408,Ukhrul,contained_grid,18.089998,23.43,25.102915,34.663746,0.010156561,0.012258238,0.00015301228,3,Low Modelled Signal,False,18.089998,12.718707,18.058706,12.626277,17.966276,-5.4637213,-5.371291
2018-07-30,76128533B44197302080139,Thoubal,nearest_grid,10.69,10.69,19.925,19.925,0.005774362,0.005774362,0.00015946495,1,Low Modelled Signal,False,10.69,5.3187056,5.3187056,5.226276,5.226276,-5.4637237,-5.371294
2018-07-30,76128533B44250373880839,Damoh,contained_grid,10.446,15.96,1.5207499,4.8849998,0.017641025,0.026240492,0.0003142854,10,Low Modelled Signal,False,10.446,5.5518355,10.588706,5.468649,10.496277,-4.977351,-4.8941646
2018-07-30,76128533B44395557448920,Balangir,contained_grid,29.825554,36.44,10.714861,19.50625,0.053319003,0.07076359,0.0015704917,9,Low Modelled Signal,False,29.825554,24.454262,31.068705,24.361832,30.976274,-5.463722,-5.371292
2018-07-30,76128533B44632955875385,Chatra,contained_grid,35.481426,43.88,7.2644644,12.275001,0.02618945,0.031560533,0.0024810596,7,Low Modelled Signal,False,35.481426,30.110134,38.508705,30.017704,38.41628,-5.463722,-5.371292
2018-07-30,76128533B4466876522971,Umaria,contained_grid,9.313749,21.88,2.38125,5.8924994,0.0097293705,0.0182508,0.00019690623,8,Low Modelled Signal,False,9.313749,4.629191,16.508705,4.5714226,16.416275,-4.7423267,-4.6845584
2018-07-30,76128533B4481773749911,Krishna,contained_grid,0.17916667,1.14,0.33593747,1.3624998,0.00021229505,0.00039611946,3.333739e-05,12,Low Modelled Signal,False,0.17916667,0.0,0.0,0.0,0.0,-0.17916667,-0.17916667
2018-07-30,76128533B45037556977273,Gir Somnath,contained_grid,3.3,4.0299997,0.08291667,0.26999998,0.0007996494,0.0009784828,0.00022140666,6,Low Modelled Signal,False,3.3,0.0,0.0,0.0,0.0,-3.3,-3.3
2018-07-30,76128533B45072089356239,Thiruvarur,contained_grid,6.963333,9.01,0.7833333,1.4124999,0.0017259953,0.0023844666,0.00016784521,3,Low Modelled Signal,False,6.963333,1.5920392,3.6387062,1.4996096,3.5462766,-5.4637237,-5.371294
2018-07-30,76128533B45099378029175,Banda,contained_grid,26.764284,30.179998,30.475714,37.71,0.072460875,0.08365528,0.0009946215,7,Low Modelled Signal,False,26.764284,21.392992,24.808704,21.300562,24.716274,-5.463722,-5.371292
2018-07-30,76128533B45106682783501,Jind,contained_grid,0.824,1.81,0.93099993,2.78,0.00083453144,0.001179792,4.8387566e-05,5,Low Modelled Signal,False,0.824,0.0,0.0,0.0,0.0,-0.824,-0.824
2018-07-30,76128533B45314020251888,Hoshangabad,contained_grid,2.2144444,2.79,0.4276389,1.7425,0.00029518982,0.00032681818,5.079167e-05,9,Low Modelled Signal,False,2.2144444,0.0,0.0,0.0,0.0,-2.2144444,-2.2144444
2018-07-30,76128533B45381195840581,Pakur,contained_grid,54.45667,57.780003,9.29,13.892499,0.0213264,0.025629925,0.0010479811,3,Low Modelled Signal,False,54.45667,49.085377,52.408707,48.992947,52.31628,-5.463722,-5.371292
2018-07-30,76128533B45574198291616,North ,nearest_grid,2.62,2.62,0.3375,0.3375,0.0047388375,0.0047388375,0.0001601036,1,Low Modelled Signal,False,2.62,0.0,0.0,0.0,0.0,-2.62,-2.62
2018-07-30,76128533B45592431373253,Thiruvallur,contained_grid,1.6433333,3.6599998,0.05583333,0.08499999,0.00039798534,0.00070577115,0.0001421283,3,Low Modelled Signal,False,1.6433333,0.0,0.0,0.0,0.0,-1.6433333,-1.6433333
2018-07-30,76128533B45623818137574,Arwal,contained_grid,18.13,18.13,5.5100007,5.5100007,0.014229219,0.014229219,0.00067715184,1,Low Modelled Signal,False,18.13,12.758705,12.758705,12.666275,12.666275,-5.463724,-5.371294
2018-07-30,76128533B45655211862788,Rajouri,contained_grid,0.22999999,0.53,0.0,0.0,0.001268354,0.0019425855,2.4910056e-05,4,Low Modelled Signal,False,0.22999999,0.0,0.0,0.0,0.0,-0.22999999,-0.22999999
2018-07-30,76128533B46038384763988,Rudraprayag,contained_grid,27.809998,34.079998,2.641875,3.81375,0.013265523,0.01474315,0.0006973908,2,Low Modelled Signal,False,27.809998,22.438705,28.708704,22.346275,28.616274,-5.463722,-5.371292
2018-07-30,76128533B46084756537322,Shi Yomi,contained_grid,31.333334,40.05,9.38,19.34,0.008623683,0.010364126,0.00055091904,6,Low Modelled Signal,False,31.333334,25.962038,34.678703,25.869608,34.586277,-5.463726,-5.371296
2018-07-30,76128533B46195204843409,Ludhiana,contained_grid,4.08,5.8199997,0.03708333,0.17999999,0.0017221924,0.0022622005,0.0001421868,6,Low Modelled Signal,False,4.08,0.07790192,0.44870567,0.05937934,0.35627604,-4.0206203,-4.002098
2018-07-30,76128533B46268976217915,Baghpat,contained_grid,9.13,10.309999,0.16499999,0.32999998,0.0050282804,0.005087086,0.00089319854,2,Low Modelled Signal,False,9.13,3.7587059,4.9387054,3.6662762,4.846276,-5.463724,-5.371294
2018-07-30,76128533B46490409917345,Bongaigaon,contained_grid,38.45,38.45,10.78,10.78,0.017170995,0.017170995,0.00086639693,1,Low Modelled Signal,False,38.45,33.078705,33.078705,32.98628,32.98628,-5.463722,-5.371296
2018-07-30,76128533B46531174070538,Udham Singh Nagar,contained_grid,25.314,30.169996,8.98775,16.4125,0.029267168,0.039120484,0.0026178337,5,Low Modelled Signal,False,25.314,19.942707,24.798702,19.850277,24.706272,-5.463722,-5.371292
2018-07-30,76128533B46682008877369,Rampur,contained_grid,33.155,37.239998,8.312187,13.665,0.16321903,0.2368632,0.0033517831,4,Heavy Rain Watch,False,33.155,27.783705,31.868704,27.691275,31.776274,-5.463724,-5.371294
2018-07-30,76128533B46866455993508,Narmada,contained_grid,4.7200003,5.2700005,1.0090625,1.8299999,0.0019208996,0.0026348035,0.00010618866,4,Low Modelled Signal,False,4.7200003,0.0,0.0,0.0,0.0,-4.7200003,-4.7200003
2018-07-30,76128533B46926146855114,Garhwal,contained_grid,19.4925,32.1,1.3607812,4.9525,0.012003927,0.014931505,0.00037092346,8,Low Modelled Signal,False,19.4925,14.121206,26.728704,14.028776,26.636274,-5.463724,-5.371294
2018-07-30,76128533B46979893461805,Surajpur,contained_grid,28.16,30.800001,0.8715625,1.1825,0.025872212,0.027496204,0.00033265937,4,Low Modelled Signal,False,28.16,22.788706,25.428707,22.696276,25.336277,-5.463724,-5.371294
2018-07-30,76128533B4720703924950,Unokoti,contained_grid,24.97,24.97,2.8824997,2.8824997,0.0073040654,0.0073040654,0.0002939932,1,Low Modelled Signal,False,24.97,19.598705,19.598705,19.506275,19.506275,-5.463724,-5.371294
2018-07-30,76128533B4743808419896,Dharmapuri,contained_grid,0.22428572,0.8,2.1442857,8.0025,0.00019092379,0.00030596668,2.6596474e-05,7,Low Modelled Signal,False,0.22428572,0.0,0.0,0.0,0.0,-0.22428572,-0.22428572
2018-07-30,76128533B47448948912370,Koraput,contained_grid,9.658182,15.710001,2.4347727,6.1274996,0.008457626,0.025495937,0.0033559222,11,Low Modelled Signal,False,9.658182,4.286888,10.338707,4.1944585,10.246277,-5.4637237,-5.371294
2018-07-30,76128533B4745348385341,Araria,contained_grid,52.345,59.319996,25.478123,28.7,0.008135498,0.008991254,0.00040384653,4,Low Modelled Signal,False,52.345,46.973705,53.9487,46.88128,53.856274,-5.463722,-5.371296
2018-07-30,76128533B4753404177348,Coimbatore,contained_grid,1.8442856,6.1899996,4.2703567,9.86,0.00036822548,0.001284036,0.00011471639,7,Low Modelled Signal,False,1.8442856,0.11695794,0.81870556,0.1037537,0.7262759,-1.7405319,-1.7273277
2018-07-30,76128533B47594161132413,Chitradurga,contained_grid,0.09636364,0.26000002,0.19704546,1.55,0.00016498665,0.00022929687,2.974656e-05,11,Low Modelled Signal,False,0.09636364,0.0,0.0,0.0,0.0,-0.09636364,-0.09636364
2018-07-30,76128533B47664895117076,Kargil,contained_grid,0.0892,0.81,2.2525501,8.305,0.000105514635,0.0002008887,8.6784485e-06,25,Low Modelled Signal,False,0.0892,0.0,0.0,0.0,0.0,-0.0892,-0.0892
2018-07-30,76128533B47772746709007,Barpeta,contained_grid,24.7575,32.82,10.3949995,15.159999,0.013099715,0.016007474,0.0011352119,4,Low Modelled Signal,False,24.7575,19.386206,27.448706,19.293776,27.356276,-5.463724,-5.371294
2018-07-30,76128533B47816398970283,Ahmadnagar,contained_grid,0.56809527,5.8500004,0.09732142,1.515,0.00048335743,0.004927105,0.00019896522,21,Low Modelled Signal,False,0.56809527,0.022795541,0.47870636,0.01839413,0.38627672,-0.54970115,-0.5452997
2018-07-30,76128533B47840093719460,Bastar,contained_grid,4.515714,10.929999,0.22749999,0.71999997,0.0024307535,0.0062267203,0.00054134533,7,Low Modelled Signal,False,4.515714,0.79410076,5.5587053,0.78089654,5.4662757,-3.7348175,-3.7216134
2018-07-30,76128533B48075109668277,Bangalore Rural,contained_grid,0.4975,1.1,0.21375,0.52,0.00016502314,0.00017876636,4.1147705e-05,4,Low Modelled Signal,False,0.4975,0.0,0.0,0.0,0.0,-0.4975,-0.4975
2018-07-30,76128533B48077510234542,Kabeerdham,contained_grid,14.663333,20.41,0.15354167,0.36124998,0.015083703,0.020202903,0.00095600734,6,Low Modelled Signal,False,14.663333,9.292039,15.038706,9.199609,14.946276,-5.463724,-5.371294
2018-07-30,76128533B4839184447445,Udupi,contained_grid,10.256,10.990001,23.354,37.76,0.005799523,0.0072254995,0.00029562027,5,Low Modelled Signal,False,10.256,4.884706,5.6187067,4.7922764,5.526277,-5.463723,-5.3712935
2018-07-30,76128533B48708628358161,Doda,contained_grid,2.2424998,2.9699998,0.1353125,0.54125,0.00020901319,0.0002680145,1.6229164e-05,4,Low Modelled Signal,False,2.2424998,0.0,0.0,0.0,0.0,-2.2424998,-2.2424998
2018-07-30,76128533B48885555323596,Batod,contained_grid,1.595,1.72,2.7078125,5.60875,0.00035784554,0.00043495704,9.684242e-05,4,Low Modelled Signal,False,1.595,0.0,0.0,0.0,0.0,-1.595,-1.595
2018-07-30,76128533B49017555803526,Purba Champaran,contained_grid,54.538002,81.01,7.2472506,12.49,0.008657008,0.011764335,0.000617449,5,Low Modelled Signal,False,54.538002,49.166706,75.63871,49.074276,75.54628,-5.463726,-5.371296
2018-07-30,76128533B49100243723360,Kiphire,contained_grid,47.125004,62.270004,54.7425,82.985,0.015322987,0.015366069,0.00016604809,2,Low Modelled Signal,False,47.125004,41.753708,56.898712,41.661278,56.806282,-5.463726,-5.371296
2018-07-30,76128533B49246671500878,East Khasi Hills,contained_grid,37.552498,55.1,12.812186,25.327497,0.027784456,0.030953243,0.0015872393,4,Low Modelled Signal,False,37.552498,32.181206,49.728706,32.088776,49.636276,-5.463722,-5.371292
2018-07-30,76128533B49394025943542,Wanaparthy,contained_grid,0.0,0.0,0.1675,0.4775,0.0002336279,0.00023980714,2.010388e-05,3,Low Modelled Signal,False,0.0,0.0,0.0,0.0,0.0,0.0,0.0
2018-07-30,76128533B49429513424897,Samba,contained_grid,0.07,0.13,0.0,0.0,0.0007073317,0.0009458362,1.2965658e-05,2,Low Modelled Signal,False,0.07,0.0,0.0,0.0,0.0,-0.07,-0.07
2018-07-30,76128533B49436035281620,Lucknow,contained_grid,118.2725,153.62001,51.970936,68.81,0.08425934,0.16022739,0.023568792,4,Heavy Rain Watch,False,118.2725,112.90121,148.24872,112.80878,148.15628,-5.463722,-5.371292
2018-07-30,76128533B49456368048033,Serchhip,contained_grid,2.23,3.4700003,14.57375,19.127499,0.0007204856,0.0010332151,4.2793377e-05,2,Low Modelled Signal,False,2.23,0.0,0.0,0.0,0.0,-2.23,-2.23
2018-07-30,76128533B49460554954204,Ghazipur,contained_grid,8.63,11.29,7.3542495,13.39375,0.0115683805,0.019077484,0.00090072735,5,Low Modelled Signal,False,8.63,3.2587059,5.918706,3.1662765,5.8262763,-5.4637237,-5.371294
2018-07-30,76128533B49597693387243,Davanagere,contained_grid,0.38571426,0.45,0.23928571,1.635,0.00012954,0.00015647475,2.974656e-05,7,Low Modelled Signal,False,0.38571426,0.0,0.0,0.0,0.0,-0.38571426,-0.38571426
2018-07-30,76128533B49615943426842,Mahisagar,contained_grid,1.9666668,2.0600002,0.7220833,1.4825,0.00029658794,0.0003219653,6.323942e-05,3,Low Modelled Signal,False,1.9666668,0.0,0.0,0.0,0.0,-1.9666668,-1.9666668
2018-07-30,76128533B49805675626253,Sahibganj,contained_grid,60.730003,65.479996,10.596875,15.6925,0.011045139,0.014623372,0.0006863455,4,Low Modelled Signal,False,60.730003,55.358707,60.108704,55.266277,60.016273,-5.463726,-5.371296
2018-07-30,76128533B49867917697487,Sirohi,contained_grid,0.91875005,1.3300002,0.14421874,0.7125,0.00017396674,0.00021912104,4.2044503e-05,8,Low Modelled Signal,False,0.91875005,0.0,0.0,0.0,0.0,-0.91875005,-0.91875005
2018-07-30,76128533B49993259380917,Lower Siang,contained_grid,19.710001,25.660002,50.70375,56.822502,0.007078427,0.008046649,0.000464078,2,Low Modelled Signal,False,19.710001,14.338707,20.288708,14.246277,20.196278,-5.463724,-5.371294
2018-07-30,76128533B50011981829203,Kinnaur,contained_grid,0.765,2.8100002,2.297,18.05,0.000198067,0.00030700339,1.31359075e-05,10,Low Modelled Signal,False,0.765,0.0,0.0,0.0,0.0,-0.765,-0.765
2018-07-30,76128533B50014751336341,Singrauli,contained_grid,15.55625,20.95,1.80375,3.4950001,0.014795363,0.018564193,0.0006390852,8,Low Modelled Signal,False,15.55625,10.184956,15.578707,10.092526,15.486277,-5.463723,-5.371294
2018-07-30,76128533B50056157736049,Nashik,contained_grid,2.3352175,6.54,2.6259186e-16,6.039613e-15,0.0008150417,0.0033282319,0.00033227887,23,Low Modelled Signal,False,2.3352175,0.06553965,1.1687059,0.057502292,1.0762763,-2.2777152,-2.2696779
2018-07-30,76128533B50184713016881,Muktsar,contained_grid,0.56,0.85,0.0,0.0,0.0006016551,0.0006181664,0.00012252074,3,Low Modelled Signal,False,0.56,0.0,0.0,0.0,0.0,-0.56,-0.56
2018-07-30,76128533B50275440439236,Saraikela-Kharsawan,contained_grid,6.036667,10.440001,30.391668,42.9825,0.026378782,0.040585995,0.0016280137,3,Low Modelled Signal,False,6.036667,1.6895689,5.0687065,1.658759,4.976277,-4.3779078,-4.347098
2018-07-30,76128533B50374927918374,Nainital,contained_grid,33.920002,38.780003,11.1727495,16.58,0.013722973,0.016011555,0.0004735614,5,Low Modelled Signal,False,33.920002,28.548706,33.408707,28.456274,33.31628,-5.463728,-5.371296
2018-07-30,76128533B50498617372937,Rayagada,contained_grid,22.895,30.860003,4.944625,14.2325,0.024333347,0.03667137,0.021565992,10,Low Modelled Signal,False,22.895,17.523706,25.488708,17.431276,25.396278,-5.463724,-5.371294
2018-07-30,76128533B50613523798301,Pratapgarh,contained_grid,2.304,2.7599998,0.21699998,0.93999994,0.0002728723,0.00031855283,5.2711235e-05,5,Low Modelled Signal,False,2.304,0.0,0.0,0.0,0.0,-2.304,-2.304
2018-07-30,76128533B50650763703739,Dhemaji,contained_grid,8.2325,18.220001,26.484686,53.9825,0.0060126465,0.01229964,0.0005159286,4,Low Modelled Signal,False,8.2325,3.5915298,12.848707,3.5222075,12.756277,-4.710293,-4.64097
2018-07-30,76128533B50784044604286,Reasi,contained_grid,1.52,1.72,0.0,0.0,0.00034390332,0.00038947284,1.4626171e-05,2,Low Modelled Signal,False,1.52,0.0,0.0,0.0,0.0,-1.52,-1.52
2018-07-30,76128533B50969226102213,Churachandpur,contained_grid,9.47,14.32,20.60156,26.304995,0.010611918,0.023295213,0.00039594647,4,Low Modelled Signal,False,9.47,4.0987062,8.948706,4.006276,8.856276,-5.463724,-5.371294
2018-07-30,76128533B51331331726928,Gurdaspur,contained_grid,1.1899999,1.99,0.09275,0.46375,0.001035609,0.0013666513,1.6984817e-05,5,Low Modelled Signal,False,1.1899999,0.0,0.0,0.0,0.0,-1.1899999,-1.1899999
2018-07-30,76128533B51363853289247,Nalanda,contained_grid,41.37,54.28,6.4237494,6.574999,0.027828764,0.0284006,0.0013633228,2,Low Modelled Signal,False,41.37,35.998707,48.908707,35.906277,48.816277,-5.463722,-5.371292
2018-07-30,76128533B51368558457506,Allahabad,contained_grid,36.191425,78.68,9.162857,22.061249,0.03162048,0.04566822,0.001178167,7,Low Modelled Signal,False,36.191425,30.820133,73.30871,30.727705,73.21628,-5.4637203,-5.371292
2018-07-30,76128533B51372664315362,Namakkal,contained_grid,1.47,3.13,6.4540625,7.7962503,0.00017225214,0.0002283466,0.00012890786,4,Low Modelled Signal,False,1.47,0.0,0.0,0.0,0.0,-1.47,-1.47
2018-07-30,76128533B51402332870635,Murshidabad,contained_grid,58.036667,65.35,9.138124,14.562499,0.026382087,0.04066262,0.0033086617,6,Low Modelled Signal,False,58.036667,52.665375,59.978706,52.57294,59.886276,-5.463726,-5.371292
2018-07-30,76128533B51799781997546,Perambalur,contained_grid,2.415,2.44,0.6725,1.14,0.0003415935,0.00036175642,0.00015974294,2,Low Modelled Signal,False,2.415,0.0,0.0,0.0,0.0,-2.415,-2.415
2018-07-30,76128533B51849218363622,Moradabad,contained_grid,25.9875,35.15,11.2543745,16.399998,0.10786442,0.15870701,0.0013545936,4,Heavy Rain Watch,False,25.9875,20.616207,29.778708,20.523777,29.686277,-5.463722,-5.371292
2018-07-30,76128533B52058654769647,Sonbhadra,contained_grid,24.29,31.049997,6.0429683,13.669998,0.019627243,0.022402443,0.00039337995,8,Low Modelled Signal,False,24.29,18.918707,25.678703,18.826277,25.586273,-5.463724,-5.371294
2018-07-30,76128533B5215906594478,Bid,contained_grid,0.15266666,0.42,0.157,1.435,0.00018799354,0.00022310887,2.6536749e-05,15,Low Modelled Signal,False,0.15266666,0.0,0.0,0.0,0.0,-0.15266666,-0.15266666
2018-07-30,76128533B52487813780503,Surguja,contained_grid,21.68,26.8,1.3420833,3.08,0.02605701,0.03242137,0.003072159,6,Low Modelled Signal,False,21.68,16.308706,21.428705,16.216276,21.336275,-5.463724,-5.371294
2018-07-30,76128533B52590639744160,Salem,contained_grid,2.0385716,5.09,2.7791073,6.5625,0.00020309968,0.00028238576,2.9706289e-05,7,Low Modelled Signal,False,2.0385716,0.0,0.0,0.0,0.0,-2.0385716,-2.0385716
2018-07-30,76128533B52639434516056,Tirunelveli,contained_grid,0.5266667,2.66,5.304792,15.700001,0.00018101378,0.00039865504,3.2739645e-05,6,Low Modelled Signal,False,0.5266667,0.0,0.0,0.0,0.0,-0.5266667,-0.5266667
2018-07-30,76128533B52664671961643,Anantapur,contained_grid,0.0026923078,0.02,0.13740385,1.42,0.00020612474,0.00027618313,4.1545125e-05,26,Low Modelled Signal,False,0.0026923078,0.0,0.0,0.0,0.0,-0.0026923078,-0.0026923078
2018-07-30,76128533B52802748445403,Khordha,contained_grid,3.2,4.32,54.572918,84.74,0.0057427674,0.0062794383,0.00013709451,3,Low Modelled Signal,False,3.2,0.0,0.0,0.0,0.0,-3.2,-3.2
2018-07-30,76128533B52902360321344,Banas Kantha,contained_grid,1.3226666,2.26,0.00016666666,0.0025,0.00029536049,0.00048301663,4.556375e-05,15,Low Modelled Signal,False,1.3226666,0.0,0.0,0.0,0.0,-1.3226666,-1.3226666
2018-07-30,76128533B52906466328910,South West Garo Hills,contained_grid,51.94,51.94,1.4375,1.4375,0.016912092,0.016912092,0.0010944846,1,Low Modelled Signal,False,51.94,46.568703,46.568703,46.476276,46.476276,-5.463722,-5.371296
2018-07-30,76128533B53018054761164,Mancherial,contained_grid,1.1325,1.6500001,0.08125,0.24,0.00023938286,0.0002443834,1.9286197e-05,4,Low Modelled Signal,False,1.1325,0.0,0.0,0.0,0.0,-1.1325,-1.1325
2018-07-30,76128533B53136419849111,South West,nearest_grid,2.8200002,2.8200002,0.115,0.115,0.0011325538,0.0011325538,2.7377642e-05,1,Low Modelled Signal,False,2.8200002,0.0,0.0,0.0,0.0,-2.8200002,-2.8200002
2018-07-30,76128533B53316015271969,Sukma,contained_grid,2.8314285,8.28,0.5403572,1.00125,0.0011994083,0.0040332023,0.00041186975,7,Low Modelled Signal,False,2.8314285,0.4155294,2.9087057,0.40232515,2.816276,-2.4291034,-2.415899
2018-07-30,76128533B53366745705922,Birbhum,contained_grid,37.174286,65.75,16.348215,57.0675,0.02541237,0.04495404,0.0037780963,7,Low Modelled Signal,False,37.174286,31.802992,60.378708,31.710562,60.286278,-5.463724,-5.371294
2018-07-30,76128533B53373614632193,Peddapalli,contained_grid,0.4425,0.55,0.35875002,1.17,0.00021158089,0.00022438123,1.7765868e-05,4,Low Modelled Signal,False,0.4425,0.0,0.0,0.0,0.0,-0.4425,-0.4425
2018-07-30,76128533B53549946596470,Dewas,contained_grid,2.316,2.5800002,0.94562495,3.9875,0.0002942915,0.00029965845,5.6763452e-05,10,Low Modelled Signal,False,2.316,0.0,0.0,0.0,0.0,-2.316,-2.316
2018-07-30,76128533B53609934827566,Jashpur,contained_grid,16.82,21.86,9.746458,18.6275,0.023546876,0.036840264,0.0014149301,6,Low Modelled Signal,False,16.82,11.448707,16.488707,11.3562765,16.396276,-5.463723,-5.371293
2018-07-30,76128533B53671786151110,Kohima,contained_grid,11.363334,15.63,65.93917,85.40501,0.004878564,0.005677253,0.00010498125,3,Low Modelled Signal,False,11.363334,5.992039,10.258706,5.89961,10.166277,-5.4637237,-5.3712945
2018-07-30,76128533B53717296822608,East Siang,contained_grid,4.2525,8.77,3.9412498,5.055,0.0013297595,0.0033311965,7.2102644e-05,4,Low Modelled Signal,False,4.2525,0.8496766,3.3987064,0.8265692,3.3062768,-3.425931,-3.4028234
2018-07-30,76128533B53725063754801,Chitrakoot,contained_grid,36.042503,54.520004,28.074688,31.127499,0.06760698,0.08365528,0.0018978191,4,Low Modelled Signal,False,36.042503,30.671207,49.148712,30.578777,49.056282,-5.463726,-5.371296
2018-07-30,76128533B53791014455989,Sidhi,contained_grid,19.36,26.010002,1.5875,2.3774998,0.014384878,0.018321814,0.00025685184,6,Low Modelled Signal,False,19.36,13.988706,20.638708,13.8962755,20.546278,-5.463725,-5.371295
2018-07-30,76128533B53796141759805,Kanniyakumari,contained_grid,1.23,2.0800002,38.68333,59.18499,0.00022694269,0.00030884912,3.311282e-05,3,Low Modelled Signal,False,1.23,0.0,0.0,0.0,0.0,-1.23,-1.23
2018-07-30,76128533B54279577656282,Thanjavur,contained_grid,6.076,9.35,1.793,4.1050005,0.0014588649,0.0022264246,0.00026988672,5,Low Modelled Signal,False,6.076,1.4492238,3.9787064,1.3937659,3.8862767,-4.6822343,-4.6267767
2018-07-30,76128533B54279951806726,Sant Kabir Nagar,contained_grid,53.27,62.04,16.0175,25.35,0.06296072,0.07883834,0.00087646383,3,Low Modelled Signal,False,53.27,47.89871,56.66871,47.806274,56.57628,-5.463726,-5.371292
2018-07-30,76128533B54301724756864,Tonk,contained_grid,0.0,0.0,0.0125,0.074999996,0.0004869665,0.0005653269,4.519661e-05,10,Low Modelled Signal,False,0.0,0.0,0.0,0.0,0.0,0.0,0.0
2018-07-30,76128533B54306414631532,Baloda Bazar,contained_grid,16.472,24.300001,1.1854999,2.1625,0.020409817,0.022982523,0.00090935605,5,Low Modelled Signal,False,16.472,11.100706,18.928707,11.008276,18.836277,-5.463724,-5.371294
2018-07-30,76128533B54396396829952,Dakshina Kannada,contained_grid,9.227142,11.05,16.38857,31.31,0.0037403123,0.00499399,0.00071120204,7,Low Modelled Signal,False,9.227142,3.8558486,5.678706,3.763419,5.5862765,-5.463723,-5.371294
2018-07-30,76128533B54517225652088,Banka,contained_grid,43.927498,46.87,13.585312,22.124998,0.020790963,0.02879066,0.0011971596,4,Low Modelled Signal,False,43.927498,38.556206,41.498703,38.463776,41.406277,-5.463722,-5.371292
2018-07-30,76128533B54652028494758,Tarn Taran,contained_grid,2.526,4.1,1.0032499,3.975,0.0017726906,0.0027444838,3.0067076e-05,5,Low Modelled Signal,False,2.526,0.0,0.0,0.0,0.0,-2.526,-2.526
2018-07-30,76128533B54775433755383,Hassan,contained_grid,0.871,2.88,1.459625,3.6,0.0002857956,0.0010597759,0.00026384447,10,Low Modelled Signal,False,0.871,0.0,0.0,0.0,0.0,-0.871,-0.871
2018-07-30,76128533B55039756001726,Bikaner,contained_grid,0.0,0.0,0.02357558,0.59,0.00051804364,0.00128069,7.4836375e-05,43,Low Modelled Signal,False,0.0,0.0,0.0,0.0,0.0,0.0,0.0
2018-07-30,76128533B55519385298440,Golaghat,contained_grid,12.82,15.37,42.301247,56.90375,0.0061495835,0.008426698,0.0005995423,5,Low Modelled Signal,False,12.82,7.448706,9.998706,7.356276,9.906277,-5.4637237,-5.3712935
2018-07-30,76128533B55603381222870,Jalna,contained_grid,0.3588889,0.56,0.04472222,0.23,0.0002220568,0.00033632762,1.9572542e-05,9,Low Modelled Signal,False,0.3588889,0.0,0.0,0.0,0.0,-0.3588889,-0.3588889
2018-07-30,76128533B55622097933343,Sri Potti Sriramulu Nellore,contained_grid,0.075555556,0.98,0.11,0.7175,0.00021335314,0.0007104152,0.00018091856,18,Low Modelled Signal,False,0.075555556,0.0,0.0,0.0,0.0,-0.075555556,-0.075555556
2018-07-30,76128533B55878637000592,Anjaw,contained_grid,10.780001,29.170002,16.894249,66.28749,0.0065251053,0.012169658,0.0015720654,10,Low Modelled Signal,False,10.780001,5.6010942,23.798708,5.5363936,23.706278,-5.243607,-5.1789064
2018-07-30,76128533B56012535339305,Chirang,contained_grid,25.38,32.62,13.315937,17.520002,0.026457105,0.03629748,0.015079692,4,Low Modelled Signal,False,25.38,20.008705,27.248705,19.916275,27.156275,-5.463724,-5.371294
2018-07-30,76128533B56050914259601,Chandigarh,contained_grid,2.42,2.42,0.0,0.0,0.0018482095,0.0018482095,5.5858563e-05,1,Low Modelled Signal,False,2.42,0.0,0.0,0.0,0.0,-2.42,-2.42
2018-07-30,76128533B5628791558965,Alwar,contained_grid,1.4814285,4.0099998,0.255,1.3512499,0.0011697364,0.0020503185,4.5271125e-05,14,Low Modelled Signal,False,1.4814285,0.0,0.0,0.0,0.0,-1.4814285,-1.4814285
2018-07-30,76128533B56326354019534,Kangpokpi,contained_grid,9.805,10.69,23.764376,35.072502,0.0059491117,0.0066335616,0.00017364732,4,Low Modelled Signal,False,9.805,4.4337063,5.3187056,4.341276,5.226276,-5.463724,-5.371294
2018-07-30,76128533B56857410767766,Diu,nearest_grid,4.0,4.0,0.26999998,0.26999998,0.0007468127,0.0007468127,0.00010602788,1,Low Modelled Signal,False,4.0,0.0,0.0,0.0,0.0,-4.0,-4.0
2018-07-30,76128533B57036825942975,Tiruppur,contained_grid,0.72625,2.22,1.7317187,10.825,0.0001479282,0.00022818283,2.4918985e-05,8,Low Modelled Signal,False,0.72625,0.0,0.0,0.0,0.0,-0.72625,-0.72625
2018-07-30,76128533B57183548666997,Leh(Ladakh),contained_grid,0.66203123,4.19,0.7054687,6.135,0.00016346354,0.0007735332,2.3915023e-05,128,Low Modelled Signal,False,0.66203123,0.0,0.0,0.0,0.0,-0.66203123,-0.66203123
2018-07-30,76128533B57609583882472,Kodagu,contained_grid,4.16,6.5999994,2.2975,6.0199995,0.001132072,0.0020255977,0.00032971986,4,Low Modelled Signal,False,4.16,0.30717635,1.2287054,0.28406894,1.1362758,-3.8759308,-3.8528235
2018-07-30,76128533B57691508962219,Raipur,contained_grid,10.603333,18.83,0.3708333,1.01,0.016700843,0.019081892,0.0012999191,3,Low Modelled Signal,False,10.603333,5.232039,13.458706,5.1396093,13.366276,-5.463724,-5.3712945
2018-07-30,76128533B57712033428660,Bhind,contained_grid,21.638334,29.42,74.07542,114.622505,0.0589382,0.08197032,0.0014105181,6,Low Modelled Signal,False,21.638334,16.267038,24.048706,16.174608,23.956276,-5.463726,-5.371296
2018-07-30,76128533B57825981663822,Dibrugarh,contained_grid,4.0924997,4.8599997,23.5825,36.315,0.0033391342,0.0040039294,0.00017892456,4,Low Modelled Signal,False,4.0924997,0.0,0.0,0.0,0.0,-4.0924997,-4.0924997
2018-07-30,76128533B57893545331548,Raisen,contained_grid,1.0025,1.56,1.29625,4.5575004,0.00028179857,0.0003105282,2.4617255e-05,12,Low Modelled Signal,False,1.0025,0.0,0.0,0.0,0.0,-1.0025,-1.0025
2018-07-30,76128533B57995625790051,Karbi Anglong West,contained_grid,33.578335,52.12,6.9827085,15.845,0.01888266,0.03062612,0.00094617985,6,Low Modelled Signal,False,33.578335,28.207039,46.748703,28.114609,46.656277,-5.463726,-5.371296
2018-07-30,76128533B58058152513003,Zunheboto,contained_grid,21.274998,21.559998,85.6725,86.57,0.008272273,0.008542145,0.000105029896,2,Low Modelled Signal,False,21.274998,15.903705,16.188704,15.811275,16.096273,-5.463723,-5.371293
2018-07-30,76128533B58104976570569,Karimnagar,contained_grid,0.55,0.75,0.19541664,0.255,0.00021065808,0.00021075229,1.9222885e-05,3,Low Modelled Signal,False,0.55,0.0,0.0,0.0,0.0,-0.55,-0.55
2018-07-30,76128533B58170186574016,Mahabubnagar,contained_grid,0.005,0.01,0.043750003,0.165,0.00022098598,0.00023980714,2.1472943e-05,4,Low Modelled Signal,False,0.005,0.0,0.0,0.0,0.0,-0.005,-0.005
2018-07-30,76128533B58262202014972,New Delhi,nearest_grid,3.38,3.38,0.0,0.0,0.0030991142,0.0030991142,8.546864e-05,1,Low Modelled Signal,False,3.38,0.0,0.0,0.0,0.0,-3.38,-3.38
2018-07-30,76128533B58493775523243,Nizamabad,contained_grid,0.8628572,1.21,0.10839285,0.27,0.00018008333,0.00020833788,2.2473412e-05,7,Low Modelled Signal,False,0.8628572,0.0,0.0,0.0,0.0,-0.8628572,-0.8628572
2018-07-30,76128533B58527154065354,Chittaurgarh,contained_grid,0.37272727,1.4100001,0.22749998,1.0624999,0.00026961847,0.00040073853,3.3523684e-05,11,Low Modelled Signal,False,0.37272727,0.0,0.0,0.0,0.0,-0.37272727,-0.37272727
2018-07-30,76128533B58537895532859,Chamba,contained_grid,1.9045455,3.76,1.1627272,9.09,0.00023708312,0.00045018704,3.155854e-05,11,Low Modelled Signal,False,1.9045455,0.0,0.0,0.0,0.0,-1.9045455,-1.9045455
2018-07-30,76128533B5855800361016,Begusarai,contained_grid,44.370003,54.230003,6.49625,6.5150003,0.013126511,0.01326072,0.00074282347,2,Low Modelled Signal,False,44.370003,38.99871,48.85871,38.90628,48.76628,-5.463722,-5.371292
2018-07-30,76128533B58569599021232,Solan,contained_grid,1.8333335,3.0100002,0.0,0.0,0.0009863494,0.0020022723,1.549646e-05,3,Low Modelled Signal,False,1.8333335,0.0,0.0,0.0,0.0,-1.8333335,-1.8333335
2018-07-30,76128533B58697472287618,Godda,contained_grid,55.61,56.73,11.6362505,13.835001,0.028560547,0.0317995,0.0009122156,2,Low Modelled Signal,False,55.61,50.238705,51.358704,50.14628,51.266277,-5.463722,-5.371296
2018-07-30,76128533B58797478961083,Bhadrak,contained_grid,3.6550002,5.8500004,11.73375,12.77,0.005282419,0.007706334,0.0018857863,2,Low Modelled Signal,False,3.6550002,0.23935318,0.47870636,0.19313836,0.38627672,-3.4618618,-3.415647
2018-07-30,76128533B58876508630362,Panchkula,contained_grid,1.085,1.27,0.0,0.0,0.00083254697,0.00085977744,1.7072663e-05,2,Low Modelled Signal,False,1.085,0.0,0.0,0.0,0.0,-1.085,-1.085
2018-07-30,76128533B59121537940607,Barddhaman,contained_grid,15.287,31.55,10.479625,19.095,0.011532689,0.019703936,0.0024471986,10,Low Modelled Signal,False,15.287,10.034835,26.178705,9.951649,26.086275,-5.335351,-5.252165
2018-07-30,76128533B59256192226816,Lalitpur,contained_grid,1.17375,3.3500001,2.2601562,4.7200003,0.006325043,0.018311268,5.0030572e-05,8,Low Modelled Signal,False,1.17375,0.0,0.0,0.0,0.0,-1.17375,-1.17375
2018-07-30,76128533B59405966069108,Srikakulam,contained_grid,10.437,21.61,4.8642497,8.61,0.02341944,0.030554196,0.0017619034,10,Low Modelled Signal,False,10.437,5.325965,16.238707,5.2520213,16.146276,-5.184979,-5.1110353
2018-07-30,76128533B59459156188335,Jalor,contained_grid,0.351875,0.62,0.24,2.48,0.00018867521,0.00029778192,5.850439e-05,16,Low Modelled Signal,False,0.351875,0.0,0.0,0.0,0.0,-0.351875,-0.351875
2018-07-30,76128533B59504628511334,Kendujhar,contained_grid,3.7975,12.78,46.557186,82.3525,0.011964929,0.05081526,0.0033262647,12,Low Modelled Signal,False,3.7975,0.70395106,7.4087057,0.688546,7.316276,-3.108954,-3.0935488
2018-07-30,76128533B59596968713717,Farrukhabad,contained_grid,56.760002,58.760002,52.515,54.1225,0.45388132,0.49799952,0.0013562909,2,Heavy Rain Watch,False,56.760002,51.38871,53.38871,51.29628,53.29628,-5.463722,-5.371292
2018-07-30,76128533B59855617266389,Chandel,contained_grid,52.754997,75.97,38.108753,40.772503,0.01956925,0.022271097,0.00038792458,2,Low Modelled Signal,False,52.754997,47.383705,70.59871,47.291275,70.50628,-5.463722,-5.371292
2018-07-30,76128533B59866172845044,Washim,contained_grid,1.085,1.2400001,0.73625,2.5749998,0.00019390712,0.00019809115,1.9131916e-05,6,Low Modelled Signal,False,1.085,0.0,0.0,0.0,0.0,-1.085,-1.085
2018-07-30,76128533B60180372390230,Ajmer,contained_grid,0.007333333,0.03,0.07616666,0.68999994,0.00046892196,0.00053980295,4.6504196e-05,15,Low Modelled Signal,False,0.007333333,0.0,0.0,0.0,0.0,-0.007333333,-0.007333333
2018-07-30,76128533B60186573304899,Anugul,contained_grid,5.649091,11.559999,30.344091,43.4825,0.010008749,0.021176394,0.0013517825,11,Low Modelled Signal,False,5.649091,1.1513476,6.1887054,1.1177368,6.096276,-4.531354,-4.497743
2018-07-30,76128533B60261306484775,Valsad,contained_grid,4.88,5.58,0.0,0.0,0.0017515399,0.0023069768,0.00013622876,4,Low Modelled Signal,False,4.88,0.08185303,0.2087059,0.035638213,0.116276264,-4.844362,-4.798147
2018-07-30,76128533B60320291189162,Faizabad,contained_grid,92.685,107.73,17.737812,22.119999,0.10005285,0.11851156,0.0014513668,4,Heavy Rain Watch,False,92.685,87.313705,102.35871,87.22128,102.26628,-5.4637146,-5.371292
2018-07-30,76128533B60322704115131,Jayashankar,contained_grid,0.8575001,1.6300001,0.3003125,0.965,0.0002308292,0.0002443834,2.2338962e-05,4,Low Modelled Signal,False,0.8575001,0.0,0.0,0.0,0.0,-0.8575001,-0.8575001
2018-07-30,76128533B60360721573267,Indore,contained_grid,2.1866667,2.32,0.7577083,1.3724998,0.00030160928,0.00032193493,3.5864265e-05,6,Low Modelled Signal,False,2.1866667,0.0,0.0,0.0,0.0,-2.1866667,-2.1866667
2018-07-30,76128533B6050540865870,Palamu,contained_grid,41.305717,47.290005,5.4326787,7.9975,0.025240978,0.030743891,0.0021958628,7,Low Modelled Signal,False,41.305717,35.93442,41.91871,35.84199,41.826283,-5.463726,-5.371296
2018-07-30,76128533B60721316645780,Patna,contained_grid,60.4375,74.32,5.234062,7.9399986,0.018956358,0.019836089,0.0022784523,4,Low Modelled Signal,False,60.4375,55.066208,68.94871,54.973778,68.85628,-5.463722,-5.371292
2018-07-30,76128533B60845263086042,Paschim Barddhaman,contained_grid,14.809999,14.809999,14.790001,14.790001,0.013224016,0.013224016,0.00069267437,1,Low Modelled Signal,False,14.809999,9.438705,9.438705,9.346275,9.346275,-5.463724,-5.371294
2018-07-30,76128533B60862799554879,Aligarh,contained_grid,4.958333,19.439999,35.65979,48.324997,0.007395739,0.027671067,0.0016067625,6,Low Modelled Signal,False,4.958333,2.344784,14.068705,2.329379,13.9762745,-2.628954,-2.613549
2018-07-30,76128533B60893804631193,Pashchimi Singhbhum,contained_grid,18.79625,24.13,65.210625,75.96749,0.047744334,0.05717393,0.0026761233,8,Low Modelled Signal,False,18.79625,13.424955,18.758705,13.332525,18.666275,-5.463724,-5.371294
2018-07-30,76128533B61117593923933,Kollam,contained_grid,11.555,14.94,42.236874,60.765,0.0018974945,0.0024373322,0.0005919509,2,Low Modelled Signal,False,11.555,6.183706,9.568706,6.091276,9.476276,-5.463724,-5.3712945
2018-07-30,76128533B61134942989820,Tehri Garhwal,contained_grid,14.464287,28.220001,3.6030357,18.050001,0.009658061,0.0116686355,0.0012630082,7,Low Modelled Signal,False,14.464287,9.092993,22.848707,9.000563,22.756277,-5.463724,-5.371294
2018-07-30,76128533B61235952222315,West Kameng,contained_grid,80.80572,115.32,16.110537,20.6225,0.03351129,0.04140625,0.0012866191,7,Low Modelled Signal,False,80.80572,75.434425,109.94871,75.34199,109.85628,-5.46373,-5.371292
2018-07-30,76128533B6128685860104,Sundargarh,contained_grid,16.372307,25.04,38.424324,83.87,0.031505786,0.045690518,0.0020693068,13,Low Modelled Signal,False,16.372307,11.052751,19.668707,10.974542,19.576277,-5.397765,-5.319556
2018-07-30,76128533B61304308285665,Nandurbar,contained_grid,3.2900002,5.09,0.5460714,2.205,0.0008655576,0.0014650666,0.000104142535,7,Low Modelled Signal,False,3.2900002,0.0,0.0,0.0,0.0,-3.2900002,-3.2900002
2018-07-30,76128533B61321395333865,Cuddalore,contained_grid,1.5699999,4.99,12.035536,24.2875,0.00033230052,0.0006760795,0.00014278952,7,Low Modelled Signal,False,1.5699999,0.0,0.0,0.0,0.0,-1.5699999,-1.5699999
2018-07-30,76128533B61760400952464,Meerut,contained_grid,7.3424997,8.12,6.069062,10.999999,0.0059402706,0.006729615,0.0016277508,4,Low Modelled Signal,False,7.3424997,1.971206,2.7487059,1.8787763,2.6562762,-5.463723,-5.371294
2018-07-30,76128533B61814103412294,Yavatmal,contained_grid,1.0325,1.49,0.1055,0.7575,0.0001999144,0.00021575022,2.3518363e-05,20,Low Modelled Signal,False,1.0325,0.0,0.0,0.0,0.0,-1.0325,-1.0325
2018-07-30,76128533B61831576863813,Tengnoupal,contained_grid,30.880001,37.79,43.551254,62.145004,0.017318483,0.025684902,0.0003987185,2,Low Modelled Signal,False,30.880001,25.508707,32.41871,25.416277,32.32628,-5.463724,-5.371294
2018-07-30,76128533B62153454383166,Aravali,contained_grid,1.52,1.74,0.41524997,1.7749999,0.00027103382,0.00028139996,4.9241367e-05,5,Low Modelled Signal,False,1.52,0.0,0.0,0.0,0.0,-1.52,-1.52
2018-07-30,76128533B62486414019241,Saitual,contained_grid,6.6066666,8.9,19.957918,28.93625,0.0040482054,0.004290156,9.880545e-05,3,Low Modelled Signal,False,6.6066666,1.9591371,3.5287056,1.8975173,3.436276,-4.7091494,-4.6475296
2018-07-30,76128533B62490300334729,Solapur,contained_grid,0.101304345,0.29,0.0023913044,0.055,0.00020684792,0.00025190407,2.477293e-05,23,Low Modelled Signal,False,0.101304345,0.0,0.0,0.0,0.0,-0.101304345,-0.101304345
2018-07-30,76128533B62624361588317,Karaikal,nearest_grid,6.1499996,6.1499996,1.4124999,1.4124999,0.0012861404,0.0012861404,6.469996e-05,1,Low Modelled Signal,False,6.1499996,0.7787056,0.7787056,0.68627596,0.68627596,-5.4637237,-5.371294
2018-07-30,76128533B62794162648247,Supaul,contained_grid,48.475,75.12,21.37625,30.649998,0.0072302087,0.009739601,0.00069219345,4,Low Modelled Signal,False,48.475,43.103706,69.74871,43.011276,69.65628,-5.463722,-5.371292
2018-07-30,76128533B6310527412636,Janjgir-Champa,contained_grid,12.24,17.65,7.4653573,10.0075,0.022419838,0.027613794,0.0013001903,7,Low Modelled Signal,False,12.24,6.8687057,12.278706,6.776276,12.1862755,-5.4637237,-5.371294
2018-07-30,76128533B63117839967753,South Goa,contained_grid,8.226666,8.540001,0.0,0.0,0.0049444977,0.005186951,0.00041218507,3,Low Modelled Signal,False,8.226666,2.8553727,3.168707,2.7629433,3.0762773,-5.463723,-5.371294
2018-07-30,76128533B63176236753619,Mayiladuthurai,contained_grid,5.23,5.23,2.4650002,2.4650002,0.0008704317,0.0008704317,0.00011884335,1,Low Modelled Signal,False,5.23,0.0,0.0,0.0,0.0,-5.23,-5.23
2018-07-30,76128533B6330405394721,Karnal,contained_grid,3.9275,6.41,0.888125,1.4725,0.0027840547,0.004564571,0.00020287147,4,Low Modelled Signal,False,3.9275,0.25967646,1.0387058,0.23656905,0.9462762,-3.6909308,-3.6678236
2018-07-30,76128533B63366045987285,Kasaragod,contained_grid,11.03,11.27,14.442082,21.082499,0.0050126323,0.0051022093,0.00072484586,3,Low Modelled Signal,False,11.03,5.658706,5.8987064,5.5662766,5.806277,-5.463723,-5.3712935
2018-07-30,76128533B633842538351,Ganjam,contained_grid,7.615455,12.160001,20.166248,32.077496,0.015039375,0.025321774,0.0025544367,11,Low Modelled Signal,False,7.615455,2.4890592,6.788707,2.4218376,6.696277,-5.193618,-5.126396
2018-07-30,76128533B63599385776584,Bharuch,contained_grid,2.9071429,4.05,1.9217856,4.4399996,0.0007642626,0.0014150902,0.00021278694,7,Low Modelled Signal,False,2.9071429,0.0,0.0,0.0,0.0,-2.9071429,-2.9071429
2018-07-30,76128533B63783580004876,Nanded,contained_grid,0.616,1.4300001,0.18891667,0.66249996,0.0001968966,0.00023069613,2.4655543e-05,15,Low Modelled Signal,False,0.616,0.0,0.0,0.0,0.0,-0.616,-0.616
2018-07-30,76128533B63815467309300,Amravati,contained_grid,2.18,3.2099998,0.031875,0.38,0.00028532755,0.00058739254,5.464078e-05,16,Low Modelled Signal,False,2.18,0.0,0.0,0.0,0.0,-2.18,-2.18
2018-07-30,76128533B63833971372360,Warangal (R),contained_grid,0.29000002,0.29000002,0.83124995,1.5174999,0.0002295398,0.0002295398,1.5255173e-05,2,Low Modelled Signal,False,0.29000002,0.0,0.0,0.0,0.0,-0.29000002,-0.29000002
2018-07-30,76128533B6393836306469,Anantnag,contained_grid,1.5400001,3.3200002,0.0,0.0,0.00024388486,0.0004371607,1.3687026e-05,3,Low Modelled Signal,False,1.5400001,0.0,0.0,0.0,0.0,-1.5400001,-1.5400001
2018-07-30,76128533B6397758882978,Navsari,contained_grid,4.945,5.15,0.0021875,0.00875,0.002534546,0.0030558903,0.000110996785,4,Low Modelled Signal,False,4.945,0.0,0.0,0.0,0.0,-4.945,-4.945
2018-07-30,76128533B64003397477352,Pudukkottai,contained_grid,2.1614287,6.4300003,1.5408928,7.0625,0.0003822853,0.00073997106,0.00012502124,7,Low Modelled Signal,False,2.1614287,0.15124376,1.0587063,0.13803951,0.96627665,-2.023389,-2.010185
2018-07-30,76128533B64156747739715,Koch Bihar,contained_grid,56.6125,104.979996,11.796562,18.1575,0.024303883,0.040120795,0.0008883221,4,Low Modelled Signal,False,56.6125,51.241203,99.6087,51.148773,99.51627,-5.463726,-5.371296
2018-07-30,76128533B64161607349718,Mahendragarh,contained_grid,0.01,0.02,0.08375,0.1675,0.0004804568,0.00049533014,1.6192316e-05,2,Low Modelled Signal,False,0.01,0.0,0.0,0.0,0.0,-0.01,-0.01
2018-07-30,76128533B64217423710469,Bageshwar,contained_grid,17.272,24.529999,17.14375,31.909996,0.015135221,0.018659053,0.00024548918,5,Low Modelled Signal,False,17.272,11.900705,19.158705,11.808275,19.066275,-5.463724,-5.371294
2018-07-30,76128533B64596101949699,Kaithal,contained_grid,3.1266668,4.34,2.7075002,3.7375002,0.0013609767,0.0016410693,7.577335e-05,3,Low Modelled Signal,False,3.1266668,0.0,0.0,0.0,0.0,-3.1266668,-3.1266668
2018-07-30,76128533B64732849735713,Jaunpur,contained_grid,14.46,19.89,4.077812,13.7,0.023108864,0.027753744,0.00044083994,4,Low Modelled Signal,False,14.46,9.088706,14.518705,8.996276,14.426275,-5.463724,-5.371294
2018-07-30,76128533B64749652826710,Debagarh,contained_grid,5.0733333,8.83,30.010416,34.831245,0.019642219,0.041532915,0.0016878154,3,Low Modelled Signal,False,5.0733333,1.152902,3.458706,1.1220921,3.3662763,-3.951241,-3.9204311
2018-07-30,76128533B64834018186186,Vidisha,contained_grid,0.454,0.83,0.682125,3.34375,0.00032734982,0.00040507794,1.8567483e-05,10,Low Modelled Signal,False,0.454,0.0,0.0,0.0,0.0,-0.454,-0.454
2018-07-30,76128533B64881202564500,Jiribam,nearest_grid,12.32,12.32,35.165,35.165,0.007982631,0.007982631,0.00019711182,1,Low Modelled Signal,False,12.32,6.9487057,6.9487057,6.856276,6.856276,-5.4637237,-5.371294
2018-07-30,76128533B64898456093948,Dhaulpur,contained_grid,3.9220002,9.93,12.525249,36.029995,0.008956986,0.028977068,0.00047858534,5,Low Modelled Signal,False,3.9220002,0.97548234,4.5587063,0.93851054,4.4662766,-2.9834895,-2.946518
2018-07-30,76128533B64903504311414,Hnahthial,contained_grid,0.72,0.72,16.7825,16.7825,0.00072168116,0.00072168116,1.9963176e-05,1,Low Modelled Signal,False,0.72,0.0,0.0,0.0,0.0,-0.72,-0.72
2018-07-30,76128533B64905184636422,Tumkur,contained_grid,0.074999996,0.29000002,0.24177082,1.4649999,0.00017378957,0.00022929687,4.323313e-05,12,Low Modelled Signal,False,0.074999996,0.0,0.0,0.0,0.0,-0.074999996,-0.074999996
2018-07-30,76128533B65773363805797,Kishanganj,contained_grid,47.079998,47.5,17.8725,18.214998,0.007869008,0.008079699,0.0002924033,2,Low Modelled Signal,False,47.079998,41.708706,42.128708,41.616276,42.036278,-5.463722,-5.371292
2018-07-30,76128533B65820903826030,North District,contained_grid,31.985716,68.58,4.844107,6.775,0.013805891,0.030352011,0.00075067655,7,Low Modelled Signal,False,31.985716,26.614422,63.20871,26.521992,63.11628,-5.463724,-5.371294
2018-07-30,76128533B66072086060089,Jhansi,contained_grid,5.81625,13.48,31.287031,58.987495,0.033038165,0.09215229,0.00022440714,8,Low Modelled Signal,False,5.81625,2.018103,8.1087055,1.9718881,8.016275,-3.8443618,-3.798147
2018-07-30,76128533B66125202864966,Dima Hasao,contained_grid,13.768572,24.98,5.975357,10.099999,0.007572738,0.012807572,0.0002662575,7,Low Modelled Signal,False,13.768572,8.397278,19.608706,8.304848,19.516275,-5.463724,-5.371294
2018-07-30,76128533B66134271591289,Balaghat,contained_grid,4.3184614,6.67,0.06086538,0.67249995,0.0021910763,0.006291481,0.00047062864,13,Low Modelled Signal,False,4.3184614,0.24421725,1.298706,0.21577737,1.2062764,-4.102684,-4.074244
2018-07-30,76128533B66145460152555,Bijapur,contained_grid,3.72,5.12,0.8980208,1.9575,0.00069216295,0.0011506481,5.9564834e-05,12,Low Modelled Signal,False,3.72,0.0,0.0,0.0,0.0,-3.72,-3.72
2018-07-30,76128533B66335428496945,Shivpuri,contained_grid,0.4082353,3.65,3.9691176,19.264997,0.0012123846,0.005999958,3.434995e-05,17,Low Modelled Signal,False,0.4082353,0.0,0.0,0.0,0.0,-0.4082353,-0.4082353
2018-07-30,76128533B66411945144923,Longleng,contained_grid,19.150002,19.150002,35.3325,35.3325,0.007351931,0.007351931,0.000155815,1,Low Modelled Signal,False,19.150002,13.7787075,13.7787075,13.686277,13.686277,-5.463724,-5.371294
2018-07-30,76128533B66426066081507,Bhojpur,contained_grid,21.566668,23.5,4.667917,7.045,0.014885419,0.015574796,0.00046814294,3,Low Modelled Signal,False,21.566668,16.195374,18.128706,16.102943,18.036276,-5.463724,-5.371294
2018-07-30,76128533B66612397499770,Bahraich,contained_grid,73.55286,111.0,40.37911,64.567505,0.116300635,0.14947721,0.01939193,7,Heavy Rain Watch,False,73.55286,68.181564,105.62871,68.089134,105.53628,-5.463722,-5.371292
2018-07-30,76128533B66682530790248,Kamrup,contained_grid,40.89,53.71,37.989754,70.59376,0.021819215,0.036673915,0.00066691864,5,Low Modelled Signal,False,40.89,35.518707,48.338707,35.426277,48.246277,-5.463722,-5.371292
2018-07-30,76128533B66719908763317,Kolhapur,contained_grid,4.21,7.2200003,0.22444445,2.0149999,0.002516464,0.0044740625,0.0004629459,9,Low Modelled Signal,False,4.21,0.46401304,1.8487062,0.43320316,1.7562766,-3.7767968,-3.745987
2018-07-30,76128533B66790149147330,Samastipur,contained_grid,33.695,39.98,4.759375,6.59,0.007129319,0.008751617,0.0005125658,4,Low Modelled Signal,False,33.695,28.323706,34.608704,28.231277,34.516277,-5.463722,-5.371294
2018-07-30,76128533B66815680293072,Kamjong,contained_grid,22.796667,26.779999,18.78875,22.907501,0.009064109,0.010320428,0.00024694589,3,Low Modelled Signal,False,22.796667,17.425371,21.408705,17.332941,21.316275,-5.463726,-5.371296
2018-07-30,76128533B668165975951,Barwani,contained_grid,2.81875,3.6000001,0.2684375,0.9549999,0.0005542291,0.00079188985,0.00012451995,8,Low Modelled Signal,False,2.81875,0.0,0.0,0.0,0.0,-2.81875,-2.81875
2018-07-30,76128533B66825707357376,Churu,contained_grid,0.0013636363,0.02,0.030852271,0.24249998,0.0008392878,0.0014687736,0.00013149758,22,Low Modelled Signal,False,0.0013636363,0.0,0.0,0.0,0.0,-0.0013636363,-0.0013636363
2018-07-30,76128533B67004768724668,Jhabua,contained_grid,3.02,3.2499998,0.38225,1.3275,0.00033051247,0.00034648745,0.00010743725,5,Low Modelled Signal,False,3.02,0.0,0.0,0.0,0.0,-3.02,-3.02
2018-07-30,76128533B67005208112053,Dehradun,contained_grid,7.33,8.59,1.655,2.8749998,0.0049353195,0.008359996,0.00037207638,4,Low Modelled Signal,False,7.33,1.9587059,3.2187061,1.8662763,3.1262765,-5.4637237,-5.371294
2018-07-30,76128533B67018657649043,Raigarh,contained_grid,18.77,27.07,5.050833,7.6550007,0.03136013,0.04239711,0.001963325,9,Low Modelled Signal,False,18.77,13.398706,21.698706,13.306276,21.606276,-5.463724,-5.371294
2018-07-30,76128533B67044589012853,Khowai,contained_grid,11.455001,16.160002,0.5225,0.96999997,0.0056689978,0.0073958156,0.00043679812,2,Low Modelled Signal,False,11.455001,6.083707,10.788708,5.9912767,10.696278,-5.463724,-5.371294
2018-07-30,76128533B67054925852429,Jagtial,contained_grid,0.83500004,0.97,0.0159375,0.0475,0.00021846601,0.00022438123,2.2019973e-05,4,Low Modelled Signal,False,0.83500004,0.0,0.0,0.0,0.0,-0.83500004,-0.83500004
2018-07-30,76128533B67210465807627,Wokha,contained_grid,15.693334,17.76,48.002914,52.849995,0.0067964774,0.009732941,0.00035653438,3,Low Modelled Signal,False,15.693334,10.32204,12.388706,10.2296095,12.296276,-5.463724,-5.371294
2018-07-30,76128533B67326016655833,Mumbai Suburban,nearest_grid,4.81,4.81,0.0,0.0,0.0032003901,0.0032003901,0.0003440151,1,Low Modelled Signal,False,4.81,0.0,0.0,0.0,0.0,-4.81,-4.81
2018-07-30,76128533B67530641452031,Gonda,contained_grid,81.04,120.93,35.613037,46.84,0.09203108,0.11226001,0.0018469278,7,Heavy Rain Watch,False,81.04,75.66871,115.55871,75.57628,115.46628,-5.463722,-5.371292
2018-07-30,76128533B67580812983244,Gurgaon,contained_grid,1.9000001,2.8200002,0.48250002,0.85,0.0008685139,0.0011325538,2.7377642e-05,2,Low Modelled Signal,False,1.9000001,0.0,0.0,0.0,0.0,-1.9000001,-1.9000001
2018-07-30,76128533B67639510673366,East District,contained_grid,90.645004,93.060005,9.3225,11.97,0.0428685,0.054660648,0.00062197546,2,Low Modelled Signal,False,90.645004,85.27371,87.68871,85.181274,87.59628,-5.46373,-5.371292
2018-07-30,76128533B67748245133340,South Tripura,contained_grid,0.4,0.4,3.3649995,3.3649995,0.00043090433,0.00043090433,3.2004904e-05,1,Low Modelled Signal,False,0.4,0.0,0.0,0.0,0.0,-0.4,-0.4
2018-07-30,76128533B68195849750399,Kupwara,contained_grid,0.082499996,0.19,0.20687498,0.54999995,0.000296499,0.00034099878,1.2455108e-05,4,Low Modelled Signal,False,0.082499996,0.0,0.0,0.0,0.0,-0.082499996,-0.082499996
2018-07-30,76128533B6828791241172,Lohit,contained_grid,8.07,10.15,6.7525,9.965,0.004786007,0.007468429,4.8317208e-05,2,Low Modelled Signal,False,8.07,2.6987057,4.7787056,2.606276,4.686276,-5.4637237,-5.371294
2018-07-30,76128533B68379889579232,West,nearest_grid,2.62,2.62,0.3375,0.3375,0.0047388375,0.0047388375,0.0001601036,1,Low Modelled Signal,False,2.62,0.0,0.0,0.0,0.0,-2.62,-2.62
2018-07-30,76128533B68554447699730,Bareilly,contained_grid,39.232002,42.480003,4.6395006,9.395001,0.15911704,0.23988345,0.0022025255,5,Heavy Rain Watch,False,39.232002,33.86071,37.10871,33.76828,37.01628,-5.463722,-5.371292
2018-07-30,76128533B6884509901047,Subarnapur,contained_grid,27.2025,31.81,36.11469,42.91,0.054160453,0.06889858,0.005959527,4,Low Modelled Signal,False,27.2025,21.831207,26.438705,21.738777,26.346275,-5.463722,-5.371292
2018-07-30,76128533B68984344044805,Ghaziabad,contained_grid,6.6400003,6.6400003,2.6645353e-14,2.6645353e-14,0.0031947223,0.0031947223,0.00034821694,1,Low Modelled Signal,False,6.6400003,1.2687063,1.2687063,1.1762767,1.1762767,-5.4637237,-5.371294
2018-07-30,76128533B69412164931619,Bundi,contained_grid,0.0,0.0,0.25236112,0.6675,0.0005541802,0.0006901325,5.6544286e-05,9,Low Modelled Signal,False,0.0,0.0,0.0,0.0,0.0,0.0,0.0
2018-07-30,76128533B69417260894674,Chhota Udaipur,contained_grid,3.2766666,4.24,2.0775,5.5425,0.0008623893,0.0015075671,0.0001634624,6,Low Modelled Signal,False,3.2766666,0.0,0.0,0.0,0.0,-3.2766666,-3.2766666
2018-07-30,76128533B69438085511257,Anand,contained_grid,2.0025,2.22,2.92375,4.225,0.0002798307,0.0003153908,5.919889e-05,4,Low Modelled Signal,False,2.0025,0.0,0.0,0.0,0.0,-2.0025,-2.0025
2018-07-30,76128533B69481535535995,Khargone (West Nimar),contained_grid,2.653,3.5199997,0.090625,0.50375,0.00045301332,0.0006991834,6.9812086e-05,10,Low Modelled Signal,False,2.653,0.0,0.0,0.0,0.0,-2.653,-2.653
2018-07-30,76128533B69536039643660,Sonipat,contained_grid,3.75,4.19,1.6256249,2.1149998,0.0032753209,0.0033669039,0.00019137611,2,Low Modelled Signal,False,3.75,0.0,0.0,0.0,0.0,-3.75,-3.75
2018-07-30,76128533B69844709752120,Chamoli,contained_grid,13.89,32.800003,7.146875,23.564999,0.012018293,0.041989964,0.0026805915,12,Low Modelled Signal,False,13.89,8.974864,27.428709,8.905541,27.336279,-4.984459,-4.9151363
2018-07-30,76128533B70021405538438,Buldana,contained_grid,0.99,1.9400002,1.199375,6.28875,0.00020228169,0.00025729008,3.519941e-05,16,Low Modelled Signal,False,0.99,0.0,0.0,0.0,0.0,-0.99,-0.99
2018-07-30,76128533B70185077694103,East Jaintia Hills,contained_grid,20.293333,21.61,7.7941666,13.465,0.016374836,0.02098672,0.00032857794,3,Low Modelled Signal,False,20.293333,14.92204,16.238707,14.82961,16.146276,-5.463723,-5.371293
2018-07-30,76128533B70210707786180,Lawngtlai,contained_grid,1.2366666,1.8699999,18.500832,40.832497,0.0010340551,0.0013503794,6.5137305e-05,3,Low Modelled Signal,False,1.2366666,0.0,0.0,0.0,0.0,-1.2366666,-1.2366666
2018-07-30,76128533B70315194619807,Hojai,contained_grid,15.8,15.8,4.3687496,4.3687496,0.0072223004,0.0072223004,0.00017613493,1,Low Modelled Signal,False,15.8,10.428706,10.428706,10.336277,10.336277,-5.463723,-5.371294
2018-07-30,76128533B70554191137208,Jhajjar,contained_grid,1.54,1.9599999,1.7716665,3.6,0.0007732306,0.001110744,4.1747586e-05,3,Low Modelled Signal,False,1.54,0.0,0.0,0.0,0.0,-1.54,-1.54
2018-07-30,76128533B70570208114113,Ribhoi,contained_grid,62.3,75.98,8.93,14.210001,0.028551152,0.03780077,0.0006148687,3,Low Modelled Signal,False,62.3,56.928707,70.60871,56.836277,70.51628,-5.463722,-5.371292
2018-07-30,76128533B70576899889534,Dohad,contained_grid,2.994,3.3000002,0.65250003,2.4950001,0.0003070393,0.00032354493,9.489395e-05,5,Low Modelled Signal,False,2.994,0.0,0.0,0.0,0.0,-2.994,-2.994
2018-07-30,76128533B70646408240587,Chhindwara,contained_grid,0.87333333,1.64,0.07975001,0.54125005,0.00023564664,0.00025409277,3.7243088e-05,15,Low Modelled Signal,False,0.87333333,0.0,0.0,0.0,0.0,-0.87333333,-0.87333333
2018-07-30,76128533B70759200975708,Kalahandi,contained_grid,23.08909,32.52,7.360454,17.42,0.026186507,0.06889858,0.0022535909,11,Low Modelled Signal,False,23.08909,17.717796,27.148706,17.625366,27.056276,-5.463724,-5.371294
2018-07-30,76128533B70842759816811,Cuttack,contained_grid,3.9271429,5.34,20.000715,32.2475,0.0059250565,0.012627271,0.00077762996,7,Low Modelled Signal,False,3.9271429,0.0,0.0,0.0,0.0,-3.9271429,-3.9271429
2018-07-30,76128533B70974512658911,Virudhunagar,contained_grid,3.7380002,6.17,2.2654998,3.66625,0.0003854894,0.00056689855,5.4606287e-05,5,Low Modelled Signal,False,3.7380002,0.22148237,0.79870605,0.18451051,0.7062764,-3.5534897,-3.5165179
2018-07-30,76128533B71056110198347,Medchal,nearest_grid,0.15,0.15,0.03,0.03,0.00015861347,0.00015861347,2.1123707e-05,1,Low Modelled Signal,False,0.15,0.0,0.0,0.0,0.0,-0.15,-0.15
2018-07-30,76128533B71088079535368,Palwal,contained_grid,2.0933335,2.47,5.5620837,9.82125,0.00074907625,0.00077496393,2.8066945e-05,3,Low Modelled Signal,False,2.0933335,0.0,0.0,0.0,0.0,-2.0933335,-2.0933335
2018-07-30,76128533B7124697440629,Fatehpur,contained_grid,33.247143,69.740005,36.09786,52.3575,0.047256228,0.07883012,0.0034356997,7,Low Modelled Signal,False,33.247143,27.87585,64.36871,27.783419,64.27628,-5.463724,-5.371292
2018-07-30,76128533B71254158898830,Pherzawl,contained_grid,9.95,12.809999,25.05875,29.2725,0.005923892,0.007464632,0.00010186797,2,Low Modelled Signal,False,9.95,4.578706,7.4387054,4.4862757,7.346276,-5.463724,-5.371294
2018-07-30,76128533B71271011331008,Khandwa (East Nimar),contained_grid,2.822,3.3200002,0.741375,2.1025,0.00033966685,0.00063558284,7.991275e-05,10,Low Modelled Signal,False,2.822,0.0,0.0,0.0,0.0,-2.822,-2.822
2018-07-30,76128533B71353370080255,North West,contained_grid,2.62,2.62,0.3375,0.3375,0.0047388375,0.0047388375,0.0001601036,1,Low Modelled Signal,False,2.62,0.0,0.0,0.0,0.0,-2.62,-2.62
2018-07-30,76128533B71380851181380,Pune,contained_grid,2.3178947,7.89,0.0,0.0,0.0021907368,0.008095709,0.00029015727,19,Low Modelled Signal,False,2.3178947,0.19091642,2.5187058,0.18118697,2.4262762,-2.1367078,-2.1269784
2018-07-30,76128533B71390118115414,Nadia,contained_grid,40.281666,47.979996,12.611041,17.283749,0.018707238,0.021450236,0.0075091803,6,Low Modelled Signal,False,40.281666,34.910374,42.608704,34.817944,42.516273,-5.463722,-5.371292
2018-07-30,76128533B71439508543442,Ranchi,contained_grid,25.56,37.17,37.29328,54.930004,0.021923978,0.023787264,0.0006556312,8,Low Modelled Signal,False,25.56,20.188705,31.798704,20.096275,31.706274,-5.463724,-5.371294
2018-07-30,76128533B71485440235524,Visakhapatnam,contained_grid,4.233125,8.990001,1.5321875,5.9149995,0.0028521917,0.0054251184,0.00021046994,16,Low Modelled Signal,False,4.233125,0.71397066,3.6187067,0.6850864,3.526277,-3.5480387,-3.5191545
2018-07-30,76128533B7157007143985,Uttar Dinajpur,contained_grid,46.866,53.299995,15.9332485,19.887499,0.0054069823,0.0068281214,0.00038532948,5,Low Modelled Signal,False,46.866,41.49471,47.928703,41.402275,47.836273,-5.463726,-5.371292
2018-07-30,76128533B71714250401862,Dhamtari,contained_grid,0.7933333,1.31,0.94062495,2.885,0.0007022324,0.002083498,3.3519038e-05,6,Low Modelled Signal,False,0.7933333,0.0,0.0,0.0,0.0,-0.7933333,-0.7933333
2018-07-30,76128533B71824979235503,Madurai,contained_grid,1.75,5.16,1.9584999,4.655,0.00027228135,0.00034838213,6.380757e-05,5,Low Modelled Signal,False,1.75,0.0,0.0,0.0,0.0,-1.75,-1.75
2018-07-30,76128533B72079972234594,Ganganagar,contained_grid,0.0026666666,0.04,0.00033333333,0.005,0.00072830287,0.001097018,0.00013508472,15,Low Modelled Signal,False,0.0026666666,0.0,0.0,0.0,0.0,-0.0026666666,-0.0026666666
2018-07-30,76128533B72109128179340,Kadapa(YSR),contained_grid,0.0013636363,0.03,0.17488636,0.66125,0.00022430663,0.00026548014,2.7611557e-05,22,Low Modelled Signal,False,0.0013636363,0.0,0.0,0.0,0.0,-0.0013636363,-0.0013636363
2018-07-30,76128533B72485933575946,East,nearest_grid,4.2799997,4.2799997,5.5777604e-14,5.5777604e-14,0.0030667617,0.0030667617,0.00016492693,1,Low Modelled Signal,False,4.2799997,0.0,0.0,0.0,0.0,-4.2799997,-4.2799997
2018-07-30,76128533B72507508533064,Kolkata,nearest_grid,5.68,5.68,6.0750003,6.0750003,0.007253637,0.007253637,0.0015967927,1,Low Modelled Signal,False,5.68,0.3087058,0.3087058,0.21627617,0.21627617,-5.4637237,-5.371294
2018-07-30,76128533B72541188260561,Guntur,contained_grid,0.033333335,0.25,0.05425,0.42749998,0.00020768984,0.00024129848,2.3442117e-05,15,Low Modelled Signal,False,0.033333335,0.0,0.0,0.0,0.0,-0.033333335,-0.033333335
2018-07-30,76128533B72829420975835,Jogulamba,contained_grid,0.0,0.0,0.148125,0.24,0.00023615008,0.00024527253,2.010388e-05,4,Low Modelled Signal,False,0.0,0.0,0.0,0.0,0.0,0.0,0.0
2018-07-30,76128533B7291413308870,Fazilka,contained_grid,0.6666667,1.03,0.0,0.0,0.00063549133,0.00068988034,0.00011426737,6,Low Modelled Signal,False,0.6666667,0.0,0.0,0.0,0.0,-0.6666667,-0.6666667
2018-07-30,76128533B73736605657091,Bemetra,contained_grid,22.26,28.44,1.7695836,2.9275005,0.022320798,0.023236163,0.00052525086,3,Low Modelled Signal,False,22.26,16.888706,23.068707,16.796276,22.976276,-5.463724,-5.371294
2018-07-30,76128533B73769926250842,Ballia,contained_grid,21.05,22.7,1.918125,2.0825,0.014548056,0.015842395,0.00081722345,4,Low Modelled Signal,False,21.05,15.678706,17.328707,15.586276,17.236277,-5.463723,-5.371293
2018-07-30,76128533B73809971322123,Dausa,contained_grid,1.4666667,2.76,0.15104167,0.51625,0.0015743347,0.002011699,7.493033e-05,6,Low Modelled Signal,False,1.4666667,0.0,0.0,0.0,0.0,-1.4666667,-1.4666667
2018-07-30,76128533B73854359719990,Gajapati,contained_grid,13.286,20.839998,7.2877493,11.112497,0.016553123,0.025403665,0.0022880875,5,Low Modelled Signal,False,13.286,7.9147058,15.468704,7.8222756,15.376274,-5.4637246,-5.3712945
2018-07-30,76128533B73925919155567,Azamgarh,contained_grid,19.411428,29.58,9.854108,13.8075,0.027409807,0.057354454,0.0011505028,7,Low Modelled Signal,False,19.411428,14.040133,24.208706,13.947703,24.116276,-5.463725,-5.371295
2018-07-30,76128533B74057284038879,Rae Bareli,contained_grid,46.73167,71.92999,13.067917,27.922499,0.02722424,0.03338946,0.0025164129,6,Low Modelled Signal,False,46.73167,41.360374,66.5587,41.267944,66.46627,-5.463726,-5.371296
2018-07-30,76128533B74319098136622,Belgaum,contained_grid,0.8452941,3.68,0.32029414,3.01,0.00043882013,0.001328971,0.00014654225,17,Low Modelled Signal,False,0.8452941,0.0,0.0,0.0,0.0,-0.8452941,-0.8452941
2018-07-30,76128533B74381554567803,Devbhumi Dwarka,contained_grid,1.5271429,1.7700001,0.24964285,0.8475,7.745983e-05,8.1682316e-05,9.2697355e-06,7,Low Modelled Signal,False,1.5271429,0.0,0.0,0.0,0.0,-1.5271429,-1.5271429
2018-07-30,76128533B74447895476194,Kota,contained_grid,0.03125,0.2,0.28421873,1.1899999,0.00053386396,0.0005809929,4.9627346e-05,8,Low Modelled Signal,False,0.03125,0.0,0.0,0.0,0.0,-0.03125,-0.03125
2018-07-30,76128533B74482494441458,Bargarh,contained_grid,13.9025,18.949999,17.29953,26.954998,0.036134616,0.05146045,0.0035066253,8,Low Modelled Signal,False,13.9025,8.531206,13.578705,8.438776,13.486275,-5.463724,-5.371294
2018-07-30,76128533B74859418903113,Thane,contained_grid,7.356,9.28,0.0,0.0,0.0060909716,0.007800889,0.00048537194,5,Low Modelled Signal,False,7.356,2.0969648,3.9087057,2.0230212,3.816276,-5.3329787,-5.259035
2018-07-30,76128533B74887942950962,Vikarabad,contained_grid,0.17999999,0.29,0.0175,0.0875,0.00016360675,0.00017410038,2.1472943e-05,5,Low Modelled Signal,False,0.17999999,0.0,0.0,0.0,0.0,-0.17999999,-0.17999999
2018-07-30,76128533B74917207853309,Almora,contained_grid,36.404,42.520004,11.577499,21.7675,0.0150159765,0.016165607,0.00045264387,5,Low Modelled Signal,False,36.404,31.03271,37.148712,30.940277,37.056282,-5.463722,-5.37129
2018-07-30,76128533B74938989340684,Bara Banki,contained_grid,145.332,162.97,32.55025,56.560005,0.12527229,0.187996,0.014070678,5,Heavy Rain Watch,False,145.332,139.96071,157.59871,139.86826,157.50627,-5.463745,-5.371292
2018-07-30,76128533B74958462315105,Pulwama,contained_grid,0.47000003,0.47000003,0.2125,0.2125,5.1453764e-05,5.1453764e-05,3.971451e-06,1,Low Modelled Signal,False,0.47000003,0.0,0.0,0.0,0.0,-0.47000003,-0.47000003
2018-07-30,76128533B74961596993088,Sheohar,contained_grid,46.55,46.55,18.43,18.43,0.0053273807,0.0053273807,0.00034979123,1,Low Modelled Signal,False,46.55,41.178703,41.178703,41.086277,41.086277,-5.463722,-5.371296
2018-07-30,76128533B74992405432705,Rajkot,contained_grid,1.7360001,2.0900002,2.2322497,11.403749,0.00032233103,0.00037415038,4.5507655e-05,10,Low Modelled Signal,False,1.7360001,0.0,0.0,0.0,0.0,-1.7360001,-1.7360001
2018-07-30,76128533B75110579117636,Dharwad,contained_grid,0.6225,0.8500001,0.0,0.0,0.00017659346,0.00021471494,2.429017e-05,4,Low Modelled Signal,False,0.6225,0.0,0.0,0.0,0.0,-0.6225,-0.6225
2018-07-30,76128533B75262864015847,Una,contained_grid,1.25,1.61,0.0,0.0,0.00092006824,0.0009243237,1.1705194e-05,2,Low Modelled Signal,False,1.25,0.0,0.0,0.0,0.0,-1.25,-1.25
2018-07-30,76128533B75359793481950,Lahul & Spiti,contained_grid,0.69722223,2.06,1.4925694,4.6549997,0.00017235063,0.00030798573,1.5531117e-05,18,Low Modelled Signal,False,0.69722223,0.0,0.0,0.0,0.0,-0.69722223,-0.69722223
2018-07-30,76128533B7545062765383,Sambhal,contained_grid,15.27,17.54,21.391562,22.858747,0.058614433,0.10479074,0.001166214,4,Heavy Rain Watch,False,15.27,9.898706,12.168707,9.806276,12.076277,-5.463724,-5.371294
2018-07-30,76128533B75519739609062,Ernakulam,contained_grid,13.092,14.749999,37.0475,53.0325,0.0046983035,0.006382464,0.00021214105,5,Low Modelled Signal,False,13.092,7.720706,9.378705,7.628276,9.286276,-5.463724,-5.371294
2018-07-30,76128533B75529869544465,Giridih,contained_grid,34.29,39.22,13.041606,17.7075,0.021640588,0.024646115,0.0017257151,7,Low Modelled Signal,False,34.29,28.918707,33.84871,28.826277,33.75628,-5.463724,-5.371294
2018-07-30,76128533B75548370501185,Ashoknagar,contained_grid,0.14333333,0.16999999,0.28229165,1.4599999,0.00067975814,0.0013835195,1.7844957e-05,6,Low Modelled Signal,False,0.14333333,0.0,0.0,0.0,0.0,-0.14333333,-0.14333333
2018-07-30,76128533B75696328527555,Thrissur,contained_grid,12.525,12.86,28.2875,29.465,0.0034767636,0.0036986254,0.00013296762,2,Low Modelled Signal,False,12.525,7.153706,7.4887056,7.0612764,7.396276,-5.463723,-5.3712935
2018-07-30,76128533B75922461866405,Barmer,contained_grid,0.086500004,0.48000002,0.0216875,0.21124999,0.00023374849,0.00035861952,5.729535e-05,40,Low Modelled Signal,False,0.086500004,0.0,0.0,0.0,0.0,-0.086500004,-0.086500004
2018-07-30,76128533B76058958071350,Upper Siang,contained_grid,8.442727,18.560001,10.68341,17.740002,0.0045533017,0.010105977,0.00018687196,11,Low Modelled Signal,False,8.442727,3.569059,13.188707,3.5018373,13.096277,-4.94089,-4.873668
2018-07-30,76128533B7606365706860,Gandhinagar,contained_grid,1.2333332,1.28,0.067499995,0.125,0.00022062182,0.00023761416,5.286128e-05,3,Low Modelled Signal,False,1.2333332,0.0,0.0,0.0,0.0,-1.2333332,-1.2333332
2018-07-30,76128533B76129461078086,East Kameng,contained_grid,49.778336,67.850006,13.176666,28.539999,0.025221338,0.046449788,0.0008112479,6,Low Modelled Signal,False,49.778336,44.407043,62.478714,44.31461,62.386284,-5.463726,-5.371292
2018-07-30,76128533B7622369120497,Varanasi,contained_grid,11.1125,15.349999,10.295,15.837501,0.01933998,0.024627518,0.0005411942,4,Low Modelled Signal,False,11.1125,5.741206,9.978705,5.648777,9.886276,-5.463723,-5.371294
2018-07-30,76128533B76286653784168,Gondiya,contained_grid,2.6725001,3.3400002,0.00125,0.01,0.00042250496,0.00071800436,3.938229e-05,8,Low Modelled Signal,False,2.6725001,0.0,0.0,0.0,0.0,-2.6725001,-2.6725001
2018-07-30,76128533B7643504807381,Kanshiram Nagar,contained_grid,22.200003,29.260002,38.9925,50.704998,0.1269008,0.29492176,0.0015425603,3,Heavy Rain Watch,False,22.200003,16.828707,23.888708,16.736277,23.796278,-5.463726,-5.371296
2018-07-30,76128533B76479861129777,Kheri,contained_grid,45.601,90.909996,22.979126,83.37,0.090399876,0.24758539,0.014902627,10,Heavy Rain Watch,False,45.601,40.229706,85.538704,40.137276,85.44627,-5.463726,-5.371296
2018-07-30,76128533B76927648517269,Bangalore,contained_grid,0.20333333,0.47,0.23583333,0.5925,0.0001406475,0.0001547416,4.1147705e-05,3,Low Modelled Signal,False,0.20333333,0.0,0.0,0.0,0.0,-0.20333333,-0.20333333
2018-07-30,76128533B77134386587213,North Tripura,contained_grid,6.65,11.26,10.442499,12.989999,0.002590354,0.003642003,0.00035489743,2,Low Modelled Signal,False,6.65,2.944353,5.888706,2.8981383,5.7962766,-3.7518618,-3.705647
2018-07-30,76128533B77191913035963,Neemuch,contained_grid,0.5466667,1.16,0.27520832,0.4725,0.000269643,0.0003609318,3.8865914e-05,6,Low Modelled Signal,False,0.5466667,0.0,0.0,0.0,0.0,-0.5466667,-0.5466667
2018-07-30,76128533B77336742344288,Mamit,contained_grid,3.166667,8.450001,15.002083,20.83625,0.0013487395,0.0027962918,0.00023822072,3,Low Modelled Signal,False,3.166667,1.0262356,3.0787067,0.9954257,2.986277,-2.1712413,-2.1404314
2018-07-30,76128533B77537928419507,Shimla,contained_grid,1.2811112,2.82,0.59333336,3.8250003,0.00043873655,0.0011384449,3.0647578e-05,9,Low Modelled Signal,False,1.2811112,0.0,0.0,0.0,0.0,-1.2811112,-1.2811112
2018-07-30,76128533B77719785699048,Nayagarh,contained_grid,4.38,8.440001,30.755209,53.354996,0.012709297,0.022553176,0.0004628963,6,Low Modelled Signal,False,4.38,0.51145107,3.0687065,0.49604616,2.9762769,-3.883954,-3.868549
2018-07-30,76128533B78458325839103,Kalimpong,contained_grid,66.59,72.24,10.889375,15.3275,0.0282817,0.037263922,0.008448056,2,Low Modelled Signal,False,66.59,61.218708,66.868706,61.126278,66.776276,-5.4637184,-5.3712883
2018-07-30,76128533B78482805703540,Seoni,contained_grid,1.4546154,2.81,0.044423077,0.5775,0.00041861803,0.0009837975,2.570573e-05,13,Low Modelled Signal,False,1.4546154,0.0,0.0,0.0,0.0,-1.4546154,-1.4546154
2018-07-30,76128533B7851306475665,Surendranagar,contained_grid,0.93153846,1.24,1.2321154,2.82,0.00020593478,0.00026217988,0.0001039613,13,Low Modelled Signal,False,0.93153846,0.0,0.0,0.0,0.0,-0.93153846,-0.93153846
2018-07-30,76128533B7879459377699,Ambedkar Nagar,contained_grid,99.805,118.83,21.111874,23.774998,0.07223861,0.07755811,0.00066695985,2,Low Modelled Signal,False,99.805,94.43371,113.45871,94.34128,113.36628,-5.463722,-5.371292
2018-07-30,76128533B78904410352326,Kaimur (Bhabua),contained_grid,17.676666,22.29,17.847708,22.775,0.021333048,0.030061873,0.00052588695,6,Low Modelled Signal,False,17.676666,12.305373,16.918707,12.212943,16.826277,-5.463723,-5.371293
2018-07-30,76128533B78970756356546,Khagaria,contained_grid,30.614998,33.059998,33.10688,50.077507,0.008572804,0.008921884,0.00045498856,2,Low Modelled Signal,False,30.614998,25.243704,27.688704,25.151274,27.596273,-5.463724,-5.371294
2018-07-30,76128533B79048012717121,Guna,contained_grid,0.30888888,0.74,0.06555555,0.585,0.00046768185,0.0005325189,5.2752304e-05,9,Low Modelled Signal,False,0.30888888,0.0,0.0,0.0,0.0,-0.30888888,-0.30888888
2018-07-30,76128533B79087524886024,Mandla,contained_grid,2.8244445,5.77,0.53263885,3.7299998,0.0013193542,0.002167697,6.9351125e-05,9,Low Modelled Signal,False,2.8244445,0.04430066,0.39870596,0.034030702,0.30627632,-2.7904139,-2.780144
2018-07-30,76128533B79135514077232,Theni,contained_grid,3.17,4.34,2.3141668,4.515,0.000681176,0.0016098061,8.739124e-05,3,Low Modelled Signal,False,3.17,0.0,0.0,0.0,0.0,-3.17,-3.17
2018-07-30,76128533B79180273895456,Uttara Kannada,contained_grid,4.813077,9.309999,0.15615384,2.03,0.0030607437,0.01180658,0.00028440755,13,Low Modelled Signal,False,4.813077,1.0302715,3.9387054,0.99472165,3.8462758,-3.8183553,-3.7828054
2018-07-30,76128533B79263581040575,Ramgarh,contained_grid,39.625,40.149998,29.855003,46.587505,0.019911116,0.024355229,0.001548514,2,Low Modelled Signal,False,39.625,34.253704,34.7787,34.161278,34.686275,-5.463722,-5.371296
2018-07-30,76128533B79303776608295,Shahdol,contained_grid,10.952499,21.429998,3.2140625,9.059999,0.015857669,0.022225061,0.00019819327,8,Low Modelled Signal,False,10.952499,5.8752794,16.058704,5.805957,15.966274,-5.1465425,-5.07722
2018-07-30,76128533B79600797037735,Ramanagara,contained_grid,0.5025,0.61,0.44093752,0.80500007,0.00014193339,0.00015333598,3.8941507e-05,4,Low Modelled Signal,False,0.5025,0.0,0.0,0.0,0.0,-0.5025,-0.5025
2018-07-30,76128533B79601545186231,Koppal,contained_grid,0.042499997,0.06999999,0.6517188,1.9525001,0.00016627493,0.00019989362,2.5299913e-05,8,Low Modelled Signal,False,0.042499997,0.0,0.0,0.0,0.0,-0.042499997,-0.042499997
2018-07-30,76128533B79652855441225,Kathua,contained_grid,0.37999997,0.9499999,0.040999997,0.20499998,0.00052397914,0.00085529307,1.9479481e-05,5,Low Modelled Signal,False,0.37999997,0.0,0.0,0.0,0.0,-0.37999997,-0.37999997
2018-07-30,76128533B79750857313751,South Garo Hills,contained_grid,34.510002,37.850002,20.18625,28.825,0.015180564,0.017181616,0.00035559252,2,Low Modelled Signal,False,34.510002,29.138706,32.478706,29.046276,32.38628,-5.463726,-5.371296
2018-07-30,76128533B79784438258239,Etawah,contained_grid,37.24,44.079998,50.151672,63.640003,0.1381244,0.20279497,0.0029280994,3,Heavy Rain Watch,False,37.24,31.868706,38.708702,31.776276,38.616276,-5.463726,-5.371296
2018-07-30,76128533B80016894369263,Mewat,contained_grid,1.9566666,2.5500002,2.0625,3.8224998,0.00091276114,0.0013357373,2.687588e-05,3,Low Modelled Signal,False,1.9566666,0.0,0.0,0.0,0.0,-1.9566666,-1.9566666
2018-07-30,76128533B80299348876357,Kanpur Dehat,contained_grid,46.575996,52.46,75.924255,106.850006,0.059786983,0.094679356,0.00071310875,5,Low Modelled Signal,False,46.575996,41.204704,47.088707,41.112274,46.996277,-5.463722,-5.371292
2018-07-30,76128533B80656256583567,Puri,contained_grid,6.1740003,12.860001,54.955494,74.127495,0.014799029,0.023006449,0.0041143466,5,Low Modelled Signal,False,6.1740003,1.7834826,7.4887066,1.7465107,7.396277,-4.4274893,-4.3905177
2018-07-30,76128533B80772392204057,Chikkaballapura,contained_grid,0.166,0.31,0.68925,1.1175,0.00018236405,0.0002266906,5.2454983e-05,5,Low Modelled Signal,False,0.166,0.0,0.0,0.0,0.0,-0.166,-0.166
2018-07-30,76128533B80916614857890,Gumla,contained_grid,26.791666,30.310001,38.790417,59.339996,0.026592283,0.037734702,0.0015636203,6,Low Modelled Signal,False,26.791666,21.420374,24.938707,21.327944,24.846277,-5.463722,-5.371292
2018-07-30,76128533B80958502091898,Datia,contained_grid,8.955,15.780001,74.14687,112.89499,0.0335254,0.061190117,0.0003074749,4,Low Modelled Signal,False,8.955,3.9243531,10.408707,3.878138,10.316277,-5.076862,-5.030647
2018-07-30,76128533B80966996849325,Kannauj,contained_grid,45.78,57.5,50.742916,54.0025,0.09824109,0.20328574,0.001557384,3,Heavy Rain Watch,False,45.78,40.408707,52.128708,40.316277,52.036278,-5.463722,-5.371292
2018-07-30,76128533B81147724102706,Baleshwar,contained_grid,11.124001,19.65,11.281749,28.252495,0.01869165,0.03951922,0.0052037993,5,Low Modelled Signal,False,11.124001,6.376965,14.278706,6.3030214,14.1862755,-4.820979,-4.7470355
2018-07-30,76128533B81419063387740,Shahdara,nearest_grid,4.2799997,4.2799997,5.5777604e-14,5.5777604e-14,0.0030667617,0.0030667617,0.00016492693,1,Low Modelled Signal,False,4.2799997,0.0,0.0,0.0,0.0,-4.2799997,-4.2799997
2018-07-30,76128533B81607600692021,Panna,contained_grid,21.324444,27.010002,9.197499,21.3175,0.028697666,0.07293036,0.00035144616,9,Low Modelled Signal,False,21.324444,15.953151,21.638708,15.860722,21.546278,-5.463722,-5.371293
2018-07-30,76128533B81661995166840,Mahesana,contained_grid,1.3466667,1.8800001,0.0029166667,0.015,0.00020340271,0.00023479733,5.0713894e-05,6,Low Modelled Signal,False,1.3466667,0.0,0.0,0.0,0.0,-1.3466667,-1.3466667
2018-07-30,76128533B81694682724865,Uttarkashi,contained_grid,5.2736363,9.490001,4.1570454,12.395001,0.0038347319,0.01079902,0.00025226857,11,Low Modelled Signal,False,5.2736363,1.1386204,4.1187067,1.1050096,4.026277,-4.168627,-4.135016
2018-07-30,76128533B81857725777974,Hugli,contained_grid,13.623333,18.17,13.197499,18.42,0.012037116,0.01405968,0.004546241,3,Low Modelled Signal,False,13.623333,8.25204,12.798706,8.15961,12.706276,-5.463723,-5.371293
2018-07-30,76128533B81964529079574,Bilaspur,contained_grid,20.358334,22.460001,1.765625,4.125,0.021609047,0.025266472,0.00040186703,6,Low Modelled Signal,False,20.358334,14.987039,17.088707,14.8946085,16.996277,-5.463725,-5.371295
2018-07-30,76128533B82052450002431,Tuensang,contained_grid,33.736668,41.7,47.789165,50.754997,0.016561022,0.020024141,0.000142035,3,Low Modelled Signal,False,33.736668,28.365372,36.328705,28.272943,36.23628,-5.463724,-5.371296
2018-07-30,76128533B8221925175605,Baksa,contained_grid,32.245,41.35,23.370625,33.765,0.032940146,0.049400058,0.0107571995,4,Low Modelled Signal,False,32.245,26.873707,35.978706,26.781277,35.886276,-5.463722,-5.371292
2018-07-30,76128533B82240600990321,Sheopur,contained_grid,0.025,0.2,0.735,2.54,0.0005251428,0.0006658437,3.611757e-05,8,Low Modelled Signal,False,0.025,0.0,0.0,0.0,0.0,-0.025,-0.025
2018-07-30,76128533B82279368215419,Kakching,contained_grid,12.51,12.51,19.1475,19.1475,0.010053816,0.010053816,0.0003091639,1,Low Modelled Signal,False,12.51,7.138706,7.138706,7.0462766,7.0462766,-5.4637237,-5.371294
2018-07-30,76128533B82539771173603,Wayanad,contained_grid,2.9250002,4.0800004,9.088751,14.055001,0.0007287389,0.0011622563,0.000101592675,2,Low Modelled Signal,False,2.9250002,0.0,0.0,0.0,0.0,-2.9250002,-2.9250002
2018-07-30,76128533B82559220423608,Betul,contained_grid,2.738125,3.5100002,0.0921875,0.555,0.00045548752,0.0006150367,7.991275e-05,16,Low Modelled Signal,False,2.738125,0.0,0.0,0.0,0.0,-2.738125,-2.738125
2018-07-30,76128533B82601690264832,Sangrur,contained_grid,3.1785715,4.9900002,0.8298214,2.485,0.001508501,0.0026075367,7.985213e-05,7,Low Modelled Signal,False,3.1785715,0.0,0.0,0.0,0.0,-3.1785715,-3.1785715
2018-07-30,76128533B82793215586362,Mokokchung,contained_grid,14.025,14.150001,56.03562,74.76625,0.00896392,0.009603101,0.0009044165,2,Low Modelled Signal,False,14.025,8.653706,8.778707,8.561276,8.686277,-5.463723,-5.371294
2018-07-30,76128533B83105693975079,Yanam,nearest_grid,2.75,2.75,0.78,0.78,0.002288016,0.002288016,0.00014365508,1,Low Modelled Signal,False,2.75,0.0,0.0,0.0,0.0,-2.75,-2.75
2018-07-30,76128533B83278580643229,Bagalkot,contained_grid,0.13555557,0.29,0.44041666,3.62,0.00019563737,0.00022800456,2.5299913e-05,9,Low Modelled Signal,False,0.13555557,0.0,0.0,0.0,0.0,-0.13555557,-0.13555557
2018-07-30,76128533B83462627230182,Bhagalpur,contained_grid,54.623333,57.420002,11.963333,16.739998,0.011833073,0.013183974,0.0008245314,3,Low Modelled Signal,False,54.623333,49.25204,52.048706,49.15961,51.95628,-5.463722,-5.371292
2018-07-30,76128533B83644689337946,Kancheepuram,contained_grid,0.8899999,1.7499999,2.25625,3.27875,0.00022714962,0.0003913174,3.8979335e-05,3,Low Modelled Signal,False,0.8899999,0.0,0.0,0.0,0.0,-0.8899999,-0.8899999
2018-07-30,76128533B83861010847920,Malappuram,contained_grid,5.2266665,9.17,22.957499,40.5725,0.0017865878,0.0052700136,0.0001336722,6,Low Modelled Signal,False,5.2266665,0.6779019,3.798706,0.64709204,3.7062764,-4.5795746,-4.5487647
2018-07-30,76128533B84094142280102,Jodhpur,contained_grid,0.010294117,0.04,0.00018382353,0.00375,0.00023576363,0.00029191855,2.5289628e-05,34,Low Modelled Signal,False,0.010294117,0.0,0.0,0.0,0.0,-0.010294117,-0.010294117
2018-07-30,76128533B84129562351919,Sambalpur,contained_grid,15.655454,28.55,27.765228,35.771248,0.036230277,0.053848844,0.0045662383,11,Low Modelled Signal,False,15.655454,10.291551,23.178705,10.207523,23.086275,-5.4479303,-5.363903
2018-07-30,76128533B8426545955058,Amritsar,contained_grid,3.66,4.13,0.99624985,1.8849998,0.0013282167,0.0013968126,1.9394534e-05,2,Low Modelled Signal,False,3.66,0.0,0.0,0.0,0.0,-3.66,-3.66
2018-07-30,76128533B84398038505400,Mulugu,contained_grid,1.4650002,1.8700001,0.35625,0.7975,0.00032390974,0.0006224953,2.0021645e-05,4,Low Modelled Signal,False,1.4650002,0.0,0.0,0.0,0.0,-1.4650002,-1.4650002
2018-07-30,76128533B84417945851362,Porbandar,contained_grid,2.342,2.95,1.2155001,2.3275003,0.0002208004,0.00058486423,1.4863904e-05,5,Low Modelled Signal,False,2.342,0.0,0.0,0.0,0.0,-2.342,-2.342
2018-07-30,76128533B84622469201834,West Jaintia Hills,contained_grid,28.886667,36.09,8.74,12.985,0.0207331,0.024460237,0.0009857978,3,Low Modelled Signal,False,28.886667,23.515373,30.718706,23.422943,30.626276,-5.463724,-5.371294
2018-07-30,76128533B84676164211579,Hydrabad,contained_grid,0.15,0.15,0.03,0.03,0.00015861347,0.00015861347,2.1123707e-05,1,Low Modelled Signal,False,0.15,0.0,0.0,0.0,0.0,-0.15,-0.15
2018-07-30,76128533B84679668760735,Budaun,contained_grid,27.253334,40.65,25.638542,38.7875,0.15130554,0.2368632,0.0012857332,6,Heavy Rain Watch,False,27.253334,21.88204,35.27871,21.78961,35.18628,-5.463724,-5.371294
2018-07-30,76128533B84689409020934,Upper Subansiri,contained_grid,23.344286,36.890003,9.500893,15.382501,0.009679326,0.014968268,0.00028156917,7,Low Modelled Signal,False,23.344286,17.972992,31.51871,17.880564,31.42628,-5.463722,-5.371294
2018-07-30,76128533B84772375641700,Baudh,contained_grid,16.272501,27.150002,31.686874,40.717503,0.03270905,0.048574705,0.008434193,4,Low Modelled Signal,False,16.272501,10.901207,21.778708,10.808777,21.686277,-5.463724,-5.371294
2018-07-30,76128533B84772439394056,Mainpuri,contained_grid,49.455,63.670002,42.825623,47.11999,0.26449108,0.45824352,0.0011223288,4,Heavy Rain Watch,False,49.455,44.08371,58.298706,43.99128,58.20628,-5.463722,-5.371292
2018-07-30,76128533B84837672903805,Sirsa,contained_grid,0.15333334,0.35000002,0.0,0.0,0.000579674,0.00060374493,0.00014908354,6,Low Modelled Signal,False,0.15333334,0.0,0.0,0.0,0.0,-0.15333334,-0.15333334
2018-07-30,76128533B84927972855096,Yadgir,contained_grid,0.0033333332,0.01,0.015000001,0.060000002,0.00021952264,0.0002455228,2.1472943e-05,6,Low Modelled Signal,False,0.0033333332,0.0,0.0,0.0,0.0,-0.0033333332,-0.0033333332
2018-07-30,76128533B85157820615002,Yadadri Bhongiri,contained_grid,0.015,0.04,0.845625,1.6574999,0.00019865703,0.00027076862,2.3583372e-05,4,Low Modelled Signal,False,0.015,0.0,0.0,0.0,0.0,-0.015,-0.015
2018-07-30,76128533B85389886560116,Shimoga,contained_grid,3.6399999,10.09,1.4163462,7.695,0.0017669171,0.007141869,0.00041901556,13,Low Modelled Signal,False,3.6399999,0.8458552,4.718706,0.82452524,4.6262765,-2.8154745,-2.7941446
2018-07-30,76128533B85627242103654,Lakhimpur,contained_grid,25.795,41.73,58.983334,127.6375,0.013427696,0.020557422,0.0014318262,6,Low Modelled Signal,False,25.795,20.423706,36.358704,20.331276,36.266277,-5.463724,-5.371294
2018-07-30,76128533B85695392289827,Bilaspur,contained_grid,0.94,1.48,0.0,0.0,0.00077043765,0.0009718528,8.482366e-06,2,Low Modelled Signal,False,0.94,0.0,0.0,0.0,0.0,-0.94,-0.94
2018-07-30,76128533B85747247216737,Dimapur,contained_grid,7.02,7.02,30.325,30.325,0.0043135644,0.0043135644,6.5475426e-05,1,Low Modelled Signal,False,7.02,1.648706,1.648706,1.5562763,1.5562763,-5.4637237,-5.371294
2018-07-30,76128533B8575303957680,Ratnagiri,contained_grid,8.272727,9.96,0.0,0.0,0.00998514,0.012790696,0.0006321332,11,Low Modelled Signal,False,8.272727,2.9014332,4.588706,2.8090036,4.4962764,-5.463723,-5.371294
2018-07-30,76128533B85917349021677,Malkangiri,contained_grid,9.89375,15.299999,0.39140624,0.81125,0.0044772495,0.0064281723,0.000585369,8,Low Modelled Signal,False,9.89375,4.7026176,9.928705,4.621742,9.836275,-5.2720084,-5.1911325
2018-07-30,76128533B86048662040782,Panipat,contained_grid,8.440001,8.440001,1.675,1.675,0.0044331476,0.0044331476,0.00048303604,1,Low Modelled Signal,False,8.440001,3.0687065,3.0687065,2.9762769,2.9762769,-5.4637237,-5.371294
2018-07-30,76128533B86135761305702,Jhunjhunun,contained_grid,0.00125,0.01,0.02578125,0.09499999,0.0006446405,0.0007392508,5.391105e-05,8,Low Modelled Signal,False,0.00125,0.0,0.0,0.0,0.0,-0.00125,-0.00125
2018-07-30,76128533B86368264587575,Alappuzha,contained_grid,14.8550005,14.93,100.05501,121.545006,0.0029914004,0.0034622422,0.00039357445,2,Low Modelled Signal,False,14.8550005,9.483706,9.558706,9.391276,9.466276,-5.463724,-5.371294
2018-07-30,76128533B86424887513424,Hingoli,contained_grid,0.67,0.92,0.31166667,0.515,0.00021131027,0.00030947628,2.2188902e-05,6,Low Modelled Signal,False,0.67,0.0,0.0,0.0,0.0,-0.67,-0.67
2018-07-30,76128533B86430586962522,Viluppuram,contained_grid,0.5933333,2.84,18.406876,29.207502,0.00020105745,0.0004498887,5.6725687e-05,6,Low Modelled Signal,False,0.5933333,0.0,0.0,0.0,0.0,-0.5933333,-0.5933333
2018-07-30,76128533B86721175299079,Haveri,contained_grid,0.522,0.83,0.0,0.0,0.00015094479,0.00018636894,2.429017e-05,5,Low Modelled Signal,False,0.522,0.0,0.0,0.0,0.0,-0.522,-0.522
2018-07-30,76128533B87051210355251,Muzaffarnagar,contained_grid,7.068,8.57,0.68775,1.8724998,0.005347889,0.006568357,0.0021054267,5,Low Modelled Signal,False,7.068,1.6967056,3.1987057,1.6042761,3.106276,-5.4637237,-5.371294
2018-07-30,76128533B87317961648652,Hapur,contained_grid,7.24,7.24,21.892498,21.892498,0.0081948815,0.0081948815,0.0014906556,1,Low Modelled Signal,False,7.24,1.8687057,1.8687057,1.7762761,1.7762761,-5.4637237,-5.371294
2018-07-30,76128533B87327155385261,Kulgam,contained_grid,4.105,4.27,0.0,0.0,0.0003856052,0.0004047904,4.1381365e-05,2,Low Modelled Signal,False,4.105,0.0,0.0,0.0,0.0,-4.105,-4.105
2018-07-30,76128533B87371000929659,Balrampur,contained_grid,53.390003,63.780003,8.267917,10.9725,0.04301582,0.05480479,0.00083003804,3,Low Modelled Signal,False,53.390003,48.018707,58.408707,47.92628,58.31628,-5.463722,-5.371296
2018-07-30,76128533B87515288456202,Sant Ravidas Nagar (Bhadohi),contained_grid,15.99,16.039999,3.6074998,4.3349996,0.02047361,0.025236277,0.00071751175,2,Low Modelled Signal,False,15.99,10.618706,10.668705,10.526276,10.576275,-5.463724,-5.371294
2018-07-30,76128533B87833640460819,Hardwar,contained_grid,3.5966663,4.5299997,0.17958333,0.35875,0.0034303672,0.0052704723,4.707629e-05,3,Low Modelled Signal,False,3.5966663,0.0,0.0,0.0,0.0,-3.5966663,-3.5966663
2018-07-30,76128533B8798165946807,Kandhamal,contained_grid,10.349999,18.64,22.368067,29.109997,0.01512332,0.032688316,0.0094331475,11,Low Modelled Signal,False,10.349999,4.978706,13.268705,4.8862762,13.176275,-5.463723,-5.3712935
2018-07-30,76128533B88214376170788,Badgam,nearest_grid,2.2799997,2.2799997,0.0,0.0,0.00028541766,0.00028541766,1.6023554e-05,1,Low Modelled Signal,False,2.2799997,0.0,0.0,0.0,0.0,-2.2799997,-2.2799997
2018-07-30,76128533B88466433485589,Nagapattinam,contained_grid,5.25,5.92,1.32,2.605,0.0007844127,0.0010687372,6.1956074e-05,2,Low Modelled Signal,False,5.25,0.27435303,0.54870605,0.22813821,0.45627642,-5.021862,-4.975647
2018-07-30,76128533B88481188307630,Muzaffarpur,contained_grid,55.93,67.81,12.45,30.7725,0.008195344,0.011757436,0.0006812602,4,Low Modelled Signal,False,55.93,50.55871,62.438705,50.466278,62.346275,-5.463722,-5.371292
2018-07-30,76128533B88623139855224,Mau,contained_grid,15.5175,22.179998,2.2746875,2.66125,0.008806013,0.00959325,0.00074306503,4,Low Modelled Signal,False,15.5175,10.146206,16.808704,10.053776,16.716274,-5.463724,-5.371294
2018-07-30,76128533B88669134807148,Chengalputtu,contained_grid,0.093333334,0.17,0.20125,0.515,0.00017981026,0.00027119325,3.8102506e-05,3,Low Modelled Signal,False,0.093333334,0.0,0.0,0.0,0.0,-0.093333334,-0.093333334
2018-07-30,76128533B88758450653156,Mathura,contained_grid,5.364,10.419999,28.338501,35.965,0.0035000793,0.006383316,0.00020930772,5,Low Modelled Signal,False,5.364,1.0594822,5.048705,1.0225103,4.9562755,-4.34149,-4.3045177
2018-07-30,76128533B8878807356913,Mahamaya Nagar,contained_grid,3.3500001,3.3500001,37.364998,37.364998,0.0032105735,0.0032105735,7.56083e-05,1,Low Modelled Signal,False,3.3500001,0.0,0.0,0.0,0.0,-3.3500001,-3.3500001
2018-07-30,76128533B88812350838807,Paschim Medinipur,contained_grid,11.27875,16.48,13.516562,25.875,0.014677799,0.03030583,0.0026822418,8,Low Modelled Signal,False,11.27875,5.907456,11.1087055,5.8150263,11.016275,-5.463724,-5.3712945
2018-07-30,76128533B8892495882090,Nalgonda,contained_grid,0.0,0.0,0.15875,0.57624996,0.00023180345,0.00023947605,2.2349817e-05,9,Low Modelled Signal,False,0.0,0.0,0.0,0.0,0.0,0.0,0.0
2018-07-30,76128533B89024397489955,Chennai,contained_grid,2.01,2.01,0.08,0.08,0.001017829,0.001017829,0.00012801136,1,Low Modelled Signal,False,2.01,0.0,0.0,0.0,0.0,-2.01,-2.01
2018-07-30,76128533B8920527783032,Tinsukia,contained_grid,4.181667,10.620002,8.439374,16.204998,0.0028965927,0.0057100565,0.00020239077,6,Low Modelled Signal,False,4.181667,1.0329024,5.248708,1.0020925,5.156278,-3.1795745,-3.1487646
2018-07-30,76128533B89228414823983,Charaideo,contained_grid,14.549999,14.549999,25.909998,25.909998,0.006805522,0.006805522,0.00054010004,1,Low Modelled Signal,False,14.549999,9.178705,9.178705,9.086275,9.086275,-5.463724,-5.371294
2018-07-30,76128533B89286042589317,Ujjain,contained_grid,2.06125,2.3799999,0.39624998,0.7699999,0.00033615745,0.00040378174,4.8089933e-05,8,Low Modelled Signal,False,2.06125,0.0,0.0,0.0,0.0,-2.06125,-2.06125
2018-07-30,76128533B8930157583904,Jangaon,contained_grid,0.023333333,0.04,0.26083332,0.78249997,0.00022190403,0.0002295398,2.3557932e-05,3,Low Modelled Signal,False,0.023333333,0.0,0.0,0.0,0.0,-0.023333333,-0.023333333
2018-07-30,76128533B89374164863010,Vellore,contained_grid,0.0,0.0,0.2684375,0.40249997,0.00014849732,0.0001664766,2.6363712e-05,4,Low Modelled Signal,False,0.0,0.0,0.0,0.0,0.0,0.0,0.0
2018-07-30,76128533B89438858641946,Korba,contained_grid,20.088001,23.56,1.6045,5.8675,0.023870395,0.02885799,0.00056640786,10,Low Modelled Signal,False,20.088001,14.716705,18.188705,14.624275,18.096275,-5.463726,-5.371296
2018-07-30,76128533B89575258858457,Tiruvannamalai,contained_grid,0.008571428,0.04,0.6901785,1.7499999,0.00011440376,0.00016602689,1.8963043e-05,7,Low Modelled Signal,False,0.008571428,0.0,0.0,0.0,0.0,-0.008571428,-0.008571428
2018-07-30,76128533B89925537847414,Sivaganga,contained_grid,2.02,4.2599998,5.147083,11.998749,0.0003115478,0.00034998273,3.4128436e-05,3,Low Modelled Signal,False,2.02,0.0,0.0,0.0,0.0,-2.02,-2.02
2018-07-30,76128533B89979485471283,Narayanpur,contained_grid,3.1333332,4.09,1.3008333,4.55,0.00071668165,0.0009230157,5.8276324e-05,6,Low Modelled Signal,False,3.1333332,0.0,0.0,0.0,0.0,-3.1333332,-3.1333332
2018-07-30,76128533B8998698404381,Sitapur,contained_grid,120.04556,160.09,60.705418,76.12375,0.24987476,0.48504683,0.029423159,9,Heavy Rain Watch,False,120.04556,114.67426,154.7187,114.581825,154.62627,-5.4637375,-5.3712997
2018-07-30,76128533B90068096507942,Deoghar,contained_grid,40.2875,45.93,15.90125,25.484997,0.026754122,0.031004155,0.0005321589,4,Low Modelled Signal,False,40.2875,34.916206,40.55871,34.823776,40.466278,-5.463722,-5.371292
2018-07-30,76128533B90071703601852,Pilibhit,contained_grid,26.436666,34.34,3.3335419,10.585001,0.05375283,0.14164191,0.0028387948,6,Heavy Rain Watch,False,26.436666,21.065374,28.968706,20.972944,28.876276,-5.463722,-5.371292
2018-07-30,76128533B90169585758701,Balod,contained_grid,0.53333336,0.86,0.0,0.0,0.0002347711,0.0002865352,2.0008163e-05,6,Low Modelled Signal,False,0.53333336,0.0,0.0,0.0,0.0,-0.53333336,-0.53333336
2018-07-30,76128533B90384580518633,Madhubani,contained_grid,17.972,28.439999,17.29625,26.339998,0.005053286,0.0075411904,0.00038112595,5,Low Modelled Signal,False,17.972,12.600706,23.068705,12.508276,22.976274,-5.463724,-5.371294
2018-07-30,76128533B90551733723251,Gwalior,contained_grid,7.9585714,14.62,39.7216,79.005,0.026023585,0.056457333,0.00034955842,7,Low Modelled Signal,False,7.9585714,3.4447901,9.248706,3.378769,9.156277,-4.5798025,-4.5137815
2018-07-30,76128533B90913053845537,Lower Subansiri,contained_grid,82.119995,82.119995,47.404995,47.404995,0.02852212,0.02852212,0.00026629306,1,Low Modelled Signal,False,82.119995,76.7487,76.7487,76.65627,76.65627,-5.463722,-5.371292
2018-07-30,76128533B91211372620495,Jalandhar,contained_grid,3.48,3.83,0.03,0.06,0.0013336791,0.0014109347,2.8933324e-05,2,Low Modelled Signal,False,3.48,0.0,0.0,0.0,0.0,-3.48,-3.48
2018-07-30,76128533B91445917652173,Vaishali,contained_grid,64.51667,76.94,4.1766667,4.8125,0.010599134,0.012791732,0.00049674476,3,Low Modelled Signal,False,64.51667,59.145374,71.56871,59.052944,71.47628,-5.463726,-5.371296
2018-07-30,76128533B91472319248603,Goalpara,contained_grid,38.34667,54.36,19.914165,34.7775,0.018664196,0.027396236,0.00094948447,3,Low Modelled Signal,False,38.34667,32.975372,48.98871,32.882946,48.89628,-5.463722,-5.371296
2018-07-30,76128533B91480770176940,Kokrajhar,contained_grid,64.2325,95.479996,15.958437,30.510002,0.039047845,0.0422522,0.0049723894,4,Low Modelled Signal,False,64.2325,58.861206,90.1087,58.768776,90.01627,-5.463722,-5.371292
2018-07-30,76128533B91640519747726,Firozabad,contained_grid,12.634,19.17,58.20175,69.448746,0.058856446,0.12420203,0.0010281992,5,Heavy Rain Watch,False,12.634,7.262706,13.798706,7.1702757,13.706276,-5.463724,-5.371294
2018-07-30,76128533B91818883767147,Jajapur,contained_grid,1.248,2.44,19.669249,29.792498,0.0019833394,0.0042524384,0.0013664151,5,Low Modelled Signal,False,1.248,0.0,0.0,0.0,0.0,-1.248,-1.248
2018-07-30,76128533B91871300208785,Gaya,contained_grid,37.243332,47.070004,8.303889,16.16,0.02360633,0.032375734,0.0030410257,9,Low Modelled Signal,False,37.243332,31.87204,41.698708,31.779612,41.60628,-5.4637203,-5.371292
2018-07-30,76128533B91881382098572,Kachchh,contained_grid,0.9640984,1.8600001,0.09081967,1.275,0.0003057064,0.0007084624,0.0001653944,61,Low Modelled Signal,False,0.9640984,0.0,0.0,0.0,0.0,-0.9640984,-0.9640984
2018-07-30,76128533B91943656836526,Jhalawar,contained_grid,0.73333335,1.15,0.5402777,1.55,0.0003891733,0.0004700939,4.9627346e-05,9,Low Modelled Signal,False,0.73333335,0.0,0.0,0.0,0.0,-0.73333335,-0.73333335
2018-07-30,76128533B92044109913630,Hanumangarh,contained_grid,0.064666666,0.2,8.333333e-05,0.00125,0.000633231,0.0007475591,0.0001601597,15,Low Modelled Signal,False,0.064666666,0.0,0.0,0.0,0.0,-0.064666666,-0.064666666
2018-07-30,76128533B92621859299479,Bellary,contained_grid,0.097272724,0.44,0.082499996,0.2925,0.00017279986,0.00021478455,2.5299913e-05,11,Low Modelled Signal,False,0.097272724,0.0,0.0,0.0,0.0,-0.097272724,-0.097272724
2018-07-30,76128533B92985585225784,Ramban,contained_grid,3.2899997,3.2899997,0.0,0.0,0.00038140186,0.00038140186,1.067642e-05,1,Low Modelled Signal,False,3.2899997,0.0,0.0,0.0,0.0,-3.2899997,-3.2899997
2018-07-30,76128533B93063337202124,Gariaband,contained_grid,3.4114287,6.6,1.775893,2.9375,0.0040540257,0.007657313,0.00063800754,7,Low Modelled Signal,False,3.4114287,0.1755294,1.2287059,0.16232517,1.1362762,-3.2491035,-3.2358992
2018-07-30,76128533B93113981386565,Ahmadabad,contained_grid,1.27875,1.73,1.5951562,4.38,0.00021499877,0.00025599974,6.861249e-05,8,Low Modelled Signal,False,1.27875,0.0,0.0,0.0,0.0,-1.27875,-1.27875
2018-07-30,76128533B93152786731267,Satara,contained_grid,2.3858824,7.52,0.014705882,0.12,0.002287236,0.008345325,0.00040226826,17,Low Modelled Signal,False,2.3858824,0.3491073,2.148706,0.32735914,2.0562763,-2.0585232,-2.036775
2018-07-30,76128533B93214480696409,Gopalganj,contained_grid,65.8575,78.130005,1.9062499,4.2599998,0.013227342,0.01704235,0.0008279385,4,Low Modelled Signal,False,65.8575,60.486206,72.75871,60.39378,72.66628,-5.4637184,-5.371292
2018-07-30,76128533B93240759409313,Jharsuguda,contained_grid,15.635,18.57,14.151249,18.169998,0.032852776,0.041631732,0.0034370236,2,Low Modelled Signal,False,15.635,10.263706,13.198706,10.171276,13.106276,-5.463724,-5.371294
2018-07-30,76128533B93441663686573,Bhilwara,contained_grid,0.0035714284,0.02,0.053124998,0.40249997,0.0005351808,0.00070311635,4.9627346e-05,14,Low Modelled Signal,False,0.0035714284,0.0,0.0,0.0,0.0,-0.0035714284,-0.0035714284
2018-07-30,76128533B93450974047240,Bhavnagar,contained_grid,1.9136364,2.5100002,2.0381815,8.037499,0.00043080904,0.0005483693,0.00011565025,11,Low Modelled Signal,False,1.9136364,0.0,0.0,0.0,0.0,-1.9136364,-1.9136364
2018-07-30,76128533B93453964263910,North Twenty Four Parganas,contained_grid,22.696,42.389996,11.775999,33.4475,0.019488841,0.02438582,0.009661589,5,Low Modelled Signal,False,22.696,17.324703,37.0187,17.232275,36.926273,-5.463724,-5.371296
2018-07-30,76128533B94126463611805,Gomati,contained_grid,2.0233333,2.54,1.9033333,3.8849998,0.0011809384,0.0015545641,0.00011921192,3,Low Modelled Signal,False,2.0233333,0.0,0.0,0.0,0.0,-2.0233333,-2.0233333
2018-07-30,76128533B94710820075529,Kurukshetra,contained_grid,2.9899998,4.0299997,0.18458332,0.48,0.0017895767,0.0021345816,8.6877975e-05,3,Low Modelled Signal,False,2.9899998,0.0,0.0,0.0,0.0,-2.9899998,-2.9899998
2018-07-30,76128533B94847743365739,Dhanbad,contained_grid,31.8675,39.89,20.838125,25.64,0.015872464,0.017613351,0.0014364244,4,Low Modelled Signal,False,31.8675,26.496204,34.518707,26.403776,34.426277,-5.463724,-5.371296
2018-07-30,76128533B95049353851516,Ambala,contained_grid,3.345,4.8,0.305,0.61,0.0015740287,0.00175099,6.681041e-05,2,Low Modelled Signal,False,3.345,0.0,0.0,0.0,0.0,-3.345,-3.345
2018-07-30,76128533B95075104846315,Prakasam,contained_grid,0.004583333,0.04,0.06557292,0.33499998,0.00022047623,0.00026548014,2.1479644e-05,24,Low Modelled Signal,False,0.004583333,0.0,0.0,0.0,0.0,-0.004583333,-0.004583333
2018-07-30,76128533B9558749744242,Changlang,contained_grid,26.622501,49.250004,15.375626,33.150005,0.008223982,0.012864033,0.00022306082,8,Low Modelled Signal,False,26.622501,21.251207,43.878708,21.158777,43.78628,-5.463724,-5.371294
2018-07-30,76128533B95642877176862,Senapati,contained_grid,11.719999,17.56,39.096878,39.16375,0.0072653806,0.010096202,8.8694935e-05,2,Low Modelled Signal,False,11.719999,6.348706,12.188705,6.256276,12.096275,-5.463723,-5.3712935
2018-07-30,76128533B95764075909869,West Siang,contained_grid,11.16,14.65,8.678333,10.43,0.007353092,0.0089068655,0.00018866347,3,Low Modelled Signal,False,11.16,5.788706,9.278706,5.696276,9.1862755,-5.4637237,-5.371294
2018-07-30,76128533B95879808095476,Mysore,contained_grid,0.5728572,1.3100001,1.7439287,3.325,0.00015948019,0.00037320904,5.182573e-05,7,Low Modelled Signal,False,0.5728572,0.0,0.0,0.0,0.0,-0.5728572,-0.5728572
2018-07-30,76128533B95910687666425,Siang,contained_grid,4.7599998,4.7599998,1.115,1.115,0.0018153187,0.0018153187,4.4010132e-05,1,Low Modelled Signal,False,4.7599998,0.0,0.0,0.0,0.0,-4.7599998,-4.7599998
2018-07-30,76128533B96195300293897,West Garo Hills,contained_grid,49.980003,68.12,8.43875,16.6425,0.017937968,0.02917679,0.0010513851,4,Low Modelled Signal,False,49.980003,44.608707,62.74871,44.516277,62.65628,-5.463726,-5.371296
2018-07-30,76128533B96571577519224,Khammam,contained_grid,0.45800003,0.94000006,0.096999995,0.29999998,0.00018408637,0.0002295398,2.2961225e-05,5,Low Modelled Signal,False,0.45800003,0.0,0.0,0.0,0.0,-0.45800003,-0.45800003
2018-07-30,76128533B96584288929219,Banswara,contained_grid,2.4966667,3.26,0.2566667,0.545,0.00029519887,0.00030582407,9.280478e-05,6,Low Modelled Signal,False,2.4966667,0.0,0.0,0.0,0.0,-2.4966667,-2.4966667
2018-07-30,76128533B96719327593873,Darrang,contained_grid,31.715,36.52,29.183125,34.11375,0.015229216,0.016707169,0.00037036478,2,Low Modelled Signal,False,31.715,26.343706,31.148706,26.251276,31.056276,-5.463724,-5.371294
2018-07-30,76128533B96870418529164,Shahjahanpur,contained_grid,38.856247,49.18,18.120625,26.9975,0.12212151,0.2103636,0.0021884877,8,Heavy Rain Watch,False,38.856247,33.484955,43.80871,33.392525,43.716278,-5.463722,-5.371292
2018-07-30,76128533B97089774514948,South,contained_grid,3.38,3.38,0.0,0.0,0.0030991142,0.0030991142,8.546864e-05,1,Low Modelled Signal,False,3.38,0.0,0.0,0.0,0.0,-3.38,-3.38
2018-07-30,76128533B97126567441665,Medak,contained_grid,0.50200003,0.7900001,0.03875,0.10874999,0.0001624556,0.00017451524,2.1472943e-05,5,Low Modelled Signal,False,0.50200003,0.0,0.0,0.0,0.0,-0.50200003,-0.50200003
2018-07-30,76128533B97225684979956,West Tripura,contained_grid,11.156667,16.160002,0.24583334,0.49,0.0050910306,0.0076335226,0.00039486718,3,Low Modelled Signal,False,11.156667,5.785373,10.788708,5.6929436,10.696278,-5.463723,-5.3712935
2018-07-30,76128533B97372652494648,Surat,contained_grid,4.0375,4.86,0.344375,0.575,0.0014046293,0.0015958429,0.00016764773,4,Low Modelled Signal,False,4.0375,0.0,0.0,0.0,0.0,-4.0375,-4.0375
2018-07-30,76128533B97425778881707,Kullu,contained_grid,2.1588888,5.57,0.5052778,1.1,0.00034819418,0.00078146823,3.427685e-05,9,Low Modelled Signal,False,2.1588888,0.022078462,0.19870615,0.011808502,0.10627651,-2.1470804,-2.1368103
2018-07-30,76128533B9759621355294,Mahasamund,contained_grid,5.774286,11.92,5.8337502,11.717501,0.012538055,0.015498462,0.0013237307,7,Low Modelled Signal,False,5.774286,1.143916,6.548706,1.1175076,6.4562764,-4.6567783,-4.6303697
2018-07-30,76128533B9783509419210,Pali,contained_grid,0.11882353,0.66,0.02514706,0.235,0.00029918656,0.0004454371,3.4726723e-05,17,Low Modelled Signal,False,0.11882353,0.0,0.0,0.0,0.0,-0.11882353,-0.11882353
2018-07-30,76128533B97836280165555,Lunglei,contained_grid,1.514,2.39,6.9832497,12.785,0.0004457036,0.0006339807,0.00018237237,5,Low Modelled Signal,False,1.514,0.0,0.0,0.0,0.0,-1.514,-1.514
2018-07-30,76128533B9794868259401,Bidar,contained_grid,0.19666666,0.32,5.7238167e-16,4.8849813e-15,0.0001527858,0.00016310239,3.0685333e-05,9,Low Modelled Signal,False,0.19666666,0.0,0.0,0.0,0.0,-0.19666666,-0.19666666
2018-07-30,76128533B98050240849249,Latur,contained_grid,0.11333333,0.15,0.11027777,0.68249995,0.00017362303,0.00019915466,2.2803975e-05,9,Low Modelled Signal,False,0.11333333,0.0,0.0,0.0,0.0,-0.11333333,-0.11333333
2018-07-30,76128533B98308664713511,Baran,contained_grid,0.181,0.46,0.261,1.605,0.0005521885,0.0005809929,4.9627346e-05,10,Low Modelled Signal,False,0.181,0.0,0.0,0.0,0.0,-0.181,-0.181
2018-07-30,76128533B98420041301261,Kaushambi,contained_grid,87.225006,98.1,8.904375,10.31,0.06189597,0.086739026,0.0011201415,2,Low Modelled Signal,False,87.225006,81.853714,92.72871,81.76128,92.63628,-5.46373,-5.371292
2018-07-30,76128533B9892158671522,Sangli,contained_grid,1.02,4.19,0.0,0.0,0.0004199326,0.0013718564,0.00033110785,10,Low Modelled Signal,False,1.02,0.0,0.0,0.0,0.0,-1.02,-1.02
2018-07-30,76128533B98951704707517,Kendrapara,contained_grid,8.77,15.820001,33.24208,34.475,0.028361097,0.044116773,0.008292772,3,Low Modelled Signal,False,8.77,3.5858042,10.448707,3.5241845,10.356277,-5.245816,-5.1841965
2018-07-30,76128533B98985252129882,Lakhisarai,contained_grid,52.53,63.089996,7.2687507,9.525001,0.029576026,0.040181845,0.0012136681,3,Low Modelled Signal,False,52.53,47.158707,57.718704,47.06628,57.626274,-5.4637184,-5.371292
2018-07-30,76128533B99037046327658,Nabarangapur,contained_grid,8.14125,13.1,1.5003124,3.9225,0.006972974,0.01154277,0.001371965,8,Low Modelled Signal,False,8.14125,3.6415296,7.7287064,3.5722072,7.6362767,-4.569042,-4.49972
2018-07-30,76128533B99051523080987,Jalpaiguri,contained_grid,27.345001,35.480003,10.055624,13.349999,0.016623417,0.020138532,0.0009317175,4,Low Modelled Signal,False,27.345001,21.973707,30.10871,21.881277,30.01628,-5.463724,-5.371294
2018-07-30,76128533B99469070633974,Tirap,contained_grid,23.050001,23.050001,9.8324995,9.8324995,0.008156456,0.008156456,0.00013184844,1,Low Modelled Signal,False,23.050001,17.678707,17.678707,17.586277,17.586277,-5.463724,-5.371294
2018-07-30,76128533B9976625304286,North East,contained_grid,4.2799997,4.2799997,5.5777604e-14,5.5777604e-14,0.0030667617,0.0030667617,0.00016492693,1,Low Modelled Signal,False,4.2799997,0.0,0.0,0.0,0.0,-4.2799997,-4.2799997
2018-07-30,76128533B99807650893733,Imphal West,nearest_grid,9.440001,9.440001,10.650001,10.650001,0.0066335616,0.0066335616,6.286e-05,1,Low Modelled Signal,False,9.440001,4.0687065,4.0687065,3.9762769,3.9762769,-5.4637237,-5.371294
2018-07-30,76128533B99895802074414,Raigarh,contained_grid,7.5339994,9.459999,0.0064999997,0.0475,0.008098004,0.011921202,0.00063437433,10,Low Modelled Signal,False,7.5339994,2.162706,4.088705,2.0702763,3.9962754,-5.463723,-5.3712935
2018-07-30,76128533B99919205026025,Fatehgarh Sahib,nearest_grid,4.83,4.83,0.38749996,0.38749996,0.001841654,0.001841654,7.112628e-05,1,Low Modelled Signal,False,4.83,0.0,0.0,0.0,0.0,-4.83,-4.83
2018-07-31,76128533B10270619600482,South District,nearest_grid,145.98999,145.98999,16.964998,16.964998,0.09271861,0.09271861,0.00047622033,1,Low Modelled Signal,False,145.98999,140.59558,140.59558,140.58006,140.58006,-5.4099274,-5.394409
2018-07-31,76128533B10727492375508,Fatehabad,contained_grid,0.56,0.65,0.0,0.0,0.00093925756,0.0010008215,2.1740318e-05,4,Low Modelled Signal,False,0.56,0.0,0.0,0.0,0.0,-0.56,-0.56
2018-07-31,76128533B1083016608278,Gulbarga,contained_grid,0.55466664,1.36,0.59174997,1.7537498,0.00014674518,0.00016064284,2.477293e-05,15,Low Modelled Signal,False,0.55466664,0.0,0.0,0.0,0.0,-0.55466664,-0.55466664
2018-07-31,76128533B11082155919544,Rajsamand,contained_grid,0.03142857,0.17,0.04267857,0.115,0.00023857082,0.0002744939,4.2044503e-05,7,Low Modelled Signal,False,0.03142857,0.0,0.0,0.0,0.0,-0.03142857,-0.03142857
2018-07-31,76128533B11083100419963,Mahoba,contained_grid,22.2325,25.12,6.889375,12.557501,0.025601152,0.030706434,0.00029367945,4,Low Modelled Signal,False,22.2325,16.838093,19.725594,16.82257,19.710072,-5.4099293,-5.3944073
2018-07-31,76128533B11403491783632,Tirupathur,contained_grid,3.0966666,3.3899999,1.4237499,1.8475,0.0004470543,0.000483931,3.7130714e-05,3,Low Modelled Signal,False,3.0966666,0.0,0.0,0.0,0.0,-3.0966666,-3.0966666
2018-07-31,76128533B11421856387892,Tamenglong,contained_grid,17.74,20.3,15.919687,33.28,0.008946667,0.0109728975,0.00035131513,4,Low Modelled Signal,False,17.74,12.3455925,14.905592,12.330071,14.890071,-5.4099283,-5.3944073
2018-07-31,76128533B11651252780045,Dibang Valley,contained_grid,39.010002,69.86,8.48125,15.811249,0.008233901,0.01108459,0.0009571937,13,Low Modelled Signal,False,39.010002,33.615593,64.46559,33.600075,64.45007,-5.4099274,-5.394409
2018-07-31,76128533B11802210119774,Sirmaur,contained_grid,7.922,11.16,10.446249,38.655,0.0046493364,0.0066378056,4.140109e-05,5,Low Modelled Signal,False,7.922,2.6044736,5.765592,2.5920572,5.7500715,-5.3299427,-5.3175263
2018-07-31,76128533B12079567451207,Dungarpur,contained_grid,1.438,1.83,0.009,0.024999999,0.00024693608,0.00026356272,2.835008e-05,5,Low Modelled Signal,False,1.438,0.0,0.0,0.0,0.0,-1.438,-1.438
2018-07-31,76128533B12129983841645,Kra Daadi,contained_grid,49.2575,86.93,28.515625,40.054996,0.025233114,0.044180263,0.0002957624,4,Low Modelled Signal,False,49.2575,43.86309,81.53559,43.847572,81.52007,-5.4099274,-5.394409
2018-07-31,76128533B12144400448811,Kondagaon,contained_grid,5.8399997,8.25,0.53796875,1.0175,0.0027307346,0.0058724927,0.001022684,8,Low Modelled Signal,False,5.8399997,1.1984951,2.8555923,1.1887947,2.8400717,-4.651205,-4.6415043
2018-07-31,76128533B12197302963241,Sahibzada Ajit Singh Nagar,nearest_grid,2.7,2.7,5.897505e-14,5.897505e-14,0.001762682,0.001762682,1.8693423e-05,1,Low Modelled Signal,False,2.7,0.0,0.0,0.0,0.0,-2.7,-2.7
2018-07-31,76128533B1222571856670,Hazaribagh,contained_grid,23.183332,30.73,8.7625,13.752499,0.019517094,0.028261578,0.0006231036,6,Low Modelled Signal,False,23.183332,17.788925,25.335592,17.773405,25.320072,-5.4099274,-5.3944073
2018-07-31,76128533B12244045944458,Rohtak,contained_grid,3.0275002,6.16,3.5121875,8.3125,0.0024389809,0.003301209,0.0004808206,4,Low Modelled Signal,False,3.0275002,0.19139802,0.7655921,0.18751788,0.7500715,-2.8399823,-2.836102
2018-07-31,76128533B12244320360965,Buxar,contained_grid,2.94,3.02,7.06625,8.8525,0.0052874954,0.006181216,0.00037994373,2,Low Modelled Signal,False,2.94,0.0,0.0,0.0,0.0,-2.94,-2.94
2018-07-31,76128533B12294379827032,Garhwa,contained_grid,9.599999,15.39,2.9172916,5.1549997,0.012867766,0.01650457,0.00067539053,6,Low Modelled Signal,False,9.599999,4.205592,9.995592,4.1900716,9.980072,-5.409928,-5.3944073
2018-07-31,76128533B12343314564708,Morena,contained_grid,29.524286,78.39,19.705893,35.274998,0.0673188,0.16042489,0.007977842,7,Heavy Rain Watch,False,29.524286,24.683365,72.99559,24.670061,72.98007,-4.854225,-4.8409214
2018-07-31,76128533B12380735325851,Akola,contained_grid,2.095,3.11,0.030833334,0.13375,0.00027722935,0.00054574443,6.7780136e-05,6,Low Modelled Signal,False,2.095,0.0,0.0,0.0,0.0,-2.095,-2.095
2018-07-31,76128533B12519626815499,Tapi,contained_grid,6.3716664,7.09,0.013958332,0.08,0.0033703034,0.0044427575,0.00022245158,6,Low Modelled Signal,False,6.3716664,1.0346602,1.6955924,1.0217264,1.6800718,-5.3499403,-5.337006
2018-07-31,76128533B12694285477701,Darbhanga,contained_grid,15.719999,18.960001,9.199063,10.010001,0.009603896,0.011290195,0.00023491932,4,Low Modelled Signal,False,15.719999,10.325592,13.565594,10.310072,13.550073,-5.4099274,-5.3944073
2018-07-31,76128533B13272482176343,Bulandshahr,contained_grid,13.636,18.3,2.16925,5.5399995,0.01638799,0.023160795,0.001315753,5,Low Modelled Signal,False,13.636,8.241591,12.905592,8.226071,12.890071,-5.4099283,-5.394408
2018-07-31,76128533B13437137070957,Nagaon,contained_grid,48.894,57.560005,29.199,37.8525,0.024416113,0.030129068,0.00032918568,5,Low Modelled Signal,False,48.894,43.49959,52.165596,43.484074,52.150078,-5.4099274,-5.394409
2018-07-31,76128533B13552746017223,Faridkot,contained_grid,0.6266666,1.06,0.0,0.0,0.0009739397,0.0010365458,1.5024989e-05,3,Low Modelled Signal,False,0.6266666,0.0,0.0,0.0,0.0,-0.6266666,-0.6266666
2018-07-31,76128533B13673614951516,Chandauli,contained_grid,4.5225,6.9900002,2.4512498,4.5699997,0.011351207,0.018776335,0.00030319073,4,Low Modelled Signal,False,4.5225,0.39889812,1.5955925,0.39501798,1.5800719,-4.127482,-4.123602
2018-07-31,76128533B13697452453823,Kangra,contained_grid,1.4125,4.12,1.260625,2.82,0.00083485263,0.0013001082,3.0879608e-05,8,Low Modelled Signal,False,1.4125,0.0,0.0,0.0,0.0,-1.4125,-1.4125
2018-07-31,76128533B13733639953372,Phek,contained_grid,11.5199995,20.65,9.90625,12.7975,0.013025739,0.016655145,0.00010425961,4,Low Modelled Signal,False,11.5199995,6.1255918,15.255592,6.110071,15.240071,-5.4099283,-5.3944077
2018-07-31,76128533B13791982054894,Bathinda,contained_grid,0.5428571,1.24,0.0,0.0,0.00092112954,0.0010611828,0.000112589274,7,Low Modelled Signal,False,0.5428571,0.0,0.0,0.0,0.0,-0.5428571,-0.5428571
2018-07-31,76128533B13908294104682,Amethi,contained_grid,8.845,10.440001,10.081875,24.034998,0.019642953,0.03369244,0.0010268517,4,Low Modelled Signal,False,8.845,3.4505928,5.045593,3.4350722,5.030072,-5.4099283,-5.3944073
2018-07-31,76128533B14033116794334,Siwan,contained_grid,9.266666,11.639999,5.7866664,8.657499,0.005461603,0.00786315,0.00053067954,3,Low Modelled Signal,False,9.266666,3.8722584,6.2455916,3.856738,6.230071,-5.4099283,-5.394408
2018-07-31,76128533B1420136949169,South East,nearest_grid,8.5,8.5,4.3675,4.3675,0.007970223,0.007970223,0.0006487126,1,Low Modelled Signal,False,8.5,3.1055923,3.1055923,3.0900717,3.0900717,-5.4099283,-5.3944077
2018-07-31,76128533B14243635342908,Bhandara,contained_grid,3.8133335,5.5,0.3914583,1.2475,0.0010808567,0.0019959856,7.753759e-05,6,Low Modelled Signal,False,3.8133335,0.01759871,0.10559225,0.015011947,0.09007168,-3.7983215,-3.795735
2018-07-31,76128533B14292125820380,Dakshin Bastar Dantewada,contained_grid,10.932501,16.58,1.440625,2.145,0.004175904,0.0053200494,0.0008096316,4,Low Modelled Signal,False,10.932501,5.5380926,11.185593,5.5225716,11.170072,-5.4099293,-5.394408
2018-07-31,76128533B14403163214152,Bishnupur,contained_grid,23.63,23.63,14.824999,14.824999,0.009081619,0.009081619,0.000173261,1,Low Modelled Signal,False,23.63,18.235592,18.235592,18.22007,18.22007,-5.4099293,-5.3944073
2018-07-31,76128533B14534161138054,Bijnor,contained_grid,7.378,11.63,3.49725,7.50375,0.008438785,0.0115585225,0.005205377,5,Low Modelled Signal,False,7.378,2.4004738,6.2355924,2.3880572,6.220072,-4.9899426,-4.9775257
2018-07-31,76128533B14598081584747,Balrampur,contained_grid,15.898462,23.19,6.1750956,10.120001,0.016150154,0.03830691,0.0005627826,13,Low Modelled Signal,False,15.898462,10.504054,17.795593,10.488534,17.780071,-5.4099283,-5.394408
2018-07-31,76128533B14849085202492,Jaisalmer,contained_grid,0.0,0.0,0.0,0.0,0.00018097593,0.00027708462,3.3617438e-05,55,Low Modelled Signal,False,0.0,0.0,0.0,0.0,0.0,0.0,0.0
2018-07-31,76128533B14968875277413,Narayanpet,contained_grid,0.6833334,1.1,1.7883333,2.1249998,0.0001496474,0.00016079981,2.1472943e-05,3,Low Modelled Signal,False,0.6833334,0.0,0.0,0.0,0.0,-0.6833334,-0.6833334
2018-07-31,76128533B14984770113274,Shahid Bhagat Singh Nagar,contained_grid,1.5300001,2.66,2.744375,5.2125,0.00078595115,0.0008681475,2.7536953e-05,2,Low Modelled Signal,False,1.5300001,0.0,0.0,0.0,0.0,-1.5300001,-1.5300001
2018-07-31,76128533B15157901669242,Majuli,contained_grid,38.29,38.29,17.602497,17.602497,0.023895355,0.023895355,0.00029433254,1,Low Modelled Signal,False,38.29,32.89559,32.89559,32.880074,32.880074,-5.4099274,-5.394409
2018-07-31,76128533B15180319517641,Daman,nearest_grid,5.01,5.01,0.052500002,0.052500002,0.0031307351,0.0031307351,7.843234e-05,1,Low Modelled Signal,False,5.01,0.0,0.0,0.0,0.0,-5.01,-5.01
2018-07-31,76128533B15337568968545,Erode,contained_grid,3.57875,7.86,1.9960938,4.86,0.0003333683,0.0006263773,0.00011535305,8,Low Modelled Signal,False,3.57875,0.30819905,2.4655924,0.30625898,2.4500718,-3.272491,-3.2705507
2018-07-31,76128533B15342706434354,Etah,contained_grid,44.232002,54.4,28.88675,54.8075,0.09704773,0.27463344,0.008747546,5,Heavy Rain Watch,False,44.232002,38.837593,49.005592,38.822075,48.990074,-5.4099274,-5.394409
2018-07-31,76128533B15550697205080,Chikmagalur,contained_grid,4.901111,14.52,1.4981945,6.4350004,0.0031676483,0.009630181,0.0005038715,9,Low Modelled Signal,False,4.901111,1.9085307,9.125593,1.9033571,9.110072,-2.997754,-2.9925804
2018-07-31,76128533B15567489974292,Baramula,contained_grid,0.91333336,1.01,0.15374999,0.46124998,0.0006563076,0.0013755759,1.9168276e-05,3,Low Modelled Signal,False,0.91333336,0.0,0.0,0.0,0.0,-0.91333336,-0.91333336
2018-07-31,76128533B15601995412161,Simdega,contained_grid,21.87625,30.56,38.51703,54.265,0.038890876,0.041201875,0.0043558464,8,Low Modelled Signal,False,21.87625,16.481842,25.165592,16.466322,25.15007,-5.4099274,-5.3944073
2018-07-31,76128533B1566053393466,Tikamgarh,contained_grid,12.877143,25.859999,13.396964,21.242498,0.015658433,0.026268307,0.00025842967,7,Low Modelled Signal,False,12.877143,7.85908,20.465591,7.8457756,20.45007,-5.0313673,-5.018063
2018-07-31,76128533B15835290978888,Jalaun,contained_grid,55.443333,72.439995,18.008123,22.079998,0.06298673,0.07906155,0.000720539,6,Low Modelled Signal,False,55.443333,50.048923,67.045586,50.033405,67.03007,-5.4099274,-5.394409
2018-07-31,76128533B15993411864574,Durg,contained_grid,3.9175,8.0199995,5.952812,10.9574995,0.0036289154,0.0053899423,0.0010434105,4,Low Modelled Signal,False,3.9175,0.65639794,2.6255918,0.6525178,2.6100712,-3.2649822,-3.2611022
2018-07-31,76128533B1621599562140,Koriya,contained_grid,8.8,20.12,6.7652087,9.8550005,0.008522826,0.02011564,0.0010796566,12,Low Modelled Signal,False,8.8,3.4875276,14.725594,3.475887,14.7100725,-5.324113,-5.3124723
2018-07-31,76128533B16271917438029,The Dangs,contained_grid,6.2599998,7.2699995,0.0,0.0,0.002695198,0.0032776534,0.00022861357,3,Low Modelled Signal,False,6.2599998,0.8655922,1.8755918,0.8500716,1.8600712,-5.4099283,-5.3944077
2018-07-31,76128533B1629699732681,Ramanathapuram,contained_grid,11.383334,16.36,0.114374995,0.25125,0.0011232605,0.001456948,0.00017570272,6,Low Modelled Signal,False,11.383334,5.988926,10.965593,5.9734054,10.950072,-5.409929,-5.394408
2018-07-31,76128533B16442413169750,Mumbai,nearest_grid,5.92,5.92,0.0,0.0,0.006260251,0.006260251,0.0004318744,1,Low Modelled Signal,False,5.92,0.5255923,0.5255923,0.51007175,0.51007175,-5.4099283,-5.3944077
2018-07-31,76128533B1645877589145,Tiruchirappalli,contained_grid,3.2,6.25,2.3960416,9.9275,0.0004579758,0.0009997025,0.00014199212,6,Low Modelled Signal,False,3.2,0.1425987,0.85559225,0.14001195,0.8400717,-3.059988,-3.0574014
2018-07-31,76128533B16476001647323,Panch Mahals,contained_grid,2.7025,2.9299998,0.000625,0.0025,0.0005437653,0.00077023776,9.305253e-05,4,Low Modelled Signal,False,2.7025,0.0,0.0,0.0,0.0,-2.7025,-2.7025
2018-07-31,76128533B16628456658675,Chamarajanagar,contained_grid,0.5985714,1.3299999,2.0282142,8.055,0.00018168155,0.00024405186,9.973196e-05,7,Low Modelled Signal,False,0.5985714,0.0,0.0,0.0,0.0,-0.5985714,-0.5985714
2018-07-31,76128533B16674973717653,Katni,contained_grid,4.06625,7.2,11.076406,26.12875,0.0021593503,0.0045227744,0.00021852995,8,Low Modelled Signal,False,4.06625,0.39139807,1.8055921,0.38751793,1.7900715,-3.678732,-3.674852
2018-07-31,76128533B16749627383755,Hailakandi,contained_grid,28.84,33.420002,22.494999,22.502499,0.0067901667,0.0070628827,0.00025295393,2,Low Modelled Signal,False,28.84,23.445595,28.025595,23.430073,28.010075,-5.4099274,-5.3944054
2018-07-31,76128533B16781044866906,Jamui,contained_grid,14.122499,24.88,14.815311,29.538748,0.024576664,0.0339645,0.0032964866,4,Low Modelled Signal,False,14.122499,8.728092,19.485592,8.712571,19.47007,-5.4099283,-5.3944073
2018-07-31,76128533B16811573188243,Puruliya,contained_grid,26.945557,39.059998,40.566803,65.98375,0.024438418,0.039710175,0.0045799473,9,Low Modelled Signal,False,26.945557,21.551147,33.66559,21.535627,33.65007,-5.4099293,-5.394409
2018-07-31,76128533B16889790752134,Ariyalur,contained_grid,3.6933334,5.38,0.7920833,1.4899999,0.0004329424,0.0005509907,9.668582e-05,3,Low Modelled Signal,False,3.6933334,0.0,0.0,0.0,0.0,-3.6933334,-3.6933334
2018-07-31,76128533B17109302371020,Darjiling,contained_grid,156.04333,192.69,23.784166,26.32,0.05006702,0.06270697,0.001811011,3,Low Modelled Signal,False,156.04333,150.64893,187.2956,150.6334,187.28008,-5.4099274,-5.394409
2018-07-31,76128533B1711704044407,North Goa,contained_grid,12.07,12.099999,4.7525,6.3875,0.008236801,0.009606859,0.00087373017,2,Low Modelled Signal,False,12.07,6.675592,6.7055917,6.6600714,6.690071,-5.4099283,-5.3944077
2018-07-31,76128533B17261532861377,Jamtara,contained_grid,118.60333,130.67,10.044167,10.685,0.077741295,0.08165822,0.0020245034,3,Low Modelled Signal,False,118.60333,113.20892,125.27559,113.1934,125.26007,-5.409935,-5.394409
2018-07-31,76128533B17292264941997,Mungeli,contained_grid,6.0375004,9.040001,17.314373,30.129997,0.0044174213,0.005278398,0.00042174564,4,Low Modelled Signal,False,6.0375004,1.0102965,3.6455932,1.0025362,3.6300726,-5.034964,-5.027204
2018-07-31,76128533B17472905712757,Papum Pare,contained_grid,76.044,94.98,17.279251,20.074999,0.047352426,0.050804123,0.0016691547,5,Low Modelled Signal,False,76.044,70.64959,89.585594,70.63407,89.570076,-5.4099274,-5.394409
2018-07-31,76128533B17762399278073,Pashchim Champaran,contained_grid,24.703749,35.8,5.244687,10.594999,0.0053991354,0.0063697337,0.000926442,8,Low Modelled Signal,False,24.703749,19.309341,30.405592,19.293821,30.390072,-5.4099274,-5.3944073
2018-07-31,76128533B17968019348564,Morigaon,contained_grid,39.57,46.85,27.705002,29.865002,0.017620388,0.019086046,0.00018665502,2,Low Modelled Signal,False,39.57,34.17559,41.45559,34.160072,41.44007,-5.4099274,-5.394409
2018-07-31,76128533B18243475101734,Mirzapur,contained_grid,7.015,8.23,2.4215624,3.6725,0.011453345,0.01350705,0.0004643619,4,Low Modelled Signal,False,7.015,1.736694,2.8355918,1.7250535,2.8200712,-5.2899466,-5.278306
2018-07-31,76128533B18648944871057,Basti,contained_grid,41.7025,49.840004,0.08687499,0.18249999,0.020818852,0.03228499,0.0010245765,4,Low Modelled Signal,False,41.7025,36.30809,44.445595,36.292572,44.430077,-5.4099274,-5.394409
2018-07-31,76128533B18668117085772,Tawang,contained_grid,39.704002,50.58,15.1355,20.635,0.023399923,0.030708114,0.0013348252,5,Low Modelled Signal,False,39.704002,34.309593,45.185593,34.294075,45.170074,-5.4099274,-5.394409
2018-07-31,76128533B1875965515331,Namsai,contained_grid,22.400002,23.68,17.685,18.0,0.006877247,0.007180382,8.66546e-05,2,Low Modelled Signal,False,22.400002,17.005592,18.285593,16.990072,18.270073,-5.4099293,-5.394409
2018-07-31,76128533B18802630191461,Dumka,contained_grid,63.538002,96.65,22.2045,31.6175,0.053356268,0.07562488,0.0027370406,5,Low Modelled Signal,False,63.538002,58.143593,91.25559,58.12807,91.240074,-5.409931,-5.394409
2018-07-31,76128533B18834172694083,Moga,contained_grid,0.375,0.63,0.309375,1.2375,0.0013650435,0.0027589973,2.0206142e-05,4,Low Modelled Signal,False,0.375,0.0,0.0,0.0,0.0,-0.375,-0.375
2018-07-31,76128533B18931932305748,Purbi Singhbhum,contained_grid,14.594,17.7,34.503746,55.639996,0.030605158,0.048246995,0.002383188,5,Low Modelled Signal,False,14.594,9.199593,12.3055935,9.184072,12.290072,-5.4099283,-5.3944073
2018-07-31,76128533B19335918192159,Karur,contained_grid,4.1,5.24,0.90124995,1.395,0.00037780544,0.00044396942,4.58318e-05,3,Low Modelled Signal,False,4.1,0.0,0.0,0.0,0.0,-4.1,-4.1
2018-07-31,76128533B19341883513630,Ratlam,contained_grid,2.275,3.67,2.8865798e-16,2.3092638e-15,0.0005403665,0.00074958696,7.3362055e-05,8,Low Modelled Signal,False,2.275,0.0,0.0,0.0,0.0,-2.275,-2.275
2018-07-31,76128533B19545859035458,Kallakurichi,contained_grid,0.61600006,1.1500001,4.6414995,8.309999,0.00014044068,0.00015741668,2.62808e-05,5,Low Modelled Signal,False,0.61600006,0.0,0.0,0.0,0.0,-0.61600006,-0.61600006
2018-07-31,76128533B19581555782120,Palakkad,contained_grid,12.203334,18.94,71.795,114.43999,0.005152362,0.008179045,0.00017257142,6,Low Modelled Signal,False,12.203334,6.812994,13.545593,6.80006,13.530072,-5.403274,-5.39034
2018-07-31,76128533B19630094725383,Pathankot,contained_grid,0.13,0.13,0.024999999,0.024999999,0.00052025483,0.00052025483,2.2885022e-05,1,Low Modelled Signal,False,0.13,0.0,0.0,0.0,0.0,-0.13,-0.13
2018-07-31,76128533B19792346411952,West Godavari,contained_grid,0.6454546,3.64,1.4289771,3.2575,0.0004480914,0.0010140714,0.00010920133,11,Low Modelled Signal,False,0.6454546,0.0,0.0,0.0,0.0,-0.6454546,-0.6454546
2018-07-31,76128533B19832024635761,Central,nearest_grid,8.47,8.47,0.005,0.005,0.015878484,0.015878484,0.0008215534,1,Low Modelled Signal,False,8.47,3.0755925,3.0755925,3.060072,3.060072,-5.4099283,-5.3944077
2018-07-31,76128533B19898496046456,Kamle,contained_grid,73.83666,85.81999,11.1925,14.6425,0.021512905,0.027036637,0.00054821436,3,Low Modelled Signal,False,73.83666,68.44225,80.42558,68.426735,80.410065,-5.4099274,-5.394409
2018-07-31,76128533B19903856317609,Saran,contained_grid,2.564,5.0699997,6.9817505,8.515,0.0023569139,0.0034101736,0.00021037013,5,Low Modelled Signal,False,2.564,0.0,0.0,0.0,0.0,-2.564,-2.564
2018-07-31,76128533B1996088953603,Sultanpur,contained_grid,10.42,12.160001,0.213125,0.3075,0.011768975,0.014133872,0.00023147355,4,Low Modelled Signal,False,10.42,5.025593,6.765593,5.010072,6.7500725,-5.409928,-5.3944073
2018-07-31,76128533B20298037622173,South Salmara-Mankachar,nearest_grid,41.89,41.89,6.005,6.005,0.017573373,0.017573373,0.001178351,1,Low Modelled Signal,False,41.89,36.49559,36.49559,36.480072,36.480072,-5.4099274,-5.394409
2018-07-31,76128533B20307518801538,Udalguri,contained_grid,56.103333,71.259995,16.609167,24.570002,0.022005549,0.023206871,0.0007223503,3,Low Modelled Signal,False,56.103333,50.708923,65.865585,50.693405,65.85007,-5.4099274,-5.394409
2018-07-31,76128533B20458430922604,Kishtwar,contained_grid,0.7792308,1.95,0.20576923,0.755,0.00013277851,0.00018771028,1.5234029e-05,13,Low Modelled Signal,False,0.7792308,0.0,0.0,0.0,0.0,-0.7792308,-0.7792308
2018-07-31,76128533B20474666262371,Osmanabad,contained_grid,0.7318182,1.0,0.06590909,0.255,0.00016909474,0.0001827117,2.477293e-05,11,Low Modelled Signal,False,0.7318182,0.0,0.0,0.0,0.0,-0.7318182,-0.7318182
2018-07-31,76128533B20502827346807,Dindori,contained_grid,6.4339995,8.580001,7.5115004,9.559999,0.0031615556,0.0036595347,0.00021200039,5,Low Modelled Signal,False,6.4339995,1.450474,3.1855931,1.4380575,3.1700726,-4.995942,-4.9835253
2018-07-31,76128533B20504715877560,Ganderbal,contained_grid,0.20333333,0.61,0.13083333,0.235,5.4302756e-05,5.8862075e-05,7.422266e-06,3,Low Modelled Signal,False,0.20333333,0.0,0.0,0.0,0.0,-0.20333333,-0.20333333
2018-07-31,76128533B20647769792365,Pratapgarh,contained_grid,10.758334,13.860001,0.7325,2.01,0.018756388,0.026508123,0.00034508138,6,Low Modelled Signal,False,10.758334,5.363926,8.465593,5.3484054,8.450072,-5.409929,-5.394408
2018-07-31,76128533B20660206691661,Auraiya,contained_grid,34.235,42.440002,47.301247,54.397495,0.024753079,0.030658985,0.00425736,2,Low Modelled Signal,False,34.235,28.840591,37.045593,28.825073,37.030075,-5.4099274,-5.394409
2018-07-31,76128533B20683890392439,Narsimhapur,contained_grid,1.1955556,2.4999998,0.031666666,0.23,0.000437171,0.0010382883,4.2020532e-05,9,Low Modelled Signal,False,1.1955556,0.0,0.0,0.0,0.0,-1.1955556,-1.1955556
2018-07-31,76128533B20732636837048,Sikar,contained_grid,0.036363635,0.38,0.0,0.0,0.0006837078,0.0013150129,6.447959e-05,11,Low Modelled Signal,False,0.036363635,0.0,0.0,0.0,0.0,-0.036363635,-0.036363635
2018-07-31,76128533B20752885472650,Bankura,contained_grid,26.427275,38.569996,38.462955,65.31,0.019891493,0.031455867,0.0072522894,11,Low Modelled Signal,False,26.427275,21.032866,33.175587,21.017345,33.16007,-5.4099293,-5.394409
2018-07-31,76128533B2080752988715,Morbi,contained_grid,1.14,1.3,0.031607144,0.1725,0.00024783227,0.00035357915,4.333989e-05,7,Low Modelled Signal,False,1.14,0.0,0.0,0.0,0.0,-1.14,-1.14
2018-07-31,76128533B21068662878849,Kamareddy,contained_grid,1.4160001,1.9800003,1.915,2.71,0.00014923896,0.00015992258,2.1673446e-05,5,Low Modelled Signal,False,1.4160001,0.0,0.0,0.0,0.0,-1.4160001,-1.4160001
2018-07-31,76128533B21119051307760,Jyotiba Phule Nagar,contained_grid,11.4325,12.83,3.3225,7.8175,0.005100963,0.009278164,0.011457152,4,Low Modelled Signal,False,11.4325,6.0380926,7.435592,6.0225716,7.4200716,-5.4099283,-5.3944073
2018-07-31,76128533B21179322085415,Harda,contained_grid,4.178,4.62,0.038,0.19,0.00083019084,0.00093468494,7.0726666e-05,5,Low Modelled Signal,False,4.178,0.0,0.0,0.0,0.0,-4.178,-4.178
2018-07-31,76128533B21485639457044,Aurangabad,contained_grid,4.5875,5.8499994,5.8218746,6.987499,0.005722266,0.00955464,0.0017936804,4,Low Modelled Signal,False,4.5875,0.11389792,0.45559168,0.11001778,0.4400711,-4.4774823,-4.4736023
2018-07-31,76128533B21485897206517,Rajanna Sircilla,contained_grid,1.0900002,1.1400001,0.15875,0.18749999,0.00015992258,0.00015992258,1.7217995e-05,2,Low Modelled Signal,False,1.0900002,0.0,0.0,0.0,0.0,-1.0900002,-1.0900002
2018-07-31,76128533B21722277889516,Sivasagar,contained_grid,29.26,29.86,18.22875,21.58,0.021155596,0.02247656,0.0004148802,2,Low Modelled Signal,False,29.26,23.865593,24.465593,23.850073,24.450073,-5.4099274,-5.3944073
2018-07-31,76128533B21812274124310,The Nilgiris,contained_grid,3.3433335,5.6300006,9.099584,18.365002,0.00053540483,0.00087725435,0.00012416995,3,Low Modelled Signal,False,3.3433335,0.078530945,0.23559284,0.073357426,0.22007227,-3.2699761,-3.2648025
2018-07-31,76128533B21922686388534,Sitamarhi,contained_grid,35.600002,43.74,6.845417,10.990001,0.0058018058,0.0063046613,0.0005123778,3,Low Modelled Signal,False,35.600002,30.205595,38.345592,30.190073,38.330074,-5.4099293,-5.3944073
2018-07-31,76128533B22077262393417,Haora,contained_grid,16.763334,18.11,23.757082,34.86,0.038920123,0.045848664,0.0011056982,3,Low Modelled Signal,False,16.763334,11.368926,12.715593,11.353405,12.700072,-5.4099293,-5.394408
2018-07-31,76128533B22439249004073,Bhopal,contained_grid,1.7260001,2.49,0.0095,0.0475,0.0004399431,0.0006675717,4.2443986e-05,5,Low Modelled Signal,False,1.7260001,0.0,0.0,0.0,0.0,-1.7260001,-1.7260001
2018-07-31,76128533B22471914548132,Chittoor,contained_grid,1.3266667,5.44,2.0570238,15.04,0.00037563322,0.0012614985,0.00044184807,21,Low Modelled Signal,False,1.3266667,0.0021710624,0.045592308,0.0014319874,0.030071735,-1.3252348,-1.3244957
2018-07-31,76128533B22587307937261,South Andaman,contained_grid,27.87,34.05,4.5515623,5.44375,0.014845473,0.025785994,0.0018619779,4,Low Modelled Signal,False,27.87,22.475594,28.655592,22.460072,28.640072,-5.4099293,-5.3944073
2018-07-31,76128533B22687502928564,Ranipet,contained_grid,0.0,0.0,2.85,2.85,0.00013373366,0.00013373366,1.9861216e-05,1,Low Modelled Signal,False,0.0,0.0,0.0,0.0,0.0,0.0,0.0
2018-07-31,76128533B22715430000002,Longding,contained_grid,32.715,41.88,18.85125,19.6775,0.0174203,0.02263189,0.00014350649,2,Low Modelled Signal,False,32.715,27.320593,36.48559,27.305073,36.470074,-5.4099274,-5.3944073
2018-07-31,76128533B22722327711505,Rewari,contained_grid,1.03,1.03,0.0625,0.0625,0.000616997,0.000616997,2.5968646e-05,1,Low Modelled Signal,False,1.03,0.0,0.0,0.0,0.0,-1.03,-1.03
2018-07-31,76128533B22732185131019,Hisar,contained_grid,0.02,0.05,2.3892e-14,9.5568e-14,0.0005082408,0.00060574146,2.490925e-05,4,Low Modelled Signal,False,0.02,0.0,0.0,0.0,0.0,-0.02,-0.02
2018-07-31,76128533B23092176497025,Karimganj,contained_grid,26.6075,33.39,27.17531,32.389996,0.006355459,0.0070628827,0.000326615,4,Low Modelled Signal,False,26.6075,21.213093,27.995592,21.19757,27.980072,-5.4099293,-5.3944073
2018-07-31,76128533B23611090346849,Mon,contained_grid,34.37,35.319996,24.8575,28.52,0.021792725,0.02511189,0.00026026746,2,Low Modelled Signal,False,34.37,28.975592,29.925589,28.960072,29.910069,-5.4099274,-5.3944073
2018-07-31,76128533B23710487943819,Kanpur Nagar,contained_grid,20.11,25.76,57.026253,77.2175,0.02465387,0.03289362,0.0014290665,4,Low Modelled Signal,False,20.11,14.715593,20.365593,14.700071,20.35007,-5.4099293,-5.3944073
2018-07-31,76128533B23735146933631,Mandi,contained_grid,3.582,5.75,0.17024998,0.55499995,0.0013467986,0.0019984161,3.4499768e-05,5,Low Modelled Signal,False,3.582,0.07111845,0.35559225,0.06801434,0.34007168,-3.5139856,-3.5108817
2018-07-31,76128533B23858286755005,Alipurduar,contained_grid,63.806,78.909996,34.984,67.475,0.054130178,0.07794754,0.0060635447,5,Low Modelled Signal,False,63.806,58.41159,73.51559,58.39607,73.50007,-5.409931,-5.394409
2018-07-31,76128533B23956636471502,Yamunanagar,contained_grid,9.323333,9.639999,0.54249996,1.3499999,0.013274063,0.021993687,0.00045487657,3,Low Modelled Signal,False,9.323333,3.9289253,4.2455916,3.9134047,4.230071,-5.4099283,-5.3944073
2018-07-31,76128533B24017517661394,Pakke Kessang,contained_grid,67.979996,99.709984,30.144165,52.187496,0.03585456,0.037833184,0.0024748673,3,Low Modelled Signal,False,67.979996,62.585587,94.315575,62.57007,94.30006,-5.4099274,-5.394409
2018-07-31,76128533B24101991435637,Jehanabad,contained_grid,7.17,7.17,11.554999,11.554999,0.019671196,0.019671196,0.00063226937,1,Low Modelled Signal,False,7.17,1.7755923,1.7755923,1.7600718,1.7600718,-5.4099283,-5.3944077
2018-07-31,76128533B24594618908349,Suryapet,contained_grid,0.0,0.0,1.7683334,4.7250004,0.00023706222,0.00025778473,2.1472943e-05,6,Low Modelled Signal,False,0.0,0.0,0.0,0.0,0.0,0.0,0.0
2018-07-31,76128533B24755983727265,Saharsa,contained_grid,26.48,33.04,26.27,31.005001,0.018285241,0.020596115,0.00024620874,2,Low Modelled Signal,False,26.48,21.085594,27.645594,21.070072,27.630074,-5.4099274,-5.3944054
2018-07-31,76128533B24759700890118,Rupnagar,contained_grid,2.205,2.5,1.4387499,2.2549999,0.0011195294,0.0014116196,2.9843653e-05,2,Low Modelled Signal,False,2.205,0.0,0.0,0.0,0.0,-2.205,-2.205
2018-07-31,76128533B24861976740713,Jhargram,contained_grid,8.01,10.89,20.8325,24.36,0.01658082,0.019102244,0.00046913506,2,Low Modelled Signal,False,8.01,2.7477963,5.4955926,2.740036,5.480072,-5.269964,-5.262204
2018-07-31,76128533B25020556592153,Rajnandgaon,contained_grid,3.3399997,5.95,2.2147498,5.5549994,0.0015021063,0.00324505,0.0003101309,10,Low Modelled Signal,False,3.3399997,0.099677704,0.55559206,0.096014306,0.5400715,-3.2439854,-3.2403219
2018-07-31,76128533B25208535254310,Hardoi,contained_grid,33.011112,39.289997,61.37527,90.37998,0.050325166,0.108713076,0.0018450144,9,Heavy Rain Watch,False,33.011112,27.616703,33.895588,27.601183,33.88007,-5.4099293,-5.394409
2018-07-31,76128533B25280172436550,Nirmal,contained_grid,1.03,1.75,0.24375,0.605,0.00016614259,0.00021530062,2.7886153e-05,5,Low Modelled Signal,False,1.03,0.0,0.0,0.0,0.0,-1.03,-1.03
2018-07-31,76128533B25344721013980,Dhule,contained_grid,1.9666667,5.0400004,0.045833334,0.4125,0.00061767164,0.0012193825,9.584148e-05,9,Low Modelled Signal,False,1.9666667,0.0,0.0,0.0,0.0,-1.9666667,-1.9666667
2018-07-31,76128533B25373378863054,Purba Medinipur,contained_grid,13.71,16.8,20.651457,26.965,0.021935722,0.028091585,0.0011792418,6,Low Modelled Signal,False,13.71,8.315593,11.405592,8.300072,11.390071,-5.4099283,-5.3944073
2018-07-31,76128533B25448742967716,Leparada,contained_grid,53.845,64.41,17.579374,24.88,0.006102124,0.0063239383,0.00021899826,2,Low Modelled Signal,False,53.845,48.450592,59.015594,48.435074,59.000076,-5.4099274,-5.394409
2018-07-31,76128533B25468964623139,Anuppur,contained_grid,11.558333,13.74,13.434583,17.369999,0.006011406,0.008500358,0.00029847768,6,Low Modelled Signal,False,11.558333,6.1639256,8.3455925,6.148405,8.330071,-5.4099283,-5.3944077
2018-07-31,76128533B25576352747885,Bharatpur,contained_grid,5.555714,15.48,7.6533933,17.757502,0.023374772,0.08317414,0.0005121299,7,Low Modelled Signal,False,5.555714,1.634455,10.085592,1.6300204,10.070071,-3.9256938,-3.9212592
2018-07-31,76128533B25679991785711,Mandsaur,contained_grid,0.18777777,0.65,0.16902778,0.9675,0.00026514212,0.00029807398,4.557313e-05,9,Low Modelled Signal,False,0.18777777,0.0,0.0,0.0,0.0,-0.18777777,-0.18777777
2018-07-31,76128533B2576169508425,Kottayam,contained_grid,25.32,28.13,44.290833,51.792496,0.009323847,0.010151812,0.00023529235,3,Low Modelled Signal,False,25.32,19.925592,22.735592,19.91007,22.72007,-5.4099293,-5.3944073
2018-07-31,76128533B25835998628545,Dhubri,contained_grid,49.22,79.509995,18.798748,33.34625,0.023483535,0.031389296,0.0012789622,3,Low Modelled Signal,False,49.22,43.825592,74.115585,43.81007,74.10007,-5.409931,-5.394409
2018-07-31,76128533B26296891809198,Agra,contained_grid,41.676666,56.189995,34.547913,36.563747,0.22466747,0.27146724,0.0022919471,3,Heavy Rain Watch,False,41.676666,36.282257,50.795586,36.26674,50.780067,-5.4099274,-5.394409
2018-07-31,76128533B26755490628656,Uttar Bastar Kanker,contained_grid,4.2422223,9.429999,1.694861,2.8462498,0.0023514014,0.0050952393,0.00039835772,9,Low Modelled Signal,False,4.2422223,0.694576,4.0355916,0.691127,4.020071,-3.5510952,-3.5476463
2018-07-31,76128533B26931973511551,Kushinagar,contained_grid,22.633331,33.649998,1.3529167,2.95375,0.0071099573,0.0075301807,0.000228767,3,Low Modelled Signal,False,22.633331,17.238924,28.25559,17.223404,28.24007,-5.4099274,-5.3944073
2018-07-31,76128533B26964150246712,Cachar,contained_grid,22.04,30.49,28.190832,37.625,0.01304024,0.021013705,0.00043602556,6,Low Modelled Signal,False,22.04,16.645594,25.095592,16.630072,25.08007,-5.4099293,-5.3944073
2018-07-31,76128533B27102120636500,South West Khasi Hills,contained_grid,51.395,57.11,12.981251,14.890001,0.028743954,0.02981566,0.0015958091,2,Low Modelled Signal,False,51.395,46.00059,51.71559,45.985073,51.700073,-5.4099274,-5.394409
2018-07-31,76128533B27201270098470,Hamirpur,contained_grid,26.451666,36.04,17.21,36.869995,0.03291938,0.03793578,0.00039615305,6,Low Modelled Signal,False,26.451666,21.057259,30.645594,21.041739,30.630074,-5.4099274,-5.3944073
2018-07-31,76128533B27414563922025,Khunti,contained_grid,41.26,44.979996,26.99,29.93,0.02938907,0.032168727,0.0019765205,3,Low Modelled Signal,False,41.26,35.86559,39.585587,35.85007,39.57007,-5.4099274,-5.394409
2018-07-31,76128533B27432148084533,Katihar,contained_grid,43.206,54.22,32.718,52.810005,0.027866563,0.030269977,0.0018594437,5,Low Modelled Signal,False,43.206,37.811592,48.825592,37.796074,48.810074,-5.4099274,-5.394409
2018-07-31,76128533B27604563137530,Tenkasi,contained_grid,2.7966664,5.58,8.65125,16.755,0.0011153229,0.0027519364,0.00013695522,3,Low Modelled Signal,False,2.7966664,0.06186406,0.18559217,0.056690533,0.1700716,-2.739976,-2.7348022
2018-07-31,76128533B27609096170969,Parbhani,contained_grid,0.624,1.3000001,0.06375,0.4025,0.00015902819,0.00016631995,3.9825703e-05,10,Low Modelled Signal,False,0.624,0.0,0.0,0.0,0.0,-0.624,-0.624
2018-07-31,76128533B27615708126939,Jabalpur,contained_grid,7.8342857,10.4,1.4930357,5.94,0.004419736,0.0060236864,0.000230103,7,Low Modelled Signal,False,7.8342857,3.0605075,5.005592,3.0472043,4.9900713,-4.7870817,-4.773778
2018-07-31,76128533B2761749808956,Champawat,contained_grid,60.684998,63.75,8.5075,8.995001,0.023497451,0.028084558,0.00033479952,2,Low Modelled Signal,False,60.684998,55.29059,58.35559,55.27507,58.340073,-5.4099274,-5.394409
2018-07-31,76128533B2782141712775,DATA NOT AVAILABLE,contained_grid,1.5312319,9.240001,0.88235503,24.445,0.00021957142,0.0034252275,0.00011675698,138,Low Modelled Signal,False,1.5312319,0.11116181,3.845593,0.11014961,3.8300724,-1.4210823,-1.42007
2018-07-31,76128533B28138828116492,Sawai Madhopur,contained_grid,1.9916667,3.6399999,0.039374996,0.1275,0.0028761842,0.0041367006,0.0003749188,6,Low Modelled Signal,False,1.9916667,0.0,0.0,0.0,0.0,-1.9916667,-1.9916667
2018-07-31,76128533B28290181894983,Mahabubabad,contained_grid,3.338,8.280001,0.13275,0.50375,0.0013005646,0.003039189,0.0001723331,5,Low Modelled Signal,False,3.338,0.7842371,2.885593,0.77802885,2.8700724,-2.5599713,-2.553763
2018-07-31,76128533B28294794137747,Kurnool,contained_grid,0.07521739,0.37,0.4471739,0.93999994,0.00018819261,0.00024251657,2.477293e-05,23,Low Modelled Signal,False,0.07521739,0.0,0.0,0.0,0.0,-0.07521739,-0.07521739
2018-07-31,76128533B28397307540277,North  & Middle Andaman,contained_grid,49.152,63.76,23.2745,33.704998,0.052059997,0.06434682,0.009467781,5,Low Modelled Signal,False,49.152,43.75759,58.36559,43.742073,58.35007,-5.4099274,-5.394409
2018-07-31,76128533B284680734793,Raichur,contained_grid,0.08083333,0.13,0.81385416,1.7449999,0.0001711207,0.00019568017,2.5299913e-05,12,Low Modelled Signal,False,0.08083333,0.0,0.0,0.0,0.0,-0.08083333,-0.08083333
2018-07-31,76128533B28521131010314,Rajgarh,contained_grid,0.9925,1.81,0.042812496,0.2525,0.0002465814,0.00026208698,3.375755e-05,8,Low Modelled Signal,False,0.9925,0.0,0.0,0.0,0.0,-0.9925,-0.9925
2018-07-31,76128533B2860535426345,South Twenty Four Parganas,contained_grid,13.060769,22.07,35.06923,55.0525,0.07171398,0.1239374,0.0029378398,13,Heavy Rain Watch,False,13.060769,7.6663613,16.675592,7.6508408,16.660072,-5.4099283,-5.3944077
2018-07-31,76128533B28755611410447,Jaipur,contained_grid,0.371875,2.29,0.012812499,0.20499998,0.0009822455,0.0020728202,9.906504e-05,16,Low Modelled Signal,False,0.371875,0.0,0.0,0.0,0.0,-0.371875,-0.371875
2018-07-31,76128533B28879432621383,Dindigul,contained_grid,6.89625,14.029999,5.289219,9.20625,0.0007420857,0.0011823534,0.000110443274,8,Low Modelled Signal,False,6.89625,2.9352958,8.6355915,2.9275355,8.62007,-3.9687142,-3.960954
2018-07-31,76128533B29138015770556,East Godavari,contained_grid,2.2566667,10.25,1.0545833,3.42,0.0010456393,0.004521785,0.0006335514,15,Low Modelled Signal,False,2.2566667,0.32370615,4.8555923,0.32267144,4.8400717,-1.9339952,-1.9329605
2018-07-31,76128533B29292403538801,Kolar,contained_grid,6.3016663,7.96,0.6402083,1.26,0.0009546366,0.0013791622,0.00030156688,6,Low Modelled Signal,False,6.3016663,1.0253948,2.5655923,1.0150477,2.5500717,-5.2866187,-5.2762713
2018-07-31,76128533B29293163114565,Madhepura,contained_grid,38.01,46.429996,29.604061,42.828747,0.019002479,0.02187476,0.000540213,4,Low Modelled Signal,False,38.01,32.61559,41.035587,32.60007,41.02007,-5.4099274,-5.394409
2018-07-31,76128533B29330052395581,Pathanamthitta,contained_grid,17.283333,25.209997,25.37,42.235,0.006196366,0.008634649,0.0002457436,3,Low Modelled Signal,False,17.283333,11.888925,19.81559,11.8734045,19.800068,-5.4099283,-5.394408
2018-07-31,76128533B29554440319099,Mahrajganj,contained_grid,40.642002,48.62,3.7692502,7.6050005,0.006594053,0.007582381,0.00044793996,5,Low Modelled Signal,False,40.642002,35.247593,43.22559,35.232075,43.21007,-5.4099274,-5.394409
2018-07-31,76128533B29672216830072,Sheikhpura,contained_grid,7.95,7.95,15.375,15.375,0.0077102217,0.0077102217,0.0003501636,1,Low Modelled Signal,False,7.95,2.555592,2.555592,2.5400715,2.5400715,-5.4099283,-5.3944077
2018-07-31,76128533B2970909480221,Peren,contained_grid,24.679998,26.239998,21.809166,27.957499,0.01233914,0.013604924,0.0002538585,3,Low Modelled Signal,False,24.679998,19.285591,20.84559,19.270071,20.83007,-5.4099274,-5.3944073
2018-07-31,76128533B29721759389119,Agar,contained_grid,0.384,0.47000003,0.0,0.0,0.00021915312,0.00023156783,2.969543e-05,5,Low Modelled Signal,False,0.384,0.0,0.0,0.0,0.0,-0.384,-0.384
2018-07-31,76128533B29873478326363,Puducherry,contained_grid,1.27,1.27,1.9374999,1.9374999,0.0005320685,0.0005320685,3.1500895e-05,1,Low Modelled Signal,False,1.27,0.0,0.0,0.0,0.0,-1.27,-1.27
2018-07-31,76128533B30016122738302,Bokaro,contained_grid,43.0825,49.829998,21.789062,38.59,0.03141328,0.03911761,0.001985624,4,Low Modelled Signal,False,43.0825,37.68809,44.43559,37.672573,44.42007,-5.4099274,-5.394409
2018-07-31,76128533B30151252629779,West District,contained_grid,139.81999,165.75,8.74,9.305,0.07206493,0.07969372,0.00059328135,2,Low Modelled Signal,False,139.81999,134.42558,160.35559,134.41006,160.34007,-5.4099274,-5.394409
2018-07-31,76128533B30246762498957,Bhadradri,contained_grid,6.5950003,14.19,1.3210937,4.0474997,0.0025589967,0.005526978,0.000417782,16,Low Modelled Signal,False,6.5950003,1.9856458,8.795591,1.9769155,8.780071,-4.618085,-4.6093545
2018-07-31,76128533B3026318797185,Nagpur,contained_grid,3.0013335,4.66,0.07216667,0.515,0.0005058156,0.00086877926,7.576435e-05,15,Low Modelled Signal,False,3.0013335,0.0,0.0,0.0,0.0,-3.0013335,-3.0013335
2018-07-31,76128533B30447764775083,Sagar,contained_grid,3.5135713,8.989999,0.50624996,2.2099998,0.0018814958,0.00554496,0.00026763737,14,Low Modelled Signal,False,3.5135713,0.39437023,3.595591,0.392153,3.5800705,-3.1214182,-3.119201
2018-07-31,76128533B30477486088156,Shajapur,contained_grid,1.5280001,2.0500002,0.081,0.4,0.0002522778,0.00032211468,2.7767353e-05,5,Low Modelled Signal,False,1.5280001,0.0,0.0,0.0,0.0,-1.5280001,-1.5280001
2018-07-31,76128533B30779259886340,Imphal East,nearest_grid,27.5,27.5,16.0575,16.0575,0.007882222,0.007882222,0.00014282003,1,Low Modelled Signal,False,27.5,22.105593,22.105593,22.090073,22.090073,-5.4099274,-5.3944073
2018-07-31,76128533B31111781432113,Siddipet,contained_grid,0.71400005,1.1300001,0.11575,0.44,0.00019902314,0.0003500375,2.248885e-05,5,Low Modelled Signal,False,0.71400005,0.0,0.0,0.0,0.0,-0.71400005,-0.71400005
2018-07-31,76128533B31127900859310,Udhampur,contained_grid,0.09,0.15,1.1841666,2.995,0.0016603313,0.002839427,3.460757e-05,3,Low Modelled Signal,False,0.09,0.0,0.0,0.0,0.0,-0.09,-0.09
2018-07-31,76128533B31161316175613,Rewa,contained_grid,4.8336363,7.32,21.746023,32.675003,0.0066757263,0.009709453,0.00032405535,11,Low Modelled Signal,False,4.8336363,0.36385167,1.9255924,0.35820782,1.9100718,-4.4754286,-4.4697847
2018-07-31,76128533B31175522938788,Rangareddy,contained_grid,0.37428573,0.81000006,0.9198214,1.5949998,0.0001591555,0.00016676667,2.1472943e-05,7,Low Modelled Signal,False,0.37428573,0.0,0.0,0.0,0.0,-0.37428573,-0.37428573
2018-07-31,76128533B31241181851990,Thoothukkudi,contained_grid,6.01625,18.45,2.57125,10.43375,0.0010269764,0.0022906426,0.0003424103,8,Low Modelled Signal,False,6.01625,2.5802963,13.0555935,2.572536,13.040072,-3.4437141,-3.4359539
2018-07-31,76128533B31246189674263,Nagarkurnool,contained_grid,0.2188889,0.68000007,0.5575,1.2249999,0.00017309035,0.0001870347,2.1472943e-05,9,Low Modelled Signal,False,0.2188889,0.0,0.0,0.0,0.0,-0.2188889,-0.2188889
2018-07-31,76128533B31342633028465,Chandrapur,contained_grid,3.607143,10.2300005,0.6478571,2.6399996,0.0017069466,0.005691182,0.00025387356,14,Low Modelled Signal,False,3.607143,0.50119835,4.8355927,0.4978725,4.820072,-3.1092703,-3.1059446
2018-07-31,76128533B31405919461443,Kurung Kumey,contained_grid,48.011433,80.96,21.75107,34.4375,0.024782417,0.041843895,0.0010787772,7,Low Modelled Signal,False,48.011433,42.617023,75.56559,42.6015,75.55007,-5.409931,-5.394409
2018-07-31,76128533B32249045995424,Srinagar,contained_grid,0.18,0.18,0.0,0.0,0.00017785981,0.00017785981,3.6906224e-06,1,Low Modelled Signal,False,0.18,0.0,0.0,0.0,0.0,-0.18,-0.18
2018-07-31,76128533B32499449492865,Purnia,contained_grid,50.566666,63.04,41.564167,51.815,0.023991644,0.026874438,0.0010763587,3,Low Modelled Signal,False,50.566666,45.172256,57.64559,45.15674,57.630074,-5.4099274,-5.394409
2018-07-31,76128533B32509926596077,Dhenkanal,contained_grid,2.84,5.0299997,40.569996,48.654995,0.0031861207,0.00464373,0.00069412397,4,Low Modelled Signal,False,2.84,0.0,0.0,0.0,0.0,-2.84,-2.84
2018-07-31,76128533B32949331695897,Jagatsinghapur,contained_grid,6.585,8.92,58.653748,60.0775,0.01763514,0.02441546,0.004470102,2,Low Modelled Signal,False,6.585,1.7627962,3.5255923,1.7550359,3.5100718,-4.829964,-4.8222036
2018-07-31,76128533B32998994032811,Punch,contained_grid,0.53,0.65,1.8562499,2.70375,0.00027273208,0.00033240774,1.735634e-05,3,Low Modelled Signal,False,0.53,0.0,0.0,0.0,0.0,-0.53,-0.53
2018-07-31,76128533B33103505211400,Nicobars,contained_grid,2.675,2.95,0.96624994,1.4699999,0.00024682877,0.00033013,6.306779e-05,2,Low Modelled Signal,False,2.675,0.0,0.0,0.0,0.0,-2.675,-2.675
2018-07-31,76128533B33151011563565,Vadodara,contained_grid,2.8066666,3.6,0.85083336,3.2975,0.0008298759,0.0017262185,0.00018529058,6,Low Modelled Signal,False,2.8066666,0.0,0.0,0.0,0.0,-2.8066666,-2.8066666
2018-07-31,76128533B33162455176756,Thiruvananthapuram,contained_grid,8.3133335,10.940001,59.434998,71.345,0.0025795589,0.0037630412,9.84734e-05,3,Low Modelled Signal,False,8.3133335,3.0837286,5.545593,3.0733814,5.530072,-5.239952,-5.2296047
2018-07-31,76128533B33226396095315,Komaram Bheem,contained_grid,6.5862503,12.12,0.8995312,1.7074997,0.003760522,0.008824362,0.00069297233,8,Low Modelled Signal,False,6.5862503,2.2515464,6.725592,2.2437859,6.7100716,-4.3424644,-4.334704
2018-07-31,76128533B33437990510331,Saharanpur,contained_grid,11.193333,15.32,3.9437497,12.3925,0.013320446,0.021993687,0.001092016,6,Low Modelled Signal,False,11.193333,5.7989254,9.925592,5.783405,9.910071,-5.409928,-5.3944073
2018-07-31,76128533B33451850475260,Nuapada,contained_grid,7.4225006,10.17,0.5284375,1.175,0.0074116937,0.019104345,0.0024607733,4,Low Modelled Signal,False,7.4225006,2.1466944,4.7755923,2.135054,4.7600718,-5.2874465,-5.2758064
2018-07-31,76128533B33458049385696,Rohtas,contained_grid,2.546,5.3,7.0582504,9.785001,0.003349979,0.006808774,0.004899152,5,Low Modelled Signal,False,2.546,0.0,0.0,0.0,0.0,-2.546,-2.546
2018-07-31,76128533B334793883930,Jorhat,contained_grid,36.485,43.47,20.551252,28.200005,0.01920312,0.023774687,0.00031692686,2,Low Modelled Signal,False,36.485,31.090591,38.075592,31.075073,38.060074,-5.4099274,-5.394409
2018-07-31,76128533B3371867518692,Jammu,contained_grid,0.36333334,0.51000005,0.34166667,1.025,0.0008416981,0.0015115833,1.09528e-05,3,Low Modelled Signal,False,0.36333334,0.0,0.0,0.0,0.0,-0.36333334,-0.36333334
2018-07-31,76128533B33966968116377,Gadag,contained_grid,0.44625,0.77000004,1.566875,2.7949998,0.000116529176,0.00014690873,2.6436528e-05,8,Low Modelled Signal,False,0.44625,0.0,0.0,0.0,0.0,-0.44625,-0.44625
2018-07-31,76128533B34069028331411,Karauli,contained_grid,2.6316667,6.6099997,1.0285417,4.0899997,0.0041914075,0.007713422,0.00016669801,6,Low Modelled Signal,False,2.6316667,0.20259865,1.2155919,0.2000119,1.2000713,-2.4316547,-2.429068
2018-07-31,76128533B34203923268864,Aizawl,contained_grid,20.168001,25.77,29.533249,45.279995,0.010742007,0.013632215,0.0005630737,5,Low Modelled Signal,False,20.168001,14.773593,20.375593,14.758072,20.360073,-5.4099293,-5.394408
2018-07-31,76128533B34216851275023,Mayurbhanj,contained_grid,10.9800005,19.07,43.722942,61.938744,0.023448503,0.044249706,0.0028079129,17,Low Modelled Signal,False,10.9800005,6.125194,13.675592,6.112412,13.660071,-4.8675885,-4.8548064
2018-07-31,76128533B34462889864078,Gautam Buddha Nagar,contained_grid,13.67,13.67,1.5525001,1.5525001,0.01757049,0.01757049,0.001024286,1,Low Modelled Signal,False,13.67,8.275593,8.275593,8.260072,8.260072,-5.4099283,-5.3944073
2018-07-31,76128533B34824326075805,Warangal (U),contained_grid,1.24,1.24,0.14625,0.14625,0.0006180727,0.0006180727,2.248885e-05,1,Low Modelled Signal,False,1.24,0.0,0.0,0.0,0.0,-1.24,-1.24
2018-07-31,76128533B34832354589031,Shrawasti,contained_grid,62.453335,75.19,6.6341662,13.504999,0.025338635,0.05078369,0.00053888676,3,Low Modelled Signal,False,62.453335,57.058926,69.79559,57.043407,69.780075,-5.4099274,-5.394409
2018-07-31,76128533B35083559759016,Idukki,contained_grid,11.431666,18.329998,8.258125,18.3825,0.0051634656,0.009326181,0.0003030287,6,Low Modelled Signal,False,11.431666,6.0372586,12.935591,6.021738,12.92007,-5.4099283,-5.3944077
2018-07-31,76128533B35129325000613,Sabar Kantha,contained_grid,2.0,2.52,0.0003125,0.00125,0.00028152164,0.00031699138,2.835008e-05,4,Low Modelled Signal,False,2.0,0.0,0.0,0.0,0.0,-2.0,-2.0
2018-07-31,76128533B35143550659673,Latehar,contained_grid,22.05,24.48,9.196,12.137499,0.034366183,0.05434498,0.0006180792,5,Low Modelled Signal,False,22.05,16.655594,19.085592,16.640072,19.070072,-5.4099274,-5.3944054
2018-07-31,76128533B35167844027544,Alirajpur,contained_grid,4.0880003,5.1400003,0.0,0.0,0.0013648774,0.0024725483,0.0001452192,5,Low Modelled Signal,False,4.0880003,0.0,0.0,0.0,0.0,-4.0880003,-4.0880003
2018-07-31,76128533B35205406647638,Jamnagar,contained_grid,1.3033334,1.8199999,0.039722223,0.2725,0.00017704451,0.00026324336,3.866843e-05,9,Low Modelled Signal,False,1.3033334,0.0,0.0,0.0,0.0,-1.3033334,-1.3033334
2018-07-31,76128533B35439951183692,Lohardaga,contained_grid,27.22,28.109999,10.5025,13.049999,0.035811685,0.036477353,0.0006103315,2,Low Modelled Signal,False,27.22,21.825592,22.715591,21.81007,22.70007,-5.4099293,-5.3944073
2018-07-31,76128533B35465481868600,Samli,contained_grid,9.22,9.22,0.0,0.0,0.013587287,0.013587287,0.00037728224,1,Low Modelled Signal,False,9.22,3.8255925,3.8255925,3.810072,3.810072,-5.4099283,-5.3944077
2018-07-31,76128533B35468154415031,Saiha,contained_grid,17.896667,19.92,22.007086,32.357502,0.046548847,0.057972647,0.011737678,3,Low Modelled Signal,False,17.896667,12.502259,14.525593,12.486739,14.510072,-5.4099283,-5.394408
2018-07-31,76128533B35717069663408,Krishnagiri,contained_grid,0.60833335,1.37,0.5720833,1.7125,0.00020279291,0.00039468112,4.7662073e-05,6,Low Modelled Signal,False,0.60833335,0.0,0.0,0.0,0.0,-0.60833335,-0.60833335
2018-07-31,76128533B35759455556328,North Garo Hills,contained_grid,35.81,35.81,14.025,14.025,0.015808808,0.015808808,0.0013910551,1,Low Modelled Signal,False,35.81,30.415594,30.415594,30.400074,30.400074,-5.4099274,-5.3944073
2018-07-31,76128533B35956162202704,Hamirpur,contained_grid,1.26,1.43,0.32625,0.4425,0.0016270026,0.0024395431,1.0983401e-05,2,Low Modelled Signal,False,1.26,0.0,0.0,0.0,0.0,-1.26,-1.26
2018-07-31,76128533B36164606132718,Vizianagaram,contained_grid,3.44,15.5,5.5887494,10.357499,0.0022991183,0.0069076424,0.001144776,8,Low Modelled Signal,False,3.44,1.3263981,10.105593,1.3225179,10.090072,-2.1174822,-2.113602
2018-07-31,76128533B36594996191182,Noney,contained_grid,19.67,19.67,9.237501,9.237501,0.007752592,0.007752592,0.00025739436,1,Low Modelled Signal,False,19.67,14.275593,14.275593,14.260072,14.260072,-5.4099283,-5.3944073
2018-07-31,76128533B36625800127334,Nawada,contained_grid,9.7699995,11.309999,3.1829166,3.5675,0.019180708,0.024067724,0.0005164129,3,Low Modelled Signal,False,9.7699995,4.3755918,5.9155917,4.3600717,5.900071,-5.409928,-5.3944077
2018-07-31,76128533B36734405131975,Maldah,contained_grid,47.044,58.879997,13.53525,18.25,0.038846493,0.054478075,0.0006112932,5,Low Modelled Signal,False,47.044,41.64959,53.485588,41.63407,53.47007,-5.4099274,-5.394409
2018-07-31,76128533B36958871695926,Gadchiroli,contained_grid,10.680952,14.780001,1.3975,3.395,0.006600788,0.009282678,0.0007601793,21,Low Modelled Signal,False,10.680952,5.41146,9.385593,5.3981566,9.370072,-5.2827954,-5.269492
2018-07-31,76128533B37096001761063,Burhanpur,contained_grid,3.2766666,4.12,0.053750005,0.32250002,0.0006609859,0.0009043561,0.000119882134,6,Low Modelled Signal,False,3.2766666,0.0,0.0,0.0,0.0,-3.2766666,-3.2766666
2018-07-31,76128533B37148244536449,Palghar,contained_grid,6.602222,10.91,0.012499999,0.1125,0.0066047045,0.010491246,0.00052441825,9,Low Modelled Signal,False,6.602222,1.3108845,5.515592,1.302262,5.5000715,-5.29996,-5.2913375
2018-07-31,76128533B37199077904074,Kapurthala,contained_grid,0.46666667,0.65,0.07833333,0.235,0.0011978098,0.0018805012,3.774772e-05,3,Low Modelled Signal,False,0.46666667,0.0,0.0,0.0,0.0,-0.46666667,-0.46666667
2018-07-31,76128533B37392223136185,Udaipur,contained_grid,1.04,2.29,0.08529411,0.48499998,0.0002317061,0.00030439426,5.321877e-05,17,Low Modelled Signal,False,1.04,0.0,0.0,0.0,0.0,-1.04,-1.04
2018-07-31,76128533B37486272752374,Wardha,contained_grid,2.0714285,3.35,0.03964286,0.11,0.00027029598,0.000516056,2.4935753e-05,7,Low Modelled Signal,False,2.0714285,0.0,0.0,0.0,0.0,-2.0714285,-2.0714285
2018-07-31,76128533B37825396764028,Shupiyan,contained_grid,0.685,0.82,0.0,0.0,0.00029181066,0.00041456736,1.144054e-05,2,Low Modelled Signal,False,0.685,0.0,0.0,0.0,0.0,-0.685,-0.685
2018-07-31,76128533B38141181853016,Kolasib,contained_grid,30.039999,30.48,20.7375,23.19,0.012279456,0.015237637,0.00027030896,2,Low Modelled Signal,False,30.039999,24.645592,25.085592,24.630072,25.070072,-5.4099274,-5.3944073
2018-07-31,76128533B38203190611533,Gaurella Pendra Marwahi,contained_grid,16.650002,18.420002,13.015625,13.89875,0.009356866,0.009687289,0.00030238394,2,Low Modelled Signal,False,16.650002,11.255593,13.025595,11.240072,13.010074,-5.4099293,-5.394408
2018-07-31,76128533B38230828972906,Kamrup Metropolitan,nearest_grid,43.129997,43.129997,38.218746,38.218746,0.020673918,0.020673918,0.00022903575,1,Low Modelled Signal,False,43.129997,37.735588,37.735588,37.72007,37.72007,-5.4099274,-5.394409
2018-07-31,76128533B38354309367879,Adilabad,contained_grid,2.616,3.31,0.12349999,0.30999997,0.00023646987,0.00028503785,4.420117e-05,5,Low Modelled Signal,False,2.616,0.0,0.0,0.0,0.0,-2.616,-2.616
2018-07-31,76128533B38548995376745,Karbi Anglong East,contained_grid,35.496666,59.480003,54.50052,81.885,0.014692283,0.019620761,0.0004565582,12,Low Modelled Signal,False,35.496666,30.102259,54.085594,30.086739,54.070076,-5.4099274,-5.3944073
2018-07-31,76128533B38561771925520,Pithoragarh,contained_grid,15.084,47.39,8.897249,67.204994,0.012517574,0.026963806,0.002177958,10,Low Modelled Signal,False,15.084,9.768033,41.99559,9.754065,41.980072,-5.329935,-5.3159666
2018-07-31,76128533B38767180038480,Niwari,contained_grid,29.18,29.18,15.025002,15.025002,0.025936237,0.025936237,0.00023308546,1,Low Modelled Signal,False,29.18,23.785593,23.785593,23.770073,23.770073,-5.4099274,-5.3944073
2018-07-31,76128533B38784530776316,Lower Dibang Valley,contained_grid,18.365,27.41,27.746874,56.442505,0.0077103805,0.010512095,0.00017273688,6,Low Modelled Signal,False,18.365,12.9705925,22.015593,12.955071,22.000072,-5.4099283,-5.3944073
2018-07-31,76128533B39039541714099,Champhai,contained_grid,10.53,10.53,32.31,32.31,0.008326019,0.008326019,0.0001250842,1,Low Modelled Signal,False,10.53,5.135592,5.135592,5.1200714,5.1200714,-5.4099283,-5.3944077
2018-07-31,76128533B39046535416628,Kheda,contained_grid,2.052,2.26,0.078499995,0.39249998,0.00027339946,0.00032108038,3.2396263e-05,5,Low Modelled Signal,False,2.052,0.0,0.0,0.0,0.0,-2.052,-2.052
2018-07-31,76128533B39051871473194,Barnala,contained_grid,0.74,0.75,0.0,0.0,0.00078779,0.0009698385,0.00014650096,2,Low Modelled Signal,False,0.74,0.0,0.0,0.0,0.0,-0.74,-0.74
2018-07-31,76128533B39238815774480,Sindhudurg,contained_grid,10.825556,12.969999,2.5981944,11.839999,0.0100538945,0.013947319,0.0006336718,9,Low Modelled Signal,False,10.825556,5.4311476,7.5755916,5.415627,7.560071,-5.409929,-5.394408
2018-07-31,76128533B39329594544563,Aurangabad,contained_grid,0.8093334,1.31,0.013416667,0.1575,0.00017677923,0.00019789576,2.1699645e-05,15,Low Modelled Signal,False,0.8093334,0.0,0.0,0.0,0.0,-0.8093334,-0.8093334
2018-07-31,76128533B39368211148513,Patiala,contained_grid,2.394,5.03,6.0950003,11.765,0.001204456,0.0022002908,3.4033248e-05,5,Low Modelled Signal,False,2.394,0.0,0.0,0.0,0.0,-2.394,-2.394
2018-07-31,76128533B39705008578419,Satna,contained_grid,6.0963635,14.74,17.701363,36.152496,0.009771141,0.020385418,0.00018928635,11,Low Modelled Signal,False,6.0963635,1.5047607,9.3455925,1.499117,9.330071,-4.5972466,-4.591603
2018-07-31,76128533B3985531353014,Kozhikode,contained_grid,9.403334,12.070001,67.80833,74.2675,0.0024986595,0.0028888073,0.00014928763,3,Low Modelled Signal,False,9.403334,4.008926,6.675593,3.9934056,6.6600723,-5.4099283,-5.3944077
2018-07-31,76128533B39959897010345,Sehore,contained_grid,2.84625,3.8,0.0009375,0.0075,0.00053644663,0.0009093243,5.7425117e-05,8,Low Modelled Signal,False,2.84625,0.0,0.0,0.0,0.0,-2.84625,-2.84625
2018-07-31,76128533B40023971667984,Deoria,contained_grid,16.44,18.31,1.0537499,1.4624999,0.009669302,0.010523171,0.0011698445,2,Low Modelled Signal,False,16.44,11.045592,12.915592,11.030071,12.900071,-5.4099293,-5.394408
2018-07-31,76128533B40156838070,Jalgaon,contained_grid,2.2273333,4.25,0.011333333,0.085,0.00052193855,0.0011719621,0.000119882134,15,Low Modelled Signal,False,2.2273333,0.0,0.0,0.0,0.0,-2.2273333,-2.2273333
2018-07-31,76128533B40226077866964,Gorakhpur,contained_grid,18.154,24.21,1.49525,4.87,0.009400817,0.010916027,0.002731402,5,Low Modelled Signal,False,18.154,12.759592,18.815592,12.744072,18.800072,-5.4099274,-5.3944073
2018-07-31,76128533B40480360118262,Sangareddy,contained_grid,0.68,0.8,0.54625,1.2412499,0.00014271314,0.00016121361,2.1472943e-05,5,Low Modelled Signal,False,0.68,0.0,0.0,0.0,0.0,-0.68,-0.68
2018-07-31,76128533B40495457052818,Bijapur,contained_grid,0.15928571,0.24999999,0.6523214,1.8799999,0.00015659716,0.00017801122,2.5299913e-05,14,Low Modelled Signal,False,0.15928571,0.0,0.0,0.0,0.0,-0.15928571,-0.15928571
2018-07-31,76128533B40509297062120,Siddharthnagar,contained_grid,39.86,43.489998,6.0831246,12.51,0.00832945,0.010518887,0.00038081137,4,Low Modelled Signal,False,39.86,34.46559,38.09559,34.450073,38.08007,-5.4099274,-5.394409
2018-07-31,76128533B40535123096970,East Garo Hills,contained_grid,93.19,138.67,9.016562,13.6025,0.033824973,0.04484081,0.0013442083,4,Low Modelled Signal,False,93.19,87.79559,133.27559,87.780075,133.26007,-5.4099274,-5.394409
2018-07-31,76128533B40638696154891,Faridabad,contained_grid,14.72,14.72,8.992499,8.992499,0.013223904,0.013223904,0.0010955852,1,Low Modelled Signal,False,14.72,9.325592,9.325592,9.310072,9.310072,-5.4099283,-5.394408
2018-07-31,76128533B40714385808093,Biswanath,contained_grid,39.0,39.0,18.819998,18.819998,0.02030627,0.02030627,0.00046292256,1,Low Modelled Signal,False,39.0,33.60559,33.60559,33.590073,33.590073,-5.4099274,-5.394409
2018-07-31,76128533B40868676647207,Munger,contained_grid,8.055,8.41,14.999999,16.874998,0.006952607,0.007235511,0.00019803345,2,Low Modelled Signal,False,8.055,2.660592,3.015592,2.6450715,3.0000715,-5.409929,-5.394408
2018-07-31,76128533B40923846274136,Junagadh,contained_grid,2.6357143,3.28,0.11517857,0.52125,0.00034916084,0.0004370121,7.342615e-05,7,Low Modelled Signal,False,2.6357143,0.0,0.0,0.0,0.0,-2.6357143,-2.6357143
2018-07-31,76128533B40995085026980,Nalbari,contained_grid,38.35,42.879997,36.571877,36.66875,0.011287501,0.01370251,0.00073076354,2,Low Modelled Signal,False,38.35,32.95559,37.485588,32.94007,37.47007,-5.4099274,-5.394409
2018-07-31,76128533B41005496708834,Sonitpur,contained_grid,59.497498,76.02,25.681248,34.262497,0.03625781,0.049421977,0.0014761119,4,Low Modelled Signal,False,59.497498,54.10309,70.62559,54.08757,70.61007,-5.4099274,-5.394409
2018-07-31,76128533B41246169049488,Mahe,nearest_grid,13.190001,13.190001,48.035,48.035,0.0044040717,0.0044040717,0.00014458103,1,Low Modelled Signal,False,13.190001,7.795593,7.795593,7.780072,7.780072,-5.4099283,-5.3944077
2018-07-31,76128533B41321006511827,Khawzawl,contained_grid,8.219999,8.219999,33.275,33.275,0.008315946,0.008315946,0.0001519476,1,Low Modelled Signal,False,8.219999,2.8255916,2.8255916,2.810071,2.810071,-5.4099283,-5.3944077
2018-07-31,76128533B41477629049356,Lakshadweep,nearest_grid,1.92,1.92,0.645,0.645,0.00016228756,0.00016228756,1.6431612e-05,1,Low Modelled Signal,False,1.92,0.0,0.0,0.0,0.0,-1.92,-1.92
2018-07-31,76128533B41499938690181,Mansa,contained_grid,0.805,1.25,0.0,0.0,0.0009906685,0.0010008215,7.011285e-05,2,Low Modelled Signal,False,0.805,0.0,0.0,0.0,0.0,-0.805,-0.805
2018-07-31,76128533B41744580856133,Bandipore,contained_grid,0.355,0.96,0.0578125,0.1525,8.856228e-05,0.0001458008,9.587483e-06,4,Low Modelled Signal,False,0.355,0.0,0.0,0.0,0.0,-0.355,-0.355
2018-07-31,76128533B41747884279129,Hoshiarpur,contained_grid,0.45166668,0.8,2.8349998,11.634999,0.0006537575,0.0010436536,2.5969297e-05,6,Low Modelled Signal,False,0.45166668,0.0,0.0,0.0,0.0,-0.45166668,-0.45166668
2018-07-31,76128533B41976979530466,Kannur,contained_grid,12.7125,13.400001,29.831875,48.035,0.004019916,0.004459806,0.00019996309,4,Low Modelled Signal,False,12.7125,7.3180923,8.005592,7.302572,7.9900723,-5.409928,-5.3944073
2018-07-31,76128533B42153891534463,West Khasi Hills,contained_grid,50.036667,56.71,27.518957,71.295,0.03117524,0.04451706,0.006500267,6,Low Modelled Signal,False,50.036667,44.642258,51.31559,44.62674,51.30007,-5.4099274,-5.394409
2018-07-31,76128533B421757708753,Firozpur,contained_grid,0.08,0.16,0.044999998,0.089999996,0.0009108494,0.0009108494,1.5024989e-05,2,Low Modelled Signal,False,0.08,0.0,0.0,0.0,0.0,-0.08,-0.08
2018-07-31,76128533B42623703243160,Unnao,contained_grid,31.599998,37.53,51.967915,70.505005,0.030887386,0.03996152,0.0006624802,6,Low Modelled Signal,False,31.599998,26.205591,32.13559,26.190071,32.12007,-5.4099274,-5.3944073
2018-07-31,76128533B42646400584570,Bhiwani,contained_grid,0.3014286,0.97,0.24053572,1.68375,0.00047348434,0.0006051093,3.085943e-05,7,Low Modelled Signal,False,0.3014286,0.0,0.0,0.0,0.0,-0.3014286,-0.3014286
2018-07-31,76128533B42839853072341,Patan,contained_grid,1.9283333,2.1,0.007916667,0.0475,0.0002032226,0.00023356856,5.1721443e-05,6,Low Modelled Signal,False,1.9283333,0.0,0.0,0.0,0.0,-1.9283333,-1.9283333
2018-07-31,76128533B42880544505675,Dhar,contained_grid,3.601818,4.2599998,0.053068176,0.26999998,0.0008955048,0.0010875507,0.00010244231,11,Low Modelled Signal,False,3.601818,0.0,0.0,0.0,0.0,-3.601818,-3.601818
2018-07-31,76128533B42922918567330,Chhatarpur,contained_grid,10.0824995,20.56,16.225832,26.989994,0.013310582,0.018236902,0.00033477147,12,Low Modelled Signal,False,10.0824995,5.5153947,15.165592,5.5050483,15.150071,-4.577451,-4.567105
2018-07-31,76128533B42970684683247,Dhalai,contained_grid,33.015,34.98,15.785625,17.69125,0.008692617,0.009679444,0.00032646218,2,Low Modelled Signal,False,33.015,27.620594,29.585592,27.605072,29.570072,-5.4099274,-5.3944054
2018-07-31,76128533B43049220506604,Dakshin Dinajpur,contained_grid,68.473335,71.11,12.755833,15.647499,0.048596624,0.05332728,0.003493233,3,Low Modelled Signal,False,68.473335,63.078922,65.71559,63.063404,65.70007,-5.409931,-5.394413
2018-07-31,76128533B43180268042348,Kodarma,contained_grid,8.98,12.169999,10.971665,16.064999,0.017021045,0.021656742,0.0006415563,3,Low Modelled Signal,False,8.98,3.5855916,6.7755914,3.5700712,6.760071,-5.4099283,-5.394408
2018-07-31,76128533B43252171579976,Dadra & Nagar Haveli,contained_grid,4.76,4.76,0.0,0.0,0.004359035,0.004359035,0.00020446844,1,Low Modelled Signal,False,4.76,0.0,0.0,0.0,0.0,-4.76,-4.76
2018-07-31,76128533B43335986553000,Mandya,contained_grid,0.31,0.48,2.472031,5.895,9.700127e-05,0.000111608,2.674285e-05,8,Low Modelled Signal,False,0.31,0.0,0.0,0.0,0.0,-0.31,-0.31
2018-07-31,76128533B43544960343942,Nagaur,contained_grid,0.00037037037,0.01,0.0,0.0,0.0003081632,0.00060840044,5.562198e-05,27,Low Modelled Signal,False,0.00037037037,0.0,0.0,0.0,0.0,-0.00037037037,-0.00037037037
2018-07-31,76128533B43737470294384,Amreli,contained_grid,1.793,2.52,0.048,0.48000002,0.00059862365,0.0013225855,8.555305e-05,10,Low Modelled Signal,False,1.793,0.0,0.0,0.0,0.0,-1.793,-1.793
2018-07-31,76128533B43965372582859,Sipahijula,contained_grid,25.6,25.6,5.4775004,5.4775004,0.015339433,0.015339433,0.000527574,1,Low Modelled Signal,False,25.6,20.205593,20.205593,20.190071,20.190071,-5.4099293,-5.3944073
2018-07-31,76128533B44190672061408,Ukhrul,contained_grid,11.573334,15.459999,8.71,11.8724985,0.012587224,0.012797892,0.00013846847,3,Low Modelled Signal,False,11.573334,6.178926,10.065592,6.163405,10.050071,-5.409929,-5.3944077
2018-07-31,76128533B44197302080139,Thoubal,nearest_grid,27.5,27.5,16.0575,16.0575,0.007882222,0.007882222,0.00014282003,1,Low Modelled Signal,False,27.5,22.105593,22.105593,22.090073,22.090073,-5.4099274,-5.3944073
2018-07-31,76128533B44250373880839,Damoh,contained_grid,5.704,11.690001,2.458625,8.225,0.005035055,0.009963312,0.00033489038,10,Low Modelled Signal,False,5.704,1.538237,6.295593,1.5320288,6.280072,-4.1719713,-4.165763
2018-07-31,76128533B44395557448920,Balangir,contained_grid,13.10889,31.550001,1.118611,3.8774998,0.013499478,0.024312403,0.0043424424,9,Low Modelled Signal,False,13.10889,8.1232395,26.155594,8.111167,26.140072,-4.9977226,-4.98565
2018-07-31,76128533B44632955875385,Chatra,contained_grid,15.992858,24.7,5.778214,8.105,0.017774442,0.036624473,0.0007189605,7,Low Modelled Signal,False,15.992858,10.59845,19.305593,10.58293,19.290073,-5.4099283,-5.394408
2018-07-31,76128533B4466876522971,Umaria,contained_grid,6.8225,9.26,19.581875,30.8425,0.0032966873,0.0045627505,0.00017464047,8,Low Modelled Signal,False,6.8225,1.8254443,3.8655925,1.8138039,3.850072,-5.0086966,-4.997056
2018-07-31,76128533B4481773749911,Krishna,contained_grid,0.07083333,0.54,1.5833334,4.215,0.00022275402,0.00041517123,2.6062671e-05,12,Low Modelled Signal,False,0.07083333,0.0,0.0,0.0,0.0,-0.07083333,-0.07083333
2018-07-31,76128533B45037556977273,Gir Somnath,contained_grid,3.1416667,3.71,0.0,0.0,0.00067806285,0.0010762897,8.6996675e-05,6,Low Modelled Signal,False,3.1416667,0.0,0.0,0.0,0.0,-3.1416667,-3.1416667
2018-07-31,76128533B45072089356239,Thiruvarur,contained_grid,2.7099998,5.0199995,9.146251,19.29375,0.00040840366,0.00063201925,8.231127e-05,3,Low Modelled Signal,False,2.7099998,0.0,0.0,0.0,0.0,-2.7099998,-2.7099998
2018-07-31,76128533B45099378029175,Banda,contained_grid,10.599999,17.64,31.283392,38.92625,0.020401841,0.025729882,0.00037100678,7,Low Modelled Signal,False,10.599999,5.205592,12.245592,5.190071,12.230071,-5.4099283,-5.3944073
2018-07-31,76128533B45106682783501,Jind,contained_grid,1.2820001,2.5100002,3.1357503,11.3125,0.0016804558,0.0031347843,5.3495995e-05,5,Low Modelled Signal,False,1.2820001,0.0,0.0,0.0,0.0,-1.2820001,-1.2820001
2018-07-31,76128533B45314020251888,Hoshangabad,contained_grid,3.1111112,3.67,0.19944444,1.3549999,0.0005271481,0.00083316123,5.80144e-05,9,Low Modelled Signal,False,3.1111112,0.0,0.0,0.0,0.0,-3.1111112,-3.1111112
2018-07-31,76128533B45381195840581,Pakur,contained_grid,29.933334,35.0,20.051666,28.55,0.028569946,0.033295847,0.0020910085,3,Low Modelled Signal,False,29.933334,24.538925,29.605593,24.523407,29.590073,-5.4099274,-5.394409
2018-07-31,76128533B45574198291616,North ,nearest_grid,6.21,6.21,4.23,4.23,0.011751072,0.011751072,0.0016041329,1,Low Modelled Signal,False,6.21,0.8155923,0.8155923,0.8000717,0.8000717,-5.4099283,-5.3944077
2018-07-31,76128533B45592431373253,Thiruvallur,contained_grid,0.34666666,1.0,2.7283332,4.9874997,0.00025271098,0.00045632114,3.6451664e-05,3,Low Modelled Signal,False,0.34666666,0.0,0.0,0.0,0.0,-0.34666666,-0.34666666
2018-07-31,76128533B45623818137574,Arwal,contained_grid,5.25,5.25,11.304997,11.304997,0.006413655,0.006413655,0.0005566194,1,Low Modelled Signal,False,5.25,0.0,0.0,0.0,0.0,-5.25,-5.25
2018-07-31,76128533B45655211862788,Rajouri,contained_grid,0.18,0.37,2.8543751,10.095,0.0006384563,0.0010064355,8.977003e-06,4,Low Modelled Signal,False,0.18,0.0,0.0,0.0,0.0,-0.18,-0.18
2018-07-31,76128533B46038384763988,Rudraprayag,contained_grid,11.475,12.45,27.408125,46.1525,0.008743998,0.009682412,0.000106955726,2,Low Modelled Signal,False,11.475,6.080592,7.055592,6.0650716,7.0400715,-5.409929,-5.394408
2018-07-31,76128533B46084756537322,Shi Yomi,contained_grid,34.48833,38.66,24.62729,31.584997,0.012361794,0.019188862,0.0017464068,6,Low Modelled Signal,False,34.48833,29.093925,33.26559,29.078405,33.250072,-5.4099255,-5.3944054
2018-07-31,76128533B46195204843409,Ludhiana,contained_grid,0.87000006,1.76,3.6799996,16.539999,0.00145796,0.0021808748,5.6067845e-05,6,Low Modelled Signal,False,0.87000006,0.0,0.0,0.0,0.0,-0.87000006,-0.87000006
2018-07-31,76128533B46268976217915,Baghpat,contained_grid,10.155001,10.360001,0.18625,0.2825,0.010478856,0.010744231,0.0007804553,2,Low Modelled Signal,False,10.155001,4.7605925,4.965593,4.745072,4.9500723,-5.409929,-5.394408
2018-07-31,76128533B46490409917345,Bongaigaon,contained_grid,33.0,33.0,11.0375,11.0375,0.018185122,0.018185122,0.0006717719,1,Low Modelled Signal,False,33.0,27.605593,27.605593,27.590073,27.590073,-5.4099274,-5.3944073
2018-07-31,76128533B46531174070538,Udham Singh Nagar,contained_grid,22.53,41.68,29.3435,46.10875,0.028187394,0.05101164,0.0014210796,5,Low Modelled Signal,False,22.53,17.135593,36.28559,17.120071,36.270073,-5.4099293,-5.3944073
2018-07-31,76128533B46682008877369,Rampur,contained_grid,16.26,19.500002,33.099373,39.70999,0.014698275,0.017707048,0.0007344361,4,Low Modelled Signal,False,16.26,10.865593,14.105595,10.850072,14.090074,-5.4099283,-5.3944073
2018-07-31,76128533B46866455993508,Narmada,contained_grid,6.2275,7.0300007,0.41999996,1.6699998,0.003310414,0.0038129431,0.00014610465,4,Low Modelled Signal,False,6.2275,0.9016944,1.6355929,0.890054,1.6200724,-5.337446,-5.3258057
2018-07-31,76128533B46926146855114,Garhwal,contained_grid,8.5425,13.639999,12.176561,24.269999,0.008461761,0.01480872,0.0007170275,8,Low Modelled Signal,False,8.5425,3.381143,8.245592,3.3675625,8.230071,-5.1749372,-5.1613564
2018-07-31,76128533B46979893461805,Surajpur,contained_grid,13.54,17.69,7.229062,11.155,0.012217812,0.019787515,0.00058267586,4,Low Modelled Signal,False,13.54,8.145593,12.295593,8.130072,12.280072,-5.4099283,-5.3944073
2018-07-31,76128533B4720703924950,Unokoti,contained_grid,33.829998,33.829998,21.765001,21.765001,0.007204984,0.007204984,0.00030454173,1,Low Modelled Signal,False,33.829998,28.43559,28.43559,28.42007,28.42007,-5.4099274,-5.3944073
2018-07-31,76128533B4743808419896,Dharmapuri,contained_grid,1.13,4.71,2.1167858,5.19,0.00023891644,0.00031830434,8.401963e-05,7,Low Modelled Signal,False,1.13,0.0,0.0,0.0,0.0,-1.13,-1.13
2018-07-31,76128533B47448948912370,Koraput,contained_grid,9.392727,17.94,7.7162504,13.44125,0.0044200015,0.0082593085,0.00080767716,11,Low Modelled Signal,False,9.392727,4.4358854,12.545593,4.4245977,12.530072,-4.968129,-4.9568415
2018-07-31,76128533B4745348385341,Araria,contained_grid,53.734997,58.059998,43.477184,54.42625,0.016557299,0.019734653,0.0010477856,4,Low Modelled Signal,False,53.734997,48.340588,52.66559,48.32507,52.65007,-5.4099274,-5.394409
2018-07-31,76128533B4753404177348,Coimbatore,contained_grid,3.1899998,9.589999,15.101964,37.5575,0.000708031,0.0021227538,0.00014082351,7,Low Modelled Signal,False,3.1899998,0.5993702,4.1955914,0.597153,4.180071,-2.5928469,-2.5906296
2018-07-31,76128533B47594161132413,Chitradurga,contained_grid,0.10636363,0.45,0.31522727,2.165,0.00010481697,0.00014690873,3.1366217e-05,11,Low Modelled Signal,False,0.10636363,0.0,0.0,0.0,0.0,-0.10636363,-0.10636363
2018-07-31,76128533B47664895117076,Kargil,contained_grid,0.19399999,0.7,0.3953,1.4675,0.00012834724,0.00023294857,9.737058e-06,25,Low Modelled Signal,False,0.19399999,0.0,0.0,0.0,0.0,-0.19399999,-0.19399999
2018-07-31,76128533B47772746709007,Barpeta,contained_grid,39.2,42.820004,33.180622,56.489994,0.018950906,0.022551188,0.00063924975,4,Low Modelled Signal,False,39.2,33.80559,37.425594,33.790073,37.410076,-5.4099274,-5.394409
2018-07-31,76128533B47816398970283,Ahmadnagar,contained_grid,0.9038096,7.7200003,0.067499995,1.3575,0.000534858,0.0064359354,0.00024693788,21,Low Modelled Signal,False,0.9038096,0.1107425,2.3255925,0.11000343,2.310072,-0.7938062,-0.7930671
2018-07-31,76128533B47840093719460,Bastar,contained_grid,11.975715,18.010002,2.285,5.315,0.0058188112,0.00895369,0.00097302516,7,Low Modelled Signal,False,11.975715,6.581307,12.615595,6.565786,12.600074,-5.409929,-5.3944077
2018-07-31,76128533B48075109668277,Bangalore Rural,contained_grid,0.895,1.34,0.020624999,0.042499997,0.00030230614,0.00046076303,9.048354e-05,4,Low Modelled Signal,False,0.895,0.0,0.0,0.0,0.0,-0.895,-0.895
2018-07-31,76128533B48077510234542,Kabeerdham,contained_grid,4.04,5.8199997,11.186043,19.835001,0.002162299,0.0037215522,0.00017394908,6,Low Modelled Signal,False,4.04,0.07093199,0.42559195,0.06834523,0.41007137,-3.9716547,-3.969068
2018-07-31,76128533B4839184447445,Udupi,contained_grid,12.566,14.809999,1.294,3.535,0.006406234,0.008215635,0.000291079,5,Low Modelled Signal,False,12.566,7.1715918,9.415592,7.1560717,9.400071,-5.4099283,-5.394408
2018-07-31,76128533B48708628358161,Doda,contained_grid,1.2825,2.21,3.0346875,7.8900003,0.00020508103,0.00024852715,2.1240794e-05,4,Low Modelled Signal,False,1.2825,0.0,0.0,0.0,0.0,-1.2825,-1.2825
2018-07-31,76128533B48885555323596,Batod,contained_grid,1.235,1.34,0.2421875,0.7325,0.00039650928,0.00039650928,2.7045347e-05,4,Low Modelled Signal,False,1.235,0.0,0.0,0.0,0.0,-1.235,-1.235
2018-07-31,76128533B49017555803526,Purba Champaran,contained_grid,26.717999,48.17,4.5652494,6.87375,0.0060399333,0.008585231,0.00064561266,5,Low Modelled Signal,False,26.717999,21.323591,42.77559,21.308071,42.76007,-5.4099274,-5.3944073
2018-07-31,76128533B49100243723360,Kiphire,contained_grid,17.175,20.949999,19.30375,24.119999,0.017993562,0.019000122,8.082768e-05,2,Low Modelled Signal,False,17.175,11.780592,15.555592,11.765072,15.540071,-5.4099274,-5.3944073
2018-07-31,76128533B49246671500878,East Khasi Hills,contained_grid,54.332497,60.18,14.250624,20.539997,0.040546052,0.04470661,0.0011694506,4,Low Modelled Signal,False,54.332497,48.938087,54.78559,48.92257,54.770073,-5.4099274,-5.394409
2018-07-31,76128533B49394025943542,Wanaparthy,contained_grid,0.17666666,0.4,0.96374995,1.4124999,0.00017287019,0.00018390344,2.1472943e-05,3,Low Modelled Signal,False,0.17666666,0.0,0.0,0.0,0.0,-0.17666666,-0.17666666
2018-07-31,76128533B49429513424897,Samba,contained_grid,0.45499998,0.64,0.08687499,0.17374998,0.0005188235,0.00053018925,1.9660707e-05,2,Low Modelled Signal,False,0.45499998,0.0,0.0,0.0,0.0,-0.45499998,-0.45499998
2018-07-31,76128533B49436035281620,Lucknow,contained_grid,21.8475,26.970001,39.157814,45.815002,0.04475225,0.077205084,0.002212841,4,Low Modelled Signal,False,21.8475,16.453093,21.575594,16.437572,21.560074,-5.4099274,-5.3944073
2018-07-31,76128533B49456368048033,Serchhip,contained_grid,16.244999,17.68,24.515,30.904999,0.011423195,0.012445728,0.0019781222,2,Low Modelled Signal,False,16.244999,10.850593,12.285593,10.835072,12.270072,-5.4099274,-5.3944063
2018-07-31,76128533B49460554954204,Ghazipur,contained_grid,4.356,4.9199996,1.025,1.16,0.0077012777,0.011048166,0.0004971504,5,Low Modelled Signal,False,4.356,0.0,0.0,0.0,0.0,-4.356,-4.356
2018-07-31,76128533B49597693387243,Davanagere,contained_grid,0.45428568,0.58,0.40160713,2.62625,0.000100467056,0.0001231856,2.775408e-05,7,Low Modelled Signal,False,0.45428568,0.0,0.0,0.0,0.0,-0.45428568,-0.45428568
2018-07-31,76128533B49615943426842,Mahisagar,contained_grid,2.02,2.12,0.0,0.0,0.00031037966,0.00031699138,3.2396263e-05,3,Low Modelled Signal,False,2.02,0.0,0.0,0.0,0.0,-2.02,-2.02
2018-07-31,76128533B49805675626253,Sahibganj,contained_grid,26.5275,33.48,23.968124,28.775002,0.023356143,0.027125528,0.0009297797,4,Low Modelled Signal,False,26.5275,21.133093,28.085592,21.117573,28.070072,-5.4099274,-5.3944073
2018-07-31,76128533B49867917697487,Sirohi,contained_grid,0.8,1.65,0.076562494,0.23249999,0.00016565905,0.00020062758,3.769169e-05,8,Low Modelled Signal,False,0.8,0.0,0.0,0.0,0.0,-0.8,-0.8
2018-07-31,76128533B49993259380917,Lower Siang,contained_grid,37.620003,44.670002,14.88,16.055,0.0098766945,0.010385615,0.0001757096,2,Low Modelled Signal,False,37.620003,32.225594,39.275593,32.210075,39.260075,-5.4099274,-5.394409
2018-07-31,76128533B50011981829203,Kinnaur,contained_grid,2.0870001,7.43,0.38925,1.9425,0.0006537986,0.0029830616,1.4719233e-05,10,Low Modelled Signal,False,2.0870001,0.20411845,2.035592,0.20200714,2.0200715,-1.884993,-1.8828816
2018-07-31,76128533B50014751336341,Singrauli,contained_grid,9.3675,11.85,3.2071874,7.5324993,0.013649088,0.016534656,0.0002851928,8,Low Modelled Signal,False,9.3675,3.973092,6.4555926,3.9575715,6.440072,-5.409929,-5.394408
2018-07-31,76128533B50056157736049,Nashik,contained_grid,2.951739,8.49,0.0,0.0,0.0015046305,0.005053312,0.000410824,23,Low Modelled Signal,False,2.951739,0.36556357,3.095592,0.3621895,3.0800714,-2.5895495,-2.5861754
2018-07-31,76128533B50184713016881,Muktsar,contained_grid,0.8033333,1.01,0.0,0.0,0.0012500059,0.0015776284,2.0861036e-05,3,Low Modelled Signal,False,0.8033333,0.0,0.0,0.0,0.0,-0.8033333,-0.8033333
2018-07-31,76128533B50275440439236,Saraikela-Kharsawan,contained_grid,17.903334,20.839998,44.992496,49.687492,0.039603397,0.046612795,0.0037705337,3,Low Modelled Signal,False,17.903334,12.508926,15.445591,12.493405,15.43007,-5.4099283,-5.3944073
2018-07-31,76128533B50374927918374,Nainital,contained_grid,13.839999,30.01,21.156748,26.252495,0.012063084,0.022477152,0.0007431831,5,Low Modelled Signal,False,13.839999,8.526474,24.615593,8.514057,24.60007,-5.325942,-5.313525
2018-07-31,76128533B50498617372937,Rayagada,contained_grid,12.535001,15.35,3.9173748,11.2225,0.008247926,0.011493634,0.0027382039,10,Low Modelled Signal,False,12.535001,7.140593,9.955593,7.1250715,9.940072,-5.4099293,-5.3944077
2018-07-31,76128533B50613523798301,Pratapgarh,contained_grid,1.4460001,2.0600002,0.03875,0.1125,0.0002554785,0.00031855283,2.7987688e-05,5,Low Modelled Signal,False,1.4460001,0.0,0.0,0.0,0.0,-1.4460001,-1.4460001
2018-07-31,76128533B50650763703739,Dhemaji,contained_grid,18.122501,21.720003,32.668747,45.214993,0.012223855,0.0149939805,0.0008305178,4,Low Modelled Signal,False,18.122501,12.728093,16.325596,12.712572,16.310074,-5.4099293,-5.394408
2018-07-31,76128533B50784044604286,Reasi,contained_grid,0.995,1.1700001,11.554999,14.009998,0.000307912,0.0003373808,1.6474083e-05,2,Low Modelled Signal,False,0.995,0.0,0.0,0.0,0.0,-0.995,-0.995
2018-07-31,76128533B50969226102213,Churachandpur,contained_grid,19.664999,27.369999,12.712812,14.69,0.0101191,0.012487618,0.00027238572,4,Low Modelled Signal,False,19.664999,14.270592,21.975592,14.255071,21.960072,-5.4099283,-5.3944073
2018-07-31,76128533B51331331726928,Gurdaspur,contained_grid,0.012,0.03,4.0615,18.0125,0.0006497327,0.00087929604,3.774772e-05,5,Low Modelled Signal,False,0.012,0.0,0.0,0.0,0.0,-0.012,-0.012
2018-07-31,76128533B51363853289247,Nalanda,contained_grid,8.525,8.73,7.6574993,8.594999,0.012804216,0.015228534,0.0006362085,2,Low Modelled Signal,False,8.525,3.1305919,3.3355918,3.1150713,3.3200712,-5.4099283,-5.3944077
2018-07-31,76128533B51368558457506,Allahabad,contained_grid,5.342857,8.29,7.7817855,24.77,0.012489394,0.0188645,0.00055151427,7,Low Modelled Signal,False,5.342857,0.6795394,2.8955922,0.67288774,2.8800716,-4.669969,-4.6633177
2018-07-31,76128533B51372664315362,Namakkal,contained_grid,4.7475004,8.070001,1.6125,3.1475,0.00063071866,0.0008059261,0.0001337813,4,Low Modelled Signal,False,4.7475004,0.6688982,2.675593,0.6650181,2.6600723,-4.0824823,-4.0786023
2018-07-31,76128533B51402332870635,Murshidabad,contained_grid,33.845,38.12,25.61875,37.342495,0.022232814,0.023916287,0.00045442756,6,Low Modelled Signal,False,33.845,28.450592,32.72559,28.435072,32.71007,-5.4099293,-5.394409
2018-07-31,76128533B51799781997546,Perambalur,contained_grid,1.565,1.83,1.5387499,2.27,0.00022159188,0.00030989788,5.4694156e-05,2,Low Modelled Signal,False,1.565,0.0,0.0,0.0,0.0,-1.565,-1.565
2018-07-31,76128533B51849218363622,Moradabad,contained_grid,16.4375,21.140001,17.131248,20.869999,0.011405349,0.019441908,0.0011831026,4,Low Modelled Signal,False,16.4375,11.043094,15.745594,11.027573,15.730073,-5.4099274,-5.3944063
2018-07-31,76128533B52058654769647,Sonbhadra,contained_grid,8.502501,10.89,2.4045312,4.3925,0.012907913,0.016649868,0.00039044712,8,Low Modelled Signal,False,8.502501,3.1080923,5.4955926,3.0925717,5.480072,-5.409929,-5.394408
2018-07-31,76128533B5215906594478,Bid,contained_grid,0.54399997,0.78000003,0.057666663,0.49499997,0.00015368561,0.00018641536,2.17465e-05,15,Low Modelled Signal,False,0.54399997,0.0,0.0,0.0,0.0,-0.54399997,-0.54399997
2018-07-31,76128533B52487813780503,Surguja,contained_grid,23.633333,26.45,12.5125,14.642498,0.019668268,0.022671593,0.0008039298,6,Low Modelled Signal,False,23.633333,18.238926,21.055593,18.223406,21.040073,-5.4099274,-5.3944073
2018-07-31,76128533B52590639744160,Salem,contained_grid,2.15,4.4300003,4.0451784,6.7225,0.0003593508,0.0006065351,0.00023632623,7,Low Modelled Signal,False,2.15,0.0,0.0,0.0,0.0,-2.15,-2.15
2018-07-31,76128533B52639434516056,Tirunelveli,contained_grid,1.0883332,3.9299998,19.452915,31.41499,0.0002421419,0.0005836124,5.153262e-05,6,Low Modelled Signal,False,1.0883332,0.0,0.0,0.0,0.0,-1.0883332,-1.0883332
2018-07-31,76128533B52664671961643,Anantapur,contained_grid,0.042307694,0.38,0.46019232,2.99,0.00017141864,0.0003664383,4.763405e-05,26,Low Modelled Signal,False,0.042307694,0.0,0.0,0.0,0.0,-0.042307694,-0.042307694
2018-07-31,76128533B52802748445403,Khordha,contained_grid,6.616667,7.61,23.403753,32.950005,0.007944644,0.010896883,0.0008897084,3,Low Modelled Signal,False,6.616667,1.2222592,2.2155924,1.2067386,2.2000718,-5.4099283,-5.3944077
2018-07-31,76128533B52902360321344,Banas Kantha,contained_grid,1.768,2.72,0.15141667,1.4975,0.00024925984,0.00040180486,8.6961845e-05,15,Low Modelled Signal,False,1.768,0.0,0.0,0.0,0.0,-1.768,-1.768
2018-07-31,76128533B52906466328910,South West Garo Hills,contained_grid,46.67,46.67,5.84625,5.84625,0.027789429,0.027789429,0.007100782,1,Low Modelled Signal,False,46.67,41.27559,41.27559,41.26007,41.26007,-5.4099274,-5.394409
2018-07-31,76128533B53018054761164,Mancherial,contained_grid,6.0925,9.88,1.8778124,3.4174998,0.0036471747,0.0055075265,0.00048133623,4,Low Modelled Signal,False,6.0925,1.7652961,4.4855924,1.7575358,4.470072,-4.3349643,-4.327204
2018-07-31,76128533B53136419849111,South West,nearest_grid,6.1400003,6.1400003,5.1262503,5.1262503,0.0045200298,0.0045200298,0.0007897433,1,Low Modelled Signal,False,6.1400003,0.7455926,0.7455926,0.730072,0.730072,-5.4099283,-5.3944077
2018-07-31,76128533B53316015271969,Sukma,contained_grid,12.782858,19.4,1.5698215,5.28,0.004532854,0.0065672337,0.00049256877,7,Low Modelled Signal,False,12.782858,7.3884497,14.005592,7.372929,13.990071,-5.409929,-5.394408
2018-07-31,76128533B53366745705922,Birbhum,contained_grid,44.260002,61.100002,21.978748,29.89,0.038771298,0.061272245,0.0051919087,7,Low Modelled Signal,False,44.260002,38.865593,55.705593,38.85007,55.690075,-5.409931,-5.394409
2018-07-31,76128533B53373614632193,Peddapalli,contained_grid,3.0725002,4.59,1.1409374,1.6575,0.0011863636,0.0024297712,0.00015408984,4,Low Modelled Signal,False,3.0725002,0.0,0.0,0.0,0.0,-3.0725002,-3.0725002
2018-07-31,76128533B53549946596470,Dewas,contained_grid,2.884,3.33,4.0856205e-16,4.0856206e-15,0.00048075468,0.0009093243,6.331282e-05,10,Low Modelled Signal,False,2.884,0.0,0.0,0.0,0.0,-2.884,-2.884
2018-07-31,76128533B53609934827566,Jashpur,contained_grid,24.511667,30.62,17.23854,27.6875,0.02721061,0.03143585,0.002761848,6,Low Modelled Signal,False,24.511667,19.11726,25.225594,19.101738,25.210072,-5.4099293,-5.3944073
2018-07-31,76128533B53671786151110,Kohima,contained_grid,17.063334,23.810001,23.1875,27.0975,0.009664305,0.0122073945,0.00011641864,3,Low Modelled Signal,False,17.063334,11.668926,18.415594,11.653405,18.400074,-5.4099283,-5.3944073
2018-07-31,76128533B53717296822608,East Siang,contained_grid,21.8625,28.679998,30.10906,43.773743,0.005228596,0.006066042,0.00021816387,4,Low Modelled Signal,False,21.8625,16.468092,23.285591,16.452572,23.27007,-5.4099274,-5.3944073
2018-07-31,76128533B53725063754801,Chitrakoot,contained_grid,6.8975,7.38,38.89906,51.51999,0.010782083,0.017320408,0.00030922142,4,Low Modelled Signal,False,6.8975,1.5030922,1.9855924,1.4875716,1.9700718,-5.4099283,-5.3944077
2018-07-31,76128533B53791014455989,Sidhi,contained_grid,6.308333,8.53,9.086041,19.225,0.006616773,0.008997069,0.00026172042,6,Low Modelled Signal,False,6.308333,1.0827961,3.135592,1.0750358,3.1200714,-5.2332973,-5.225537
2018-07-31,76128533B53796141759805,Kanniyakumari,contained_grid,1.6333333,2.74,41.368336,64.335,0.00020927809,0.00028892377,2.6696043e-05,3,Low Modelled Signal,False,1.6333333,0.0,0.0,0.0,0.0,-1.6333333,-1.6333333
2018-07-31,76128533B54279577656282,Thanjavur,contained_grid,6.486,8.78,4.1239996,10.982499,0.00066775177,0.0008992669,7.242266e-05,5,Low Modelled Signal,False,6.486,1.3304737,3.385592,1.3180572,3.3700714,-5.167943,-5.155526
2018-07-31,76128533B54279951806726,Sant Kabir Nagar,contained_grid,22.276667,23.11,3.4366665,8.8775,0.011283077,0.015272249,0.003613096,3,Low Modelled Signal,False,22.276667,16.882261,17.715593,16.86674,17.700073,-5.4099274,-5.3944054
2018-07-31,76128533B54301724756864,Tonk,contained_grid,0.124,0.64,0.015999999,0.1075,0.00076147605,0.0022275841,8.063797e-05,10,Low Modelled Signal,False,0.124,0.0,0.0,0.0,0.0,-0.124,-0.124
2018-07-31,76128533B54306414631532,Baloda Bazar,contained_grid,6.996,11.440001,30.88525,35.59,0.010670286,0.016311362,0.0006283891,5,Low Modelled Signal,False,6.996,1.9473555,6.045593,1.9380432,6.030072,-5.0579567,-5.048644
2018-07-31,76128533B54396396829952,Dakshina Kannada,contained_grid,13.627143,15.8,6.34,15.6225,0.005354788,0.007229661,0.000323248,7,Low Modelled Signal,False,13.627143,8.232735,10.405592,8.217215,10.390072,-5.4099283,-5.394408
2018-07-31,76128533B54517225652088,Banka,contained_grid,11.547501,16.98,25.251251,43.0875,0.01442912,0.023489049,0.0011454467,4,Low Modelled Signal,False,11.547501,6.153092,11.585592,6.1375713,11.570071,-5.4099293,-5.3944087
2018-07-31,76128533B54652028494758,Tarn Taran,contained_grid,0.045999996,0.19,3.7099998,12.165,0.0012225753,0.0020376854,2.013869e-05,5,Low Modelled Signal,False,0.045999996,0.0,0.0,0.0,0.0,-0.045999996,-0.045999996
2018-07-31,76128533B54775433755383,Hassan,contained_grid,1.9540001,7.7700005,2.396375,8.999999,0.0010315033,0.004114168,0.00037572114,10,Low Modelled Signal,False,1.9540001,0.35911855,2.3755927,0.35601443,2.3600721,-1.5979857,-1.5948815
2018-07-31,76128533B55039756001726,Bikaner,contained_grid,0.0,0.0,0.0,0.0,0.00036321275,0.0006475419,2.8402923e-05,43,Low Modelled Signal,False,0.0,0.0,0.0,0.0,0.0,0.0,0.0
2018-07-31,76128533B55519385298440,Golaghat,contained_grid,45.794,63.940002,27.519001,31.7675,0.02653763,0.035682105,0.00046204988,5,Low Modelled Signal,False,45.794,40.39959,58.545593,40.38407,58.530075,-5.4099274,-5.394409
2018-07-31,76128533B55603381222870,Jalna,contained_grid,0.8066667,1.26,0.29305556,1.3225,0.00016331284,0.00019007426,3.9825703e-05,9,Low Modelled Signal,False,0.8066667,0.0,0.0,0.0,0.0,-0.8066667,-0.8066667
2018-07-31,76128533B55622097933343,Sri Potti Sriramulu Nellore,contained_grid,0.6294444,1.9200001,0.22270833,1.4599999,0.00022339648,0.00048208205,8.6716136e-05,18,Low Modelled Signal,False,0.6294444,0.0,0.0,0.0,0.0,-0.6294444,-0.6294444
2018-07-31,76128533B55878637000592,Anjaw,contained_grid,12.723001,20.08,7.319375,16.0625,0.0066467845,0.011645747,0.0004291528,10,Low Modelled Signal,False,12.723001,7.328593,14.685593,7.313072,14.670072,-5.4099283,-5.3944077
2018-07-31,76128533B56012535339305,Chirang,contained_grid,40.1,41.219997,15.65125,28.2375,0.026314698,0.030611284,0.0022055055,4,Low Modelled Signal,False,40.1,34.70559,35.82559,34.69007,35.81007,-5.4099274,-5.394409
2018-07-31,76128533B56050914259601,Chandigarh,contained_grid,2.7,2.7,5.897505e-14,5.897505e-14,0.001762682,0.001762682,1.8693423e-05,1,Low Modelled Signal,False,2.7,0.0,0.0,0.0,0.0,-2.7,-2.7
2018-07-31,76128533B5628791558965,Alwar,contained_grid,2.1042857,3.74,0.84651786,3.32375,0.002030079,0.0053949915,9.0675574e-05,14,Low Modelled Signal,False,2.1042857,0.0,0.0,0.0,0.0,-2.1042857,-2.1042857
2018-07-31,76128533B56326354019534,Kangpokpi,contained_grid,23.997501,28.75,12.340313,16.994999,0.008836914,0.012461395,0.00015460303,4,Low Modelled Signal,False,23.997501,18.603092,23.355593,18.587574,23.340073,-5.4099274,-5.394409
2018-07-31,76128533B56857410767766,Diu,nearest_grid,3.71,3.71,0.0,0.0,0.00071369665,0.00071369665,7.531994e-05,1,Low Modelled Signal,False,3.71,0.0,0.0,0.0,0.0,-3.71,-3.71
2018-07-31,76128533B57036825942975,Tiruppur,contained_grid,1.1687499,3.7999997,4.1521873,15.012499,0.00023875137,0.0004180119,5.544231e-05,8,Low Modelled Signal,False,1.1687499,0.0,0.0,0.0,0.0,-1.1687499,-1.1687499
2018-07-31,76128533B57183548666997,Leh(Ladakh),contained_grid,0.8032031,5.56,0.3449121,3.4349995,0.00019417422,0.001542472,2.2916825e-05,128,Low Modelled Signal,False,0.8032031,0.001293689,0.1655922,0.0011724345,0.15007162,-0.8020307,-0.80190945
2018-07-31,76128533B57609583882472,Kodagu,contained_grid,5.8125,9.13,13.195624,30.634998,0.0024563642,0.0047859,0.00040813006,4,Low Modelled Signal,False,5.8125,1.5277963,3.7355924,1.520036,3.7200718,-4.2924643,-4.2847037
2018-07-31,76128533B57691508962219,Raipur,contained_grid,9.386666,11.950001,11.131665,17.605,0.014272477,0.014640943,0.0010151343,3,Low Modelled Signal,False,9.386666,3.9922593,6.555593,3.9767387,6.5400724,-5.4099274,-5.3944073
2018-07-31,76128533B57712033428660,Bhind,contained_grid,82.02167,105.869995,23.814165,40.024998,0.10808418,0.12489001,0.0034955728,6,Heavy Rain Watch,False,82.02167,76.62726,100.475586,76.61174,100.46007,-5.4099274,-5.394409
2018-07-31,76128533B57825981663822,Dibrugarh,contained_grid,17.48,21.560001,24.998125,34.9225,0.011131948,0.01315789,0.00029421743,4,Low Modelled Signal,False,17.48,12.085593,16.165594,12.070072,16.150074,-5.4099274,-5.3944063
2018-07-31,76128533B57893545331548,Raisen,contained_grid,2.1466668,3.4500003,0.22281249,1.22375,0.00045924317,0.0007273494,5.6485103e-05,12,Low Modelled Signal,False,2.1466668,0.0,0.0,0.0,0.0,-2.1466668,-2.1466668
2018-07-31,76128533B57995625790051,Karbi Anglong West,contained_grid,50.093334,55.409996,35.96979,51.299995,0.031647354,0.04203019,0.0006458048,6,Low Modelled Signal,False,50.093334,44.698925,50.015587,44.683407,50.00007,-5.4099274,-5.394409
2018-07-31,76128533B58058152513003,Zunheboto,contained_grid,10.684999,11.61,15.223749,19.0875,0.008490175,0.010005604,0.000110311405,2,Low Modelled Signal,False,10.684999,5.290592,6.215592,5.2750716,6.2000713,-5.409928,-5.3944073
2018-07-31,76128533B58104976570569,Karimnagar,contained_grid,2.1299999,3.6599996,0.9504166,1.2449999,0.00048777796,0.00089600205,8.115466e-05,3,Low Modelled Signal,False,2.1299999,0.0,0.0,0.0,0.0,-2.1299999,-2.1299999
2018-07-31,76128533B58170186574016,Mahabubnagar,contained_grid,0.58500004,0.82000005,0.78875,1.13,0.000159851,0.00016883685,2.1472943e-05,4,Low Modelled Signal,False,0.58500004,0.0,0.0,0.0,0.0,-0.58500004,-0.58500004
2018-07-31,76128533B58262202014972,New Delhi,nearest_grid,8.5,8.5,4.3675,4.3675,0.007970223,0.007970223,0.0006487126,1,Low Modelled Signal,False,8.5,3.1055923,3.1055923,3.0900717,3.0900717,-5.4099283,-5.3944077
2018-07-31,76128533B58493775523243,Nizamabad,contained_grid,1.34,1.82,0.63892853,1.5062499,0.00014854074,0.00015992258,2.2473412e-05,7,Low Modelled Signal,False,1.34,0.0,0.0,0.0,0.0,-1.34,-1.34
2018-07-31,76128533B58527154065354,Chittaurgarh,contained_grid,0.09636364,0.53000003,0.16272727,1.42875,0.00027313078,0.0003798693,5.321877e-05,11,Low Modelled Signal,False,0.09636364,0.0,0.0,0.0,0.0,-0.09636364,-0.09636364
2018-07-31,76128533B58537895532859,Chamba,contained_grid,2.2118182,4.23,1.2044318,4.7,0.0003119523,0.0006260344,2.249664e-05,11,Low Modelled Signal,False,2.2118182,0.0,0.0,0.0,0.0,-2.2118182,-2.2118182
2018-07-31,76128533B5855800361016,Begusarai,contained_grid,5.25,6.67,16.8675,17.8575,0.005079953,0.006907955,0.00025157435,2,Low Modelled Signal,False,5.25,0.63779616,1.2755923,0.6300359,1.2600718,-4.619964,-4.6122036
2018-07-31,76128533B58569599021232,Solan,contained_grid,2.1933334,2.45,12.400416,36.675,0.000978078,0.0011400174,1.713786e-05,3,Low Modelled Signal,False,2.1933334,0.0,0.0,0.0,0.0,-2.1933334,-2.1933334
2018-07-31,76128533B58697472287618,Godda,contained_grid,18.365,22.15,16.03125,22.2225,0.017938985,0.023757849,0.000827536,2,Low Modelled Signal,False,18.365,12.9705925,16.755592,12.9550705,16.74007,-5.4099293,-5.3944073
2018-07-31,76128533B58797478961083,Bhadrak,contained_grid,3.17,5.94,68.21687,72.17125,0.009169803,0.015403568,0.0024716498,2,Low Modelled Signal,False,3.17,0.27279615,0.5455923,0.26503587,0.53007174,-2.9049642,-2.897204
2018-07-31,76128533B58876508630362,Panchkula,contained_grid,5.06,7.3199997,0.89375,1.38,0.003463301,0.0044888915,7.26072e-05,2,Low Modelled Signal,False,5.06,0.962796,1.925592,0.9550357,1.9100714,-4.1049643,-4.097204
2018-07-31,76128533B59121537940607,Barddhaman,contained_grid,21.958,28.060001,30.033123,51.4925,0.02466137,0.037498087,0.0021012183,10,Low Modelled Signal,False,21.958,16.563593,22.665594,16.54807,22.650074,-5.4099293,-5.3944073
2018-07-31,76128533B59256192226816,Lalitpur,contained_grid,3.2775002,12.64,2.5514061,4.24,0.0122098755,0.021752022,0.00032952407,8,Low Modelled Signal,False,3.2775002,0.9056991,7.2455926,0.903759,7.230072,-2.3737411,-2.3718011
2018-07-31,76128533B59405966069108,Srikakulam,contained_grid,1.076,4.4,3.592125,6.524999,0.00093056046,0.0027665636,0.0002792092,10,Low Modelled Signal,False,1.076,0.0,0.0,0.0,0.0,-1.076,-1.076
2018-07-31,76128533B59459156188335,Jalor,contained_grid,0.52125,1.09,0.0,0.0,0.00019703145,0.00029213654,5.2137966e-05,16,Low Modelled Signal,False,0.52125,0.0,0.0,0.0,0.0,-0.52125,-0.52125
2018-07-31,76128533B59504628511334,Kendujhar,contained_grid,2.5874999,5.95,48.227497,69.789986,0.0027134449,0.006204968,0.0011631381,12,Low Modelled Signal,False,2.5874999,0.04629934,0.55559206,0.04500596,0.5400715,-2.5424938,-2.5412006
2018-07-31,76128533B59596968713717,Farrukhabad,contained_grid,29.765003,31.180002,69.575,78.12249,0.025558747,0.033622954,0.0070564486,2,Low Modelled Signal,False,29.765003,24.370594,25.785595,24.355074,25.770073,-5.4099293,-5.394409
2018-07-31,76128533B59855617266389,Chandel,contained_grid,21.46,21.739998,22.611876,24.07625,0.009965767,0.013835091,0.00021257863,2,Low Modelled Signal,False,21.46,16.06559,16.34559,16.05007,16.33007,-5.4099293,-5.394409
2018-07-31,76128533B59866172845044,Washim,contained_grid,1.6916666,2.2299998,0.06125,0.1325,0.00016081089,0.00019029633,2.5833111e-05,6,Low Modelled Signal,False,1.6916666,0.0,0.0,0.0,0.0,-1.6916666,-1.6916666
2018-07-31,76128533B60180372390230,Ajmer,contained_grid,0.0019999999,0.01,8.333333e-05,0.00125,0.00040306718,0.0005809595,3.9022827e-05,15,Low Modelled Signal,False,0.0019999999,0.0,0.0,0.0,0.0,-0.0019999999,-0.0019999999
2018-07-31,76128533B60186573304899,Anugul,contained_grid,3.4581819,7.86,27.035454,40.27,0.0020513448,0.005094603,0.00037446496,11,Low Modelled Signal,False,3.4581819,0.24101678,2.4655924,0.23819485,2.4500718,-3.219987,-3.217165
2018-07-31,76128533B60261306484775,Valsad,contained_grid,5.9874997,6.76,0.0175,0.07,0.0035375506,0.0044592796,0.0003860516,4,Low Modelled Signal,False,5.9874997,0.639194,1.3655925,0.6275536,1.3500719,-5.3599463,-5.3483057
2018-07-31,76128533B60320291189162,Faizabad,contained_grid,16.61,21.359999,3.4759374,8.974999,0.032920845,0.052726727,0.00071614736,4,Low Modelled Signal,False,16.61,11.215593,15.965591,11.200072,15.95007,-5.4099283,-5.3944073
2018-07-31,76128533B60322704115131,Jayashankar,contained_grid,8.7025,10.04,1.4853125,2.62375,0.0048652915,0.006229156,0.0004960478,4,Low Modelled Signal,False,8.7025,3.3080926,4.645592,3.292572,4.6300716,-5.4099283,-5.3944077
2018-07-31,76128533B60360721573267,Indore,contained_grid,2.6283333,3.2600002,0.014166665,0.082499996,0.0004247107,0.0005453079,9.3237024e-05,6,Low Modelled Signal,False,2.6283333,0.0,0.0,0.0,0.0,-2.6283333,-2.6283333
2018-07-31,76128533B6050540865870,Palamu,contained_grid,13.355715,19.0,5.36375,11.030001,0.01411712,0.016309695,0.00082641444,7,Low Modelled Signal,False,13.355715,7.961307,13.605593,7.945786,13.590072,-5.409929,-5.3944077
2018-07-31,76128533B60721316645780,Patna,contained_grid,3.4450002,4.19,13.493125,15.4325,0.0049327184,0.011600648,0.0005984442,4,Low Modelled Signal,False,3.4450002,0.0,0.0,0.0,0.0,-3.4450002,-3.4450002
2018-07-31,76128533B60845263086042,Paschim Barddhaman,contained_grid,75.99,75.99,10.3175,10.3175,0.07799016,0.07799016,0.0038826484,1,Low Modelled Signal,False,75.99,70.59559,70.59559,70.58007,70.58007,-5.4099274,-5.394409
2018-07-31,76128533B60862799554879,Aligarh,contained_grid,24.381668,34.350002,12.456666,16.297499,0.08608087,0.18296708,0.0050969273,6,Heavy Rain Watch,False,24.381668,18.987259,28.955595,18.971739,28.940075,-5.4099293,-5.394409
2018-07-31,76128533B60893804631193,Pashchimi Singhbhum,contained_grid,11.972501,28.070002,35.672966,40.49499,0.033115447,0.051735174,0.0042580892,8,Low Modelled Signal,False,11.972501,6.861144,22.675594,6.8475633,22.660072,-5.1249375,-5.1113567
2018-07-31,76128533B61117593923933,Kollam,contained_grid,17.415,18.95,43.28375,47.4025,0.0057818163,0.006135165,0.0002801288,2,Low Modelled Signal,False,17.415,12.020594,13.5555935,12.005073,13.540072,-5.4099283,-5.3944073
2018-07-31,76128533B61134942989820,Tehri Garhwal,contained_grid,12.0,16.72,7.123393,14.7325,0.0072509744,0.011488181,0.0004182741,7,Low Modelled Signal,False,12.0,6.605592,11.325592,6.5900717,11.310071,-5.4099283,-5.394408
2018-07-31,76128533B61235952222315,West Kameng,contained_grid,78.19428,102.090004,48.394817,85.335,0.027907934,0.035531342,0.0010237007,7,Low Modelled Signal,False,78.19428,72.79987,96.695595,72.784355,96.68008,-5.4099274,-5.394409
2018-07-31,76128533B6128685860104,Sundargarh,contained_grid,10.846923,19.26,49.158268,72.69,0.023489287,0.035995763,0.0039727525,13,Low Modelled Signal,False,10.846923,5.731994,13.865593,5.720055,13.850072,-5.126868,-5.1149287
2018-07-31,76128533B61304308285665,Nandurbar,contained_grid,4.8885717,7.0600004,0.00035714285,0.0025,0.0020821167,0.0032951697,0.0002179904,7,Low Modelled Signal,False,4.8885717,0.32874075,1.6655927,0.32430628,1.6500721,-4.5642653,-4.559831
2018-07-31,76128533B61321395333865,Cuddalore,contained_grid,2.124286,3.25,2.3505359,7.84625,0.0002548907,0.0005298196,6.995447e-05,7,Low Modelled Signal,False,2.124286,0.0,0.0,0.0,0.0,-2.124286,-2.124286
2018-07-31,76128533B61760400952464,Meerut,contained_grid,12.4925,13.969999,0.2859375,0.62874997,0.022379134,0.03149614,0.0012498511,4,Low Modelled Signal,False,12.4925,7.0980926,8.575592,7.082572,8.560071,-5.4099283,-5.3944077
2018-07-31,76128533B61814103412294,Yavatmal,contained_grid,1.7290001,3.1100001,0.0988125,0.25875,0.00022876103,0.00057165686,3.679203e-05,20,Low Modelled Signal,False,1.7290001,0.0,0.0,0.0,0.0,-1.7290001,-1.7290001
2018-07-31,76128533B61831576863813,Tengnoupal,contained_grid,22.145,24.460001,44.73125,47.540005,0.0096246805,0.009981508,0.00028081777,2,Low Modelled Signal,False,22.145,16.750593,19.065594,16.735071,19.050072,-5.4099293,-5.3944073
2018-07-31,76128533B62153454383166,Aravali,contained_grid,1.6460001,1.8400002,0.038999997,0.195,0.0002421389,0.00025187738,2.7445974e-05,5,Low Modelled Signal,False,1.6460001,0.0,0.0,0.0,0.0,-1.6460001,-1.6460001
2018-07-31,76128533B62486414019241,Saitual,contained_grid,20.283333,23.34,28.64625,31.311249,0.008306568,0.009257923,0.0002016709,3,Low Modelled Signal,False,20.283333,14.8889265,17.945593,14.873405,17.930073,-5.4099274,-5.3944063
2018-07-31,76128533B62490300334729,Solapur,contained_grid,0.3121739,0.64,0.18472825,0.7950001,0.00018453397,0.00021183824,2.4888435e-05,23,Low Modelled Signal,False,0.3121739,0.0,0.0,0.0,0.0,-0.3121739,-0.3121739
2018-07-31,76128533B62624361588317,Karaikal,nearest_grid,0.2,0.2,2.8825,2.8825,0.00019620275,0.00019620275,4.090704e-05,1,Low Modelled Signal,False,0.2,0.0,0.0,0.0,0.0,-0.2,-0.2
2018-07-31,76128533B62794162648247,Supaul,contained_grid,43.825,51.130005,32.604065,46.475002,0.011782872,0.01688342,0.00048091303,4,Low Modelled Signal,False,43.825,38.430595,45.735596,38.415073,45.720078,-5.4099274,-5.3944054
2018-07-31,76128533B6310527412636,Janjgir-Champa,contained_grid,3.3685715,4.79,43.33143,52.615,0.0053733657,0.00826325,0.0005548168,7,Low Modelled Signal,False,3.3685715,0.0,0.0,0.0,0.0,-3.3685715,-3.3685715
2018-07-31,76128533B63117839967753,South Goa,contained_grid,11.553333,11.88,2.5966666,4.865,0.007157357,0.007882021,0.0008662009,3,Low Modelled Signal,False,11.553333,6.1589255,6.4855924,6.1434045,6.470072,-5.409929,-5.3944077
2018-07-31,76128533B63176236753619,Mayiladuthurai,contained_grid,0.05,0.05,1.2434497e-15,1.2434497e-15,0.00019499076,0.00019499076,7.191597e-05,1,Low Modelled Signal,False,0.05,0.0,0.0,0.0,0.0,-0.05,-0.05
2018-07-31,76128533B6330405394721,Karnal,contained_grid,5.2974997,7.3999996,1.0759375,2.5125,0.0034011852,0.0048249816,0.00025763482,4,Low Modelled Signal,False,5.2974997,0.682796,2.0055919,0.6750357,1.9900713,-4.622464,-4.6147037
2018-07-31,76128533B63366045987285,Kasaragod,contained_grid,12.81,15.15,1.2466667,1.8000001,0.0041042245,0.004459806,0.00026364508,3,Low Modelled Signal,False,12.81,7.4155927,9.755592,7.4000716,9.740071,-5.409929,-5.3944077
2018-07-31,76128533B633842538351,Ganjam,contained_grid,1.5581818,4.38,2.9518182,6.8825,0.0014409047,0.0045868387,0.00023474846,11,Low Modelled Signal,False,1.5581818,0.0,0.0,0.0,0.0,-1.5581818,-1.5581818
2018-07-31,76128533B63599385776584,Bharuch,contained_grid,3.7028573,5.09,0.028571427,0.16,0.0014685954,0.0029971332,0.0001993828,7,Low Modelled Signal,False,3.7028573,0.0,0.0,0.0,0.0,-3.7028573,-3.7028573
2018-07-31,76128533B63783580004876,Nanded,contained_grid,0.85866666,2.64,0.4550833,1.2087499,0.00015996797,0.00025126402,2.5412963e-05,15,Low Modelled Signal,False,0.85866666,0.0,0.0,0.0,0.0,-0.85866666,-0.85866666
2018-07-31,76128533B63815467309300,Amravati,contained_grid,3.26,4.63,0.02890625,0.435,0.0004948493,0.0009043561,8.072405e-05,16,Low Modelled Signal,False,3.26,0.0,0.0,0.0,0.0,-3.26,-3.26
2018-07-31,76128533B63833971372360,Warangal (R),contained_grid,1.9249998,3.2699997,0.67499995,0.775,0.0008292571,0.001138792,9.123577e-05,2,Low Modelled Signal,False,1.9249998,0.0,0.0,0.0,0.0,-1.9249998,-1.9249998
2018-07-31,76128533B6393836306469,Anantnag,contained_grid,0.79333335,1.86,0.0,0.0,0.00013097624,0.0001885935,1.8323075e-05,3,Low Modelled Signal,False,0.79333335,0.0,0.0,0.0,0.0,-0.79333335,-0.79333335
2018-07-31,76128533B6397758882978,Navsari,contained_grid,5.9275,7.0,0.0,0.0,0.0027807527,0.0037858568,0.00021289602,4,Low Modelled Signal,False,5.9275,0.69669425,1.6055923,0.6850538,1.5900717,-5.242446,-5.2308054
2018-07-31,76128533B64003397477352,Pudukkottai,contained_grid,6.127143,7.8200006,9.133928,19.338749,0.0006973093,0.0008002954,9.0964684e-05,7,Low Modelled Signal,False,6.127143,1.0297087,2.425593,1.0186226,2.4100723,-5.1085205,-5.097434
2018-07-31,76128533B64156747739715,Koch Bihar,contained_grid,65.8975,89.630005,48.084686,70.98375,0.031414744,0.04016961,0.0016540184,4,Low Modelled Signal,False,65.8975,60.50309,84.235596,60.48757,84.22008,-5.4099274,-5.394409
2018-07-31,76128533B64161607349718,Mahendragarh,contained_grid,0.335,0.63,0.095625,0.19125,0.0007263174,0.0008356378,2.2255594e-05,2,Low Modelled Signal,False,0.335,0.0,0.0,0.0,0.0,-0.335,-0.335
2018-07-31,76128533B64217423710469,Bageshwar,contained_grid,13.064,18.79,19.690998,37.168747,0.012421938,0.015830152,0.00081084564,5,Low Modelled Signal,False,13.064,7.669593,13.395594,7.6540728,13.380073,-5.4099274,-5.3944073
2018-07-31,76128533B64596101949699,Kaithal,contained_grid,2.6366665,2.81,1.5508333,2.71,0.0008842829,0.0011926236,2.7348477e-05,3,Low Modelled Signal,False,2.6366665,0.0,0.0,0.0,0.0,-2.6366665,-2.6366665
2018-07-31,76128533B64732849735713,Jaunpur,contained_grid,6.7349997,8.809999,1.1403124,1.8399999,0.014358898,0.018589852,0.0002201489,4,Low Modelled Signal,False,6.7349997,1.791694,3.4155917,1.7800536,3.4000711,-4.954946,-4.9433055
2018-07-31,76128533B64749652826710,Debagarh,contained_grid,2.5166667,3.44,30.030416,35.75375,0.003099519,0.0038607852,0.00018931524,3,Low Modelled Signal,False,2.5166667,0.0,0.0,0.0,0.0,-2.5166667,-2.5166667
2018-07-31,76128533B64834018186186,Vidisha,contained_grid,1.209,2.03,0.051250003,0.36,0.00036810644,0.00045675947,2.9792169e-05,10,Low Modelled Signal,False,1.209,0.0,0.0,0.0,0.0,-1.209,-1.209
2018-07-31,76128533B64881202564500,Jiribam,nearest_grid,12.809999,12.809999,27.775,27.775,0.0063461056,0.0063461056,0.00043602556,1,Low Modelled Signal,False,12.809999,7.4155917,7.4155917,7.400071,7.400071,-5.4099283,-5.3944077
2018-07-31,76128533B64898456093948,Dhaulpur,contained_grid,10.8220005,26.929998,18.23475,30.630001,0.07000279,0.19678827,0.0030387158,5,Heavy Rain Watch,False,10.8220005,6.2964735,21.535591,6.2840567,21.52007,-4.537944,-4.525527
2018-07-31,76128533B64903504311414,Hnahthial,contained_grid,24.779999,24.779999,35.24875,35.24875,0.011936624,0.011936624,0.00034341848,1,Low Modelled Signal,False,24.779999,19.385592,19.385592,19.370071,19.370071,-5.4099274,-5.3944073
2018-07-31,76128533B64905184636422,Tumkur,contained_grid,0.15666667,0.49,0.19114584,1.19,0.00013186988,0.00019439108,2.7567434e-05,12,Low Modelled Signal,False,0.15666667,0.0,0.0,0.0,0.0,-0.15666667,-0.15666667
2018-07-31,76128533B65773363805797,Kishanganj,contained_grid,87.58,99.119995,37.498756,43.105007,0.0231985,0.02514967,0.00067260786,2,Low Modelled Signal,False,87.58,82.18559,93.725586,82.170074,93.71007,-5.4099274,-5.394409
2018-07-31,76128533B65820903826030,North District,contained_grid,55.761433,97.27,7.2898216,12.530001,0.019586388,0.042586055,0.0010479866,7,Low Modelled Signal,False,55.761433,50.367023,91.87559,50.3515,91.86007,-5.409931,-5.394409
2018-07-31,76128533B66072086060089,Jhansi,contained_grid,32.21875,44.730003,16.869375,31.637503,0.03457328,0.045244746,0.0004125806,8,Low Modelled Signal,False,32.21875,26.824343,39.335594,26.808823,39.320076,-5.4099274,-5.3944073
2018-07-31,76128533B66125202864966,Dima Hasao,contained_grid,32.04286,42.280003,38.30875,54.769997,0.015749188,0.026471931,0.00035453826,7,Low Modelled Signal,False,32.04286,26.64845,36.885593,26.63293,36.870075,-5.4099274,-5.3944073
2018-07-31,76128533B66134271591289,Balaghat,contained_grid,4.566154,5.84,0.8560577,2.865,0.0013960927,0.0022241534,9.704782e-05,13,Low Modelled Signal,False,4.566154,0.05778342,0.4455924,0.05539564,0.43007183,-4.5107584,-4.5083704
2018-07-31,76128533B66145460152555,Bijapur,contained_grid,11.915,15.02,0.7676042,2.6375,0.004656943,0.0060898284,0.0006467969,12,Low Modelled Signal,False,11.915,6.520592,9.625593,6.5050716,9.610072,-5.4099283,-5.3944077
2018-07-31,76128533B66335428496945,Shivpuri,contained_grid,7.9917645,25.83,5.5403676,26.29,0.028173337,0.10747633,0.0010284759,17,Heavy Rain Watch,False,7.9917645,4.885832,20.435593,4.8794413,20.42007,-3.1123233,-3.1059327
2018-07-31,76128533B66411945144923,Longleng,contained_grid,22.67,22.67,17.23,17.23,0.013501103,0.013501103,0.00028120427,1,Low Modelled Signal,False,22.67,17.275593,17.275593,17.26007,17.26007,-5.4099293,-5.3944073
2018-07-31,76128533B66426066081507,Bhojpur,contained_grid,2.8733332,3.33,10.5808325,11.8175,0.0046095517,0.0048108897,0.0005880957,3,Low Modelled Signal,False,2.8733332,0.0,0.0,0.0,0.0,-2.8733332,-2.8733332
2018-07-31,76128533B66612397499770,Bahraich,contained_grid,39.758575,60.79001,24.418036,45.23375,0.032094173,0.059897542,0.00066763663,7,Low Modelled Signal,False,39.758575,34.364166,55.3956,34.348644,55.38008,-5.409931,-5.394409
2018-07-31,76128533B66682530790248,Kamrup,contained_grid,33.03,40.15,40.004997,71.642494,0.021875096,0.03826575,0.0006721888,5,Low Modelled Signal,False,33.03,27.635593,34.755592,27.620071,34.740074,-5.4099274,-5.3944054
2018-07-31,76128533B66719908763317,Kolhapur,contained_grid,6.12,10.789999,1.9784722,8.26,0.003864194,0.0078010485,0.00046275815,9,Low Modelled Signal,False,6.12,1.8519957,5.3955913,1.8433732,5.3800707,-4.2766266,-4.2680044
2018-07-31,76128533B66790149147330,Samastipur,contained_grid,5.9475,8.85,12.891874,23.2,0.007010717,0.013312921,0.00023170958,4,Low Modelled Signal,False,5.9475,1.3677962,3.4555926,1.3600359,3.440072,-4.5874643,-4.5797043
2018-07-31,76128533B66815680293072,Kamjong,contained_grid,17.06,22.939999,32.721664,47.9475,0.008038678,0.009752473,0.00020452193,3,Low Modelled Signal,False,17.06,11.665592,17.545591,11.650071,17.530071,-5.4099283,-5.3944073
2018-07-31,76128533B668165975951,Barwani,contained_grid,4.14375,5.04,0.0040625,0.03,0.001035644,0.0013547011,0.00011792966,8,Low Modelled Signal,False,4.14375,0.0,0.0,0.0,0.0,-4.14375,-4.14375
2018-07-31,76128533B66825707357376,Churu,contained_grid,0.0,0.0,0.0,0.0,0.00052304217,0.00065450836,4.5570483e-05,22,Low Modelled Signal,False,0.0,0.0,0.0,0.0,0.0,0.0,0.0
2018-07-31,76128533B67004768724668,Jhabua,contained_grid,3.7099998,3.77,0.0,0.0,0.0009839962,0.0010912417,0.00011784175,5,Low Modelled Signal,False,3.7099998,0.0,0.0,0.0,0.0,-3.7099998,-3.7099998
2018-07-31,76128533B67005208112053,Dehradun,contained_grid,8.0175,12.469999,7.4418745,12.294998,0.006219741,0.008942577,3.2127584e-05,4,Low Modelled Signal,False,8.0175,2.6230922,7.0755916,2.6075716,7.060071,-5.4099283,-5.3944077
2018-07-31,76128533B67018657649043,Raigarh,contained_grid,7.803333,23.96,39.280415,62.995003,0.013366379,0.024971716,0.0032417558,9,Low Modelled Signal,False,7.803333,3.424218,18.565592,3.415595,18.550072,-4.3877378,-4.379115
2018-07-31,76128533B67044589012853,Khowai,contained_grid,34.49,36.99,7.9662495,8.322499,0.01224265,0.013908898,0.000326615,2,Low Modelled Signal,False,34.49,29.095592,31.595594,29.080072,31.580074,-5.4099293,-5.394409
2018-07-31,76128533B67054925852429,Jagtial,contained_grid,0.9,1.03,0.36124998,0.5075,0.00017341634,0.00020833788,2.2473412e-05,4,Low Modelled Signal,False,0.9,0.0,0.0,0.0,0.0,-0.9,-0.9
2018-07-31,76128533B67210465807627,Wokha,contained_grid,15.850001,25.420002,28.695833,29.6175,0.013263016,0.01608837,0.00035838716,3,Low Modelled Signal,False,15.850001,10.455593,20.025595,10.440072,20.010075,-5.4099293,-5.394408
2018-07-31,76128533B67326016655833,Mumbai Suburban,nearest_grid,6.76,6.76,0.0,0.0,0.009371576,0.009371576,0.00041186382,1,Low Modelled Signal,False,6.76,1.3655925,1.3655925,1.3500719,1.3500719,-5.4099283,-5.3944077
2018-07-31,76128533B67530641452031,Gonda,contained_grid,59.292854,82.479996,4.036964,17.98,0.050361283,0.093294404,0.0011358465,7,Low Modelled Signal,False,59.292854,53.898445,77.08559,53.882927,77.07007,-5.4099274,-5.394409
2018-07-31,76128533B67580812983244,Gurgaon,contained_grid,4.205,6.1400003,2.6981251,5.1262503,0.0032889396,0.0045200298,0.0007897433,2,Low Modelled Signal,False,4.205,0.3727963,0.7455926,0.365036,0.730072,-3.839964,-3.8322036
2018-07-31,76128533B67639510673366,East District,contained_grid,141.85999,145.98999,16.4075,16.964998,0.08133547,0.09271861,0.0005407837,2,Low Modelled Signal,False,141.85999,136.46558,140.59558,136.45007,140.58006,-5.409912,-5.394409
2018-07-31,76128533B67748245133340,South Tripura,contained_grid,23.83,23.83,5.987499,5.987499,0.021162104,0.021162104,0.00047496922,1,Low Modelled Signal,False,23.83,18.435593,18.435593,18.42007,18.42007,-5.4099293,-5.3944073
2018-07-31,76128533B68195849750399,Kupwara,contained_grid,2.6325,4.8299994,0.130625,0.19,0.00033617264,0.00038806399,3.349385e-05,4,Low Modelled Signal,False,2.6325,0.0,0.0,0.0,0.0,-2.6325,-2.6325
2018-07-31,76128533B6828791241172,Lohit,contained_grid,15.95,23.08,20.937498,22.517498,0.008456361,0.008970882,9.6595504e-05,2,Low Modelled Signal,False,15.95,10.555593,17.685593,10.5400715,17.67007,-5.4099283,-5.3944073
2018-07-31,76128533B68379889579232,West,nearest_grid,6.21,6.21,4.23,4.23,0.011751072,0.011751072,0.0016041329,1,Low Modelled Signal,False,6.21,0.8155923,0.8155923,0.8000717,0.8000717,-5.4099283,-5.3944077
2018-07-31,76128533B68554447699730,Bareilly,contained_grid,14.6519985,16.86,83.37725,113.46998,0.01328508,0.016831702,0.0013291277,5,Low Modelled Signal,False,14.6519985,9.257593,11.465593,9.242071,11.450072,-5.4099274,-5.3944054
2018-07-31,76128533B6884509901047,Subarnapur,contained_grid,11.15,13.310001,13.364374,17.655,0.011638553,0.014565827,0.0030196104,4,Low Modelled Signal,False,11.15,5.7555923,7.9155936,5.7400713,7.900073,-5.4099283,-5.3944073
2018-07-31,76128533B68984344044805,Ghaziabad,contained_grid,14.1,14.1,1.6800001,1.6800001,0.016836425,0.016836425,0.0013200354,1,Low Modelled Signal,False,14.1,8.705593,8.705593,8.690072,8.690072,-5.4099283,-5.3944073
2018-07-31,76128533B69412164931619,Bundi,contained_grid,0.0,0.0,0.21513887,0.68999994,0.0005321394,0.00059089286,6.979966e-05,9,Low Modelled Signal,False,0.0,0.0,0.0,0.0,0.0,0.0,0.0
2018-07-31,76128533B69417260894674,Chhota Udaipur,contained_grid,4.1383333,5.5699997,0.07416666,0.44,0.001500871,0.0022802,0.00013770156,6,Low Modelled Signal,False,4.1383333,0.029265324,0.17559195,0.026678562,0.16007137,-4.1116548,-4.109068
2018-07-31,76128533B69438085511257,Anand,contained_grid,1.9775001,2.15,0.0540625,0.14125,0.0003210448,0.00033752725,3.1984157e-05,4,Low Modelled Signal,False,1.9775001,0.0,0.0,0.0,0.0,-1.9775001,-1.9775001
2018-07-31,76128533B69481535535995,Khargone (West Nimar),contained_grid,4.196,5.24,1.7763568e-17,1.7763569e-16,0.0009283984,0.001093204,0.00011132655,10,Low Modelled Signal,False,4.196,0.0,0.0,0.0,0.0,-4.196,-4.196
2018-07-31,76128533B69536039643660,Sonipat,contained_grid,6.7149997,8.139999,3.6624994,5.399999,0.0049228,0.006434382,0.001015618,2,Low Modelled Signal,False,6.7149997,1.3727958,2.7455916,1.3650355,2.730071,-5.349964,-5.342204
2018-07-31,76128533B69844709752120,Chamoli,contained_grid,5.5808334,10.27,18.670103,51.295,0.0047275084,0.014366659,0.00015837984,12,Low Modelled Signal,False,5.5808334,1.2369629,4.8755927,1.2292026,4.860072,-4.3516307,-4.3438706
2018-07-31,76128533B70021405538438,Buldana,contained_grid,1.898125,3.04,0.078906246,0.525,0.00022674655,0.00055882905,0.00010261063,16,Low Modelled Signal,False,1.898125,0.0,0.0,0.0,0.0,-1.898125,-1.898125
2018-07-31,76128533B70185077694103,East Jaintia Hills,contained_grid,44.27,47.14,17.762499,23.304998,0.024207706,0.028406765,0.001125236,3,Low Modelled Signal,False,44.27,38.87559,41.74559,38.860073,41.730072,-5.4099274,-5.394409
2018-07-31,76128533B70210707786180,Lawngtlai,contained_grid,22.480001,23.599998,20.800833,26.83,0.039716396,0.0492369,0.009100429,3,Low Modelled Signal,False,22.480001,17.085592,18.205591,17.070072,18.190071,-5.4099293,-5.394409
2018-07-31,76128533B70315194619807,Hojai,contained_grid,33.38,33.38,42.766243,42.766243,0.01701395,0.01701395,0.0002076164,1,Low Modelled Signal,False,33.38,27.985594,27.985594,27.970074,27.970074,-5.4099274,-5.3944073
2018-07-31,76128533B70554191137208,Jhajjar,contained_grid,2.9466667,4.61,2.6879165,5.4849997,0.0018810881,0.0024826997,0.00030113684,3,Low Modelled Signal,False,2.9466667,0.0,0.0,0.0,0.0,-2.9466667,-2.9466667
2018-07-31,76128533B70570208114113,Ribhoi,contained_grid,42.416664,51.239998,34.50458,38.218746,0.032111213,0.04130771,0.00042028198,3,Low Modelled Signal,False,42.416664,37.022255,45.84559,37.006737,45.83007,-5.4099274,-5.394409
2018-07-31,76128533B70576899889534,Dohad,contained_grid,3.3560002,4.0,0.0,0.0,0.00077862415,0.0010002928,9.9634235e-05,5,Low Modelled Signal,False,3.3560002,0.0,0.0,0.0,0.0,-3.3560002,-3.3560002
2018-07-31,76128533B70646408240587,Chhindwara,contained_grid,1.0506667,2.71,0.007999999,0.11999999,0.00023122526,0.0002723958,2.6782229e-05,15,Low Modelled Signal,False,1.0506667,0.0,0.0,0.0,0.0,-1.0506667,-1.0506667
2018-07-31,76128533B70759200975708,Kalahandi,contained_grid,19.825455,30.18,3.1553407,4.4225,0.020326318,0.02502024,0.003984542,11,Low Modelled Signal,False,19.825455,14.4310465,24.785593,14.415527,24.770073,-5.4099274,-5.394408
2018-07-31,76128533B70842759816811,Cuttack,contained_grid,3.8614287,5.6899996,38.68393,65.43,0.0050784047,0.006900873,0.00036829713,7,Low Modelled Signal,False,3.8614287,0.042227406,0.29559183,0.04001018,0.28007126,-3.8214185,-3.8192012
2018-07-31,76128533B70974512658911,Virudhunagar,contained_grid,5.586,13.34,1.6264999,3.3999999,0.0010565629,0.002264164,0.00014997153,5,Low Modelled Signal,False,5.586,1.8933554,7.9455924,1.8840431,7.930072,-3.7019567,-3.6926446
2018-07-31,76128533B71056110198347,Medchal,nearest_grid,0.45000002,0.45000002,0.27249998,0.27249998,0.00012828063,0.00012828063,2.1472943e-05,1,Low Modelled Signal,False,0.45000002,0.0,0.0,0.0,0.0,-0.45000002,-0.45000002
2018-07-31,76128533B71088079535368,Palwal,contained_grid,10.139999,14.02,8.37625,13.44125,0.016302662,0.021341125,0.0014023544,3,Low Modelled Signal,False,10.139999,4.745592,8.625593,4.7300715,8.610072,-5.409928,-5.3944073
2018-07-31,76128533B7124697440629,Fatehpur,contained_grid,9.917143,18.35,20.943571,35.614998,0.019386277,0.031993728,0.00036853537,7,Low Modelled Signal,False,9.917143,4.522735,12.955593,4.5072145,12.940072,-5.4099283,-5.3944077
2018-07-31,76128533B71254158898830,Pherzawl,contained_grid,20.145,22.34,32.596252,39.04001,0.009329833,0.011270302,0.00023844944,2,Low Modelled Signal,False,20.145,14.750593,16.945593,14.735073,16.930073,-5.4099274,-5.3944073
2018-07-31,76128533B71271011331008,Khandwa (East Nimar),contained_grid,3.7610002,4.4900002,1.2381251,9.77,0.00071681605,0.0009093243,8.447281e-05,10,Low Modelled Signal,False,3.7610002,0.0,0.0,0.0,0.0,-3.7610002,-3.7610002
2018-07-31,76128533B71353370080255,North West,contained_grid,6.21,6.21,4.23,4.23,0.011751072,0.011751072,0.0016041329,1,Low Modelled Signal,False,6.21,0.8155923,0.8155923,0.8000717,0.8000717,-5.4099283,-5.3944077
2018-07-31,76128533B71380851181380,Pune,contained_grid,3.2531579,10.460001,0.1080263,1.8299999,0.0026143729,0.008581681,0.0003910585,19,Low Modelled Signal,False,3.2531579,0.65041906,5.0655932,0.6463347,5.0500727,-2.6068232,-2.6027389
2018-07-31,76128533B71390118115414,Nadia,contained_grid,26.970001,31.48,25.03625,40.585,0.03030912,0.066161945,0.002359303,6,Low Modelled Signal,False,26.970001,21.575592,26.085592,21.560072,26.070072,-5.4099293,-5.394409
2018-07-31,76128533B71439508543442,Ranchi,contained_grid,36.14125,41.920002,23.16328,39.737495,0.030513912,0.03707849,0.0028467996,8,Low Modelled Signal,False,36.14125,30.746841,36.525593,30.731321,36.510075,-5.4099293,-5.394409
2018-07-31,76128533B71485440235524,Visakhapatnam,contained_grid,2.358125,10.37,3.340156,13.94875,0.00095348083,0.004148562,0.00023463217,16,Low Modelled Signal,False,2.358125,0.35194904,4.975592,0.35000896,4.9600716,-2.008116,-2.006176
2018-07-31,76128533B7157007143985,Uttar Dinajpur,contained_grid,73.678,97.39001,33.5375,60.977497,0.033379197,0.045288574,0.0022244966,5,Low Modelled Signal,False,73.678,68.28359,91.9956,68.26808,91.98008,-5.4099197,-5.394409
2018-07-31,76128533B71714250401862,Dhamtari,contained_grid,10.176667,19.34,1.3572916,2.7099998,0.004810562,0.005809317,0.001429424,6,Low Modelled Signal,False,10.176667,4.782259,13.945593,4.7667384,13.930072,-5.409929,-5.394408
2018-07-31,76128533B71824979235503,Madurai,contained_grid,7.106,11.01,0.58825,1.19125,0.0007906786,0.00097209594,6.493618e-05,5,Low Modelled Signal,False,7.106,2.2604737,5.6155925,2.2480571,5.600072,-4.8579426,-4.845526
2018-07-31,76128533B72079972234594,Ganganagar,contained_grid,0.0,0.0,0.0,0.0,0.00060659286,0.00072523206,2.5748626e-05,15,Low Modelled Signal,False,0.0,0.0,0.0,0.0,0.0,0.0,0.0
2018-07-31,76128533B72109128179340,Kadapa(YSR),contained_grid,0.17181818,1.41,0.48522723,1.935,0.00022080647,0.000271887,3.3519525e-05,22,Low Modelled Signal,False,0.17181818,0.0,0.0,0.0,0.0,-0.17181818,-0.17181818
2018-07-31,76128533B72485933575946,East,nearest_grid,8.47,8.47,0.005,0.005,0.015878484,0.015878484,0.0008215534,1,Low Modelled Signal,False,8.47,3.0755925,3.0755925,3.060072,3.060072,-5.4099283,-5.3944077
2018-07-31,76128533B72507508533064,Kolkata,nearest_grid,17.3,17.3,21.295002,21.295002,0.03889933,0.03889933,0.0011320353,1,Low Modelled Signal,False,17.3,11.905592,11.905592,11.890071,11.890071,-5.4099283,-5.3944073
2018-07-31,76128533B72541188260561,Guntur,contained_grid,0.007999999,0.1,0.1735,0.5825,0.00021696478,0.00024944844,2.1472943e-05,15,Low Modelled Signal,False,0.007999999,0.0,0.0,0.0,0.0,-0.007999999,-0.007999999
2018-07-31,76128533B72829420975835,Jogulamba,contained_grid,0.032500003,0.120000005,0.8768749,1.4074999,0.00016641244,0.00019023477,2.1472943e-05,4,Low Modelled Signal,False,0.032500003,0.0,0.0,0.0,0.0,-0.032500003,-0.032500003
2018-07-31,76128533B7291413308870,Fazilka,contained_grid,0.17833334,0.51000005,0.0,0.0,0.0008033474,0.0009186048,2.0206142e-05,6,Low Modelled Signal,False,0.17833334,0.0,0.0,0.0,0.0,-0.17833334,-0.17833334
2018-07-31,76128533B73736605657091,Bemetra,contained_grid,7.6100006,9.160001,21.080832,30.217499,0.008295683,0.01159237,0.00039665136,3,Low Modelled Signal,False,7.6100006,2.2155926,3.765593,2.200072,3.7500725,-5.4099283,-5.394408
2018-07-31,76128533B73769926250842,Ballia,contained_grid,5.6525,10.15,3.29,5.61,0.005165253,0.0059837787,0.0008248975,4,Low Modelled Signal,False,5.6525,1.188898,4.755592,1.1850178,4.7400713,-4.4674826,-4.463602
2018-07-31,76128533B73809971322123,Dausa,contained_grid,3.9783332,6.0199995,0.25249997,1.0925,0.0028826331,0.0035963864,0.00021070727,6,Low Modelled Signal,False,3.9783332,0.104265295,0.62559175,0.10167853,0.6100712,-3.8766546,-3.874068
2018-07-31,76128533B73854359719990,Gajapati,contained_grid,4.856,8.92,2.0237498,2.76,0.0028013068,0.0050680754,0.0013118313,5,Low Modelled Signal,False,4.856,0.8262369,3.5255923,0.82002866,3.5100718,-4.035971,-4.029763
2018-07-31,76128533B73925919155567,Azamgarh,contained_grid,8.61,12.67,1.0676786,1.875,0.010016361,0.013583026,0.0011370342,7,Low Modelled Signal,False,8.61,3.2347934,7.2755923,3.2214901,7.2600718,-5.3885098,-5.375206
2018-07-31,76128533B74057284038879,Rae Bareli,contained_grid,15.100001,22.340002,17.970833,31.155,0.019743867,0.035641227,0.0009275745,6,Low Modelled Signal,False,15.100001,9.705593,16.945595,9.690072,16.930073,-5.4099293,-5.394408
2018-07-31,76128533B74319098136622,Belgaum,contained_grid,1.6741177,7.0800004,4.175588,11.8275,0.0008522684,0.004298588,0.00021237643,17,Low Modelled Signal,False,1.6741177,0.114775576,1.6855927,0.112949625,1.6700721,-1.5611681,-1.5593421
2018-07-31,76128533B74381554567803,Devbhumi Dwarka,contained_grid,1.5514287,1.84,0.05232143,0.1975,6.857444e-05,8.829882e-05,1.00813495e-05,7,Low Modelled Signal,False,1.5514287,0.0,0.0,0.0,0.0,-1.5514287,-1.5514287
2018-07-31,76128533B74447895476194,Kota,contained_grid,0.0,0.0,0.16828124,0.50874996,0.00044669374,0.0005798095,7.258911e-05,8,Low Modelled Signal,False,0.0,0.0,0.0,0.0,0.0,0.0,0.0
2018-07-31,76128533B74482494441458,Bargarh,contained_grid,3.0575,7.39,12.424218,27.072498,0.00669669,0.017258096,0.0019372831,8,Low Modelled Signal,False,3.0575,0.30264807,1.9955921,0.29876792,1.9800715,-2.7587318,-2.7548518
2018-07-31,76128533B74859418903113,Thane,contained_grid,10.358,12.59,0.17349999,0.6425,0.009706141,0.01079914,0.00053564296,5,Low Modelled Signal,False,10.358,4.963592,7.1955924,4.9480715,7.180072,-5.4099283,-5.3944077
2018-07-31,76128533B74887942950962,Vikarabad,contained_grid,1.064,1.2300001,0.816,1.7475,0.0001446601,0.00014840231,2.2149023e-05,5,Low Modelled Signal,False,1.064,0.0,0.0,0.0,0.0,-1.064,-1.064
2018-07-31,76128533B74917207853309,Almora,contained_grid,21.452,40.940002,7.4252496,16.49,0.016431417,0.030483197,0.00048643065,5,Low Modelled Signal,False,21.452,16.057592,35.545593,16.042072,35.530075,-5.4099274,-5.3944073
2018-07-31,76128533B74938989340684,Bara Banki,contained_grid,21.414,39.89,25.669998,49.509995,0.0510136,0.08806732,0.004139683,5,Low Modelled Signal,False,21.414,16.019592,34.49559,16.004072,34.480072,-5.4099274,-5.3944073
2018-07-31,76128533B74958462315105,Pulwama,contained_grid,0.1,0.1,0.0,0.0,4.9439066e-05,4.9439066e-05,3.6584975e-06,1,Low Modelled Signal,False,0.1,0.0,0.0,0.0,0.0,-0.1,-0.1
2018-07-31,76128533B74961596993088,Sheohar,contained_grid,32.21,32.21,2.7175,2.7175,0.0060811546,0.0060811546,0.0004987199,1,Low Modelled Signal,False,32.21,26.815592,26.815592,26.800072,26.800072,-5.4099274,-5.3944073
2018-07-31,76128533B74992405432705,Rajkot,contained_grid,1.5610001,2.04,0.417875,0.92499995,0.0003051398,0.000362333,3.197414e-05,10,Low Modelled Signal,False,1.5610001,0.0,0.0,0.0,0.0,-1.5610001,-1.5610001
2018-07-31,76128533B75110579117636,Dharwad,contained_grid,1.2149999,1.63,3.1359375,5.5474997,0.00015213687,0.00019169069,3.898877e-05,4,Low Modelled Signal,False,1.2149999,0.0,0.0,0.0,0.0,-1.2149999,-1.2149999
2018-07-31,76128533B75262864015847,Una,contained_grid,1.3,1.9,0.0,0.0,0.00083113567,0.0009756918,1.4783526e-05,2,Low Modelled Signal,False,1.3,0.0,0.0,0.0,0.0,-1.3,-1.3
2018-07-31,76128533B75359793481950,Lahul & Spiti,contained_grid,0.72944444,2.1,0.4624306,2.425,0.00020768082,0.00046962494,1.3497009e-05,18,Low Modelled Signal,False,0.72944444,0.0,0.0,0.0,0.0,-0.72944444,-0.72944444
2018-07-31,76128533B7545062765383,Sambhal,contained_grid,13.2699995,21.269999,11.096563,21.572502,0.0040922477,0.0056132786,0.0053008064,4,Low Modelled Signal,False,13.2699995,7.875592,15.875591,7.8600717,15.86007,-5.409928,-5.3944073
2018-07-31,76128533B75519739609062,Ernakulam,contained_grid,21.621998,28.479998,54.420998,69.307495,0.008895667,0.012056839,0.0002988714,5,Low Modelled Signal,False,21.621998,16.22759,23.08559,16.21207,23.070068,-5.4099274,-5.3944073
2018-07-31,76128533B75529869544465,Giridih,contained_grid,27.014286,60.75,17.072142,23.4975,0.03134498,0.04571724,0.003068225,7,Low Modelled Signal,False,27.014286,21.619877,55.35559,21.604357,55.340073,-5.4099293,-5.394409
2018-07-31,76128533B75548370501185,Ashoknagar,contained_grid,0.25333333,0.5,3.4424999,9.275,0.00080049486,0.0018364976,4.211826e-05,6,Low Modelled Signal,False,0.25333333,0.0,0.0,0.0,0.0,-0.25333333,-0.25333333
2018-07-31,76128533B75696328527555,Thrissur,contained_grid,22.175,23.199999,58.91625,66.8125,0.0067468053,0.008436886,0.00021385009,2,Low Modelled Signal,False,22.175,16.78059,17.805592,16.76507,17.79007,-5.4099293,-5.394409
2018-07-31,76128533B75922461866405,Barmer,contained_grid,0.09375,0.89000005,0.0,0.0,0.0002560807,0.0003897801,7.8029145e-05,40,Low Modelled Signal,False,0.09375,0.0,0.0,0.0,0.0,-0.09375,-0.09375
2018-07-31,76128533B76058958071350,Upper Siang,contained_grid,39.68909,62.979996,20.4525,31.95,0.010816751,0.015247825,0.000951305,11,Low Modelled Signal,False,39.68909,34.29468,57.585587,34.279163,57.57007,-5.4099274,-5.394409
2018-07-31,76128533B7606365706860,Gandhinagar,contained_grid,1.2366667,1.4399999,0.0008333333,0.0025,0.00020078837,0.0002069268,3.878732e-05,3,Low Modelled Signal,False,1.2366667,0.0,0.0,0.0,0.0,-1.2366667,-1.2366667
2018-07-31,76128533B76129461078086,East Kameng,contained_grid,68.689995,99.479996,43.764374,93.04875,0.033435937,0.05525669,0.0008162211,6,Low Modelled Signal,False,68.689995,63.29559,94.08559,63.28007,94.07007,-5.4099236,-5.3944054
2018-07-31,76128533B7622369120497,Varanasi,contained_grid,3.655,3.98,1.241875,2.125,0.013800546,0.018799175,0.0001451219,4,Low Modelled Signal,False,3.655,0.0,0.0,0.0,0.0,-3.655,-3.655
2018-07-31,76128533B76286653784168,Gondiya,contained_grid,5.06375,6.0699997,0.5434375,0.8825,0.0016045497,0.002022082,8.7542816e-05,8,Low Modelled Signal,False,5.06375,0.1545971,0.67559195,0.14877689,0.6600714,-4.914973,-4.9091525
2018-07-31,76128533B7643504807381,Kanshiram Nagar,contained_grid,29.519999,29.92,26.33583,42.529995,0.033547964,0.08157671,0.006865963,3,Low Modelled Signal,False,29.519999,24.125593,24.525593,24.110071,24.51007,-5.4099274,-5.3944054
2018-07-31,76128533B76479861129777,Kheri,contained_grid,39.007,48.25,36.423122,67.9575,0.039626025,0.061549928,0.0022477172,10,Low Modelled Signal,False,39.007,33.61259,42.85559,33.597073,42.840073,-5.4099274,-5.394409
2018-07-31,76128533B76927648517269,Bangalore,contained_grid,0.56333333,0.66,0.3808333,0.515,0.00012385109,0.00018396172,2.9881272e-05,3,Low Modelled Signal,False,0.56333333,0.0,0.0,0.0,0.0,-0.56333333,-0.56333333
2018-07-31,76128533B77134386587213,North Tripura,contained_grid,32.93,34.590004,16.07,20.31,0.00833911,0.009124333,0.00030454173,2,Low Modelled Signal,False,32.93,27.535595,29.195597,27.520075,29.180077,-5.4099255,-5.3944054
2018-07-31,76128533B77191913035963,Neemuch,contained_grid,0.035,0.21000001,0.23479168,1.20875,0.00028843814,0.0003260466,2.9348346e-05,6,Low Modelled Signal,False,0.035,0.0,0.0,0.0,0.0,-0.035,-0.035
2018-07-31,76128533B77336742344288,Mamit,contained_grid,30.183334,35.04,18.3925,23.2075,0.009837552,0.013720206,0.0005774967,3,Low Modelled Signal,False,30.183334,24.788927,29.645594,24.773407,29.630074,-5.4099274,-5.3944073
2018-07-31,76128533B77537928419507,Shimla,contained_grid,2.7011113,4.82,2.4981945,5.31,0.0006940021,0.0013701089,2.0388261e-05,9,Low Modelled Signal,False,2.7011113,0.0,0.0,0.0,0.0,-2.7011113,-2.7011113
2018-07-31,76128533B77719785699048,Nayagarh,contained_grid,5.498333,7.48,7.574583,13.595,0.004672893,0.013644181,0.0011163588,6,Low Modelled Signal,False,5.498333,0.58279616,2.0855923,0.57503587,2.0700717,-4.923297,-4.915537
2018-07-31,76128533B78458325839103,Kalimpong,contained_grid,141.66,155.43,35.597496,36.2075,0.0683323,0.07308017,0.0068974285,2,Low Modelled Signal,False,141.66,136.2656,150.03558,136.25006,150.02007,-5.4099426,-5.394409
2018-07-31,76128533B78482805703540,Seoni,contained_grid,1.5600001,3.2300003,0.090673074,0.9749999,0.00049091195,0.0012682551,8.91138e-05,13,Low Modelled Signal,False,1.5600001,0.0,0.0,0.0,0.0,-1.5600001,-1.5600001
2018-07-31,76128533B7851306475665,Surendranagar,contained_grid,1.2023077,1.54,0.0,0.0,0.00023447661,0.0004129169,2.7936258e-05,13,Low Modelled Signal,False,1.2023077,0.0,0.0,0.0,0.0,-1.2023077,-1.2023077
2018-07-31,76128533B7879459377699,Ambedkar Nagar,contained_grid,21.085,24.76,0.570625,1.105,0.024354763,0.030149668,0.0008260137,2,Low Modelled Signal,False,21.085,15.690593,19.365593,15.675072,19.35007,-5.4099274,-5.3944063
2018-07-31,76128533B78904410352326,Kaimur (Bhabua),contained_grid,4.23,7.1700006,2.2895832,3.355,0.008022842,0.011364974,0.0009011513,6,Low Modelled Signal,False,4.23,0.44019762,1.7755928,0.4350241,1.7600722,-3.794976,-3.7898023
2018-07-31,76128533B78970756356546,Khagaria,contained_grid,14.485,17.39,18.579998,19.227497,0.013414416,0.014101201,0.00050134474,2,Low Modelled Signal,False,14.485,9.090592,11.995592,9.075071,11.980071,-5.4099283,-5.3944073
2018-07-31,76128533B79048012717121,Guna,contained_grid,0.47888887,0.86,0.42597225,2.1000001,0.0004527372,0.0010352263,3.6680183e-05,9,Low Modelled Signal,False,0.47888887,0.0,0.0,0.0,0.0,-0.47888887,-0.47888887
2018-07-31,76128533B79087524886024,Mandla,contained_grid,5.198889,8.43,1.2633333,3.23125,0.0024241984,0.0040008496,0.00019566387,9,Low Modelled Signal,False,5.198889,0.6735966,3.0355926,0.6666986,3.020072,-4.5321903,-4.5252924
2018-07-31,76128533B79135514077232,Theni,contained_grid,4.2833333,6.75,1.2208334,2.005,0.0017384011,0.0043236334,0.00012336017,3,Low Modelled Signal,False,4.2833333,0.4518641,1.3555923,0.44669056,1.3400717,-3.8366427,-3.8314693
2018-07-31,76128533B79180273895456,Uttara Kannada,contained_grid,6.918462,11.52,1.8826923,4.385,0.0049109682,0.011048961,0.00035439903,13,Low Modelled Signal,False,6.918462,2.4295955,6.1255927,2.4200442,6.110072,-4.498418,-4.4888663
2018-07-31,76128533B79263581040575,Ramgarh,contained_grid,36.545,40.73,21.33375,34.85,0.024691371,0.025595479,0.00050899584,2,Low Modelled Signal,False,36.545,31.150593,35.33559,31.135073,35.320072,-5.4099255,-5.3944054
2018-07-31,76128533B79303776608295,Shahdol,contained_grid,6.61625,9.93,16.949532,31.480001,0.004179695,0.007049496,0.00014868258,8,Low Modelled Signal,False,6.61625,1.3709952,4.5355926,1.3612947,4.520072,-5.2549553,-5.245255
2018-07-31,76128533B79600797037735,Ramanagara,contained_grid,0.5675,0.62,4.928437,12.7525,8.41317e-05,9.603029e-05,2.1956526e-05,4,Low Modelled Signal,False,0.5675,0.0,0.0,0.0,0.0,-0.5675,-0.5675
2018-07-31,76128533B79601545186231,Koppal,contained_grid,0.20625001,0.31,1.2304688,3.00125,0.00014709104,0.00017075715,2.6436528e-05,8,Low Modelled Signal,False,0.20625001,0.0,0.0,0.0,0.0,-0.20625001,-0.20625001
2018-07-31,76128533B79652855441225,Kathua,contained_grid,0.268,0.61,9.786249,29.939999,0.00069242925,0.0014498428,2.3146064e-05,5,Low Modelled Signal,False,0.268,0.0,0.0,0.0,0.0,-0.268,-0.268
2018-07-31,76128533B79750857313751,South Garo Hills,contained_grid,132.525,154.1,8.54,10.675,0.044937454,0.046802416,0.0013986492,2,Low Modelled Signal,False,132.525,127.13059,148.7056,127.115074,148.69008,-5.4099197,-5.3944016
2018-07-31,76128533B79784438258239,Etawah,contained_grid,72.36666,89.46999,24.7475,30.86,0.061681345,0.10341398,0.0023422348,3,Heavy Rain Watch,False,72.36666,66.97225,84.075584,66.95673,84.06007,-5.4099274,-5.394409
2018-07-31,76128533B80016894369263,Mewat,contained_grid,3.3466666,6.02,2.7454166,3.6899998,0.0029859964,0.0046075783,0.000645715,3,Low Modelled Signal,False,3.3466666,0.20853074,0.62559223,0.20335722,0.61007166,-3.1433094,-3.138136
2018-07-31,76128533B80299348876357,Kanpur Dehat,contained_grid,18.83,33.11,58.70875,69.99001,0.026922468,0.039890572,0.001750663,5,Low Modelled Signal,False,18.83,13.435593,27.715593,13.420072,27.700073,-5.4099283,-5.3944073
2018-07-31,76128533B80656256583567,Puri,contained_grid,6.706,10.05,28.056,54.089996,0.014559448,0.022150228,0.005184065,5,Low Modelled Signal,False,6.706,1.9593554,4.6555924,1.9500431,4.640072,-4.7559566,-4.7466445
2018-07-31,76128533B80772392204057,Chikkaballapura,contained_grid,3.042,5.8100004,0.4955,1.055,0.0005309838,0.0007558266,0.00016772712,5,Low Modelled Signal,False,3.042,0.083118536,0.41559267,0.08001442,0.4000721,-2.9619856,-2.9588816
2018-07-31,76128533B80916614857890,Gumla,contained_grid,34.623333,39.22,14.526249,19.762499,0.029385647,0.03248375,0.002185711,6,Low Modelled Signal,False,34.623333,29.228926,33.825592,29.213408,33.810074,-5.4099255,-5.3944073
2018-07-31,76128533B80958502091898,Datia,contained_grid,50.195,71.34,31.601252,35.650005,0.06702255,0.110986,0.0009642244,4,Heavy Rain Watch,False,50.195,44.80059,65.94559,44.785072,65.93007,-5.4099274,-5.394409
2018-07-31,76128533B80966996849325,Kannauj,contained_grid,30.53333,38.739998,70.29708,91.10749,0.0229981,0.038280554,0.0046677147,3,Low Modelled Signal,False,30.53333,25.138924,33.34559,25.123404,33.33007,-5.4099274,-5.3944073
2018-07-31,76128533B81147724102706,Baleshwar,contained_grid,4.864,8.77,48.969254,68.40501,0.011853206,0.014773,0.002832266,5,Low Modelled Signal,False,4.864,0.67511857,3.3755927,0.6720144,3.3600721,-4.1919856,-4.1888814
2018-07-31,76128533B81419063387740,Shahdara,nearest_grid,8.47,8.47,0.005,0.005,0.015878484,0.015878484,0.0008215534,1,Low Modelled Signal,False,8.47,3.0755925,3.0755925,3.060072,3.060072,-5.4099283,-5.3944077
2018-07-31,76128533B81607600692021,Panna,contained_grid,5.281111,16.21,17.546528,27.415,0.00838506,0.016065842,0.0002912502,9,Low Modelled Signal,False,5.281111,1.4879093,10.815592,1.4844602,10.800071,-3.7966504,-3.7932014
2018-07-31,76128533B81661995166840,Mahesana,contained_grid,1.6133333,2.58,0.04458333,0.15499999,0.0002144145,0.0002604234,4.724103e-05,6,Low Modelled Signal,False,1.6133333,0.0,0.0,0.0,0.0,-1.6133333,-1.6133333
2018-07-31,76128533B81694682724865,Uttarkashi,contained_grid,7.218182,13.31,3.9172723,9.749997,0.004948112,0.012498782,5.5777793e-05,11,Low Modelled Signal,False,7.218182,2.5181043,7.9155927,2.5082273,7.900072,-4.7099547,-4.700078
2018-07-31,76128533B81857725777974,Hugli,contained_grid,20.333334,23.730001,31.918333,43.344997,0.03384811,0.042723794,0.0025442839,3,Low Modelled Signal,False,20.333334,14.938927,18.335594,14.923405,18.320072,-5.4099293,-5.3944073
2018-07-31,76128533B81964529079574,Bilaspur,contained_grid,4.6883335,12.2,24.44354,28.93,0.007829309,0.011151542,0.00045645313,6,Low Modelled Signal,False,4.6883335,1.1342653,6.805592,1.1316786,6.7900715,-3.556655,-3.554068
2018-07-31,76128533B82052450002431,Tuensang,contained_grid,28.83,36.269997,14.865001,25.115002,0.018460443,0.021608371,0.00012237797,3,Low Modelled Signal,False,28.83,23.435593,30.87559,23.420073,30.86007,-5.4099274,-5.3944073
2018-07-31,76128533B8221925175605,Baksa,contained_grid,37.9425,44.75,21.80875,33.825,0.021886757,0.028110093,0.0038985694,4,Low Modelled Signal,False,37.9425,32.54809,39.35559,32.532574,39.340073,-5.4099274,-5.394409
2018-07-31,76128533B82240600990321,Sheopur,contained_grid,0.8949999,5.0999994,1.4304687,8.155,0.0047170245,0.01645353,0.0003728423,8,Low Modelled Signal,False,0.8949999,0.0,0.0,0.0,0.0,-0.8949999,-0.8949999
2018-07-31,76128533B82279368215419,Kakching,contained_grid,28.27,28.27,18.03875,18.03875,0.009638624,0.009638624,0.00014456488,1,Low Modelled Signal,False,28.27,22.875593,22.875593,22.860073,22.860073,-5.4099274,-5.3944073
2018-07-31,76128533B82539771173603,Wayanad,contained_grid,3.3599997,5.0199995,46.2425,63.699997,0.0010046698,0.0015940638,0.00014632309,2,Low Modelled Signal,False,3.3599997,0.0,0.0,0.0,0.0,-3.3599997,-3.3599997
2018-07-31,76128533B82559220423608,Betul,contained_grid,3.06375,4.4500003,0.00703125,0.082499996,0.0005470069,0.0007755662,8.225436e-05,16,Low Modelled Signal,False,3.06375,0.0,0.0,0.0,0.0,-3.06375,-3.06375
2018-07-31,76128533B82601690264832,Sangrur,contained_grid,1.0728571,1.8299999,0.9048214,3.37,0.0009689713,0.0015459029,3.149483e-05,7,Low Modelled Signal,False,1.0728571,0.0,0.0,0.0,0.0,-1.0728571,-1.0728571
2018-07-31,76128533B82793215586362,Mokokchung,contained_grid,26.449999,35.03,19.870625,26.18,0.0122829005,0.012283512,0.00024957905,2,Low Modelled Signal,False,26.449999,21.055592,29.635592,21.040071,29.620071,-5.4099274,-5.3944073
2018-07-31,76128533B83105693975079,Yanam,nearest_grid,1.6600001,1.6600001,0.39999998,0.39999998,0.00089529937,0.00089529937,4.4242053e-05,1,Low Modelled Signal,False,1.6600001,0.0,0.0,0.0,0.0,-1.6600001,-1.6600001
2018-07-31,76128533B83278580643229,Bagalkot,contained_grid,0.20444445,0.34,0.72125,2.2124999,0.00017624069,0.00021769512,2.6436528e-05,9,Low Modelled Signal,False,0.20444445,0.0,0.0,0.0,0.0,-0.20444445,-0.20444445
2018-07-31,76128533B83462627230182,Bhagalpur,contained_grid,13.576667,19.41,19.970835,20.7025,0.011635385,0.016945185,0.000827536,3,Low Modelled Signal,False,13.576667,8.18226,14.015593,8.1667385,14.000072,-5.4099283,-5.3944073
2018-07-31,76128533B83644689337946,Kancheepuram,contained_grid,1.13,1.9099998,16.862917,18.86125,0.00027057828,0.00039828033,7.704442e-05,3,Low Modelled Signal,False,1.13,0.0,0.0,0.0,0.0,-1.13,-1.13
2018-07-31,76128533B83861010847920,Malappuram,contained_grid,7.965,13.370001,71.34,109.832504,0.002233992,0.0059469366,0.00015915402,6,Low Modelled Signal,False,7.965,2.816327,7.975593,2.8033931,7.9600725,-5.161607,-5.148673
2018-07-31,76128533B84094142280102,Jodhpur,contained_grid,0.009117647,0.14,0.0,0.0,0.00021343643,0.0003056866,2.5018267e-05,34,Low Modelled Signal,False,0.009117647,0.0,0.0,0.0,0.0,-0.009117647,-0.009117647
2018-07-31,76128533B84129562351919,Sambalpur,contained_grid,8.136364,14.009999,29.276024,61.2125,0.015744725,0.035995763,0.0018389185,11,Low Modelled Signal,False,8.136364,3.5036666,8.615591,3.4909678,8.600071,-4.645396,-4.632697
2018-07-31,76128533B8426545955058,Amritsar,contained_grid,0.005,0.01,0.0,0.0,0.001073901,0.0015247461,1.7012271e-05,2,Low Modelled Signal,False,0.005,0.0,0.0,0.0,0.0,-0.005,-0.005
2018-07-31,76128533B84398038505400,Mulugu,contained_grid,10.5425005,12.150001,2.615,2.8249998,0.005216305,0.00899613,0.00019522065,4,Low Modelled Signal,False,10.5425005,5.1480927,6.755593,5.132572,6.7400723,-5.4099283,-5.3944077
2018-07-31,76128533B84417945851362,Porbandar,contained_grid,2.362,3.1599998,0.15699998,0.75499994,0.00011493681,0.0002581428,5.3041273e-05,5,Low Modelled Signal,False,2.362,0.0,0.0,0.0,0.0,-2.362,-2.362
2018-07-31,76128533B84622469201834,West Jaintia Hills,contained_grid,48.34667,50.04,19.56,24.705002,0.034488853,0.040068235,0.0040681986,3,Low Modelled Signal,False,48.34667,42.95226,44.64559,42.936737,44.630074,-5.409931,-5.394409
2018-07-31,76128533B84676164211579,Hydrabad,contained_grid,0.45000002,0.45000002,0.27249998,0.27249998,0.00012828063,0.00012828063,2.1472943e-05,1,Low Modelled Signal,False,0.45000002,0.0,0.0,0.0,0.0,-0.45000002,-0.45000002
2018-07-31,76128533B84679668760735,Budaun,contained_grid,19.991667,25.23,50.41792,88.877495,0.010908534,0.019634921,0.011866689,6,Low Modelled Signal,False,19.991667,14.5972595,19.835592,14.581738,19.820072,-5.4099283,-5.3944073
2018-07-31,76128533B84689409020934,Upper Subansiri,contained_grid,34.012856,63.399998,23.475536,58.237495,0.012299137,0.015608613,0.0006419077,7,Low Modelled Signal,False,34.012856,28.61845,58.00559,28.60293,57.99007,-5.4099255,-5.3944054
2018-07-31,76128533B84772375641700,Baudh,contained_grid,7.5275,9.8,3.8828123,8.08,0.005054235,0.0070112953,0.0028445732,4,Low Modelled Signal,False,7.5275,2.1330924,4.4055924,2.1175718,4.390072,-5.4099283,-5.3944077
2018-07-31,76128533B84772439394056,Mainpuri,contained_grid,45.6575,65.63,38.504375,44.702503,0.07159252,0.19276421,0.00729046,4,Heavy Rain Watch,False,45.6575,40.263092,60.235588,40.247574,60.22007,-5.4099274,-5.394409
2018-07-31,76128533B84837672903805,Sirsa,contained_grid,0.42166665,0.84,0.0,0.0,0.0007452673,0.0010008215,0.00011266596,6,Low Modelled Signal,False,0.42166665,0.0,0.0,0.0,0.0,-0.42166665,-0.42166665
2018-07-31,76128533B84927972855096,Yadgir,contained_grid,0.16166666,0.48,1.4622916,2.5849998,0.00015824486,0.00016617407,2.2149023e-05,6,Low Modelled Signal,False,0.16166666,0.0,0.0,0.0,0.0,-0.16166666,-0.16166666
2018-07-31,76128533B85157820615002,Yadadri Bhongiri,contained_grid,0.0275,0.060000002,0.12125,0.38,0.0001332862,0.00014531334,2.1472943e-05,4,Low Modelled Signal,False,0.0275,0.0,0.0,0.0,0.0,-0.0275,-0.0275
2018-07-31,76128533B85389886560116,Shimoga,contained_grid,4.6076922,12.650001,0.8257692,4.7349997,0.0027155182,0.0076391776,0.00037047025,13,Low Modelled Signal,False,4.6076922,1.4917209,7.255593,1.4869453,7.2400723,-3.120747,-3.1159713
2018-07-31,76128533B85627242103654,Lakhimpur,contained_grid,34.728333,44.7,15.075,19.57,0.033946678,0.060642667,0.0010722503,6,Low Modelled Signal,False,34.728333,29.333925,39.30559,29.318405,39.290073,-5.4099274,-5.3944073
2018-07-31,76128533B85695392289827,Bilaspur,contained_grid,2.21,2.95,0.2475,0.32000002,0.0012661291,0.0016083058,1.4015822e-05,2,Low Modelled Signal,False,2.21,0.0,0.0,0.0,0.0,-2.21,-2.21
2018-07-31,76128533B85747247216737,Dimapur,contained_grid,18.44,18.44,43.84,43.84,0.010882872,0.010882872,0.00024725197,1,Low Modelled Signal,False,18.44,13.045593,13.045593,13.030072,13.030072,-5.4099283,-5.3944073
2018-07-31,76128533B8575303957680,Ratnagiri,contained_grid,11.426364,14.52,1.8363637,7.7924995,0.014139944,0.019332474,0.0012466917,11,Low Modelled Signal,False,11.426364,6.031956,9.125593,6.0164356,9.110072,-5.4099283,-5.3944077
2018-07-31,76128533B85917349021677,Malkangiri,contained_grid,13.968749,18.729998,7.043593,18.447498,0.0052843234,0.0069643804,0.00075797824,8,Low Modelled Signal,False,13.968749,8.574342,13.33559,8.558821,13.320069,-5.4099283,-5.3944073
2018-07-31,76128533B86048662040782,Panipat,contained_grid,8.82,8.82,1.4049999,1.4049999,0.0052860286,0.0052860286,0.0007306565,1,Low Modelled Signal,False,8.82,3.425592,3.425592,3.4100714,3.4100714,-5.4099283,-5.3944077
2018-07-31,76128533B86135761305702,Jhunjhunun,contained_grid,0.01875,0.15,0.00125,0.01,0.00054238143,0.0006019902,6.486523e-05,8,Low Modelled Signal,False,0.01875,0.0,0.0,0.0,0.0,-0.01875,-0.01875
2018-07-31,76128533B86368264587575,Alappuzha,contained_grid,26.154999,27.43,72.49438,85.630005,0.008903089,0.010599799,0.00034516226,2,Low Modelled Signal,False,26.154999,20.760593,22.035593,20.745071,22.020073,-5.4099274,-5.3944054
2018-07-31,76128533B86424887513424,Hingoli,contained_grid,1.4533334,2.18,0.11875,0.38,0.00015513874,0.00016631995,5.0130988e-05,6,Low Modelled Signal,False,1.4533334,0.0,0.0,0.0,0.0,-1.4533334,-1.4533334
2018-07-31,76128533B86430586962522,Viluppuram,contained_grid,1.36,6.12,7.090208,15.282499,0.00030530427,0.0007751498,9.526827e-05,6,Low Modelled Signal,False,1.36,0.12093202,0.72559214,0.11834526,0.71007156,-1.2416548,-1.239068
2018-07-31,76128533B86721175299079,Haveri,contained_grid,1.008,1.5100001,0.3335,0.84,0.00016535973,0.00031218954,1.9053618e-05,5,Low Modelled Signal,False,1.008,0.0,0.0,0.0,0.0,-1.008,-1.008
2018-07-31,76128533B87051210355251,Muzaffarnagar,contained_grid,13.704,16.98,0.43625003,0.615,0.009450199,0.0119843865,0.0061158678,5,Low Modelled Signal,False,13.704,8.309592,11.585592,8.294072,11.570071,-5.4099283,-5.394408
2018-07-31,76128533B87317961648652,Hapur,contained_grid,10.99,10.99,1.7999998,1.7999998,0.018227912,0.018227912,0.0009881756,1,Low Modelled Signal,False,10.99,5.595592,5.595592,5.5800714,5.5800714,-5.4099283,-5.3944077
2018-07-31,76128533B87327155385261,Kulgam,contained_grid,1.925,2.33,6.614375,11.3550005,0.00029323332,0.0003680332,1.5333882e-05,2,Low Modelled Signal,False,1.925,0.0,0.0,0.0,0.0,-1.925,-1.925
2018-07-31,76128533B87371000929659,Balrampur,contained_grid,52.27333,62.81,1.9870833,3.4225,0.012241754,0.016444396,0.00056974875,3,Low Modelled Signal,False,52.27333,46.87892,57.415592,46.863403,57.400074,-5.4099274,-5.394409
2018-07-31,76128533B87515288456202,Sant Ravidas Nagar (Bhadohi),contained_grid,4.34,4.65,3.93875,4.94,0.01018458,0.010342122,0.00039254845,2,Low Modelled Signal,False,4.34,0.0,0.0,0.0,0.0,-4.34,-4.34
2018-07-31,76128533B87833640460819,Hardwar,contained_grid,5.07,8.04,7.9220824,11.504999,0.010636993,0.020468185,0.0010355312,3,Low Modelled Signal,False,5.07,0.8818641,2.6455922,0.87669057,2.6300716,-4.19331,-4.188136
2018-07-31,76128533B8798165946807,Kandhamal,contained_grid,5.0609093,8.880001,2.0464773,5.315,0.0031459155,0.00640938,0.0024197272,11,Low Modelled Signal,False,5.0609093,0.6107239,3.4855933,0.6036691,3.4700727,-4.45724,-4.4501853
2018-07-31,76128533B88214376170788,Badgam,nearest_grid,0.55,0.55,0.0,0.0,0.00016905396,0.00016905396,6.0424677e-06,1,Low Modelled Signal,False,0.55,0.0,0.0,0.0,0.0,-0.55,-0.55
2018-07-31,76128533B88466433485589,Nagapattinam,contained_grid,0.4,0.6,3.3037498,6.5024996,0.00017101382,0.00018324252,3.59008e-05,2,Low Modelled Signal,False,0.4,0.0,0.0,0.0,0.0,-0.4,-0.4
2018-07-31,76128533B88481188307630,Muzaffarpur,contained_grid,10.7275,19.14,15.85531,29.279995,0.0045073945,0.005834546,0.00016372383,4,Low Modelled Signal,False,10.7275,5.811694,13.745592,5.8000536,13.730071,-4.9274464,-4.915806
2018-07-31,76128533B88623139855224,Mau,contained_grid,11.15,15.23,1.7571874,3.0774999,0.009754,0.010859417,0.0010617322,4,Low Modelled Signal,False,11.15,5.7555923,9.835592,5.740072,9.820071,-5.409928,-5.3944073
2018-07-31,76128533B88669134807148,Chengalputtu,contained_grid,0.046666667,0.11,17.234583,27.331247,0.000136857,0.00016401226,3.217321e-05,3,Low Modelled Signal,False,0.046666667,0.0,0.0,0.0,0.0,-0.046666667,-0.046666667
2018-07-31,76128533B88758450653156,Mathura,contained_grid,16.928,25.77,10.024,12.175,0.043340385,0.09069706,0.0008523392,5,Low Modelled Signal,False,16.928,11.533592,20.375593,11.518072,20.360073,-5.4099274,-5.3944073
2018-07-31,76128533B8878807356913,Mahamaya Nagar,contained_grid,38.57,38.57,27.33625,27.33625,0.08670971,0.08670971,0.00056217925,1,Low Modelled Signal,False,38.57,33.17559,33.17559,33.160072,33.160072,-5.4099274,-5.394409
2018-07-31,76128533B88812350838807,Paschim Medinipur,contained_grid,9.9625,15.64,20.508905,30.814999,0.019151913,0.038965594,0.0009558972,8,Low Modelled Signal,False,9.9625,4.6123934,10.245592,4.5988126,10.230072,-5.363687,-5.3501062
2018-07-31,76128533B8892495882090,Nalgonda,contained_grid,0.0022222223,0.02,1.2168056,2.9362502,0.00020797078,0.00022787126,2.1472943e-05,9,Low Modelled Signal,False,0.0022222223,0.0,0.0,0.0,0.0,-0.0022222223,-0.0022222223
2018-07-31,76128533B89024397489955,Chennai,contained_grid,0.82,0.82,13.3025,13.3025,0.00034687837,0.00034687837,2.3413344e-05,1,Low Modelled Signal,False,0.82,0.0,0.0,0.0,0.0,-0.82,-0.82
2018-07-31,76128533B8920527783032,Tinsukia,contained_grid,14.59,22.240002,48.479168,68.28249,0.009454537,0.014751651,0.00015062203,6,Low Modelled Signal,False,14.59,9.195592,16.845594,9.180072,16.830074,-5.4099283,-5.394408
2018-07-31,76128533B89228414823983,Charaideo,contained_grid,20.270002,20.270002,24.11875,24.11875,0.018542403,0.018542403,0.0003290551,1,Low Modelled Signal,False,20.270002,14.875595,14.875595,14.860074,14.860074,-5.4099283,-5.3944073
2018-07-31,76128533B89286042589317,Ujjain,contained_grid,1.645,2.6200001,0.005,0.0325,0.00024482424,0.0004583226,5.7284833e-05,8,Low Modelled Signal,False,1.645,0.0,0.0,0.0,0.0,-1.645,-1.645
2018-07-31,76128533B8930157583904,Jangaon,contained_grid,0.11666667,0.17,0.31875,0.87,0.00018068828,0.00018907509,2.649356e-05,3,Low Modelled Signal,False,0.11666667,0.0,0.0,0.0,0.0,-0.11666667,-0.11666667
2018-07-31,76128533B89374164863010,Vellore,contained_grid,1.44,3.15,1.1528125,1.8475,0.00028711135,0.000723056,8.904332e-05,4,Low Modelled Signal,False,1.44,0.0,0.0,0.0,0.0,-1.44,-1.44
2018-07-31,76128533B89438858641946,Korba,contained_grid,16.086,28.31,31.006124,66.1675,0.021132978,0.025566205,0.0015868504,10,Low Modelled Signal,False,16.086,10.691592,22.915592,10.676071,22.90007,-5.4099293,-5.394408
2018-07-31,76128533B89575258858457,Tiruvannamalai,contained_grid,0.54571426,1.3199999,3.2353573,7.83875,0.0001185722,0.00012193536,5.4632856e-05,7,Low Modelled Signal,False,0.54571426,0.0,0.0,0.0,0.0,-0.54571426,-0.54571426
2018-07-31,76128533B89925537847414,Sivaganga,contained_grid,11.95,14.02,0.060833335,0.1725,0.0008828537,0.0011705318,5.9489597e-05,3,Low Modelled Signal,False,11.95,6.555593,8.625593,6.540072,8.610072,-5.409928,-5.394407
2018-07-31,76128533B89979485471283,Narayanpur,contained_grid,9.818334,12.650002,2.1204166,3.4,0.0038586648,0.0054767164,0.0005944403,6,Low Modelled Signal,False,9.818334,4.423926,7.255594,4.4084053,7.240073,-5.4099283,-5.3944077
2018-07-31,76128533B8998698404381,Sitapur,contained_grid,38.15,46.96,33.982773,57.414997,0.0606859,0.082328185,0.0028134778,9,Low Modelled Signal,False,38.15,32.755592,41.56559,32.74007,41.55007,-5.409931,-5.394409
2018-07-31,76128533B90068096507942,Deoghar,contained_grid,82.4325,121.590004,16.840624,31.874998,0.06372221,0.07540608,0.0032630626,4,Low Modelled Signal,False,82.4325,77.03809,116.195595,77.022575,116.18008,-5.4099274,-5.394409
2018-07-31,76128533B90071703601852,Pilibhit,contained_grid,23.14,31.650002,60.8925,108.96499,0.025111953,0.04052269,0.0010289503,6,Low Modelled Signal,False,23.14,17.745592,26.255594,17.730072,26.240074,-5.4099274,-5.3944073
2018-07-31,76128533B90169585758701,Balod,contained_grid,5.7183337,9.17,1.5108333,3.0449998,0.0025811903,0.004013742,0.000243451,6,Low Modelled Signal,False,5.7183337,1.0553949,3.7755923,1.0450479,3.7600718,-4.673286,-4.662939
2018-07-31,76128533B90384580518633,Madhubani,contained_grid,31.220001,38.12,21.87975,27.237501,0.008120945,0.011687628,0.00024556852,5,Low Modelled Signal,False,31.220001,25.825592,32.72559,25.81007,32.71007,-5.409931,-5.394409
2018-07-31,76128533B90551733723251,Gwalior,contained_grid,36.697144,62.589996,31.055355,47.445,0.042417865,0.06308086,0.000763405,7,Low Modelled Signal,False,36.697144,31.302734,57.195587,31.287214,57.18007,-5.4099293,-5.394409
2018-07-31,76128533B90913053845537,Lower Subansiri,contained_grid,88.740005,88.740005,16.622501,16.622501,0.04613599,0.04613599,0.00045398148,1,Low Modelled Signal,False,88.740005,83.3456,83.3456,83.33008,83.33008,-5.4099274,-5.394409
2018-07-31,76128533B91211372620495,Jalandhar,contained_grid,0.88000005,1.1500001,1.77,2.93,0.0016037782,0.0016689199,1.8595125e-05,2,Low Modelled Signal,False,0.88000005,0.0,0.0,0.0,0.0,-0.88000005,-0.88000005
2018-07-31,76128533B91445917652173,Vaishali,contained_grid,1.4900001,1.94,14.935833,17.845,0.0016978752,0.0025531466,0.00022231863,3,Low Modelled Signal,False,1.4900001,0.0,0.0,0.0,0.0,-1.4900001,-1.4900001
2018-07-31,76128533B91472319248603,Goalpara,contained_grid,35.486668,38.129997,19.150415,24.201248,0.012935284,0.017204665,0.001064586,3,Low Modelled Signal,False,35.486668,30.09226,32.735588,30.076738,32.72007,-5.4099293,-5.3944073
2018-07-31,76128533B91480770176940,Kokrajhar,contained_grid,50.14,69.47,14.536251,27.222502,0.039079726,0.056106336,0.00417427,4,Low Modelled Signal,False,50.14,44.74559,64.07559,44.730072,64.060074,-5.4099274,-5.394409
2018-07-31,76128533B91640519747726,Firozabad,contained_grid,78.626,94.67,30.402248,37.104996,0.123358406,0.19022863,0.0064500277,5,Heavy Rain Watch,False,78.626,73.23159,89.27559,73.21607,89.26007,-5.4099274,-5.394409
2018-07-31,76128533B91818883767147,Jajapur,contained_grid,1.666,3.56,56.1735,63.714996,0.0028535435,0.0056085037,0.0007719756,5,Low Modelled Signal,False,1.666,0.0,0.0,0.0,0.0,-1.666,-1.666
2018-07-31,76128533B91871300208785,Gaya,contained_grid,7.8311105,11.219999,3.628194,6.5437503,0.011804144,0.022316543,0.0009157804,9,Low Modelled Signal,False,7.8311105,2.601016,5.8255916,2.5889444,5.810071,-5.242166,-5.2300944
2018-07-31,76128533B91881382098572,Kachchh,contained_grid,1.1814754,2.3,0.00047131145,0.01625,0.0003066829,0.0007815305,6.670083e-05,61,Low Modelled Signal,False,1.1814754,0.0,0.0,0.0,0.0,-1.1814754,-1.1814754
2018-07-31,76128533B91943656836526,Jhalawar,contained_grid,0.19444445,0.41000003,0.021388888,0.1325,0.000256994,0.0004353004,6.0108287e-05,9,Low Modelled Signal,False,0.19444445,0.0,0.0,0.0,0.0,-0.19444445,-0.19444445
2018-07-31,76128533B92044109913630,Hanumangarh,contained_grid,0.010000001,0.120000005,0.0,0.0,0.0005859246,0.00065888517,0.00012269805,15,Low Modelled Signal,False,0.010000001,0.0,0.0,0.0,0.0,-0.010000001,-0.010000001
2018-07-31,76128533B92621859299479,Bellary,contained_grid,0.24181819,0.63,0.15090908,1.1225,0.00012980559,0.00017075715,2.6436528e-05,11,Low Modelled Signal,False,0.24181819,0.0,0.0,0.0,0.0,-0.24181819,-0.24181819
2018-07-31,76128533B92985585225784,Ramban,contained_grid,1.3199999,1.3199999,0.0,0.0,0.00020594962,0.00020594962,1.2112161e-05,1,Low Modelled Signal,False,1.3199999,0.0,0.0,0.0,0.0,-1.3199999,-1.3199999
2018-07-31,76128533B93063337202124,Gariaband,contained_grid,7.0657144,11.08,2.1403573,5.295,0.005320816,0.011112034,0.0011668432,7,Low Modelled Signal,False,7.0657144,1.9525659,5.685592,1.9414797,5.6700716,-5.1242347,-5.1131487
2018-07-31,76128533B93113981386565,Ahmadabad,contained_grid,1.19875,1.5500001,0.5334375,2.2,0.0002644438,0.00039650928,4.5783094e-05,8,Low Modelled Signal,False,1.19875,0.0,0.0,0.0,0.0,-1.19875,-1.19875
2018-07-31,76128533B93152786731267,Satara,contained_grid,3.5764706,10.64,1.0927206,5.75,0.0029492048,0.011307545,0.00045385936,17,Low Modelled Signal,False,3.5764706,1.0248451,5.2455926,1.0211934,5.230072,-2.5552773,-2.5516255
2018-07-31,76128533B93214480696409,Gopalganj,contained_grid,10.405,15.6,4.124375,13.074999,0.004880926,0.0063983547,0.00066094333,4,Low Modelled Signal,False,10.405,5.0105925,10.205593,4.9950714,10.190072,-5.4099283,-5.3944073
2018-07-31,76128533B93240759409313,Jharsuguda,contained_grid,5.145,6.95,28.62875,30.807499,0.010712077,0.015288316,0.00089977967,2,Low Modelled Signal,False,5.145,0.77779603,1.5555921,0.77003574,1.5400715,-4.374964,-4.3672037
2018-07-31,76128533B93441663686573,Bhilwara,contained_grid,0.0,0.0,0.034910712,0.1025,0.00047930906,0.0005759855,6.299452e-05,14,Low Modelled Signal,False,0.0,0.0,0.0,0.0,0.0,0.0,0.0
2018-07-31,76128533B93450974047240,Bhavnagar,contained_grid,1.8127273,2.5600002,0.22227272,1.5575,0.0006667746,0.0014465818,8.8569075e-05,11,Low Modelled Signal,False,1.8127273,0.0,0.0,0.0,0.0,-1.8127273,-1.8127273
2018-07-31,76128533B93453964263910,North Twenty Four Parganas,contained_grid,14.828,22.820002,26.314,31.339996,0.078616455,0.10756868,0.004723449,5,Heavy Rain Watch,False,14.828,9.474474,17.425594,9.462057,17.410072,-5.365943,-5.353526
2018-07-31,76128533B94126463611805,Gomati,contained_grid,29.216667,31.57,7.2274995,10.74,0.01430419,0.018888744,0.00044365536,3,Low Modelled Signal,False,29.216667,23.82226,26.175592,23.806738,26.160072,-5.4099293,-5.3944073
2018-07-31,76128533B94710820075529,Kurukshetra,contained_grid,4.286667,6.6400003,0.78,1.31125,0.0026338138,0.0048116823,0.00030404344,3,Low Modelled Signal,False,4.286667,0.41519752,1.2455926,0.41002402,1.230072,-3.876643,-3.8714693
2018-07-31,76128533B94847743365739,Dhanbad,contained_grid,77.755,94.75,16.59875,20.727499,0.071711965,0.08165822,0.0055485438,4,Low Modelled Signal,False,77.755,72.36059,89.35559,72.34507,89.34007,-5.4099274,-5.394409
2018-07-31,76128533B95049353851516,Ambala,contained_grid,6.1049995,7.39,4.7124996,5.3599997,0.0031001805,0.0044887606,0.00015657848,2,Low Modelled Signal,False,6.1049995,0.99779606,1.9955921,0.9900358,1.9800715,-5.1149635,-5.1072035
2018-07-31,76128533B95075104846315,Prakasam,contained_grid,0.024583334,0.23,0.11375,0.5925,0.00022583827,0.00026548014,2.1472943e-05,24,Low Modelled Signal,False,0.024583334,0.0,0.0,0.0,0.0,-0.024583334,-0.024583334
2018-07-31,76128533B9558749744242,Changlang,contained_grid,40.59625,63.2,17.538437,29.294994,0.0129922535,0.024576655,0.00025354244,8,Low Modelled Signal,False,40.59625,35.201843,57.80559,35.18632,57.790073,-5.4099274,-5.3944054
2018-07-31,76128533B95642877176862,Senapati,contained_grid,23.075,31.08,10.907499,14.829999,0.016128015,0.017004266,9.907379e-05,2,Low Modelled Signal,False,23.075,17.680592,25.685593,17.665071,25.67007,-5.4099293,-5.394409
2018-07-31,76128533B95764075909869,West Siang,contained_grid,37.943333,45.25,22.731665,32.034996,0.008855689,0.01111608,0.00027674498,3,Low Modelled Signal,False,37.943333,32.548923,39.85559,32.533405,39.840073,-5.4099274,-5.394409
2018-07-31,76128533B95879808095476,Mysore,contained_grid,0.7228572,1.9700001,4.987143,21.5225,0.00023894885,0.0007752549,0.00017862105,7,Low Modelled Signal,False,0.7228572,0.0,0.0,0.0,0.0,-0.7228572,-0.7228572
2018-07-31,76128533B95910687666425,Siang,contained_grid,30.35,30.35,16.509998,16.509998,0.006333666,0.006333666,0.0001669543,1,Low Modelled Signal,False,30.35,24.955593,24.955593,24.940071,24.940071,-5.4099293,-5.3944073
2018-07-31,76128533B96195300293897,West Garo Hills,contained_grid,76.2025,107.54,8.79125,10.680001,0.026783062,0.03407162,0.0013781451,4,Low Modelled Signal,False,76.2025,70.80809,102.14559,70.79257,102.13007,-5.4099274,-5.394409
2018-07-31,76128533B96571577519224,Khammam,contained_grid,0.768,2.39,0.29450002,0.7550001,0.00035534264,0.0007382377,7.2237235e-05,5,Low Modelled Signal,False,0.768,0.0,0.0,0.0,0.0,-0.768,-0.768
2018-07-31,76128533B96584288929219,Banswara,contained_grid,2.4516666,3.21,0.0008333333,0.005,0.00047027713,0.0006668568,8.1857885e-05,6,Low Modelled Signal,False,2.4516666,0.0,0.0,0.0,0.0,-2.4516666,-2.4516666
2018-07-31,76128533B96719327593873,Darrang,contained_grid,39.050003,46.300003,25.431873,31.399998,0.018345052,0.018692227,0.00028539487,2,Low Modelled Signal,False,39.050003,33.655594,40.905594,33.640076,40.890076,-5.4099274,-5.394409
2018-07-31,76128533B96870418529164,Shahjahanpur,contained_grid,22.93125,31.88,78.54593,100.96749,0.022739198,0.03494108,0.004311993,8,Low Modelled Signal,False,22.93125,17.536842,26.485592,17.52132,26.47007,-5.4099293,-5.3944073
2018-07-31,76128533B97089774514948,South,contained_grid,8.5,8.5,4.3675,4.3675,0.007970223,0.007970223,0.0006487126,1,Low Modelled Signal,False,8.5,3.1055923,3.1055923,3.0900717,3.0900717,-5.4099283,-5.3944077
2018-07-31,76128533B97126567441665,Medak,contained_grid,1.08,1.56,0.25599998,0.39999992,0.00014619503,0.00016121361,2.1472943e-05,5,Low Modelled Signal,False,1.08,0.0,0.0,0.0,0.0,-1.08,-1.08
2018-07-31,76128533B97225684979956,West Tripura,contained_grid,42.006668,47.4,11.240833,24.4625,0.018626569,0.025046183,0.0026412604,3,Low Modelled Signal,False,42.006668,36.61226,42.005592,36.59674,41.990074,-5.4099274,-5.394409
2018-07-31,76128533B97372652494648,Surat,contained_grid,5.0249996,5.91,0.0,0.0,0.0025523843,0.0034585744,0.000108058965,4,Low Modelled Signal,False,5.0249996,0.12889802,0.5155921,0.12501788,0.5000715,-4.8999815,-4.8961015
2018-07-31,76128533B97425778881707,Kullu,contained_grid,2.918889,7.05,0.27027777,0.61499995,0.0006023472,0.0012742752,2.4904675e-05,9,Low Modelled Signal,False,2.918889,0.18395472,1.6555924,0.1822302,1.6400719,-2.7366588,-2.7349343
2018-07-31,76128533B9759621355294,Mahasamund,contained_grid,2.6642857,4.91,13.104821,32.445,0.0026610536,0.0066369693,0.00033508558,7,Low Modelled Signal,False,2.6642857,0.0,0.0,0.0,0.0,-2.6642857,-2.6642857
2018-07-31,76128533B9783509419210,Pali,contained_grid,0.05235294,0.29,0.0054411762,0.089999996,0.00023836705,0.00033842577,3.6193218e-05,17,Low Modelled Signal,False,0.05235294,0.0,0.0,0.0,0.0,-0.05235294,-0.05235294
2018-07-31,76128533B97836280165555,Lunglei,contained_grid,23.168,26.0,12.035749,16.8,0.015460238,0.020705782,0.004004509,5,Low Modelled Signal,False,23.168,17.773594,20.605593,17.758072,20.590073,-5.4099274,-5.3944054
2018-07-31,76128533B9794868259401,Bidar,contained_grid,0.72444445,0.83000004,0.99138886,2.37,0.00015612108,0.00017261032,2.477293e-05,9,Low Modelled Signal,False,0.72444445,0.0,0.0,0.0,0.0,-0.72444445,-0.72444445
2018-07-31,76128533B98050240849249,Latur,contained_grid,0.55777776,0.73,0.45611107,1.0749998,0.00016447983,0.00017261032,2.3003366e-05,9,Low Modelled Signal,False,0.55777776,0.0,0.0,0.0,0.0,-0.55777776,-0.55777776
2018-07-31,76128533B98308664713511,Baran,contained_grid,0.24000001,0.71999997,0.25412497,1.2449999,0.00051966996,0.0010145808,6.3709565e-05,10,Low Modelled Signal,False,0.24000001,0.0,0.0,0.0,0.0,-0.24000001,-0.24000001
2018-07-31,76128533B98420041301261,Kaushambi,contained_grid,6.97,8.85,11.881249,16.0075,0.018339062,0.021547813,0.00032787398,2,Low Modelled Signal,False,6.97,1.7277963,3.4555926,1.720036,3.440072,-5.2499638,-5.2422037
2018-07-31,76128533B9892158671522,Sangli,contained_grid,1.793,6.51,0.128125,0.63,0.0006280638,0.003461834,0.00034286824,10,Low Modelled Signal,False,1.793,0.11155925,1.1155925,0.11000719,1.1000719,-1.6829928,-1.6814407
2018-07-31,76128533B98951704707517,Kendrapara,contained_grid,7.89,11.54,66.27999,71.85249,0.020801872,0.03235975,0.0031941566,3,Low Modelled Signal,False,7.89,2.4955924,6.145592,2.4800718,6.1300716,-5.4099283,-5.3944073
2018-07-31,76128533B98985252129882,Lakhisarai,contained_grid,7.9166665,9.01,15.551669,20.550003,0.0072332225,0.011249368,0.00038375688,3,Low Modelled Signal,False,7.9166665,2.522259,3.6155925,2.5067384,3.600072,-5.4099283,-5.3944073
2018-07-31,76128533B99037046327658,Nabarangapur,contained_grid,18.08,25.220001,4.3901563,11.4,0.013066496,0.017571395,0.0026571325,8,Low Modelled Signal,False,18.08,12.7423935,19.825594,12.728813,19.810074,-5.3511868,-5.3376064
2018-07-31,76128533B99051523080987,Jalpaiguri,contained_grid,89.265,119.4,35.661873,57.350002,0.04262631,0.057523694,0.0015028749,4,Low Modelled Signal,False,89.265,83.87059,114.00559,83.85507,113.990074,-5.4099274,-5.394409
2018-07-31,76128533B99469070633974,Tirap,contained_grid,38.589996,38.589996,20.483751,20.483751,0.017622564,0.017622564,9.176017e-05,1,Low Modelled Signal,False,38.589996,33.195587,33.195587,33.18007,33.18007,-5.4099274,-5.394409
2018-07-31,76128533B9976625304286,North East,contained_grid,8.47,8.47,0.005,0.005,0.015878484,0.015878484,0.0008215534,1,Low Modelled Signal,False,8.47,3.0755925,3.0755925,3.060072,3.060072,-5.4099283,-5.3944077
2018-07-31,76128533B99807650893733,Imphal West,nearest_grid,28.75,28.75,16.994999,16.994999,0.007920517,0.007920517,0.000141971,1,Low Modelled Signal,False,28.75,23.355593,23.355593,23.340073,23.340073,-5.4099274,-5.3944073
2018-07-31,76128533B99895802074414,Raigarh,contained_grid,10.449,13.009999,1.2816249,9.339999,0.009655354,0.016135117,0.0010417904,10,Low Modelled Signal,False,10.449,5.0545926,7.6155915,5.0390716,7.600071,-5.409929,-5.3944077
2018-07-31,76128533B99919205026025,Fatehgarh Sahib,nearest_grid,2.5,2.5,2.2549999,2.2549999,0.0014116196,0.0014116196,2.9843653e-05,1,Low Modelled Signal,False,2.5,0.0,0.0,0.0,0.0,-2.5,-2.5
