latitude,longitude,shapeName,shapeID
7.0,93.75,Nicobars,76128533B33103505211400
8.0,93.5,Nicobars,76128533B33103505211400
8.25,77.25,Kanniyakumari,76128533B53796141759805
8.25,77.5,Kanniyakumari,76128533B53796141759805
8.25,77.75,Tirunelveli,76128533B52639434516056
8.5,77.0,Thiruvananthapuram,76128533B33162455176756
8.5,77.25,Kanniyakumari,76128533B53796141759805
8.5,77.5,Tirunelveli,76128533B52639434516056
8.5,77.75,Tirunelveli,76128533B52639434516056
8.5,78.0,Thoothukkudi,76128533B31241181851990
8.75,76.75,Thiruvananthapuram,76128533B33162455176756
8.75,77.0,Thiruvananthapuram,76128533B33162455176756
8.75,77.25,Tirunelveli,76128533B52639434516056
8.75,77.5,Tirunelveli,76128533B52639434516056
8.75,77.75,Tirunelveli,76128533B52639434516056
8.75,78.0,Thoothukkudi,76128533B31241181851990
9.0,76.75,Kollam,76128533B61117593923933
9.0,77.0,Kollam,76128533B61117593923933
9.0,77.25,Tenkasi,76128533B27604563137530
9.0,77.5,Tenkasi,76128533B27604563137530
9.0,77.75,Thoothukkudi,76128533B31241181851990
9.0,78.0,Thoothukkudi,76128533B31241181851990
9.0,78.25,Thoothukkudi,76128533B31241181851990
9.25,76.5,Alappuzha,76128533B86368264587575
9.25,76.75,Pathanamthitta,76128533B29330052395581
9.25,77.0,Pathanamthitta,76128533B29330052395581
9.25,77.25,Pathanamthitta,76128533B29330052395581
9.25,77.5,Tenkasi,76128533B27604563137530
9.25,77.75,Thoothukkudi,76128533B31241181851990
9.25,78.0,Thoothukkudi,76128533B31241181851990
9.25,78.25,Thoothukkudi,76128533B31241181851990
9.25,78.5,Ramanathapuram,76128533B1629699732681
9.25,78.75,Ramanathapuram,76128533B1629699732681
9.5,76.5,Alappuzha,76128533B86368264587575
9.5,76.75,Kottayam,76128533B2576169508425
9.5,77.0,Idukki,76128533B35083559759016
9.5,77.25,Idukki,76128533B35083559759016
9.5,77.5,Virudhunagar,76128533B70974512658911
9.5,77.75,Virudhunagar,76128533B70974512658911
9.5,78.0,Virudhunagar,76128533B70974512658911
9.5,78.25,Virudhunagar,76128533B70974512658911
9.5,78.5,Ramanathapuram,76128533B1629699732681
9.5,78.75,Ramanathapuram,76128533B1629699732681
9.75,76.5,Kottayam,76128533B2576169508425
9.75,76.75,Kottayam,76128533B2576169508425
9.75,77.0,Idukki,76128533B35083559759016
9.75,77.25,Theni,76128533B79135514077232
9.75,77.5,Theni,76128533B79135514077232
9.75,77.75,Madurai,76128533B71824979235503
9.75,78.0,Madurai,76128533B71824979235503
9.75,78.25,Virudhunagar,76128533B70974512658911
9.75,78.5,Sivaganga,76128533B89925537847414
9.75,78.75,Ramanathapuram,76128533B1629699732681
9.75,79.0,Ramanathapuram,76128533B1629699732681
10.0,76.25,Ernakulam,76128533B75519739609062
10.0,76.5,Ernakulam,76128533B75519739609062
10.0,76.75,Ernakulam,76128533B75519739609062
10.0,77.0,Idukki,76128533B35083559759016
10.0,77.25,Idukki,76128533B35083559759016
10.0,77.5,Theni,76128533B79135514077232
10.0,77.75,Madurai,76128533B71824979235503
10.0,78.0,Madurai,76128533B71824979235503
10.0,78.25,Madurai,76128533B71824979235503
10.0,78.5,Sivaganga,76128533B89925537847414
10.0,78.75,Sivaganga,76128533B89925537847414
10.0,79.0,Pudukkottai,76128533B64003397477352
10.25,76.25,Thrissur,76128533B75696328527555
10.25,76.5,Ernakulam,76128533B75519739609062
10.25,76.75,Ernakulam,76128533B75519739609062
10.25,77.0,Coimbatore,76128533B4753404177348
10.25,77.25,Idukki,76128533B35083559759016
10.25,77.5,Dindigul,76128533B28879432621383
10.25,77.75,Dindigul,76128533B28879432621383
10.25,78.0,Dindigul,76128533B28879432621383
10.25,78.25,Dindigul,76128533B28879432621383
10.25,78.5,Pudukkottai,76128533B64003397477352
10.25,78.75,Pudukkottai,76128533B64003397477352
10.25,79.0,Pudukkottai,76128533B64003397477352
10.25,79.25,Thanjavur,76128533B54279577656282
10.5,76.25,Thrissur,76128533B75696328527555
10.5,76.5,Palakkad,76128533B19581555782120
10.5,76.75,Palakkad,76128533B19581555782120
10.5,77.0,Coimbatore,76128533B4753404177348
10.5,77.25,Tiruppur,76128533B57036825942975
10.5,77.5,Dindigul,76128533B28879432621383
10.5,77.75,Dindigul,76128533B28879432621383
10.5,78.0,Dindigul,76128533B28879432621383
10.5,78.25,Tiruchirappalli,76128533B1645877589145
10.5,78.5,Pudukkottai,76128533B64003397477352
10.5,78.75,Pudukkottai,76128533B64003397477352
10.5,79.0,Pudukkottai,76128533B64003397477352
10.5,79.25,Thanjavur,76128533B54279577656282
10.5,79.5,Thiruvarur,76128533B45072089356239
10.5,79.75,Nagapattinam,76128533B88466433485589
10.75,76.0,Malappuram,76128533B83861010847920
10.75,76.25,Palakkad,76128533B19581555782120
10.75,76.5,Palakkad,76128533B19581555782120
10.75,76.75,Palakkad,76128533B19581555782120
10.75,77.0,Coimbatore,76128533B4753404177348
10.75,77.25,Tiruppur,76128533B57036825942975
10.75,77.5,Tiruppur,76128533B57036825942975
10.75,77.75,Tiruppur,76128533B57036825942975
10.75,78.0,Dindigul,76128533B28879432621383
10.75,78.25,Karur,76128533B19335918192159
10.75,78.5,Karur,76128533B19335918192159
10.75,78.75,Tiruchirappalli,76128533B1645877589145
10.75,79.0,Thanjavur,76128533B54279577656282
10.75,79.25,Thanjavur,76128533B54279577656282
10.75,79.5,Thiruvarur,76128533B45072089356239
10.75,79.75,Nagapattinam,76128533B88466433485589
10.75,92.5,South Andaman,76128533B22587307937261
11.0,76.0,Malappuram,76128533B83861010847920
11.0,76.25,Malappuram,76128533B83861010847920
11.0,76.5,Palakkad,76128533B19581555782120
11.0,76.75,Coimbatore,76128533B4753404177348
11.0,77.0,Coimbatore,76128533B4753404177348
11.0,77.25,Tiruppur,76128533B57036825942975
11.0,77.5,Tiruppur,76128533B57036825942975
11.0,77.75,Tiruppur,76128533B57036825942975
11.0,78.0,Karur,76128533B19335918192159
11.0,78.25,Tiruchirappalli,76128533B1645877589145
11.0,78.5,Tiruchirappalli,76128533B1645877589145
11.0,78.75,Tiruchirappalli,76128533B1645877589145
11.0,79.0,Ariyalur,76128533B16889790752134
11.0,79.25,Ariyalur,76128533B16889790752134
11.0,79.5,Thanjavur,76128533B54279577656282
11.0,79.75,Thiruvarur,76128533B45072089356239
11.25,76.0,Malappuram,76128533B83861010847920
11.25,76.25,Malappuram,76128533B83861010847920
11.25,76.5,The Nilgiris,76128533B21812274124310
11.25,76.75,Coimbatore,76128533B4753404177348
11.25,77.0,Coimbatore,76128533B4753404177348
11.25,77.25,Tiruppur,76128533B57036825942975
11.25,77.5,Erode,76128533B15337568968545
11.25,77.75,Erode,76128533B15337568968545
11.25,78.0,Namakkal,76128533B51372664315362
11.25,78.25,Namakkal,76128533B51372664315362
11.25,78.5,Tiruchirappalli,76128533B1645877589145
11.25,78.75,Perambalur,76128533B51799781997546
11.25,79.0,Perambalur,76128533B51799781997546
11.25,79.25,Ariyalur,76128533B16889790752134
11.25,79.5,Cuddalore,76128533B61321395333865
11.25,79.75,Mayiladuthurai,76128533B63176236753619
11.5,75.75,Kozhikode,76128533B3985531353014
11.5,76.0,Kozhikode,76128533B3985531353014
11.5,76.25,Malappuram,76128533B83861010847920
11.5,76.5,The Nilgiris,76128533B21812274124310
11.5,76.75,The Nilgiris,76128533B21812274124310
11.5,77.0,Erode,76128533B15337568968545
11.5,77.25,Erode,76128533B15337568968545
11.5,77.5,Erode,76128533B15337568968545
11.5,77.75,Salem,76128533B52590639744160
11.5,78.0,Namakkal,76128533B51372664315362
11.5,78.25,Namakkal,76128533B51372664315362
11.5,78.5,Salem,76128533B52590639744160
11.5,78.75,Salem,76128533B52590639744160
11.5,79.0,Cuddalore,76128533B61321395333865
11.5,79.25,Cuddalore,76128533B61321395333865
11.5,79.5,Cuddalore,76128533B61321395333865
11.5,79.75,Cuddalore,76128533B61321395333865
11.75,75.5,Kannur,76128533B41976979530466
11.75,75.75,Kozhikode,76128533B3985531353014
11.75,76.0,Wayanad,76128533B82539771173603
11.75,76.25,Wayanad,76128533B82539771173603
11.75,76.5,Chamarajanagar,76128533B16628456658675
11.75,76.75,Chamarajanagar,76128533B16628456658675
11.75,77.0,Erode,76128533B15337568968545
11.75,77.25,Erode,76128533B15337568968545
11.75,77.5,Erode,76128533B15337568968545
11.75,77.75,Salem,76128533B52590639744160
11.75,78.0,Salem,76128533B52590639744160
11.75,78.25,Salem,76128533B52590639744160
11.75,78.5,Salem,76128533B52590639744160
11.75,78.75,Kallakurichi,76128533B19545859035458
11.75,79.0,Kallakurichi,76128533B19545859035458
11.75,79.25,Kallakurichi,76128533B19545859035458
11.75,79.5,Cuddalore,76128533B61321395333865
11.75,79.75,Cuddalore,76128533B61321395333865
11.75,92.75,South Andaman,76128533B22587307937261
12.0,75.5,Kannur,76128533B41976979530466
12.0,75.75,Kannur,76128533B41976979530466
12.0,76.0,Kodagu,76128533B57609583882472
12.0,76.25,Mysore,76128533B95879808095476
12.0,76.5,Mysore,76128533B95879808095476
12.0,76.75,Chamarajanagar,76128533B16628456658675
12.0,77.0,Chamarajanagar,76128533B16628456658675
12.0,77.25,Chamarajanagar,76128533B16628456658675
12.0,77.5,Chamarajanagar,76128533B16628456658675
12.0,77.75,Dharmapuri,76128533B4743808419896
12.0,78.0,Dharmapuri,76128533B4743808419896
12.0,78.25,Dharmapuri,76128533B4743808419896
12.0,78.5,Dharmapuri,76128533B4743808419896
12.0,78.75,Kallakurichi,76128533B19545859035458
12.0,79.0,Kallakurichi,76128533B19545859035458
12.0,79.25,Viluppuram,76128533B86430586962522
12.0,79.5,Viluppuram,76128533B86430586962522
12.0,79.75,Puducherry,76128533B29873478326363
12.0,92.75,South Andaman,76128533B22587307937261
12.0,93.0,South Andaman,76128533B22587307937261
12.25,75.25,Kasaragod,76128533B63366045987285
12.25,75.5,Kannur,76128533B41976979530466
12.25,75.75,Kodagu,76128533B57609583882472
12.25,76.0,Kodagu,76128533B57609583882472
12.25,76.25,Mysore,76128533B95879808095476
12.25,76.5,Mysore,76128533B95879808095476
12.25,76.75,Mysore,76128533B95879808095476
12.25,77.0,Mandya,76128533B43335986553000
12.25,77.25,Chamarajanagar,76128533B16628456658675
12.25,77.5,Krishnagiri,76128533B35717069663408
12.25,77.75,Krishnagiri,76128533B35717069663408
12.25,78.0,Dharmapuri,76128533B4743808419896
12.25,78.25,Dharmapuri,76128533B4743808419896
12.25,78.5,Krishnagiri,76128533B35717069663408
12.25,78.75,Tiruvannamalai,76128533B89575258858457
12.25,79.0,Tiruvannamalai,76128533B89575258858457
12.25,79.25,Viluppuram,76128533B86430586962522
12.25,79.5,Viluppuram,76128533B86430586962522
12.25,79.75,Viluppuram,76128533B86430586962522
12.25,80.0,Viluppuram,76128533B86430586962522
12.25,92.75,North  & Middle Andaman,76128533B28397307540277
12.5,75.0,Kasaragod,76128533B63366045987285
12.5,75.25,Kasaragod,76128533B63366045987285
12.5,75.5,Dakshina Kannada,76128533B54396396829952
12.5,75.75,Kodagu,76128533B57609583882472
12.5,76.0,Mysore,76128533B95879808095476
12.5,76.25,Mysore,76128533B95879808095476
12.5,76.5,Mandya,76128533B43335986553000
12.5,76.75,Mandya,76128533B43335986553000
12.5,77.0,Mandya,76128533B43335986553000
12.5,77.25,Ramanagara,76128533B79600797037735
12.5,77.5,Ramanagara,76128533B79600797037735
12.5,77.75,Krishnagiri,76128533B35717069663408
12.5,78.0,Dharmapuri,76128533B4743808419896
12.5,78.25,Krishnagiri,76128533B35717069663408
12.5,78.5,Tirupathur,76128533B11403491783632
12.5,78.75,Tirupathur,76128533B11403491783632
12.5,79.0,Tiruvannamalai,76128533B89575258858457
12.5,79.25,Tiruvannamalai,76128533B89575258858457
12.5,79.5,Tiruvannamalai,76128533B89575258858457
12.5,79.75,Kancheepuram,76128533B83644689337946
12.5,80.0,Kancheepuram,76128533B83644689337946
12.5,92.75,North  & Middle Andaman,76128533B28397307540277
12.75,75.0,Dakshina Kannada,76128533B54396396829952
12.75,75.25,Dakshina Kannada,76128533B54396396829952
12.75,75.5,Dakshina Kannada,76128533B54396396829952
12.75,75.75,Hassan,76128533B54775433755383
12.75,76.0,Hassan,76128533B54775433755383
12.75,76.25,Hassan,76128533B54775433755383
12.75,76.5,Mandya,76128533B43335986553000
12.75,76.75,Mandya,76128533B43335986553000
12.75,77.0,Mandya,76128533B43335986553000
12.75,77.25,Ramanagara,76128533B79600797037735
12.75,77.5,Bangalore,76128533B76927648517269
12.75,77.75,Bangalore,76128533B76927648517269
12.75,78.0,Krishnagiri,76128533B35717069663408
12.75,78.25,Chittoor,76128533B22471914548132
12.75,78.5,Chittoor,76128533B22471914548132
12.75,78.75,Tirupathur,76128533B11403491783632
12.75,79.0,Vellore,76128533B89374164863010
12.75,79.25,Tiruvannamalai,76128533B89575258858457
12.75,79.5,Tiruvannamalai,76128533B89575258858457
12.75,79.75,Chengalputtu,76128533B88669134807148
12.75,80.0,Kancheepuram,76128533B83644689337946
12.75,92.75,North  & Middle Andaman,76128533B28397307540277
13.0,75.0,Dakshina Kannada,76128533B54396396829952
13.0,75.25,Dakshina Kannada,76128533B54396396829952
13.0,75.5,Dakshina Kannada,76128533B54396396829952
13.0,75.75,Hassan,76128533B54775433755383
13.0,76.0,Hassan,76128533B54775433755383
13.0,76.25,Hassan,76128533B54775433755383
13.0,76.5,Hassan,76128533B54775433755383
13.0,76.75,Mandya,76128533B43335986553000
13.0,77.0,Tumkur,76128533B64905184636422
13.0,77.25,Ramanagara,76128533B79600797037735
13.0,77.5,Bangalore,76128533B76927648517269
13.0,77.75,Bangalore Rural,76128533B48075109668277
13.0,78.0,Kolar,76128533B29292403538801
13.0,78.25,Kolar,76128533B29292403538801
13.0,78.5,Chittoor,76128533B22471914548132
13.0,78.75,Vellore,76128533B89374164863010
13.0,79.0,Vellore,76128533B89374164863010
13.0,79.25,Vellore,76128533B89374164863010
13.0,79.5,Ranipet,76128533B22687502928564
13.0,79.75,Chengalputtu,76128533B88669134807148
13.0,80.0,Chengalputtu,76128533B88669134807148
13.0,80.25,Chennai,76128533B89024397489955
13.25,74.75,Udupi,76128533B4839184447445
13.25,75.0,Udupi,76128533B4839184447445
13.25,75.25,Chikmagalur,76128533B15550697205080
13.25,75.5,Chikmagalur,76128533B15550697205080
13.25,75.75,Chikmagalur,76128533B15550697205080
13.25,76.0,Hassan,76128533B54775433755383
13.25,76.25,Hassan,76128533B54775433755383
13.25,76.5,Tumkur,76128533B64905184636422
13.25,76.75,Tumkur,76128533B64905184636422
13.25,77.0,Tumkur,76128533B64905184636422
13.25,77.25,Bangalore Rural,76128533B48075109668277
13.25,77.5,Bangalore Rural,76128533B48075109668277
13.25,77.75,Bangalore Rural,76128533B48075109668277
13.25,78.0,Kolar,76128533B29292403538801
13.25,78.25,Kolar,76128533B29292403538801
13.25,78.5,Kolar,76128533B29292403538801
13.25,78.75,Chittoor,76128533B22471914548132
13.25,79.0,Chittoor,76128533B22471914548132
13.25,79.25,Chittoor,76128533B22471914548132
13.25,79.5,Thiruvallur,76128533B45592431373253
13.25,79.75,Chittoor,76128533B22471914548132
13.25,80.0,Thiruvallur,76128533B45592431373253
13.25,80.25,Thiruvallur,76128533B45592431373253
13.25,93.0,North  & Middle Andaman,76128533B28397307540277
13.5,74.75,Udupi,76128533B4839184447445
13.5,75.0,Udupi,76128533B4839184447445
13.5,75.25,Chikmagalur,76128533B15550697205080
13.5,75.5,Chikmagalur,76128533B15550697205080
13.5,75.75,Chikmagalur,76128533B15550697205080
13.5,76.0,Chikmagalur,76128533B15550697205080
13.5,76.25,Hassan,76128533B54775433755383
13.5,76.5,Tumkur,76128533B64905184636422
13.5,76.75,Tumkur,76128533B64905184636422
13.5,77.0,Tumkur,76128533B64905184636422
13.5,77.25,Tumkur,76128533B64905184636422
13.5,77.5,Chikkaballapura,76128533B80772392204057
13.5,77.75,Chikkaballapura,76128533B80772392204057
13.5,78.0,Chikkaballapura,76128533B80772392204057
13.5,78.25,Kolar,76128533B29292403538801
13.5,78.5,Chittoor,76128533B22471914548132
13.5,78.75,Chittoor,76128533B22471914548132
13.5,79.0,Chittoor,76128533B22471914548132
13.5,79.25,Chittoor,76128533B22471914548132
13.5,79.5,Chittoor,76128533B22471914548132
13.5,79.75,Chittoor,76128533B22471914548132
13.5,80.0,Chittoor,76128533B22471914548132
13.5,80.25,Sri Potti Sriramulu Nellore,76128533B55622097933343
13.5,93.0,North  & Middle Andaman,76128533B28397307540277
13.75,74.75,Udupi,76128533B4839184447445
13.75,75.0,Shimoga,76128533B85389886560116
13.75,75.25,Shimoga,76128533B85389886560116
13.75,75.5,Shimoga,76128533B85389886560116
13.75,75.75,Chikmagalur,76128533B15550697205080
13.75,76.0,Chikmagalur,76128533B15550697205080
13.75,76.25,Chitradurga,76128533B47594161132413
13.75,76.5,Chitradurga,76128533B47594161132413
13.75,76.75,Tumkur,76128533B64905184636422
13.75,77.0,Anantapur,76128533B52664671961643
13.75,77.25,Tumkur,76128533B64905184636422
13.75,77.5,Anantapur,76128533B52664671961643
13.75,77.75,Chikkaballapura,76128533B80772392204057
13.75,78.0,Chikkaballapura,76128533B80772392204057
13.75,78.25,Chittoor,76128533B22471914548132
13.75,78.5,Chittoor,76128533B22471914548132
13.75,78.75,Chittoor,76128533B22471914548132
13.75,79.0,Chittoor,76128533B22471914548132
13.75,79.25,Chittoor,76128533B22471914548132
13.75,79.5,Chittoor,76128533B22471914548132
13.75,79.75,Chittoor,76128533B22471914548132
13.75,80.0,Sri Potti Sriramulu Nellore,76128533B55622097933343
14.0,74.75,Shimoga,76128533B85389886560116
14.0,75.0,Shimoga,76128533B85389886560116
14.0,75.25,Shimoga,76128533B85389886560116
14.0,75.5,Shimoga,76128533B85389886560116
14.0,75.75,Shimoga,76128533B85389886560116
14.0,76.0,Davanagere,76128533B49597693387243
14.0,76.25,Chitradurga,76128533B47594161132413
14.0,76.5,Chitradurga,76128533B47594161132413
14.0,76.75,Chitradurga,76128533B47594161132413
14.0,77.0,Anantapur,76128533B52664671961643
14.0,77.25,Anantapur,76128533B52664671961643
14.0,77.5,Anantapur,76128533B52664671961643
14.0,77.75,Anantapur,76128533B52664671961643
14.0,78.0,Anantapur,76128533B52664671961643
14.0,78.25,Anantapur,76128533B52664671961643
14.0,78.5,Kadapa(YSR),76128533B72109128179340
14.0,78.75,Kadapa(YSR),76128533B72109128179340
14.0,79.0,Kadapa(YSR),76128533B72109128179340
14.0,79.25,Kadapa(YSR),76128533B72109128179340
14.0,79.5,Sri Potti Sriramulu Nellore,76128533B55622097933343
14.0,79.75,Sri Potti Sriramulu Nellore,76128533B55622097933343
14.0,80.0,Sri Potti Sriramulu Nellore,76128533B55622097933343
14.25,74.5,Uttara Kannada,76128533B79180273895456
14.25,74.75,Shimoga,76128533B85389886560116
14.25,75.0,Shimoga,76128533B85389886560116
14.25,75.25,Shimoga,76128533B85389886560116
14.25,75.5,Shimoga,76128533B85389886560116
14.25,75.75,Davanagere,76128533B49597693387243
14.25,76.0,Davanagere,76128533B49597693387243
14.25,76.25,Chitradurga,76128533B47594161132413
14.25,76.5,Chitradurga,76128533B47594161132413
14.25,76.75,Chitradurga,76128533B47594161132413
14.25,77.0,Anantapur,76128533B52664671961643
14.25,77.25,Tumkur,76128533B64905184636422
14.25,77.5,Tumkur,76128533B64905184636422
14.25,77.75,Anantapur,76128533B52664671961643
14.25,78.0,Anantapur,76128533B52664671961643
14.25,78.25,Anantapur,76128533B52664671961643
14.25,78.5,Kadapa(YSR),76128533B72109128179340
14.25,78.75,Kadapa(YSR),76128533B72109128179340
14.25,79.0,Kadapa(YSR),76128533B72109128179340
14.25,79.25,Kadapa(YSR),76128533B72109128179340
14.25,79.5,Sri Potti Sriramulu Nellore,76128533B55622097933343
14.25,79.75,Sri Potti Sriramulu Nellore,76128533B55622097933343
14.25,80.0,Sri Potti Sriramulu Nellore,76128533B55622097933343
14.5,74.5,Uttara Kannada,76128533B79180273895456
14.5,74.75,Uttara Kannada,76128533B79180273895456
14.5,75.0,Uttara Kannada,76128533B79180273895456
14.5,75.25,Shimoga,76128533B85389886560116
14.5,75.5,Haveri,76128533B86721175299079
14.5,75.75,Davanagere,76128533B49597693387243
14.5,76.0,Davanagere,76128533B49597693387243
14.5,76.25,Davanagere,76128533B49597693387243
14.5,76.5,Chitradurga,76128533B47594161132413
14.5,76.75,Chitradurga,76128533B47594161132413
14.5,77.0,Anantapur,76128533B52664671961643
14.5,77.25,Anantapur,76128533B52664671961643
14.5,77.5,Anantapur,76128533B52664671961643
14.5,77.75,Anantapur,76128533B52664671961643
14.5,78.0,Kadapa(YSR),76128533B72109128179340
14.5,78.25,Kadapa(YSR),76128533B72109128179340
14.5,78.5,Kadapa(YSR),76128533B72109128179340
14.5,78.75,Kadapa(YSR),76128533B72109128179340
14.5,79.0,Kadapa(YSR),76128533B72109128179340
14.5,79.25,Kadapa(YSR),76128533B72109128179340
14.5,79.5,Sri Potti Sriramulu Nellore,76128533B55622097933343
14.5,79.75,Sri Potti Sriramulu Nellore,76128533B55622097933343
14.5,80.0,Sri Potti Sriramulu Nellore,76128533B55622097933343
14.75,74.25,Uttara Kannada,76128533B79180273895456
14.75,74.5,Uttara Kannada,76128533B79180273895456
14.75,74.75,Uttara Kannada,76128533B79180273895456
14.75,75.0,Uttara Kannada,76128533B79180273895456
14.75,75.25,Haveri,76128533B86721175299079
14.75,75.5,Haveri,76128533B86721175299079
14.75,75.75,Bellary,76128533B92621859299479
14.75,76.0,Davanagere,76128533B49597693387243
14.75,76.25,Bellary,76128533B92621859299479
14.75,76.5,Bellary,76128533B92621859299479
14.75,76.75,Chitradurga,76128533B47594161132413
14.75,77.0,Anantapur,76128533B52664671961643
14.75,77.25,Anantapur,76128533B52664671961643
14.75,77.5,Anantapur,76128533B52664671961643
14.75,77.75,Anantapur,76128533B52664671961643
14.75,78.0,Anantapur,76128533B52664671961643
14.75,78.25,Kadapa(YSR),76128533B72109128179340
14.75,78.5,Kadapa(YSR),76128533B72109128179340
14.75,78.75,Kadapa(YSR),76128533B72109128179340
14.75,79.0,Kadapa(YSR),76128533B72109128179340
14.75,79.25,Sri Potti Sriramulu Nellore,76128533B55622097933343
14.75,79.5,Sri Potti Sriramulu Nellore,76128533B55622097933343
14.75,79.75,Sri Potti Sriramulu Nellore,76128533B55622097933343
14.75,80.0,Sri Potti Sriramulu Nellore,76128533B55622097933343
15.0,74.25,South Goa,76128533B63117839967753
15.0,74.5,Uttara Kannada,76128533B79180273895456
15.0,74.75,Uttara Kannada,76128533B79180273895456
15.0,75.0,Uttara Kannada,76128533B79180273895456
15.0,75.25,Haveri,76128533B86721175299079
15.0,75.5,Haveri,76128533B86721175299079
15.0,75.75,Gadag,76128533B33966968116377
15.0,76.0,Bellary,76128533B92621859299479
15.0,76.25,Bellary,76128533B92621859299479
15.0,76.5,Bellary,76128533B92621859299479
15.0,76.75,Bellary,76128533B92621859299479
15.0,77.0,Anantapur,76128533B52664671961643
15.0,77.25,Anantapur,76128533B52664671961643
15.0,77.5,Anantapur,76128533B52664671961643
15.0,77.75,Anantapur,76128533B52664671961643
15.0,78.0,Anantapur,76128533B52664671961643
15.0,78.25,Kadapa(YSR),76128533B72109128179340
15.0,78.5,Kadapa(YSR),76128533B72109128179340
15.0,78.75,Kadapa(YSR),76128533B72109128179340
15.0,79.0,Kadapa(YSR),76128533B72109128179340
15.0,79.25,Sri Potti Sriramulu Nellore,76128533B55622097933343
15.0,79.5,Sri Potti Sriramulu Nellore,76128533B55622097933343
15.0,79.75,Sri Potti Sriramulu Nellore,76128533B55622097933343
15.0,80.0,Prakasam,76128533B95075104846315
15.25,74.0,South Goa,76128533B63117839967753
15.25,74.25,South Goa,76128533B63117839967753
15.25,74.5,Uttara Kannada,76128533B79180273895456
15.25,74.75,Uttara Kannada,76128533B79180273895456
15.25,75.0,Dharwad,76128533B75110579117636
15.25,75.25,Dharwad,76128533B75110579117636
15.25,75.5,Gadag,76128533B33966968116377
15.25,75.75,Gadag,76128533B33966968116377
15.25,76.0,Koppal,76128533B79601545186231
15.25,76.25,Koppal,76128533B79601545186231
15.25,76.5,Bellary,76128533B92621859299479
15.25,76.75,Bellary,76128533B92621859299479
15.25,77.0,Bellary,76128533B92621859299479
15.25,77.25,Kurnool,76128533B28294794137747
15.25,77.5,Kurnool,76128533B28294794137747
15.25,77.75,Kurnool,76128533B28294794137747
15.25,78.0,Kurnool,76128533B28294794137747
15.25,78.25,Kurnool,76128533B28294794137747
15.25,78.5,Kurnool,76128533B28294794137747
15.25,78.75,Prakasam,76128533B95075104846315
15.25,79.0,Prakasam,76128533B95075104846315
15.25,79.25,Prakasam,76128533B95075104846315
15.25,79.5,Prakasam,76128533B95075104846315
15.25,79.75,Prakasam,76128533B95075104846315
15.25,80.0,Prakasam,76128533B95075104846315
15.5,74.0,North Goa,76128533B1711704044407
15.5,74.25,North Goa,76128533B1711704044407
15.5,74.5,Belgaum,76128533B74319098136622
15.5,74.75,Belgaum,76128533B74319098136622
15.5,75.0,Dharwad,76128533B75110579117636
15.5,75.25,Dharwad,76128533B75110579117636
15.5,75.5,Gadag,76128533B33966968116377
15.5,75.75,Gadag,76128533B33966968116377
15.5,76.0,Koppal,76128533B79601545186231
15.5,76.25,Koppal,76128533B79601545186231
15.5,76.5,Koppal,76128533B79601545186231
15.5,76.75,Koppal,76128533B79601545186231
15.5,77.0,Kurnool,76128533B28294794137747
15.5,77.25,Kurnool,76128533B28294794137747
15.5,77.5,Kurnool,76128533B28294794137747
15.5,77.75,Kurnool,76128533B28294794137747
15.5,78.0,Kurnool,76128533B28294794137747
15.5,78.25,Kurnool,76128533B28294794137747
15.5,78.5,Kurnool,76128533B28294794137747
15.5,78.75,Kurnool,76128533B28294794137747
15.5,79.0,Prakasam,76128533B95075104846315
15.5,79.25,Prakasam,76128533B95075104846315
15.5,79.5,Prakasam,76128533B95075104846315
15.5,79.75,Prakasam,76128533B95075104846315
15.5,80.0,Prakasam,76128533B95075104846315
15.75,73.75,Sindhudurg,76128533B39238815774480
15.75,74.0,Sindhudurg,76128533B39238815774480
15.75,74.25,Kolhapur,76128533B66719908763317
15.75,74.5,Belgaum,76128533B74319098136622
15.75,74.75,Belgaum,76128533B74319098136622
15.75,75.0,Belgaum,76128533B74319098136622
15.75,75.25,Belgaum,76128533B74319098136622
15.75,75.5,Gadag,76128533B33966968116377
15.75,75.75,Gadag,76128533B33966968116377
15.75,76.0,Gadag,76128533B33966968116377
15.75,76.25,Koppal,76128533B79601545186231
15.75,76.5,Raichur,76128533B284680734793
15.75,76.75,Raichur,76128533B284680734793
15.75,77.0,Bellary,76128533B92621859299479
15.75,77.25,Kurnool,76128533B28294794137747
15.75,77.5,Kurnool,76128533B28294794137747
15.75,77.75,Kurnool,76128533B28294794137747
15.75,78.0,Kurnool,76128533B28294794137747
15.75,78.25,Kurnool,76128533B28294794137747
15.75,78.5,Kurnool,76128533B28294794137747
15.75,78.75,Kurnool,76128533B28294794137747
15.75,79.0,Prakasam,76128533B95075104846315
15.75,79.25,Prakasam,76128533B95075104846315
15.75,79.5,Prakasam,76128533B95075104846315
15.75,79.75,Prakasam,76128533B95075104846315
15.75,80.0,Prakasam,76128533B95075104846315
15.75,80.25,Prakasam,76128533B95075104846315
16.0,73.5,Sindhudurg,76128533B39238815774480
16.0,73.75,Sindhudurg,76128533B39238815774480
16.0,74.0,Sindhudurg,76128533B39238815774480
16.0,74.25,Kolhapur,76128533B66719908763317
16.0,74.5,Belgaum,76128533B74319098136622
16.0,74.75,Belgaum,76128533B74319098136622
16.0,75.0,Belgaum,76128533B74319098136622
16.0,75.25,Belgaum,76128533B74319098136622
16.0,75.5,Bagalkot,76128533B83278580643229
16.0,75.75,Bagalkot,76128533B83278580643229
16.0,76.0,Koppal,76128533B79601545186231
16.0,76.25,Bagalkot,76128533B83278580643229
16.0,76.5,Raichur,76128533B284680734793
16.0,76.75,Raichur,76128533B284680734793
16.0,77.0,Raichur,76128533B284680734793
16.0,77.25,Raichur,76128533B284680734793
16.0,77.5,Raichur,76128533B284680734793
16.0,77.75,Jogulamba,76128533B72829420975835
16.0,78.0,Jogulamba,76128533B72829420975835
16.0,78.25,Wanaparthy,76128533B49394025943542
16.0,78.5,Kurnool,76128533B28294794137747
16.0,78.75,Kurnool,76128533B28294794137747
16.0,79.0,Prakasam,76128533B95075104846315
16.0,79.25,Prakasam,76128533B95075104846315
16.0,79.5,Prakasam,76128533B95075104846315
16.0,79.75,Guntur,76128533B72541188260561
16.0,80.0,Prakasam,76128533B95075104846315
16.0,80.25,Prakasam,76128533B95075104846315
16.0,80.5,Guntur,76128533B72541188260561
16.0,80.75,Guntur,76128533B72541188260561
16.0,81.0,Krishna,76128533B4481773749911
16.25,73.5,Sindhudurg,76128533B39238815774480
16.25,73.75,Sindhudurg,76128533B39238815774480
16.25,74.0,Kolhapur,76128533B66719908763317
16.25,74.25,Kolhapur,76128533B66719908763317
16.25,74.5,Belgaum,76128533B74319098136622
16.25,74.75,Belgaum,76128533B74319098136622
16.25,75.0,Belgaum,76128533B74319098136622
16.25,75.25,Bagalkot,76128533B83278580643229
16.25,75.5,Bagalkot,76128533B83278580643229
16.25,75.75,Bagalkot,76128533B83278580643229
16.25,76.0,Bagalkot,76128533B83278580643229
16.25,76.25,Bijapur,76128533B40495457052818
16.25,76.5,Raichur,76128533B284680734793
16.25,76.75,Raichur,76128533B284680734793
16.25,77.0,Raichur,76128533B284680734793
16.25,77.25,Raichur,76128533B284680734793
16.25,77.5,Jogulamba,76128533B72829420975835
16.25,77.75,Jogulamba,76128533B72829420975835
16.25,78.0,Wanaparthy,76128533B49394025943542
16.25,78.25,Nagarkurnool,76128533B31246189674263
16.25,78.5,Nagarkurnool,76128533B31246189674263
16.25,78.75,Nagarkurnool,76128533B31246189674263
16.25,79.0,Nagarkurnool,76128533B31246189674263
16.25,79.25,Guntur,76128533B72541188260561
16.25,79.5,Prakasam,76128533B95075104846315
16.25,79.75,Guntur,76128533B72541188260561
16.25,80.0,Guntur,76128533B72541188260561
16.25,80.25,Guntur,76128533B72541188260561
16.25,80.5,Guntur,76128533B72541188260561
16.25,80.75,Guntur,76128533B72541188260561
16.25,81.0,Krishna,76128533B4481773749911
16.5,73.5,Sindhudurg,76128533B39238815774480
16.5,73.75,Sindhudurg,76128533B39238815774480
16.5,74.0,Kolhapur,76128533B66719908763317
16.5,74.25,Kolhapur,76128533B66719908763317
16.5,74.5,Belgaum,76128533B74319098136622
16.5,74.75,Belgaum,76128533B74319098136622
16.5,75.0,Bagalkot,76128533B83278580643229
16.5,75.25,Bagalkot,76128533B83278580643229
16.5,75.5,Bijapur,76128533B40495457052818
16.5,75.75,Bijapur,76128533B40495457052818
16.5,76.0,Bijapur,76128533B40495457052818
16.5,76.25,Bijapur,76128533B40495457052818
16.5,76.5,Yadgir,76128533B84927972855096
16.5,76.75,Yadgir,76128533B84927972855096
16.5,77.0,Raichur,76128533B284680734793
16.5,77.25,Yadgir,76128533B84927972855096
16.5,77.5,Narayanpet,76128533B14968875277413
16.5,77.75,Mahabubnagar,76128533B58170186574016
16.5,78.0,Wanaparthy,76128533B49394025943542
16.5,78.25,Nagarkurnool,76128533B31246189674263
16.5,78.5,Nagarkurnool,76128533B31246189674263
16.5,78.75,Nagarkurnool,76128533B31246189674263
16.5,79.0,Nalgonda,76128533B8892495882090
16.5,79.25,Guntur,76128533B72541188260561
16.5,79.5,Guntur,76128533B72541188260561
16.5,79.75,Guntur,76128533B72541188260561
16.5,80.0,Guntur,76128533B72541188260561
16.5,80.25,Guntur,76128533B72541188260561
16.5,80.5,Guntur,76128533B72541188260561
16.5,80.75,Krishna,76128533B4481773749911
16.5,81.0,Krishna,76128533B4481773749911
16.5,81.25,Krishna,76128533B4481773749911
16.5,81.5,West Godavari,76128533B19792346411952
16.5,81.75,West Godavari,76128533B19792346411952
16.5,82.0,East Godavari,76128533B29138015770556
16.75,73.5,Ratnagiri,76128533B8575303957680
16.75,73.75,Ratnagiri,76128533B8575303957680
16.75,74.0,Kolhapur,76128533B66719908763317
16.75,74.25,Kolhapur,76128533B66719908763317
16.75,74.5,Kolhapur,76128533B66719908763317
16.75,74.75,Sangli,76128533B9892158671522
16.75,75.0,Belgaum,76128533B74319098136622
16.75,75.25,Belgaum,76128533B74319098136622
16.75,75.5,Bijapur,76128533B40495457052818
16.75,75.75,Bijapur,76128533B40495457052818
16.75,76.0,Bijapur,76128533B40495457052818
16.75,76.25,Bijapur,76128533B40495457052818
16.75,76.5,Gulbarga,76128533B1083016608278
16.75,76.75,Yadgir,76128533B84927972855096
16.75,77.0,Yadgir,76128533B84927972855096
16.75,77.25,Yadgir,76128533B84927972855096
16.75,77.5,Narayanpet,76128533B14968875277413
16.75,77.75,Mahabubnagar,76128533B58170186574016
16.75,78.0,Mahabubnagar,76128533B58170186574016
16.75,78.25,Mahabubnagar,76128533B58170186574016
16.75,78.5,Nagarkurnool,76128533B31246189674263
16.75,78.75,Nagarkurnool,76128533B31246189674263
16.75,79.0,Nalgonda,76128533B8892495882090
16.75,79.25,Nalgonda,76128533B8892495882090
16.75,79.5,Nalgonda,76128533B8892495882090
16.75,79.75,Suryapet,76128533B24594618908349
16.75,80.0,Suryapet,76128533B24594618908349
16.75,80.25,Krishna,76128533B4481773749911
16.75,80.5,Krishna,76128533B4481773749911
16.75,80.75,Krishna,76128533B4481773749911
16.75,81.0,Krishna,76128533B4481773749911
16.75,81.25,West Godavari,76128533B19792346411952
16.75,81.5,West Godavari,76128533B19792346411952
16.75,81.75,West Godavari,76128533B19792346411952
16.75,82.0,East Godavari,76128533B29138015770556
16.75,82.25,East Godavari,76128533B29138015770556
17.0,73.5,Ratnagiri,76128533B8575303957680
17.0,73.75,Ratnagiri,76128533B8575303957680
17.0,74.0,Sangli,76128533B9892158671522
17.0,74.25,Sangli,76128533B9892158671522
17.0,74.5,Sangli,76128533B9892158671522
17.0,74.75,Sangli,76128533B9892158671522
17.0,75.0,Sangli,76128533B9892158671522
17.0,75.25,Sangli,76128533B9892158671522
17.0,75.5,Sangli,76128533B9892158671522
17.0,75.75,Bijapur,76128533B40495457052818
17.0,76.0,Bijapur,76128533B40495457052818
17.0,76.25,Bijapur,76128533B40495457052818
17.0,76.5,Gulbarga,76128533B1083016608278
17.0,76.75,Gulbarga,76128533B1083016608278
17.0,77.0,Gulbarga,76128533B1083016608278
17.0,77.25,Gulbarga,76128533B1083016608278
17.0,77.5,Vikarabad,76128533B74887942950962
17.0,77.75,Narayanpet,76128533B14968875277413
17.0,78.0,Rangareddy,76128533B31175522938788
17.0,78.25,Rangareddy,76128533B31175522938788
17.0,78.5,Rangareddy,76128533B31175522938788
17.0,78.75,Rangareddy,76128533B31175522938788
17.0,79.0,Nalgonda,76128533B8892495882090
17.0,79.25,Nalgonda,76128533B8892495882090
17.0,79.5,Nalgonda,76128533B8892495882090
17.0,79.75,Suryapet,76128533B24594618908349
17.0,80.0,Suryapet,76128533B24594618908349
17.0,80.25,Krishna,76128533B4481773749911
17.0,80.5,Krishna,76128533B4481773749911
17.0,80.75,Krishna,76128533B4481773749911
17.0,81.0,West Godavari,76128533B19792346411952
17.0,81.25,West Godavari,76128533B19792346411952
17.0,81.5,West Godavari,76128533B19792346411952
17.0,81.75,West Godavari,76128533B19792346411952
17.0,82.0,East Godavari,76128533B29138015770556
17.0,82.25,East Godavari,76128533B29138015770556
17.25,73.25,Ratnagiri,76128533B8575303957680
17.25,73.5,Ratnagiri,76128533B8575303957680
17.25,73.75,Satara,76128533B93152786731267
17.25,74.0,Satara,76128533B93152786731267
17.25,74.25,Satara,76128533B93152786731267
17.25,74.5,Sangli,76128533B9892158671522
17.25,74.75,Sangli,76128533B9892158671522
17.25,75.0,Solapur,76128533B62490300334729
17.25,75.25,Solapur,76128533B62490300334729
17.25,75.5,Solapur,76128533B62490300334729
17.25,75.75,Bijapur,76128533B40495457052818
17.25,76.0,Bijapur,76128533B40495457052818
17.25,76.25,Gulbarga,76128533B1083016608278
17.25,76.5,Gulbarga,76128533B1083016608278
17.25,76.75,Gulbarga,76128533B1083016608278
17.25,77.0,Gulbarga,76128533B1083016608278
17.25,77.25,Gulbarga,76128533B1083016608278
17.25,77.5,Vikarabad,76128533B74887942950962
17.25,77.75,Vikarabad,76128533B74887942950962
17.25,78.0,Vikarabad,76128533B74887942950962
17.25,78.25,Rangareddy,76128533B31175522938788
17.25,78.5,Rangareddy,76128533B31175522938788
17.25,78.75,Rangareddy,76128533B31175522938788
17.25,79.0,Nalgonda,76128533B8892495882090
17.25,79.25,Nalgonda,76128533B8892495882090
17.25,79.5,Suryapet,76128533B24594618908349
17.25,79.75,Suryapet,76128533B24594618908349
17.25,80.0,Khammam,76128533B96571577519224
17.25,80.25,Khammam,76128533B96571577519224
17.25,80.5,Khammam,76128533B96571577519224
17.25,80.75,Khammam,76128533B96571577519224
17.25,81.0,Bhadradri,76128533B30246762498957
17.25,81.25,West Godavari,76128533B19792346411952
17.25,81.5,West Godavari,76128533B19792346411952
17.25,81.75,East Godavari,76128533B29138015770556
17.25,82.0,East Godavari,76128533B29138015770556
17.25,82.25,East Godavari,76128533B29138015770556
17.25,82.5,East Godavari,76128533B29138015770556
17.5,73.25,Ratnagiri,76128533B8575303957680
17.5,73.5,Ratnagiri,76128533B8575303957680
17.5,73.75,Satara,76128533B93152786731267
17.5,74.0,Satara,76128533B93152786731267
17.5,74.25,Satara,76128533B93152786731267
17.5,74.5,Satara,76128533B93152786731267
17.5,74.75,Satara,76128533B93152786731267
17.5,75.0,Solapur,76128533B62490300334729
17.5,75.25,Solapur,76128533B62490300334729
17.5,75.5,Solapur,76128533B62490300334729
17.5,75.75,Solapur,76128533B62490300334729
17.5,76.0,Solapur,76128533B62490300334729
17.5,76.25,Solapur,76128533B62490300334729
17.5,76.5,Gulbarga,76128533B1083016608278
17.5,76.75,Gulbarga,76128533B1083016608278
17.5,77.0,Gulbarga,76128533B1083016608278
17.5,77.25,Gulbarga,76128533B1083016608278
17.5,77.5,Gulbarga,76128533B1083016608278
17.5,77.75,Vikarabad,76128533B74887942950962
17.5,78.0,Sangareddy,76128533B40480360118262
17.5,78.25,Sangareddy,76128533B40480360118262
17.5,78.5,Hydrabad,76128533B84676164211579
17.5,78.75,Yadadri Bhongiri,76128533B85157820615002
17.5,79.0,Yadadri Bhongiri,76128533B85157820615002
17.5,79.25,Yadadri Bhongiri,76128533B85157820615002
17.5,79.5,Jangaon,76128533B8930157583904
17.5,79.75,Mahabubabad,76128533B28290181894983
17.5,80.0,Mahabubabad,76128533B28290181894983
17.5,80.25,Khammam,76128533B96571577519224
17.5,80.5,Bhadradri,76128533B30246762498957
17.5,80.75,Bhadradri,76128533B30246762498957
17.5,81.0,Bhadradri,76128533B30246762498957
17.5,81.25,Bhadradri,76128533B30246762498957
17.5,81.5,Bhadradri,76128533B30246762498957
17.5,81.75,East Godavari,76128533B29138015770556
17.5,82.0,East Godavari,76128533B29138015770556
17.5,82.25,East Godavari,76128533B29138015770556
17.5,82.5,East Godavari,76128533B29138015770556
17.5,82.75,Visakhapatnam,76128533B71485440235524
17.5,83.0,Visakhapatnam,76128533B71485440235524
17.75,73.25,Ratnagiri,76128533B8575303957680
17.75,73.5,Ratnagiri,76128533B8575303957680
17.75,73.75,Satara,76128533B93152786731267
17.75,74.0,Satara,76128533B93152786731267
17.75,74.25,Satara,76128533B93152786731267
17.75,74.5,Satara,76128533B93152786731267
17.75,74.75,Satara,76128533B93152786731267
17.75,75.0,Solapur,76128533B62490300334729
17.75,75.25,Solapur,76128533B62490300334729
17.75,75.5,Solapur,76128533B62490300334729
17.75,75.75,Solapur,76128533B62490300334729
17.75,76.0,Solapur,76128533B62490300334729
17.75,76.25,Osmanabad,76128533B20474666262371
17.75,76.5,Osmanabad,76128533B20474666262371
17.75,76.75,Bidar,76128533B9794868259401
17.75,77.0,Bidar,76128533B9794868259401
17.75,77.25,Bidar,76128533B9794868259401
17.75,77.5,Bidar,76128533B9794868259401
17.75,77.75,Sangareddy,76128533B40480360118262
17.75,78.0,Sangareddy,76128533B40480360118262
17.75,78.25,Medak,76128533B97126567441665
17.75,78.5,Medak,76128533B97126567441665
17.75,78.75,Siddipet,76128533B31111781432113
17.75,79.0,Yadadri Bhongiri,76128533B85157820615002
17.75,79.25,Jangaon,76128533B8930157583904
17.75,79.5,Jangaon,76128533B8930157583904
17.75,79.75,Warangal (R),76128533B63833971372360
17.75,80.0,Mahabubabad,76128533B28290181894983
17.75,80.25,Bhadradri,76128533B30246762498957
17.75,80.5,Bhadradri,76128533B30246762498957
17.75,80.75,Bhadradri,76128533B30246762498957
17.75,81.0,Bhadradri,76128533B30246762498957
17.75,81.25,Bhadradri,76128533B30246762498957
17.75,81.5,Bhadradri,76128533B30246762498957
17.75,81.75,East Godavari,76128533B29138015770556
17.75,82.0,East Godavari,76128533B29138015770556
17.75,82.25,Visakhapatnam,76128533B71485440235524
17.75,82.5,Visakhapatnam,76128533B71485440235524
17.75,82.75,Visakhapatnam,76128533B71485440235524
17.75,83.0,Visakhapatnam,76128533B71485440235524
17.75,83.25,Visakhapatnam,76128533B71485440235524
18.0,73.25,Ratnagiri,76128533B8575303957680
18.0,73.5,Raigarh,76128533B99895802074414
18.0,73.75,Satara,76128533B93152786731267
18.0,74.0,Satara,76128533B93152786731267
18.0,74.25,Satara,76128533B93152786731267
18.0,74.5,Satara,76128533B93152786731267
18.0,74.75,Solapur,76128533B62490300334729
18.0,75.0,Pune,76128533B71380851181380
18.0,75.25,Solapur,76128533B62490300334729
18.0,75.5,Solapur,76128533B62490300334729
18.0,75.75,Solapur,76128533B62490300334729
18.0,76.0,Solapur,76128533B62490300334729
18.0,76.25,Osmanabad,76128533B20474666262371
18.0,76.5,Osmanabad,76128533B20474666262371
18.0,76.75,Latur,76128533B98050240849249
18.0,77.0,Bidar,76128533B9794868259401
18.0,77.25,Bidar,76128533B9794868259401
18.0,77.5,Bidar,76128533B9794868259401
18.0,77.75,Sangareddy,76128533B40480360118262
18.0,78.0,Medak,76128533B97126567441665
18.0,78.25,Medak,76128533B97126567441665
18.0,78.5,Medak,76128533B97126567441665
18.0,78.75,Siddipet,76128533B31111781432113
18.0,79.0,Siddipet,76128533B31111781432113
18.0,79.25,Siddipet,76128533B31111781432113
18.0,79.5,Warangal (U),76128533B34824326075805
18.0,79.75,Warangal (R),76128533B63833971372360
18.0,80.0,Mahabubabad,76128533B28290181894983
18.0,80.25,Mahabubabad,76128533B28290181894983
18.0,80.5,Bhadradri,76128533B30246762498957
18.0,80.75,Bhadradri,76128533B30246762498957
18.0,81.0,Sukma,76128533B53316015271969
18.0,81.25,Sukma,76128533B53316015271969
18.0,81.5,Malkangiri,76128533B85917349021677
18.0,81.75,Malkangiri,76128533B85917349021677
18.0,82.0,Visakhapatnam,76128533B71485440235524
18.0,82.25,Malkangiri,76128533B85917349021677
18.0,82.5,Visakhapatnam,76128533B71485440235524
18.0,82.75,Visakhapatnam,76128533B71485440235524
18.0,83.0,Visakhapatnam,76128533B71485440235524
18.0,83.25,Vizianagaram,76128533B36164606132718
18.0,83.5,Vizianagaram,76128533B36164606132718
18.25,73.0,Raigarh,76128533B99895802074414
18.25,73.25,Raigarh,76128533B99895802074414
18.25,73.5,Raigarh,76128533B99895802074414
18.25,73.75,Pune,76128533B71380851181380
18.25,74.0,Pune,76128533B71380851181380
18.25,74.25,Pune,76128533B71380851181380
18.25,74.5,Pune,76128533B71380851181380
18.25,74.75,Pune,76128533B71380851181380
18.25,75.0,Solapur,76128533B62490300334729
18.25,75.25,Solapur,76128533B62490300334729
18.25,75.5,Osmanabad,76128533B20474666262371
18.25,75.75,Solapur,76128533B62490300334729
18.25,76.0,Osmanabad,76128533B20474666262371
18.25,76.25,Osmanabad,76128533B20474666262371
18.25,76.5,Latur,76128533B98050240849249
18.25,76.75,Latur,76128533B98050240849249
18.25,77.0,Latur,76128533B98050240849249
18.25,77.25,Bidar,76128533B9794868259401
18.25,77.5,Bidar,76128533B9794868259401
18.25,77.75,Kamareddy,76128533B21068662878849
18.25,78.0,Kamareddy,76128533B21068662878849
18.25,78.25,Kamareddy,76128533B21068662878849
18.25,78.5,Kamareddy,76128533B21068662878849
18.25,78.75,Rajanna Sircilla,76128533B21485897206517
18.25,79.0,Siddipet,76128533B31111781432113
18.25,79.25,Karimnagar,76128533B58104976570569
18.25,79.5,Karimnagar,76128533B58104976570569
18.25,79.75,Jayashankar,76128533B60322704115131
18.25,80.0,Mulugu,76128533B84398038505400
18.25,80.25,Mulugu,76128533B84398038505400
18.25,80.5,Mulugu,76128533B84398038505400
18.25,80.75,Bhadradri,76128533B30246762498957
18.25,81.0,Bijapur,76128533B66145460152555
18.25,81.25,Sukma,76128533B53316015271969
18.25,81.5,Sukma,76128533B53316015271969
18.25,81.75,Malkangiri,76128533B85917349021677
18.25,82.0,Malkangiri,76128533B85917349021677
18.25,82.25,Malkangiri,76128533B85917349021677
18.25,82.5,Visakhapatnam,76128533B71485440235524
18.25,82.75,Visakhapatnam,76128533B71485440235524
18.25,83.0,Visakhapatnam,76128533B71485440235524
18.25,83.25,Visakhapatnam,76128533B71485440235524
18.25,83.5,Vizianagaram,76128533B36164606132718
18.25,83.75,Srikakulam,76128533B59405966069108
18.25,84.0,Srikakulam,76128533B59405966069108
18.5,73.0,Raigarh,76128533B99895802074414
18.5,73.25,Raigarh,76128533B99895802074414
18.5,73.5,Pune,76128533B71380851181380
18.5,73.75,Pune,76128533B71380851181380
18.5,74.0,Pune,76128533B71380851181380
18.5,74.25,Pune,76128533B71380851181380
18.5,74.5,Pune,76128533B71380851181380
18.5,74.75,Ahmadnagar,76128533B47816398970283
18.5,75.0,Ahmadnagar,76128533B47816398970283
18.5,75.25,Solapur,76128533B62490300334729
18.5,75.5,Osmanabad,76128533B20474666262371
18.5,75.75,Osmanabad,76128533B20474666262371
18.5,76.0,Osmanabad,76128533B20474666262371
18.5,76.25,Osmanabad,76128533B20474666262371
18.5,76.5,Latur,76128533B98050240849249
18.5,76.75,Latur,76128533B98050240849249
18.5,77.0,Latur,76128533B98050240849249
18.5,77.25,Nanded,76128533B63783580004876
18.5,77.5,Nanded,76128533B63783580004876
18.5,77.75,Kamareddy,76128533B21068662878849
18.5,78.0,Nizamabad,76128533B58493775523243
18.5,78.25,Nizamabad,76128533B58493775523243
18.5,78.5,Nizamabad,76128533B58493775523243
18.5,78.75,Rajanna Sircilla,76128533B21485897206517
18.5,79.0,Karimnagar,76128533B58104976570569
18.5,79.25,Peddapalli,76128533B53373614632193
18.5,79.5,Peddapalli,76128533B53373614632193
18.5,79.75,Jayashankar,76128533B60322704115131
18.5,80.0,Jayashankar,76128533B60322704115131
18.5,80.25,Mulugu,76128533B84398038505400
18.5,80.5,Bhadradri,76128533B30246762498957
18.5,80.75,Bijapur,76128533B66145460152555
18.5,81.0,Bijapur,76128533B66145460152555
18.5,81.25,Sukma,76128533B53316015271969
18.5,81.5,Sukma,76128533B53316015271969
18.5,81.75,Sukma,76128533B53316015271969
18.5,82.0,Malkangiri,76128533B85917349021677
18.5,82.25,Malkangiri,76128533B85917349021677
18.5,82.5,Visakhapatnam,76128533B71485440235524
18.5,82.75,Koraput,76128533B47448948912370
18.5,83.0,Koraput,76128533B47448948912370
18.5,83.25,Vizianagaram,76128533B36164606132718
18.5,83.5,Vizianagaram,76128533B36164606132718
18.5,83.75,Srikakulam,76128533B59405966069108
18.5,84.0,Srikakulam,76128533B59405966069108
18.5,84.25,Srikakulam,76128533B59405966069108
18.75,73.0,Raigarh,76128533B99895802074414
18.75,73.25,Raigarh,76128533B99895802074414
18.75,73.5,Pune,76128533B71380851181380
18.75,73.75,Pune,76128533B71380851181380
18.75,74.0,Pune,76128533B71380851181380
18.75,74.25,Pune,76128533B71380851181380
18.75,74.5,Ahmadnagar,76128533B47816398970283
18.75,74.75,Ahmadnagar,76128533B47816398970283
18.75,75.0,Ahmadnagar,76128533B47816398970283
18.75,75.25,Bid,76128533B5215906594478
18.75,75.5,Bid,76128533B5215906594478
18.75,75.75,Bid,76128533B5215906594478
18.75,76.0,Bid,76128533B5215906594478
18.75,76.25,Bid,76128533B5215906594478
18.75,76.5,Bid,76128533B5215906594478
18.75,76.75,Latur,76128533B98050240849249
18.75,77.0,Latur,76128533B98050240849249
18.75,77.25,Nanded,76128533B63783580004876
18.75,77.5,Nanded,76128533B63783580004876
18.75,77.75,Nanded,76128533B63783580004876
18.75,78.0,Nizamabad,76128533B58493775523243
18.75,78.25,Nizamabad,76128533B58493775523243
18.75,78.5,Nizamabad,76128533B58493775523243
18.75,78.75,Jagtial,76128533B67054925852429
18.75,79.0,Jagtial,76128533B67054925852429
18.75,79.25,Peddapalli,76128533B53373614632193
18.75,79.5,Peddapalli,76128533B53373614632193
18.75,79.75,Mancherial,76128533B53018054761164
18.75,80.0,Jayashankar,76128533B60322704115131
18.75,80.25,Gadchiroli,76128533B36958871695926
18.75,80.5,Bijapur,76128533B66145460152555
18.75,80.75,Bijapur,76128533B66145460152555
18.75,81.0,Bijapur,76128533B66145460152555
18.75,81.25,Dakshin Bastar Dantewada,76128533B14292125820380
18.75,81.5,Dakshin Bastar Dantewada,76128533B14292125820380
18.75,81.75,Dakshin Bastar Dantewada,76128533B14292125820380
18.75,82.0,Bastar,76128533B47840093719460
18.75,82.25,Koraput,76128533B47448948912370
18.75,82.5,Koraput,76128533B47448948912370
18.75,82.75,Koraput,76128533B47448948912370
18.75,83.0,Koraput,76128533B47448948912370
18.75,83.25,Vizianagaram,76128533B36164606132718
18.75,83.5,Vizianagaram,76128533B36164606132718
18.75,83.75,Srikakulam,76128533B59405966069108
18.75,84.0,Srikakulam,76128533B59405966069108
18.75,84.25,Srikakulam,76128533B59405966069108
18.75,84.5,Srikakulam,76128533B59405966069108
19.0,73.25,Raigarh,76128533B99895802074414
19.0,73.5,Raigarh,76128533B99895802074414
19.0,73.75,Pune,76128533B71380851181380
19.0,74.0,Pune,76128533B71380851181380
19.0,74.25,Ahmadnagar,76128533B47816398970283
19.0,74.5,Ahmadnagar,76128533B47816398970283
19.0,74.75,Ahmadnagar,76128533B47816398970283
19.0,75.0,Bid,76128533B5215906594478
19.0,75.25,Bid,76128533B5215906594478
19.0,75.5,Bid,76128533B5215906594478
19.0,75.75,Bid,76128533B5215906594478
19.0,76.0,Bid,76128533B5215906594478
19.0,76.25,Bid,76128533B5215906594478
19.0,76.5,Parbhani,76128533B27609096170969
19.0,76.75,Parbhani,76128533B27609096170969
19.0,77.0,Parbhani,76128533B27609096170969
19.0,77.25,Nanded,76128533B63783580004876
19.0,77.5,Nanded,76128533B63783580004876
19.0,77.75,Nanded,76128533B63783580004876
19.0,78.0,Nirmal,76128533B25280172436550
19.0,78.25,Nizamabad,76128533B58493775523243
19.0,78.5,Nirmal,76128533B25280172436550
19.0,78.75,Jagtial,76128533B67054925852429
19.0,79.0,Jagtial,76128533B67054925852429
19.0,79.25,Mancherial,76128533B53018054761164
19.0,79.5,Mancherial,76128533B53018054761164
19.0,79.75,Mancherial,76128533B53018054761164
19.0,80.0,Gadchiroli,76128533B36958871695926
19.0,80.25,Gadchiroli,76128533B36958871695926
19.0,80.5,Bijapur,76128533B66145460152555
19.0,80.75,Bijapur,76128533B66145460152555
19.0,81.0,Bijapur,76128533B66145460152555
19.0,81.25,Dakshin Bastar Dantewada,76128533B14292125820380
19.0,81.5,Bastar,76128533B47840093719460
19.0,81.75,Bastar,76128533B47840093719460
19.0,82.0,Bastar,76128533B47840093719460
19.0,82.25,Koraput,76128533B47448948912370
19.0,82.5,Koraput,76128533B47448948912370
19.0,82.75,Koraput,76128533B47448948912370
19.0,83.0,Koraput,76128533B47448948912370
19.0,83.25,Koraput,76128533B47448948912370
19.0,83.5,Vizianagaram,76128533B36164606132718
19.0,83.75,Rayagada,76128533B50498617372937
19.0,84.0,Gajapati,76128533B73854359719990
19.0,84.25,Gajapati,76128533B73854359719990
19.0,84.5,Srikakulam,76128533B59405966069108
19.25,73.0,Thane,76128533B74859418903113
19.25,73.25,Thane,76128533B74859418903113
19.25,73.5,Thane,76128533B74859418903113
19.25,73.75,Pune,76128533B71380851181380
19.25,74.0,Pune,76128533B71380851181380
19.25,74.25,Ahmadnagar,76128533B47816398970283
19.25,74.5,Ahmadnagar,76128533B47816398970283
19.25,74.75,Ahmadnagar,76128533B47816398970283
19.25,75.0,Ahmadnagar,76128533B47816398970283
19.25,75.25,Ahmadnagar,76128533B47816398970283
19.25,75.5,Bid,76128533B5215906594478
19.25,75.75,Bid,76128533B5215906594478
19.25,76.0,Bid,76128533B5215906594478
19.25,76.25,Parbhani,76128533B27609096170969
19.25,76.5,Parbhani,76128533B27609096170969
19.25,76.75,Parbhani,76128533B27609096170969
19.25,77.0,Parbhani,76128533B27609096170969
19.25,77.25,Nanded,76128533B63783580004876
19.25,77.5,Nanded,76128533B63783580004876
19.25,77.75,Nanded,76128533B63783580004876
19.25,78.0,Nirmal,76128533B25280172436550
19.25,78.25,Nirmal,76128533B25280172436550
19.25,78.5,Adilabad,76128533B38354309367879
19.25,78.75,Nirmal,76128533B25280172436550
19.25,79.0,Komaram Bheem,76128533B33226396095315
19.25,79.25,Komaram Bheem,76128533B33226396095315
19.25,79.5,Komaram Bheem,76128533B33226396095315
19.25,79.75,Komaram Bheem,76128533B33226396095315
19.25,80.0,Gadchiroli,76128533B36958871695926
19.25,80.25,Gadchiroli,76128533B36958871695926
19.25,80.5,Bijapur,76128533B66145460152555
19.25,80.75,Bijapur,76128533B66145460152555
19.25,81.0,Narayanpur,76128533B89979485471283
19.25,81.25,Bijapur,76128533B66145460152555
19.25,81.5,Kondagaon,76128533B12144400448811
19.25,81.75,Bastar,76128533B47840093719460
19.25,82.0,Bastar,76128533B47840093719460
19.25,82.25,Nabarangapur,76128533B99037046327658
19.25,82.5,Nabarangapur,76128533B99037046327658
19.25,82.75,Nabarangapur,76128533B99037046327658
19.25,83.0,Rayagada,76128533B50498617372937
19.25,83.25,Rayagada,76128533B50498617372937
19.25,83.5,Rayagada,76128533B50498617372937
19.25,83.75,Rayagada,76128533B50498617372937
19.25,84.0,Rayagada,76128533B50498617372937
19.25,84.25,Gajapati,76128533B73854359719990
19.25,84.5,Ganjam,76128533B633842538351
19.25,84.75,Ganjam,76128533B633842538351
19.5,72.75,Palghar,76128533B37148244536449
19.5,73.0,Palghar,76128533B37148244536449
19.5,73.25,Thane,76128533B74859418903113
19.5,73.5,Thane,76128533B74859418903113
19.5,73.75,Ahmadnagar,76128533B47816398970283
19.5,74.0,Ahmadnagar,76128533B47816398970283
19.5,74.25,Ahmadnagar,76128533B47816398970283
19.5,74.5,Ahmadnagar,76128533B47816398970283
19.5,74.75,Ahmadnagar,76128533B47816398970283
19.5,75.0,Ahmadnagar,76128533B47816398970283
19.5,75.25,Ahmadnagar,76128533B47816398970283
19.5,75.5,Aurangabad,76128533B39329594544563
19.5,75.75,Jalna,76128533B55603381222870
19.5,76.0,Jalna,76128533B55603381222870
19.5,76.25,Jalna,76128533B55603381222870
19.5,76.5,Parbhani,76128533B27609096170969
19.5,76.75,Parbhani,76128533B27609096170969
19.5,77.0,Hingoli,76128533B86424887513424
19.5,77.25,Hingoli,76128533B86424887513424
19.5,77.5,Nanded,76128533B63783580004876
19.5,77.75,Yavatmal,76128533B61814103412294
19.5,78.0,Yavatmal,76128533B61814103412294
19.5,78.25,Nanded,76128533B63783580004876
19.5,78.5,Adilabad,76128533B38354309367879
19.5,78.75,Adilabad,76128533B38354309367879
19.5,79.0,Komaram Bheem,76128533B33226396095315
19.5,79.25,Komaram Bheem,76128533B33226396095315
19.5,79.5,Komaram Bheem,76128533B33226396095315
19.5,79.75,Komaram Bheem,76128533B33226396095315
19.5,80.0,Gadchiroli,76128533B36958871695926
19.5,80.25,Gadchiroli,76128533B36958871695926
19.5,80.5,Gadchiroli,76128533B36958871695926
19.5,80.75,Gadchiroli,76128533B36958871695926
19.5,81.0,Narayanpur,76128533B89979485471283
19.5,81.25,Narayanpur,76128533B89979485471283
19.5,81.5,Kondagaon,76128533B12144400448811
19.5,81.75,Kondagaon,76128533B12144400448811
19.5,82.0,Bastar,76128533B47840093719460
19.5,82.25,Nabarangapur,76128533B99037046327658
19.5,82.5,Nabarangapur,76128533B99037046327658
19.5,82.75,Kalahandi,76128533B70759200975708
19.5,83.0,Kalahandi,76128533B70759200975708
19.5,83.25,Rayagada,76128533B50498617372937
19.5,83.5,Rayagada,76128533B50498617372937
19.5,83.75,Rayagada,76128533B50498617372937
19.5,84.0,Gajapati,76128533B73854359719990
19.5,84.25,Gajapati,76128533B73854359719990
19.5,84.5,Ganjam,76128533B633842538351
19.5,84.75,Ganjam,76128533B633842538351
19.5,85.0,Ganjam,76128533B633842538351
19.75,72.75,Palghar,76128533B37148244536449
19.75,73.0,Palghar,76128533B37148244536449
19.75,73.25,Palghar,76128533B37148244536449
19.75,73.5,Palghar,76128533B37148244536449
19.75,73.75,Nashik,76128533B50056157736049
19.75,74.0,Nashik,76128533B50056157736049
19.75,74.25,Nashik,76128533B50056157736049
19.75,74.5,Ahmadnagar,76128533B47816398970283
19.75,74.75,Aurangabad,76128533B39329594544563
19.75,75.0,Aurangabad,76128533B39329594544563
19.75,75.25,Aurangabad,76128533B39329594544563
19.75,75.5,Aurangabad,76128533B39329594544563
19.75,75.75,Jalna,76128533B55603381222870
19.75,76.0,Jalna,76128533B55603381222870
19.75,76.25,Jalna,76128533B55603381222870
19.75,76.5,Parbhani,76128533B27609096170969
19.75,76.75,Hingoli,76128533B86424887513424
19.75,77.0,Hingoli,76128533B86424887513424
19.75,77.25,Hingoli,76128533B86424887513424
19.75,77.5,Yavatmal,76128533B61814103412294
19.75,77.75,Yavatmal,76128533B61814103412294
19.75,78.0,Nanded,76128533B63783580004876
19.75,78.25,Nanded,76128533B63783580004876
19.75,78.5,Adilabad,76128533B38354309367879
19.75,78.75,Adilabad,76128533B38354309367879
19.75,79.0,Chandrapur,76128533B31342633028465
19.75,79.25,Chandrapur,76128533B31342633028465
19.75,79.5,Chandrapur,76128533B31342633028465
19.75,79.75,Chandrapur,76128533B31342633028465
19.75,80.0,Gadchiroli,76128533B36958871695926
19.75,80.25,Gadchiroli,76128533B36958871695926
19.75,80.5,Gadchiroli,76128533B36958871695926
19.75,80.75,Narayanpur,76128533B89979485471283
19.75,81.0,Narayanpur,76128533B89979485471283
19.75,81.25,Narayanpur,76128533B89979485471283
19.75,81.5,Kondagaon,76128533B12144400448811
19.75,81.75,Kondagaon,76128533B12144400448811
19.75,82.0,Kondagaon,76128533B12144400448811
19.75,82.25,Nabarangapur,76128533B99037046327658
19.75,82.5,Nabarangapur,76128533B99037046327658
19.75,82.75,Kalahandi,76128533B70759200975708
19.75,83.0,Kalahandi,76128533B70759200975708
19.75,83.25,Kalahandi,76128533B70759200975708
19.75,83.5,Rayagada,76128533B50498617372937
19.75,83.75,Kandhamal,76128533B8798165946807
19.75,84.0,Kandhamal,76128533B8798165946807
19.75,84.25,Ganjam,76128533B633842538351
19.75,84.5,Ganjam,76128533B633842538351
19.75,84.75,Ganjam,76128533B633842538351
19.75,85.0,Ganjam,76128533B633842538351
19.75,85.25,Puri,76128533B80656256583567
19.75,85.5,Puri,76128533B80656256583567
20.0,72.75,Palghar,76128533B37148244536449
20.0,73.0,Palghar,76128533B37148244536449
20.0,73.25,Palghar,76128533B37148244536449
20.0,73.5,Nashik,76128533B50056157736049
20.0,73.75,Nashik,76128533B50056157736049
20.0,74.0,Nashik,76128533B50056157736049
20.0,74.25,Nashik,76128533B50056157736049
20.0,74.5,Nashik,76128533B50056157736049
20.0,74.75,Aurangabad,76128533B39329594544563
20.0,75.0,Aurangabad,76128533B39329594544563
20.0,75.25,Aurangabad,76128533B39329594544563
20.0,75.5,Aurangabad,76128533B39329594544563
20.0,75.75,Jalna,76128533B55603381222870
20.0,76.0,Buldana,76128533B70021405538438
20.0,76.25,Buldana,76128533B70021405538438
20.0,76.5,Buldana,76128533B70021405538438
20.0,76.75,Washim,76128533B59866172845044
20.0,77.0,Hingoli,76128533B86424887513424
20.0,77.25,Washim,76128533B59866172845044
20.0,77.5,Yavatmal,76128533B61814103412294
20.0,77.75,Yavatmal,76128533B61814103412294
20.0,78.0,Yavatmal,76128533B61814103412294
20.0,78.25,Yavatmal,76128533B61814103412294
20.0,78.5,Yavatmal,76128533B61814103412294
20.0,78.75,Yavatmal,76128533B61814103412294
20.0,79.0,Yavatmal,76128533B61814103412294
20.0,79.25,Chandrapur,76128533B31342633028465
20.0,79.5,Chandrapur,76128533B31342633028465
20.0,79.75,Chandrapur,76128533B31342633028465
20.0,80.0,Gadchiroli,76128533B36958871695926
20.0,80.25,Gadchiroli,76128533B36958871695926
20.0,80.5,Gadchiroli,76128533B36958871695926
20.0,80.75,Uttar Bastar Kanker,76128533B26755490628656
20.0,81.0,Uttar Bastar Kanker,76128533B26755490628656
20.0,81.25,Uttar Bastar Kanker,76128533B26755490628656
20.0,81.5,Kondagaon,76128533B12144400448811
20.0,81.75,Kondagaon,76128533B12144400448811
20.0,82.0,Nabarangapur,76128533B99037046327658
20.0,82.25,Gariaband,76128533B93063337202124
20.0,82.5,Gariaband,76128533B93063337202124
20.0,82.75,Kalahandi,76128533B70759200975708
20.0,83.0,Kalahandi,76128533B70759200975708
20.0,83.25,Kalahandi,76128533B70759200975708
20.0,83.5,Kalahandi,76128533B70759200975708
20.0,83.75,Kandhamal,76128533B8798165946807
20.0,84.0,Kandhamal,76128533B8798165946807
20.0,84.25,Kandhamal,76128533B8798165946807
20.0,84.5,Ganjam,76128533B633842538351
20.0,84.75,Ganjam,76128533B633842538351
20.0,85.0,Nayagarh,76128533B77719785699048
20.0,85.25,Nayagarh,76128533B77719785699048
20.0,85.5,Khordha,76128533B52802748445403
20.0,85.75,Puri,76128533B80656256583567
20.0,86.0,Puri,76128533B80656256583567
20.0,86.25,Puri,76128533B80656256583567
20.25,72.75,Valsad,76128533B60261306484775
20.25,73.0,Dadra & Nagar Haveli,76128533B43252171579976
20.25,73.25,Valsad,76128533B60261306484775
20.25,73.5,Nashik,76128533B50056157736049
20.25,73.75,Nashik,76128533B50056157736049
20.25,74.0,Nashik,76128533B50056157736049
20.25,74.25,Nashik,76128533B50056157736049
20.25,74.5,Nashik,76128533B50056157736049
20.25,74.75,Nashik,76128533B50056157736049
20.25,75.0,Aurangabad,76128533B39329594544563
20.25,75.25,Aurangabad,76128533B39329594544563
20.25,75.5,Aurangabad,76128533B39329594544563
20.25,75.75,Jalna,76128533B55603381222870
20.25,76.0,Jalna,76128533B55603381222870
20.25,76.25,Buldana,76128533B70021405538438
20.25,76.5,Buldana,76128533B70021405538438
20.25,76.75,Buldana,76128533B70021405538438
20.25,77.0,Washim,76128533B59866172845044
20.25,77.25,Washim,76128533B59866172845044
20.25,77.5,Washim,76128533B59866172845044
20.25,77.75,Yavatmal,76128533B61814103412294
20.25,78.0,Yavatmal,76128533B61814103412294
20.25,78.25,Yavatmal,76128533B61814103412294
20.25,78.5,Yavatmal,76128533B61814103412294
20.25,78.75,Yavatmal,76128533B61814103412294
20.25,79.0,Chandrapur,76128533B31342633028465
20.25,79.25,Chandrapur,76128533B31342633028465
20.25,79.5,Chandrapur,76128533B31342633028465
20.25,79.75,Chandrapur,76128533B31342633028465
20.25,80.0,Gadchiroli,76128533B36958871695926
20.25,80.25,Gadchiroli,76128533B36958871695926
20.25,80.5,Rajnandgaon,76128533B25020556592153
20.25,80.75,Uttar Bastar Kanker,76128533B26755490628656
20.25,81.0,Uttar Bastar Kanker,76128533B26755490628656
20.25,81.25,Uttar Bastar Kanker,76128533B26755490628656
20.25,81.5,Uttar Bastar Kanker,76128533B26755490628656
20.25,81.75,Uttar Bastar Kanker,76128533B26755490628656
20.25,82.0,Dhamtari,76128533B71714250401862
20.25,82.25,Gariaband,76128533B93063337202124
20.25,82.5,Nuapada,76128533B33451850475260
20.25,82.75,Nuapada,76128533B33451850475260
20.25,83.0,Balangir,76128533B44395557448920
20.25,83.25,Kalahandi,76128533B70759200975708
20.25,83.5,Kalahandi,76128533B70759200975708
20.25,83.75,Kandhamal,76128533B8798165946807
20.25,84.0,Kandhamal,76128533B8798165946807
20.25,84.25,Kandhamal,76128533B8798165946807
20.25,84.5,Kandhamal,76128533B8798165946807
20.25,84.75,Nayagarh,76128533B77719785699048
20.25,85.0,Nayagarh,76128533B77719785699048
20.25,85.25,Nayagarh,76128533B77719785699048
20.25,85.5,Khordha,76128533B52802748445403
20.25,85.75,Khordha,76128533B52802748445403
20.25,86.0,Cuttack,76128533B70842759816811
20.25,86.25,Jagatsinghapur,76128533B32949331695897
20.25,86.5,Jagatsinghapur,76128533B32949331695897
20.5,73.0,Valsad,76128533B60261306484775
20.5,73.25,Valsad,76128533B60261306484775
20.5,73.5,Nashik,76128533B50056157736049
20.5,73.75,Nashik,76128533B50056157736049
20.5,74.0,Nashik,76128533B50056157736049
20.5,74.25,Nashik,76128533B50056157736049
20.5,74.5,Nashik,76128533B50056157736049
20.5,74.75,Nashik,76128533B50056157736049
20.5,75.0,Jalgaon,76128533B40156838070
20.5,75.25,Aurangabad,76128533B39329594544563
20.5,75.5,Aurangabad,76128533B39329594544563
20.5,75.75,Aurangabad,76128533B39329594544563
20.5,76.0,Buldana,76128533B70021405538438
20.5,76.25,Buldana,76128533B70021405538438
20.5,76.5,Buldana,76128533B70021405538438
20.5,76.75,Buldana,76128533B70021405538438
20.5,77.0,Akola,76128533B12380735325851
20.5,77.25,Akola,76128533B12380735325851
20.5,77.5,Washim,76128533B59866172845044
20.5,77.75,Yavatmal,76128533B61814103412294
20.5,78.0,Yavatmal,76128533B61814103412294
20.5,78.25,Yavatmal,76128533B61814103412294
20.5,78.5,Yavatmal,76128533B61814103412294
20.5,78.75,Wardha,76128533B37486272752374
20.5,79.0,Wardha,76128533B37486272752374
20.5,79.25,Chandrapur,76128533B31342633028465
20.5,79.5,Chandrapur,76128533B31342633028465
20.5,79.75,Chandrapur,76128533B31342633028465
20.5,80.0,Gadchiroli,76128533B36958871695926
20.5,80.25,Gadchiroli,76128533B36958871695926
20.5,80.5,Gadchiroli,76128533B36958871695926
20.5,80.75,Rajnandgaon,76128533B25020556592153
20.5,81.0,Balod,76128533B90169585758701
20.5,81.25,Balod,76128533B90169585758701
20.5,81.5,Uttar Bastar Kanker,76128533B26755490628656
20.5,81.75,Dhamtari,76128533B71714250401862
20.5,82.0,Dhamtari,76128533B71714250401862
20.5,82.25,Gariaband,76128533B93063337202124
20.5,82.5,Nuapada,76128533B33451850475260
20.5,82.75,Balangir,76128533B44395557448920
20.5,83.0,Balangir,76128533B44395557448920
20.5,83.25,Balangir,76128533B44395557448920
20.5,83.5,Balangir,76128533B44395557448920
20.5,83.75,Baudh,76128533B84772375641700
20.5,84.0,Kandhamal,76128533B8798165946807
20.5,84.25,Kandhamal,76128533B8798165946807
20.5,84.5,Baudh,76128533B84772375641700
20.5,84.75,Nayagarh,76128533B77719785699048
20.5,85.0,Cuttack,76128533B70842759816811
20.5,85.25,Cuttack,76128533B70842759816811
20.5,85.5,Cuttack,76128533B70842759816811
20.5,85.75,Cuttack,76128533B70842759816811
20.5,86.0,Cuttack,76128533B70842759816811
20.5,86.25,Cuttack,76128533B70842759816811
20.5,86.5,Kendrapara,76128533B98951704707517
20.5,86.75,Kendrapara,76128533B98951704707517
20.75,70.75,Gir Somnath,76128533B45037556977273
20.75,71.0,Gir Somnath,76128533B45037556977273
20.75,73.0,Navsari,76128533B6397758882978
20.75,73.25,Navsari,76128533B6397758882978
20.75,73.5,The Dangs,76128533B16271917438029
20.75,73.75,The Dangs,76128533B16271917438029
20.75,74.0,Nashik,76128533B50056157736049
20.75,74.25,Nashik,76128533B50056157736049
20.75,74.5,Nashik,76128533B50056157736049
20.75,74.75,Dhule,76128533B25344721013980
20.75,75.0,Jalgaon,76128533B40156838070
20.75,75.25,Jalgaon,76128533B40156838070
20.75,75.5,Jalgaon,76128533B40156838070
20.75,75.75,Jalgaon,76128533B40156838070
20.75,76.0,Buldana,76128533B70021405538438
20.75,76.25,Buldana,76128533B70021405538438
20.75,76.5,Buldana,76128533B70021405538438
20.75,76.75,Buldana,76128533B70021405538438
20.75,77.0,Akola,76128533B12380735325851
20.75,77.25,Akola,76128533B12380735325851
20.75,77.5,Akola,76128533B12380735325851
20.75,77.75,Amravati,76128533B63815467309300
20.75,78.0,Amravati,76128533B63815467309300
20.75,78.25,Amravati,76128533B63815467309300
20.75,78.5,Wardha,76128533B37486272752374
20.75,78.75,Wardha,76128533B37486272752374
20.75,79.0,Nagpur,76128533B3026318797185
20.75,79.25,Nagpur,76128533B3026318797185
20.75,79.5,Nagpur,76128533B3026318797185
20.75,79.75,Bhandara,76128533B14243635342908
20.75,80.0,Gondiya,76128533B76286653784168
20.75,80.25,Gondiya,76128533B76286653784168
20.75,80.5,Gadchiroli,76128533B36958871695926
20.75,80.75,Rajnandgaon,76128533B25020556592153
20.75,81.0,Balod,76128533B90169585758701
20.75,81.25,Balod,76128533B90169585758701
20.75,81.5,Dhamtari,76128533B71714250401862
20.75,81.75,Dhamtari,76128533B71714250401862
20.75,82.0,Gariaband,76128533B93063337202124
20.75,82.25,Gariaband,76128533B93063337202124
20.75,82.5,Nuapada,76128533B33451850475260
20.75,82.75,Balangir,76128533B44395557448920
20.75,83.0,Balangir,76128533B44395557448920
20.75,83.25,Balangir,76128533B44395557448920
20.75,83.5,Balangir,76128533B44395557448920
20.75,83.75,Subarnapur,76128533B6884509901047
20.75,84.0,Baudh,76128533B84772375641700
20.75,84.25,Baudh,76128533B84772375641700
20.75,84.5,Anugul,76128533B60186573304899
20.75,84.75,Anugul,76128533B60186573304899
20.75,85.0,Anugul,76128533B60186573304899
20.75,85.25,Anugul,76128533B60186573304899
20.75,85.5,Dhenkanal,76128533B32509926596077
20.75,85.75,Dhenkanal,76128533B32509926596077
20.75,86.0,Dhenkanal,76128533B32509926596077
20.75,86.25,Jajapur,76128533B91818883767147
20.75,86.5,Jajapur,76128533B91818883767147
20.75,86.75,Kendrapara,76128533B98951704707517
21.0,70.25,Gir Somnath,76128533B45037556977273
21.0,70.5,Gir Somnath,76128533B45037556977273
21.0,70.75,Gir Somnath,76128533B45037556977273
21.0,71.0,Gir Somnath,76128533B45037556977273
21.0,71.25,Amreli,76128533B43737470294384
21.0,71.5,Amreli,76128533B43737470294384
21.0,72.75,Navsari,76128533B6397758882978
21.0,73.0,Navsari,76128533B6397758882978
21.0,73.25,Tapi,76128533B12519626815499
21.0,73.5,Tapi,76128533B12519626815499
21.0,73.75,The Dangs,76128533B16271917438029
21.0,74.0,Dhule,76128533B25344721013980
21.0,74.25,Dhule,76128533B25344721013980
21.0,74.5,Dhule,76128533B25344721013980
21.0,74.75,Dhule,76128533B25344721013980
21.0,75.0,Jalgaon,76128533B40156838070
21.0,75.25,Jalgaon,76128533B40156838070
21.0,75.5,Jalgaon,76128533B40156838070
21.0,75.75,Jalgaon,76128533B40156838070
21.0,76.0,Jalgaon,76128533B40156838070
21.0,76.25,Jalgaon,76128533B40156838070
21.0,76.5,Buldana,76128533B70021405538438
21.0,76.75,Buldana,76128533B70021405538438
21.0,77.0,Akola,76128533B12380735325851
21.0,77.25,Amravati,76128533B63815467309300
21.0,77.5,Amravati,76128533B63815467309300
21.0,77.75,Amravati,76128533B63815467309300
21.0,78.0,Amravati,76128533B63815467309300
21.0,78.25,Wardha,76128533B37486272752374
21.0,78.5,Wardha,76128533B37486272752374
21.0,78.75,Nagpur,76128533B3026318797185
21.0,79.0,Nagpur,76128533B3026318797185
21.0,79.25,Nagpur,76128533B3026318797185
21.0,79.5,Nagpur,76128533B3026318797185
21.0,79.75,Bhandara,76128533B14243635342908
21.0,80.0,Bhandara,76128533B14243635342908
21.0,80.25,Gondiya,76128533B76286653784168
21.0,80.5,Rajnandgaon,76128533B25020556592153
21.0,80.75,Rajnandgaon,76128533B25020556592153
21.0,81.0,Balod,76128533B90169585758701
21.0,81.25,Balod,76128533B90169585758701
21.0,81.5,Durg,76128533B15993411864574
21.0,81.75,Dhamtari,76128533B71714250401862
21.0,82.0,Gariaband,76128533B93063337202124
21.0,82.25,Mahasamund,76128533B9759621355294
21.0,82.5,Mahasamund,76128533B9759621355294
21.0,82.75,Bargarh,76128533B74482494441458
21.0,83.0,Bargarh,76128533B74482494441458
21.0,83.25,Bargarh,76128533B74482494441458
21.0,83.5,Subarnapur,76128533B6884509901047
21.0,83.75,Subarnapur,76128533B6884509901047
21.0,84.0,Subarnapur,76128533B6884509901047
21.0,84.25,Sambalpur,76128533B84129562351919
21.0,84.5,Anugul,76128533B60186573304899
21.0,84.75,Anugul,76128533B60186573304899
21.0,85.0,Anugul,76128533B60186573304899
21.0,85.25,Anugul,76128533B60186573304899
21.0,85.5,Dhenkanal,76128533B32509926596077
21.0,85.75,Jajapur,76128533B91818883767147
21.0,86.0,Jajapur,76128533B91818883767147
21.0,86.25,Jajapur,76128533B91818883767147
21.0,86.5,Bhadrak,76128533B58797478961083
21.0,86.75,Bhadrak,76128533B58797478961083
21.25,70.0,Porbandar,76128533B84417945851362
21.25,70.25,Junagadh,76128533B40923846274136
21.25,70.5,Junagadh,76128533B40923846274136
21.25,70.75,Junagadh,76128533B40923846274136
21.25,71.0,Amreli,76128533B43737470294384
21.25,71.25,Amreli,76128533B43737470294384
21.25,71.5,Amreli,76128533B43737470294384
21.25,71.75,Bhavnagar,76128533B93450974047240
21.25,72.0,Bhavnagar,76128533B93450974047240
21.25,72.75,Surat,76128533B97372652494648
21.25,73.0,Surat,76128533B97372652494648
21.25,73.25,Surat,76128533B97372652494648
21.25,73.5,Tapi,76128533B12519626815499
21.25,73.75,Tapi,76128533B12519626815499
21.25,74.0,Nandurbar,76128533B61304308285665
21.25,74.25,Nandurbar,76128533B61304308285665
21.25,74.5,Dhule,76128533B25344721013980
21.25,74.75,Dhule,76128533B25344721013980
21.25,75.0,Dhule,76128533B25344721013980
21.25,75.25,Jalgaon,76128533B40156838070
21.25,75.5,Jalgaon,76128533B40156838070
21.25,75.75,Jalgaon,76128533B40156838070
21.25,76.0,Jalgaon,76128533B40156838070
21.25,76.25,Burhanpur,76128533B37096001761063
21.25,76.5,Burhanpur,76128533B37096001761063
21.25,76.75,Amravati,76128533B63815467309300
21.25,77.0,Amravati,76128533B63815467309300
21.25,77.25,Amravati,76128533B63815467309300
21.25,77.5,Amravati,76128533B63815467309300
21.25,77.75,Amravati,76128533B63815467309300
21.25,78.0,Amravati,76128533B63815467309300
21.25,78.25,Wardha,76128533B37486272752374
21.25,78.5,Nagpur,76128533B3026318797185
21.25,78.75,Nagpur,76128533B3026318797185
21.25,79.0,Nagpur,76128533B3026318797185
21.25,79.25,Nagpur,76128533B3026318797185
21.25,79.5,Nagpur,76128533B3026318797185
21.25,79.75,Bhandara,76128533B14243635342908
21.25,80.0,Gondiya,76128533B76286653784168
21.25,80.25,Gondiya,76128533B76286653784168
21.25,80.5,Gondiya,76128533B76286653784168
21.25,80.75,Rajnandgaon,76128533B25020556592153
21.25,81.0,Rajnandgaon,76128533B25020556592153
21.25,81.25,Durg,76128533B15993411864574
21.25,81.5,Durg,76128533B15993411864574
21.25,81.75,Raipur,76128533B57691508962219
21.25,82.0,Raipur,76128533B57691508962219
21.25,82.25,Mahasamund,76128533B9759621355294
21.25,82.5,Mahasamund,76128533B9759621355294
21.25,82.75,Mahasamund,76128533B9759621355294
21.25,83.0,Mahasamund,76128533B9759621355294
21.25,83.25,Bargarh,76128533B74482494441458
21.25,83.5,Bargarh,76128533B74482494441458
21.25,83.75,Bargarh,76128533B74482494441458
21.25,84.0,Sambalpur,76128533B84129562351919
21.25,84.25,Sambalpur,76128533B84129562351919
21.25,84.5,Sambalpur,76128533B84129562351919
21.25,84.75,Sambalpur,76128533B84129562351919
21.25,85.0,Anugul,76128533B60186573304899
21.25,85.25,Anugul,76128533B60186573304899
21.25,85.5,Kendujhar,76128533B59504628511334
21.25,85.75,Kendujhar,76128533B59504628511334
21.25,86.0,Kendujhar,76128533B59504628511334
21.25,86.25,Kendujhar,76128533B59504628511334
21.25,86.5,Baleshwar,76128533B81147724102706
21.25,86.75,Baleshwar,76128533B81147724102706
21.5,69.75,Porbandar,76128533B84417945851362
21.5,70.0,Junagadh,76128533B40923846274136
21.5,70.25,Junagadh,76128533B40923846274136
21.5,70.5,Junagadh,76128533B40923846274136
21.5,70.75,Junagadh,76128533B40923846274136
21.5,71.0,Amreli,76128533B43737470294384
21.5,71.25,Amreli,76128533B43737470294384
21.5,71.5,Bhavnagar,76128533B93450974047240
21.5,71.75,Bhavnagar,76128533B93450974047240
21.5,72.0,Bhavnagar,76128533B93450974047240
21.5,72.25,Bhavnagar,76128533B93450974047240
21.5,72.75,Bharuch,76128533B63599385776584
21.5,73.0,Surat,76128533B97372652494648
21.5,73.25,Bharuch,76128533B63599385776584
21.5,73.5,Narmada,76128533B46866455993508
21.5,73.75,Narmada,76128533B46866455993508
21.5,74.0,Tapi,76128533B12519626815499
21.5,74.25,Tapi,76128533B12519626815499
21.5,74.5,Nandurbar,76128533B61304308285665
21.5,74.75,Nandurbar,76128533B61304308285665
21.5,75.0,Dhule,76128533B25344721013980
21.5,75.25,Barwani,76128533B668165975951
21.5,75.5,Khargone (West Nimar),76128533B69481535535995
21.5,75.75,Khargone (West Nimar),76128533B69481535535995
21.5,76.0,Burhanpur,76128533B37096001761063
21.5,76.25,Burhanpur,76128533B37096001761063
21.5,76.5,Burhanpur,76128533B37096001761063
21.5,76.75,Burhanpur,76128533B37096001761063
21.5,77.0,Amravati,76128533B63815467309300
21.5,77.25,Amravati,76128533B63815467309300
21.5,77.5,Betul,76128533B82559220423608
21.5,77.75,Betul,76128533B82559220423608
21.5,78.0,Betul,76128533B82559220423608
21.5,78.25,Amravati,76128533B63815467309300
21.5,78.5,Nagpur,76128533B3026318797185
21.5,78.75,Chhindwara,76128533B70646408240587
21.5,79.0,Nagpur,76128533B3026318797185
21.5,79.25,Nagpur,76128533B3026318797185
21.5,79.5,Bhandara,76128533B14243635342908
21.5,79.75,Bhandara,76128533B14243635342908
21.5,80.0,Gondiya,76128533B76286653784168
21.5,80.25,Gondiya,76128533B76286653784168
21.5,80.5,Balaghat,76128533B66134271591289
21.5,80.75,Rajnandgaon,76128533B25020556592153
21.5,81.0,Rajnandgaon,76128533B25020556592153
21.5,81.25,Durg,76128533B15993411864574
21.5,81.5,Bemetra,76128533B73736605657091
21.5,81.75,Raipur,76128533B57691508962219
21.5,82.0,Baloda Bazar,76128533B54306414631532
21.5,82.25,Baloda Bazar,76128533B54306414631532
21.5,82.5,Baloda Bazar,76128533B54306414631532
21.5,82.75,Mahasamund,76128533B9759621355294
21.5,83.0,Raigarh,76128533B67018657649043
21.5,83.25,Raigarh,76128533B67018657649043
21.5,83.5,Bargarh,76128533B74482494441458
21.5,83.75,Bargarh,76128533B74482494441458
21.5,84.0,Sambalpur,76128533B84129562351919
21.5,84.25,Sambalpur,76128533B84129562351919
21.5,84.5,Debagarh,76128533B64749652826710
21.5,84.75,Debagarh,76128533B64749652826710
21.5,85.0,Debagarh,76128533B64749652826710
21.5,85.25,Anugul,76128533B60186573304899
21.5,85.5,Kendujhar,76128533B59504628511334
21.5,85.75,Kendujhar,76128533B59504628511334
21.5,86.0,Kendujhar,76128533B59504628511334
21.5,86.25,Mayurbhanj,76128533B34216851275023
21.5,86.5,Mayurbhanj,76128533B34216851275023
21.5,86.75,Baleshwar,76128533B81147724102706
21.5,87.0,Baleshwar,76128533B81147724102706
21.75,69.5,Porbandar,76128533B84417945851362
21.75,69.75,Porbandar,76128533B84417945851362
21.75,70.0,Porbandar,76128533B84417945851362
21.75,70.25,Rajkot,76128533B74992405432705
21.75,70.5,Rajkot,76128533B74992405432705
21.75,70.75,Rajkot,76128533B74992405432705
21.75,71.0,Rajkot,76128533B74992405432705
21.75,71.25,Amreli,76128533B43737470294384
21.75,71.5,Amreli,76128533B43737470294384
21.75,71.75,Bhavnagar,76128533B93450974047240
21.75,72.0,Bhavnagar,76128533B93450974047240
21.75,72.25,Bhavnagar,76128533B93450974047240
21.75,72.75,Bharuch,76128533B63599385776584
21.75,73.0,Bharuch,76128533B63599385776584
21.75,73.25,Bharuch,76128533B63599385776584
21.75,73.5,Narmada,76128533B46866455993508
21.75,73.75,Narmada,76128533B46866455993508
21.75,74.0,Nandurbar,76128533B61304308285665
21.75,74.25,Nandurbar,76128533B61304308285665
21.75,74.5,Nandurbar,76128533B61304308285665
21.75,74.75,Barwani,76128533B668165975951
21.75,75.0,Barwani,76128533B668165975951
21.75,75.25,Barwani,76128533B668165975951
21.75,75.5,Khargone (West Nimar),76128533B69481535535995
21.75,75.75,Khargone (West Nimar),76128533B69481535535995
21.75,76.0,Khargone (West Nimar),76128533B69481535535995
21.75,76.25,Khandwa (East Nimar),76128533B71271011331008
21.75,76.5,Khandwa (East Nimar),76128533B71271011331008
21.75,76.75,Khandwa (East Nimar),76128533B71271011331008
21.75,77.0,Khandwa (East Nimar),76128533B71271011331008
21.75,77.25,Betul,76128533B82559220423608
21.75,77.5,Betul,76128533B82559220423608
21.75,77.75,Betul,76128533B82559220423608
21.75,78.0,Betul,76128533B82559220423608
21.75,78.25,Betul,76128533B82559220423608
21.75,78.5,Chhindwara,76128533B70646408240587
21.75,78.75,Chhindwara,76128533B70646408240587
21.75,79.0,Chhindwara,76128533B70646408240587
21.75,79.25,Seoni,76128533B78482805703540
21.75,79.5,Seoni,76128533B78482805703540
21.75,79.75,Balaghat,76128533B66134271591289
21.75,80.0,Balaghat,76128533B66134271591289
21.75,80.25,Balaghat,76128533B66134271591289
21.75,80.5,Balaghat,76128533B66134271591289
21.75,80.75,Rajnandgaon,76128533B25020556592153
21.75,81.0,Kabeerdham,76128533B48077510234542
21.75,81.25,Kabeerdham,76128533B48077510234542
21.75,81.5,Bemetra,76128533B73736605657091
21.75,81.75,Baloda Bazar,76128533B54306414631532
21.75,82.0,Baloda Bazar,76128533B54306414631532
21.75,82.25,Bilaspur,76128533B81964529079574
21.75,82.5,Janjgir-Champa,76128533B6310527412636
21.75,82.75,Janjgir-Champa,76128533B6310527412636
21.75,83.0,Janjgir-Champa,76128533B6310527412636
21.75,83.25,Janjgir-Champa,76128533B6310527412636
21.75,83.5,Jharsuguda,76128533B93240759409313
21.75,83.75,Jharsuguda,76128533B93240759409313
21.75,84.0,Sambalpur,76128533B84129562351919
21.75,84.25,Sambalpur,76128533B84129562351919
21.75,84.5,Sambalpur,76128533B84129562351919
21.75,84.75,Sundargarh,76128533B6128685860104
21.75,85.0,Sundargarh,76128533B6128685860104
21.75,85.25,Kendujhar,76128533B59504628511334
21.75,85.5,Kendujhar,76128533B59504628511334
21.75,85.75,Kendujhar,76128533B59504628511334
21.75,86.0,Mayurbhanj,76128533B34216851275023
21.75,86.25,Mayurbhanj,76128533B34216851275023
21.75,86.5,Mayurbhanj,76128533B34216851275023
21.75,86.75,Mayurbhanj,76128533B34216851275023
21.75,87.0,Mayurbhanj,76128533B34216851275023
21.75,87.25,Baleshwar,76128533B81147724102706
21.75,87.5,Purba Medinipur,76128533B25373378863054
21.75,87.75,Purba Medinipur,76128533B25373378863054
21.75,88.25,South Twenty Four Parganas,76128533B2860535426345
21.75,88.5,South Twenty Four Parganas,76128533B2860535426345
21.75,88.75,South Twenty Four Parganas,76128533B2860535426345
21.75,89.0,South Twenty Four Parganas,76128533B2860535426345
22.0,69.25,Devbhumi Dwarka,76128533B74381554567803
22.0,69.5,Devbhumi Dwarka,76128533B74381554567803
22.0,69.75,Devbhumi Dwarka,76128533B74381554567803
22.0,70.0,Jamnagar,76128533B35205406647638
22.0,70.25,Jamnagar,76128533B35205406647638
22.0,70.5,Rajkot,76128533B74992405432705
22.0,70.75,Rajkot,76128533B74992405432705
22.0,71.0,Rajkot,76128533B74992405432705
22.0,71.25,Amreli,76128533B43737470294384
22.0,71.5,Batod,76128533B48885555323596
22.0,71.75,Bhavnagar,76128533B93450974047240
22.0,72.0,Bhavnagar,76128533B93450974047240
22.0,72.75,Bharuch,76128533B63599385776584
22.0,73.0,Bharuch,76128533B63599385776584
22.0,73.25,Vadodara,76128533B33151011563565
22.0,73.5,Vadodara,76128533B33151011563565
22.0,73.75,Chhota Udaipur,76128533B69417260894674
22.0,74.0,Chhota Udaipur,76128533B69417260894674
22.0,74.25,Alirajpur,76128533B35167844027544
22.0,74.5,Barwani,76128533B668165975951
22.0,74.75,Barwani,76128533B668165975951
22.0,75.0,Barwani,76128533B668165975951
22.0,75.25,Barwani,76128533B668165975951
22.0,75.5,Khargone (West Nimar),76128533B69481535535995
22.0,75.75,Khargone (West Nimar),76128533B69481535535995
22.0,76.0,Khargone (West Nimar),76128533B69481535535995
22.0,76.25,Khandwa (East Nimar),76128533B71271011331008
22.0,76.5,Khandwa (East Nimar),76128533B71271011331008
22.0,76.75,Khandwa (East Nimar),76128533B71271011331008
22.0,77.0,Harda,76128533B21179322085415
22.0,77.25,Harda,76128533B21179322085415
22.0,77.5,Betul,76128533B82559220423608
22.0,77.75,Betul,76128533B82559220423608
22.0,78.0,Betul,76128533B82559220423608
22.0,78.25,Betul,76128533B82559220423608
22.0,78.5,Chhindwara,76128533B70646408240587
22.0,78.75,Chhindwara,76128533B70646408240587
22.0,79.0,Chhindwara,76128533B70646408240587
22.0,79.25,Chhindwara,76128533B70646408240587
22.0,79.5,Seoni,76128533B78482805703540
22.0,79.75,Seoni,76128533B78482805703540
22.0,80.0,Balaghat,76128533B66134271591289
22.0,80.25,Balaghat,76128533B66134271591289
22.0,80.5,Balaghat,76128533B66134271591289
22.0,80.75,Balaghat,76128533B66134271591289
22.0,81.0,Kabeerdham,76128533B48077510234542
22.0,81.25,Kabeerdham,76128533B48077510234542
22.0,81.5,Bemetra,76128533B73736605657091
22.0,81.75,Mungeli,76128533B17292264941997
22.0,82.0,Bilaspur,76128533B81964529079574
22.0,82.25,Bilaspur,76128533B81964529079574
22.0,82.5,Janjgir-Champa,76128533B6310527412636
22.0,82.75,Janjgir-Champa,76128533B6310527412636
22.0,83.0,Janjgir-Champa,76128533B6310527412636
22.0,83.25,Raigarh,76128533B67018657649043
22.0,83.5,Raigarh,76128533B67018657649043
22.0,83.75,Sundargarh,76128533B6128685860104
22.0,84.0,Sundargarh,76128533B6128685860104
22.0,84.25,Sundargarh,76128533B6128685860104
22.0,84.5,Sambalpur,76128533B84129562351919
22.0,84.75,Sundargarh,76128533B6128685860104
22.0,85.0,Sundargarh,76128533B6128685860104
22.0,85.25,Kendujhar,76128533B59504628511334
22.0,85.5,Kendujhar,76128533B59504628511334
22.0,85.75,Mayurbhanj,76128533B34216851275023
22.0,86.0,Mayurbhanj,76128533B34216851275023
22.0,86.25,Mayurbhanj,76128533B34216851275023
22.0,86.5,Mayurbhanj,76128533B34216851275023
22.0,86.75,Mayurbhanj,76128533B34216851275023
22.0,87.0,Mayurbhanj,76128533B34216851275023
22.0,87.25,Paschim Medinipur,76128533B88812350838807
22.0,87.5,Purba Medinipur,76128533B25373378863054
22.0,87.75,Purba Medinipur,76128533B25373378863054
22.0,88.0,Purba Medinipur,76128533B25373378863054
22.0,88.25,South Twenty Four Parganas,76128533B2860535426345
22.0,88.5,South Twenty Four Parganas,76128533B2860535426345
22.0,88.75,South Twenty Four Parganas,76128533B2860535426345
22.0,89.0,South Twenty Four Parganas,76128533B2860535426345
22.0,93.0,Saiha,76128533B35468154415031
22.25,69.0,Devbhumi Dwarka,76128533B74381554567803
22.25,69.25,Devbhumi Dwarka,76128533B74381554567803
22.25,69.5,Devbhumi Dwarka,76128533B74381554567803
22.25,69.75,Devbhumi Dwarka,76128533B74381554567803
22.25,70.0,Jamnagar,76128533B35205406647638
22.25,70.25,Jamnagar,76128533B35205406647638
22.25,70.5,Jamnagar,76128533B35205406647638
22.25,70.75,Rajkot,76128533B74992405432705
22.25,71.0,Rajkot,76128533B74992405432705
22.25,71.25,Rajkot,76128533B74992405432705
22.25,71.5,Batod,76128533B48885555323596
22.25,71.75,Batod,76128533B48885555323596
22.25,72.0,Batod,76128533B48885555323596
22.25,72.25,Ahmadabad,76128533B93113981386565
22.25,72.75,Anand,76128533B69438085511257
22.25,73.0,Vadodara,76128533B33151011563565
22.25,73.25,Vadodara,76128533B33151011563565
22.25,73.5,Vadodara,76128533B33151011563565
22.25,73.75,Chhota Udaipur,76128533B69417260894674
22.25,74.0,Chhota Udaipur,76128533B69417260894674
22.25,74.25,Alirajpur,76128533B35167844027544
22.25,74.5,Alirajpur,76128533B35167844027544
22.25,74.75,Dhar,76128533B42880544505675
22.25,75.0,Dhar,76128533B42880544505675
22.25,75.25,Dhar,76128533B42880544505675
22.25,75.5,Dhar,76128533B42880544505675
22.25,75.75,Khargone (West Nimar),76128533B69481535535995
22.25,76.0,Khargone (West Nimar),76128533B69481535535995
22.25,76.25,Khandwa (East Nimar),76128533B71271011331008
22.25,76.5,Khandwa (East Nimar),76128533B71271011331008
22.25,76.75,Khandwa (East Nimar),76128533B71271011331008
22.25,77.0,Harda,76128533B21179322085415
22.25,77.25,Harda,76128533B21179322085415
22.25,77.5,Betul,76128533B82559220423608
22.25,77.75,Betul,76128533B82559220423608
22.25,78.0,Betul,76128533B82559220423608
22.25,78.25,Betul,76128533B82559220423608
22.25,78.5,Chhindwara,76128533B70646408240587
22.25,78.75,Chhindwara,76128533B70646408240587
22.25,79.0,Chhindwara,76128533B70646408240587
22.25,79.25,Chhindwara,76128533B70646408240587
22.25,79.5,Seoni,76128533B78482805703540
22.25,79.75,Seoni,76128533B78482805703540
22.25,80.0,Seoni,76128533B78482805703540
22.25,80.25,Balaghat,76128533B66134271591289
22.25,80.5,Balaghat,76128533B66134271591289
22.25,80.75,Balaghat,76128533B66134271591289
22.25,81.0,Balaghat,76128533B66134271591289
22.25,81.25,Kabeerdham,76128533B48077510234542
22.25,81.5,Kabeerdham,76128533B48077510234542
22.25,81.75,Mungeli,76128533B17292264941997
22.25,82.0,Bilaspur,76128533B81964529079574
22.25,82.25,Bilaspur,76128533B81964529079574
22.25,82.5,Korba,76128533B89438858641946
22.25,82.75,Korba,76128533B89438858641946
22.25,83.0,Korba,76128533B89438858641946
22.25,83.25,Raigarh,76128533B67018657649043
22.25,83.5,Raigarh,76128533B67018657649043
22.25,83.75,Raigarh,76128533B67018657649043
22.25,84.0,Sundargarh,76128533B6128685860104
22.25,84.25,Sundargarh,76128533B6128685860104
22.25,84.5,Sundargarh,76128533B6128685860104
22.25,84.75,Sundargarh,76128533B6128685860104
22.25,85.0,Sundargarh,76128533B6128685860104
22.25,85.25,Pashchimi Singhbhum,76128533B60893804631193
22.25,85.5,Pashchimi Singhbhum,76128533B60893804631193
22.25,85.75,Pashchimi Singhbhum,76128533B60893804631193
22.25,86.0,Mayurbhanj,76128533B34216851275023
22.25,86.25,Mayurbhanj,76128533B34216851275023
22.25,86.5,Mayurbhanj,76128533B34216851275023
22.25,86.75,Purbi Singhbhum,76128533B18931932305748
22.25,87.0,Jhargram,76128533B24861976740713
22.25,87.25,Paschim Medinipur,76128533B88812350838807
22.25,87.5,Paschim Medinipur,76128533B88812350838807
22.25,87.75,Purba Medinipur,76128533B25373378863054
22.25,88.0,Haora,76128533B22077262393417
22.25,88.25,South Twenty Four Parganas,76128533B2860535426345
22.25,88.5,South Twenty Four Parganas,76128533B2860535426345
22.25,88.75,South Twenty Four Parganas,76128533B2860535426345
22.25,89.0,North Twenty Four Parganas,76128533B93453964263910
22.25,92.75,Lawngtlai,76128533B70210707786180
22.25,93.0,Saiha,76128533B35468154415031
22.5,70.0,Jamnagar,76128533B35205406647638
22.5,70.25,Jamnagar,76128533B35205406647638
22.5,70.5,Jamnagar,76128533B35205406647638
22.5,70.75,Morbi,76128533B2080752988715
22.5,71.0,Morbi,76128533B2080752988715
22.5,71.25,Surendranagar,76128533B7851306475665
22.5,71.5,Surendranagar,76128533B7851306475665
22.5,71.75,Surendranagar,76128533B7851306475665
22.5,72.0,Ahmadabad,76128533B93113981386565
22.5,72.25,Ahmadabad,76128533B93113981386565
22.5,72.5,Anand,76128533B69438085511257
22.5,72.75,Anand,76128533B69438085511257
22.5,73.0,Anand,76128533B69438085511257
22.5,73.25,Vadodara,76128533B33151011563565
22.5,73.5,Panch Mahals,76128533B16476001647323
22.5,73.75,Chhota Udaipur,76128533B69417260894674
22.5,74.0,Chhota Udaipur,76128533B69417260894674
22.5,74.25,Alirajpur,76128533B35167844027544
22.5,74.5,Alirajpur,76128533B35167844027544
22.5,74.75,Dhar,76128533B42880544505675
22.5,75.0,Dhar,76128533B42880544505675
22.5,75.25,Dhar,76128533B42880544505675
22.5,75.5,Dhar,76128533B42880544505675
22.5,75.75,Indore,76128533B60360721573267
22.5,76.0,Indore,76128533B60360721573267
22.5,76.25,Dewas,76128533B53549946596470
22.5,76.5,Dewas,76128533B53549946596470
22.5,76.75,Dewas,76128533B53549946596470
22.5,77.0,Dewas,76128533B53549946596470
22.5,77.25,Harda,76128533B21179322085415
22.5,77.5,Hoshangabad,76128533B45314020251888
22.5,77.75,Hoshangabad,76128533B45314020251888
22.5,78.0,Hoshangabad,76128533B45314020251888
22.5,78.25,Hoshangabad,76128533B45314020251888
22.5,78.5,Hoshangabad,76128533B45314020251888
22.5,78.75,Chhindwara,76128533B70646408240587
22.5,79.0,Chhindwara,76128533B70646408240587
22.5,79.25,Chhindwara,76128533B70646408240587
22.5,79.5,Seoni,76128533B78482805703540
22.5,79.75,Seoni,76128533B78482805703540
22.5,80.0,Seoni,76128533B78482805703540
22.5,80.25,Mandla,76128533B79087524886024
22.5,80.5,Mandla,76128533B79087524886024
22.5,80.75,Mandla,76128533B79087524886024
22.5,81.0,Mandla,76128533B79087524886024
22.5,81.25,Dindori,76128533B20502827346807
22.5,81.5,Mungeli,76128533B17292264941997
22.5,81.75,Mungeli,76128533B17292264941997
22.5,82.0,Bilaspur,76128533B81964529079574
22.5,82.25,Korba,76128533B89438858641946
22.5,82.5,Korba,76128533B89438858641946
22.5,82.75,Korba,76128533B89438858641946
22.5,83.0,Korba,76128533B89438858641946
22.5,83.25,Raigarh,76128533B67018657649043
22.5,83.5,Jashpur,76128533B53609934827566
22.5,83.75,Jashpur,76128533B53609934827566
22.5,84.0,Sundargarh,76128533B6128685860104
22.5,84.25,Simdega,76128533B15601995412161
22.5,84.5,Simdega,76128533B15601995412161
22.5,84.75,Simdega,76128533B15601995412161
22.5,85.0,Simdega,76128533B15601995412161
22.5,85.25,Pashchimi Singhbhum,76128533B60893804631193
22.5,85.5,Pashchimi Singhbhum,76128533B60893804631193
22.5,85.75,Pashchimi Singhbhum,76128533B60893804631193
22.5,86.0,Mayurbhanj,76128533B34216851275023
22.5,86.25,Purbi Singhbhum,76128533B18931932305748
22.5,86.5,Purbi Singhbhum,76128533B18931932305748
22.5,86.75,Purbi Singhbhum,76128533B18931932305748
22.5,87.0,Jhargram,76128533B24861976740713
22.5,87.25,Paschim Medinipur,76128533B88812350838807
22.5,87.5,Paschim Medinipur,76128533B88812350838807
22.5,87.75,Paschim Medinipur,76128533B88812350838807
22.5,88.0,Haora,76128533B22077262393417
22.5,88.25,South Twenty Four Parganas,76128533B2860535426345
22.5,88.5,South Twenty Four Parganas,76128533B2860535426345
22.5,88.75,North Twenty Four Parganas,76128533B93453964263910
22.5,92.75,Lawngtlai,76128533B70210707786180
22.5,93.0,Saiha,76128533B35468154415031
22.75,70.5,Jamnagar,76128533B35205406647638
22.75,70.75,Morbi,76128533B2080752988715
22.75,71.0,Morbi,76128533B2080752988715
22.75,71.25,Surendranagar,76128533B7851306475665
22.75,71.5,Surendranagar,76128533B7851306475665
22.75,71.75,Surendranagar,76128533B7851306475665
22.75,72.0,Surendranagar,76128533B7851306475665
22.75,72.25,Ahmadabad,76128533B93113981386565
22.75,72.5,Ahmadabad,76128533B93113981386565
22.75,72.75,Kheda,76128533B39046535416628
22.75,73.0,Kheda,76128533B39046535416628
22.75,73.25,Kheda,76128533B39046535416628
22.75,73.5,Panch Mahals,76128533B16476001647323
22.75,73.75,Panch Mahals,76128533B16476001647323
22.75,74.0,Dohad,76128533B70576899889534
22.75,74.25,Dohad,76128533B70576899889534
22.75,74.5,Jhabua,76128533B67004768724668
22.75,74.75,Jhabua,76128533B67004768724668
22.75,75.0,Dhar,76128533B42880544505675
22.75,75.25,Dhar,76128533B42880544505675
22.75,75.5,Indore,76128533B60360721573267
22.75,75.75,Indore,76128533B60360721573267
22.75,76.0,Indore,76128533B60360721573267
22.75,76.25,Dewas,76128533B53549946596470
22.75,76.5,Dewas,76128533B53549946596470
22.75,76.75,Dewas,76128533B53549946596470
22.75,77.0,Dewas,76128533B53549946596470
22.75,77.25,Sehore,76128533B39959897010345
22.75,77.5,Sehore,76128533B39959897010345
22.75,77.75,Hoshangabad,76128533B45314020251888
22.75,78.0,Hoshangabad,76128533B45314020251888
22.75,78.25,Hoshangabad,76128533B45314020251888
22.75,78.5,Hoshangabad,76128533B45314020251888
22.75,78.75,Narsimhapur,76128533B20683890392439
22.75,79.0,Narsimhapur,76128533B20683890392439
22.75,79.25,Narsimhapur,76128533B20683890392439
22.75,79.5,Narsimhapur,76128533B20683890392439
22.75,79.75,Seoni,76128533B78482805703540
22.75,80.0,Seoni,76128533B78482805703540
22.75,80.25,Seoni,76128533B78482805703540
22.75,80.5,Mandla,76128533B79087524886024
22.75,80.75,Mandla,76128533B79087524886024
22.75,81.0,Dindori,76128533B20502827346807
22.75,81.25,Dindori,76128533B20502827346807
22.75,81.5,Anuppur,76128533B25468964623139
22.75,81.75,Anuppur,76128533B25468964623139
22.75,82.0,Gaurella Pendra Marwahi,76128533B38203190611533
22.75,82.25,Korba,76128533B89438858641946
22.75,82.5,Korba,76128533B89438858641946
22.75,82.75,Korba,76128533B89438858641946
22.75,83.0,Surguja,76128533B52487813780503
22.75,83.25,Raigarh,76128533B67018657649043
22.75,83.5,Surguja,76128533B52487813780503
22.75,83.75,Jashpur,76128533B53609934827566
22.75,84.0,Jashpur,76128533B53609934827566
22.75,84.25,Simdega,76128533B15601995412161
22.75,84.5,Simdega,76128533B15601995412161
22.75,84.75,Simdega,76128533B15601995412161
22.75,85.0,Simdega,76128533B15601995412161
22.75,85.25,Pashchimi Singhbhum,76128533B60893804631193
22.75,85.5,Pashchimi Singhbhum,76128533B60893804631193
22.75,85.75,Saraikela-Kharsawan,76128533B50275440439236
22.75,86.0,Saraikela-Kharsawan,76128533B50275440439236
22.75,86.25,Purbi Singhbhum,76128533B18931932305748
22.75,86.5,Puruliya,76128533B16811573188243
22.75,86.75,Bankura,76128533B20752885472650
22.75,87.0,Bankura,76128533B20752885472650
22.75,87.25,Paschim Medinipur,76128533B88812350838807
22.75,87.5,Paschim Medinipur,76128533B88812350838807
22.75,87.75,Hugli,76128533B81857725777974
22.75,88.0,Haora,76128533B22077262393417
22.75,88.25,Hugli,76128533B81857725777974
22.75,88.5,North Twenty Four Parganas,76128533B93453964263910
22.75,88.75,North Twenty Four Parganas,76128533B93453964263910
22.75,92.5,Lunglei,76128533B97836280165555
22.75,92.75,Lunglei,76128533B97836280165555
22.75,93.0,Lawngtlai,76128533B70210707786180
23.0,69.0,Kachchh,76128533B91881382098572
23.0,69.25,Kachchh,76128533B91881382098572
23.0,69.5,Kachchh,76128533B91881382098572
23.0,69.75,Kachchh,76128533B91881382098572
23.0,70.0,Kachchh,76128533B91881382098572
23.0,70.25,Kachchh,76128533B91881382098572
23.0,70.5,Kachchh,76128533B91881382098572
23.0,70.75,Morbi,76128533B2080752988715
23.0,71.0,Morbi,76128533B2080752988715
23.0,71.25,Morbi,76128533B2080752988715
23.0,71.5,Surendranagar,76128533B7851306475665
23.0,71.75,Surendranagar,76128533B7851306475665
23.0,72.0,Surendranagar,76128533B7851306475665
23.0,72.25,Ahmadabad,76128533B93113981386565
23.0,72.5,Ahmadabad,76128533B93113981386565
23.0,72.75,Ahmadabad,76128533B93113981386565
23.0,73.0,Kheda,76128533B39046535416628
23.0,73.25,Kheda,76128533B39046535416628
23.0,73.5,Mahisagar,76128533B49615943426842
23.0,73.75,Panch Mahals,76128533B16476001647323
23.0,74.0,Dohad,76128533B70576899889534
23.0,74.25,Dohad,76128533B70576899889534
23.0,74.5,Jhabua,76128533B67004768724668
23.0,74.75,Jhabua,76128533B67004768724668
23.0,75.0,Jhabua,76128533B67004768724668
23.0,75.25,Dhar,76128533B42880544505675
23.0,75.5,Ujjain,76128533B89286042589317
23.0,75.75,Indore,76128533B60360721573267
23.0,76.0,Dewas,76128533B53549946596470
23.0,76.25,Dewas,76128533B53549946596470
23.0,76.5,Sehore,76128533B39959897010345
23.0,76.75,Sehore,76128533B39959897010345
23.0,77.0,Sehore,76128533B39959897010345
23.0,77.25,Sehore,76128533B39959897010345
23.0,77.5,Raisen,76128533B57893545331548
23.0,77.75,Raisen,76128533B57893545331548
23.0,78.0,Raisen,76128533B57893545331548
23.0,78.25,Raisen,76128533B57893545331548
23.0,78.5,Narsimhapur,76128533B20683890392439
23.0,78.75,Narsimhapur,76128533B20683890392439
23.0,79.0,Narsimhapur,76128533B20683890392439
23.0,79.25,Narsimhapur,76128533B20683890392439
23.0,79.5,Narsimhapur,76128533B20683890392439
23.0,79.75,Jabalpur,76128533B27615708126939
23.0,80.0,Mandla,76128533B79087524886024
23.0,80.25,Mandla,76128533B79087524886024
23.0,80.5,Mandla,76128533B79087524886024
23.0,80.75,Dindori,76128533B20502827346807
23.0,81.0,Dindori,76128533B20502827346807
23.0,81.25,Anuppur,76128533B25468964623139
23.0,81.5,Anuppur,76128533B25468964623139
23.0,81.75,Anuppur,76128533B25468964623139
23.0,82.0,Gaurella Pendra Marwahi,76128533B38203190611533
23.0,82.25,Koriya,76128533B1621599562140
23.0,82.5,Koriya,76128533B1621599562140
23.0,82.75,Surguja,76128533B52487813780503
23.0,83.0,Surguja,76128533B52487813780503
23.0,83.25,Surguja,76128533B52487813780503
23.0,83.5,Surguja,76128533B52487813780503
23.0,83.75,Jashpur,76128533B53609934827566
23.0,84.0,Jashpur,76128533B53609934827566
23.0,84.25,Gumla,76128533B80916614857890
23.0,84.5,Gumla,76128533B80916614857890
23.0,84.75,Gumla,76128533B80916614857890
23.0,85.0,Khunti,76128533B27414563922025
23.0,85.25,Khunti,76128533B27414563922025
23.0,85.5,Khunti,76128533B27414563922025
23.0,85.75,Ranchi,76128533B71439508543442
23.0,86.0,Saraikela-Kharsawan,76128533B50275440439236
23.0,86.25,Puruliya,76128533B16811573188243
23.0,86.5,Puruliya,76128533B16811573188243
23.0,86.75,Bankura,76128533B20752885472650
23.0,87.0,Bankura,76128533B20752885472650
23.0,87.25,Bankura,76128533B20752885472650
23.0,87.5,Bankura,76128533B20752885472650
23.0,87.75,Barddhaman,76128533B59121537940607
23.0,88.0,Barddhaman,76128533B59121537940607
23.0,88.25,Hugli,76128533B81857725777974
23.0,88.5,Nadia,76128533B71390118115414
23.0,88.75,North Twenty Four Parganas,76128533B93453964263910
23.0,92.5,Lunglei,76128533B97836280165555
23.0,92.75,Lunglei,76128533B97836280165555
23.0,93.0,Hnahthial,76128533B64903504311414
23.25,68.75,Kachchh,76128533B91881382098572
23.25,69.0,Kachchh,76128533B91881382098572
23.25,69.25,Kachchh,76128533B91881382098572
23.25,69.5,Kachchh,76128533B91881382098572
23.25,69.75,Kachchh,76128533B91881382098572
23.25,70.0,Kachchh,76128533B91881382098572
23.25,70.25,Kachchh,76128533B91881382098572
23.25,70.5,Kachchh,76128533B91881382098572
23.25,70.75,Kachchh,76128533B91881382098572
23.25,71.0,Kachchh,76128533B91881382098572
23.25,71.25,Kachchh,76128533B91881382098572
23.25,71.5,Kachchh,76128533B91881382098572
23.25,71.75,Surendranagar,76128533B7851306475665
23.25,72.0,Surendranagar,76128533B7851306475665
23.25,72.25,Mahesana,76128533B81661995166840
23.25,72.5,Gandhinagar,76128533B7606365706860
23.25,72.75,Gandhinagar,76128533B7606365706860
23.25,73.0,Aravali,76128533B62153454383166
23.25,73.25,Aravali,76128533B62153454383166
23.25,73.5,Mahisagar,76128533B49615943426842
23.25,73.75,Mahisagar,76128533B49615943426842
23.25,74.0,Dohad,76128533B70576899889534
23.25,74.25,Banswara,76128533B96584288929219
23.25,74.5,Banswara,76128533B96584288929219
23.25,74.75,Ratlam,76128533B19341883513630
23.25,75.0,Ratlam,76128533B19341883513630
23.25,75.25,Ratlam,76128533B19341883513630
23.25,75.5,Ujjain,76128533B89286042589317
23.25,75.75,Ujjain,76128533B89286042589317
23.25,76.0,Ujjain,76128533B89286042589317
23.25,76.25,Shajapur,76128533B30477486088156
23.25,76.5,Shajapur,76128533B30477486088156
23.25,76.75,Shajapur,76128533B30477486088156
23.25,77.0,Sehore,76128533B39959897010345
23.25,77.25,Bhopal,76128533B22439249004073
23.25,77.5,Bhopal,76128533B22439249004073
23.25,77.75,Raisen,76128533B57893545331548
23.25,78.0,Raisen,76128533B57893545331548
23.25,78.25,Raisen,76128533B57893545331548
23.25,78.5,Raisen,76128533B57893545331548
23.25,78.75,Raisen,76128533B57893545331548
23.25,79.0,Sagar,76128533B30447764775083
23.25,79.25,Damoh,76128533B44250373880839
23.25,79.5,Jabalpur,76128533B27615708126939
23.25,79.75,Jabalpur,76128533B27615708126939
23.25,80.0,Jabalpur,76128533B27615708126939
23.25,80.25,Jabalpur,76128533B27615708126939
23.25,80.5,Jabalpur,76128533B27615708126939
23.25,80.75,Umaria,76128533B4466876522971
23.25,81.0,Umaria,76128533B4466876522971
23.25,81.25,Umaria,76128533B4466876522971
23.25,81.5,Shahdol,76128533B79303776608295
23.25,81.75,Shahdol,76128533B79303776608295
23.25,82.0,Anuppur,76128533B25468964623139
23.25,82.25,Koriya,76128533B1621599562140
23.25,82.5,Koriya,76128533B1621599562140
23.25,82.75,Koriya,76128533B1621599562140
23.25,83.0,Surajpur,76128533B46979893461805
23.25,83.25,Balrampur,76128533B14598081584747
23.25,83.5,Balrampur,76128533B14598081584747
23.25,83.75,Balrampur,76128533B14598081584747
23.25,84.0,Balrampur,76128533B14598081584747
23.25,84.25,Gumla,76128533B80916614857890
23.25,84.5,Gumla,76128533B80916614857890
23.25,84.75,Gumla,76128533B80916614857890
23.25,85.0,Ranchi,76128533B71439508543442
23.25,85.25,Ranchi,76128533B71439508543442
23.25,85.5,Ranchi,76128533B71439508543442
23.25,85.75,Ranchi,76128533B71439508543442
23.25,86.0,Puruliya,76128533B16811573188243
23.25,86.25,Puruliya,76128533B16811573188243
23.25,86.5,Puruliya,76128533B16811573188243
23.25,86.75,Puruliya,76128533B16811573188243
23.25,87.0,Bankura,76128533B20752885472650
23.25,87.25,Bankura,76128533B20752885472650
23.25,87.5,Bankura,76128533B20752885472650
23.25,87.75,Barddhaman,76128533B59121537940607
23.25,88.0,Barddhaman,76128533B59121537940607
23.25,88.25,Barddhaman,76128533B59121537940607
23.25,88.5,Nadia,76128533B71390118115414
23.25,91.5,South Tripura,76128533B67748245133340
23.25,91.75,Gomati,76128533B94126463611805
23.25,92.5,Lunglei,76128533B97836280165555
23.25,92.75,Serchhip,76128533B49456368048033
23.25,93.0,Serchhip,76128533B49456368048033
23.25,93.25,Champhai,76128533B39039541714099
23.5,68.75,Kachchh,76128533B91881382098572
23.5,69.0,Kachchh,76128533B91881382098572
23.5,69.25,Kachchh,76128533B91881382098572
23.5,69.5,Kachchh,76128533B91881382098572
23.5,69.75,Kachchh,76128533B91881382098572
23.5,70.0,Kachchh,76128533B91881382098572
23.5,70.25,Kachchh,76128533B91881382098572
23.5,70.5,Kachchh,76128533B91881382098572
23.5,70.75,Kachchh,76128533B91881382098572
23.5,71.0,Kachchh,76128533B91881382098572
23.5,71.25,Kachchh,76128533B91881382098572
23.5,71.5,Kachchh,76128533B91881382098572
23.5,71.75,Patan,76128533B42839853072341
23.5,72.0,Surendranagar,76128533B7851306475665
23.5,72.25,Mahesana,76128533B81661995166840
23.5,72.5,Mahesana,76128533B81661995166840
23.5,72.75,Gandhinagar,76128533B7606365706860
23.5,73.0,Sabar Kantha,76128533B35129325000613
23.5,73.25,Aravali,76128533B62153454383166
23.5,73.5,Aravali,76128533B62153454383166
23.5,73.75,Dungarpur,76128533B12079567451207
23.5,74.0,Dungarpur,76128533B12079567451207
23.5,74.25,Banswara,76128533B96584288929219
23.5,74.5,Banswara,76128533B96584288929219
23.5,74.75,Ratlam,76128533B19341883513630
23.5,75.0,Ratlam,76128533B19341883513630
23.5,75.25,Ujjain,76128533B89286042589317
23.5,75.5,Ujjain,76128533B89286042589317
23.5,75.75,Ujjain,76128533B89286042589317
23.5,76.0,Ujjain,76128533B89286042589317
23.5,76.25,Shajapur,76128533B30477486088156
23.5,76.5,Shajapur,76128533B30477486088156
23.5,76.75,Rajgarh,76128533B28521131010314
23.5,77.0,Rajgarh,76128533B28521131010314
23.5,77.25,Sehore,76128533B39959897010345
23.5,77.5,Bhopal,76128533B22439249004073
23.5,77.75,Raisen,76128533B57893545331548
23.5,78.0,Vidisha,76128533B64834018186186
23.5,78.25,Raisen,76128533B57893545331548
23.5,78.5,Raisen,76128533B57893545331548
23.5,78.75,Sagar,76128533B30447764775083
23.5,79.0,Sagar,76128533B30447764775083
23.5,79.25,Sagar,76128533B30447764775083
23.5,79.5,Damoh,76128533B44250373880839
23.5,79.75,Damoh,76128533B44250373880839
23.5,80.0,Jabalpur,76128533B27615708126939
23.5,80.25,Katni,76128533B16674973717653
23.5,80.5,Katni,76128533B16674973717653
23.5,80.75,Umaria,76128533B4466876522971
23.5,81.0,Umaria,76128533B4466876522971
23.5,81.25,Umaria,76128533B4466876522971
23.5,81.5,Shahdol,76128533B79303776608295
23.5,81.75,Shahdol,76128533B79303776608295
23.5,82.0,Koriya,76128533B1621599562140
23.5,82.25,Koriya,76128533B1621599562140
23.5,82.5,Koriya,76128533B1621599562140
23.5,82.75,Balrampur,76128533B14598081584747
23.5,83.0,Surajpur,76128533B46979893461805
23.5,83.25,Surajpur,76128533B46979893461805
23.5,83.5,Balrampur,76128533B14598081584747
23.5,83.75,Balrampur,76128533B14598081584747
23.5,84.0,Balrampur,76128533B14598081584747
23.5,84.25,Latehar,76128533B35143550659673
23.5,84.5,Lohardaga,76128533B35439951183692
23.5,84.75,Lohardaga,76128533B35439951183692
23.5,85.0,Ranchi,76128533B71439508543442
23.5,85.25,Ranchi,76128533B71439508543442
23.5,85.5,Ranchi,76128533B71439508543442
23.5,85.75,Ramgarh,76128533B79263581040575
23.5,86.0,Bokaro,76128533B30016122738302
23.5,86.25,Bokaro,76128533B30016122738302
23.5,86.5,Puruliya,76128533B16811573188243
23.5,86.75,Puruliya,76128533B16811573188243
23.5,87.0,Bankura,76128533B20752885472650
23.5,87.25,Bankura,76128533B20752885472650
23.5,87.5,Barddhaman,76128533B59121537940607
23.5,87.75,Barddhaman,76128533B59121537940607
23.5,88.0,Barddhaman,76128533B59121537940607
23.5,88.25,Barddhaman,76128533B59121537940607
23.5,88.5,Nadia,76128533B71390118115414
23.5,91.25,Sipahijula,76128533B43965372582859
23.5,91.5,Gomati,76128533B94126463611805
23.5,91.75,Gomati,76128533B94126463611805
23.5,92.5,Mamit,76128533B77336742344288
23.5,92.75,Aizawl,76128533B34203923268864
23.5,93.0,Aizawl,76128533B34203923268864
23.5,93.25,Khawzawl,76128533B41321006511827
23.75,68.25,Kachchh,76128533B91881382098572
23.75,68.5,Kachchh,76128533B91881382098572
23.75,68.75,Kachchh,76128533B91881382098572
23.75,69.0,Kachchh,76128533B91881382098572
23.75,69.25,Kachchh,76128533B91881382098572
23.75,69.5,Kachchh,76128533B91881382098572
23.75,69.75,Kachchh,76128533B91881382098572
23.75,70.0,Kachchh,76128533B91881382098572
23.75,70.25,Kachchh,76128533B91881382098572
23.75,70.5,Kachchh,76128533B91881382098572
23.75,70.75,Kachchh,76128533B91881382098572
23.75,71.0,Kachchh,76128533B91881382098572
23.75,71.25,Kachchh,76128533B91881382098572
23.75,71.5,Patan,76128533B42839853072341
23.75,71.75,Patan,76128533B42839853072341
23.75,72.0,Patan,76128533B42839853072341
23.75,72.25,Patan,76128533B42839853072341
23.75,72.5,Mahesana,76128533B81661995166840
23.75,72.75,Mahesana,76128533B81661995166840
23.75,73.0,Sabar Kantha,76128533B35129325000613
23.75,73.25,Aravali,76128533B62153454383166
23.75,73.5,Dungarpur,76128533B12079567451207
23.75,73.75,Dungarpur,76128533B12079567451207
23.75,74.0,Dungarpur,76128533B12079567451207
23.75,74.25,Banswara,76128533B96584288929219
23.75,74.5,Banswara,76128533B96584288929219
23.75,74.75,Pratapgarh,76128533B50613523798301
23.75,75.0,Ratlam,76128533B19341883513630
23.75,75.25,Ratlam,76128533B19341883513630
23.75,75.5,Ratlam,76128533B19341883513630
23.75,75.75,Agar,76128533B29721759389119
23.75,76.0,Agar,76128533B29721759389119
23.75,76.25,Agar,76128533B29721759389119
23.75,76.5,Rajgarh,76128533B28521131010314
23.75,76.75,Rajgarh,76128533B28521131010314
23.75,77.0,Rajgarh,76128533B28521131010314
23.75,77.25,Bhopal,76128533B22439249004073
23.75,77.5,Bhopal,76128533B22439249004073
23.75,77.75,Vidisha,76128533B64834018186186
23.75,78.0,Vidisha,76128533B64834018186186
23.75,78.25,Vidisha,76128533B64834018186186
23.75,78.5,Sagar,76128533B30447764775083
23.75,78.75,Sagar,76128533B30447764775083
23.75,79.0,Sagar,76128533B30447764775083
23.75,79.25,Sagar,76128533B30447764775083
23.75,79.5,Damoh,76128533B44250373880839
23.75,79.75,Damoh,76128533B44250373880839
23.75,80.0,Katni,76128533B16674973717653
23.75,80.25,Katni,76128533B16674973717653
23.75,80.5,Katni,76128533B16674973717653
23.75,80.75,Katni,76128533B16674973717653
23.75,81.0,Umaria,76128533B4466876522971
23.75,81.25,Shahdol,76128533B79303776608295
23.75,81.5,Shahdol,76128533B79303776608295
23.75,81.75,Koriya,76128533B1621599562140
23.75,82.0,Koriya,76128533B1621599562140
23.75,82.25,Koriya,76128533B1621599562140
23.75,82.5,Koriya,76128533B1621599562140
23.75,82.75,Balrampur,76128533B14598081584747
23.75,83.0,Surajpur,76128533B46979893461805
23.75,83.25,Balrampur,76128533B14598081584747
23.75,83.5,Balrampur,76128533B14598081584747
23.75,83.75,Garhwa,76128533B12294379827032
23.75,84.0,Latehar,76128533B35143550659673
23.75,84.25,Latehar,76128533B35143550659673
23.75,84.5,Latehar,76128533B35143550659673
23.75,84.75,Latehar,76128533B35143550659673
23.75,85.0,Chatra,76128533B44632955875385
23.75,85.25,Hazaribagh,76128533B1222571856670
23.75,85.5,Ramgarh,76128533B79263581040575
23.75,85.75,Bokaro,76128533B30016122738302
23.75,86.0,Bokaro,76128533B30016122738302
23.75,86.25,Dhanbad,76128533B94847743365739
23.75,86.5,Dhanbad,76128533B94847743365739
23.75,86.75,Dhanbad,76128533B94847743365739
23.75,87.0,Paschim Barddhaman,76128533B60845263086042
23.75,87.25,Birbhum,76128533B53366745705922
23.75,87.5,Birbhum,76128533B53366745705922
23.75,87.75,Birbhum,76128533B53366745705922
23.75,88.0,Barddhaman,76128533B59121537940607
23.75,88.25,Nadia,76128533B71390118115414
23.75,88.5,Nadia,76128533B71390118115414
23.75,91.25,West Tripura,76128533B97225684979956
23.75,91.5,West Tripura,76128533B97225684979956
23.75,91.75,Khowai,76128533B67044589012853
23.75,92.0,Dhalai,76128533B42970684683247
23.75,92.25,North Tripura,76128533B77134386587213
23.75,92.5,Mamit,76128533B77336742344288
23.75,92.75,Aizawl,76128533B34203923268864
23.75,93.0,Aizawl,76128533B34203923268864
23.75,93.25,Saitual,76128533B62486414019241
24.0,69.0,Kachchh,76128533B91881382098572
24.0,69.25,Kachchh,76128533B91881382098572
24.0,69.5,Kachchh,76128533B91881382098572
24.0,69.75,Kachchh,76128533B91881382098572
24.0,70.0,Kachchh,76128533B91881382098572
24.0,70.25,Kachchh,76128533B91881382098572
24.0,70.5,Kachchh,76128533B91881382098572
24.0,70.75,Kachchh,76128533B91881382098572
24.0,71.0,Kachchh,76128533B91881382098572
24.0,71.25,Kachchh,76128533B91881382098572
24.0,71.5,Banas Kantha,76128533B52902360321344
24.0,71.75,Banas Kantha,76128533B52902360321344
24.0,72.0,Banas Kantha,76128533B52902360321344
24.0,72.25,Patan,76128533B42839853072341
24.0,72.5,Banas Kantha,76128533B52902360321344
24.0,72.75,Mahesana,76128533B81661995166840
24.0,73.0,Sabar Kantha,76128533B35129325000613
24.0,73.25,Sabar Kantha,76128533B35129325000613
24.0,73.5,Udaipur,76128533B37392223136185
24.0,73.75,Udaipur,76128533B37392223136185
24.0,74.0,Udaipur,76128533B37392223136185
24.0,74.25,Udaipur,76128533B37392223136185
24.0,74.5,Pratapgarh,76128533B50613523798301
24.0,74.75,Pratapgarh,76128533B50613523798301
24.0,75.0,Mandsaur,76128533B25679991785711
24.0,75.25,Mandsaur,76128533B25679991785711
24.0,75.5,Jhalawar,76128533B91943656836526
24.0,75.75,Mandsaur,76128533B25679991785711
24.0,76.0,Agar,76128533B29721759389119
24.0,76.25,Agar,76128533B29721759389119
24.0,76.5,Rajgarh,76128533B28521131010314
24.0,76.75,Rajgarh,76128533B28521131010314
24.0,77.0,Rajgarh,76128533B28521131010314
24.0,77.25,Guna,76128533B79048012717121
24.0,77.5,Vidisha,76128533B64834018186186
24.0,77.75,Vidisha,76128533B64834018186186
24.0,78.0,Vidisha,76128533B64834018186186
24.0,78.25,Vidisha,76128533B64834018186186
24.0,78.5,Sagar,76128533B30447764775083
24.0,78.75,Sagar,76128533B30447764775083
24.0,79.0,Sagar,76128533B30447764775083
24.0,79.25,Damoh,76128533B44250373880839
24.0,79.5,Damoh,76128533B44250373880839
24.0,79.75,Damoh,76128533B44250373880839
24.0,80.0,Panna,76128533B81607600692021
24.0,80.25,Panna,76128533B81607600692021
24.0,80.5,Katni,76128533B16674973717653
24.0,80.75,Katni,76128533B16674973717653
24.0,81.0,Umaria,76128533B4466876522971
24.0,81.25,Shahdol,76128533B79303776608295
24.0,81.5,Shahdol,76128533B79303776608295
24.0,81.75,Sidhi,76128533B53791014455989
24.0,82.0,Sidhi,76128533B53791014455989
24.0,82.25,Singrauli,76128533B50014751336341
24.0,82.5,Singrauli,76128533B50014751336341
24.0,82.75,Singrauli,76128533B50014751336341
24.0,83.0,Sonbhadra,76128533B52058654769647
24.0,83.25,Balrampur,76128533B14598081584747
24.0,83.5,Balrampur,76128533B14598081584747
24.0,83.75,Garhwa,76128533B12294379827032
24.0,84.0,Palamu,76128533B6050540865870
24.0,84.25,Palamu,76128533B6050540865870
24.0,84.5,Palamu,76128533B6050540865870
24.0,84.75,Chatra,76128533B44632955875385
24.0,85.0,Chatra,76128533B44632955875385
24.0,85.25,Hazaribagh,76128533B1222571856670
24.0,85.5,Hazaribagh,76128533B1222571856670
24.0,85.75,Hazaribagh,76128533B1222571856670
24.0,86.0,Giridih,76128533B75529869544465
24.0,86.25,Giridih,76128533B75529869544465
24.0,86.5,Dhanbad,76128533B94847743365739
24.0,86.75,Jamtara,76128533B17261532861377
24.0,87.0,Jamtara,76128533B17261532861377
24.0,87.25,Jamtara,76128533B17261532861377
24.0,87.5,Birbhum,76128533B53366745705922
24.0,87.75,Birbhum,76128533B53366745705922
24.0,88.0,Murshidabad,76128533B51402332870635
24.0,88.25,Murshidabad,76128533B51402332870635
24.0,88.5,Murshidabad,76128533B51402332870635
24.0,88.75,Nadia,76128533B71390118115414
24.0,91.5,West Tripura,76128533B97225684979956
24.0,91.75,Khowai,76128533B67044589012853
24.0,92.0,Dhalai,76128533B42970684683247
24.0,92.25,North Tripura,76128533B77134386587213
24.0,92.5,Mamit,76128533B77336742344288
24.0,92.75,Kolasib,76128533B38141181853016
24.0,93.0,Saitual,76128533B62486414019241
24.0,93.25,Saitual,76128533B62486414019241
24.0,93.5,Churachandpur,76128533B50969226102213
24.0,94.0,Chandel,76128533B59855617266389
24.25,69.25,Kachchh,76128533B91881382098572
24.25,69.5,Kachchh,76128533B91881382098572
24.25,70.25,Kachchh,76128533B91881382098572
24.25,70.5,Kachchh,76128533B91881382098572
24.25,71.0,Kachchh,76128533B91881382098572
24.25,71.25,Kachchh,76128533B91881382098572
24.25,71.5,Banas Kantha,76128533B52902360321344
24.25,71.75,Banas Kantha,76128533B52902360321344
24.25,72.0,Banas Kantha,76128533B52902360321344
24.25,72.25,Banas Kantha,76128533B52902360321344
24.25,72.5,Banas Kantha,76128533B52902360321344
24.25,72.75,Banas Kantha,76128533B52902360321344
24.25,73.0,Banas Kantha,76128533B52902360321344
24.25,73.25,Udaipur,76128533B37392223136185
24.25,73.5,Udaipur,76128533B37392223136185
24.25,73.75,Udaipur,76128533B37392223136185
24.25,74.0,Udaipur,76128533B37392223136185
24.25,74.25,Udaipur,76128533B37392223136185
24.25,74.5,Pratapgarh,76128533B50613523798301
24.25,74.75,Pratapgarh,76128533B50613523798301
24.25,75.0,Mandsaur,76128533B25679991785711
24.25,75.25,Mandsaur,76128533B25679991785711
24.25,75.5,Mandsaur,76128533B25679991785711
24.25,75.75,Mandsaur,76128533B25679991785711
24.25,76.0,Jhalawar,76128533B91943656836526
24.25,76.25,Jhalawar,76128533B91943656836526
24.25,76.5,Jhalawar,76128533B91943656836526
24.25,76.75,Jhalawar,76128533B91943656836526
24.25,77.0,Guna,76128533B79048012717121
24.25,77.25,Guna,76128533B79048012717121
24.25,77.5,Vidisha,76128533B64834018186186
24.25,77.75,Vidisha,76128533B64834018186186
24.25,78.0,Ashoknagar,76128533B75548370501185
24.25,78.25,Sagar,76128533B30447764775083
24.25,78.5,Sagar,76128533B30447764775083
24.25,78.75,Lalitpur,76128533B59256192226816
24.25,79.0,Sagar,76128533B30447764775083
24.25,79.25,Chhatarpur,76128533B42922918567330
24.25,79.5,Damoh,76128533B44250373880839
24.25,79.75,Damoh,76128533B44250373880839
24.25,80.0,Panna,76128533B81607600692021
24.25,80.25,Panna,76128533B81607600692021
24.25,80.5,Panna,76128533B81607600692021
24.25,80.75,Satna,76128533B39705008578419
24.25,81.0,Satna,76128533B39705008578419
24.25,81.25,Satna,76128533B39705008578419
24.25,81.5,Sidhi,76128533B53791014455989
24.25,81.75,Sidhi,76128533B53791014455989
24.25,82.0,Singrauli,76128533B50014751336341
24.25,82.25,Singrauli,76128533B50014751336341
24.25,82.5,Singrauli,76128533B50014751336341
24.25,82.75,Singrauli,76128533B50014751336341
24.25,83.0,Sonbhadra,76128533B52058654769647
24.25,83.25,Sonbhadra,76128533B52058654769647
24.25,83.5,Garhwa,76128533B12294379827032
24.25,83.75,Garhwa,76128533B12294379827032
24.25,84.0,Palamu,76128533B6050540865870
24.25,84.25,Palamu,76128533B6050540865870
24.25,84.5,Chatra,76128533B44632955875385
24.25,84.75,Chatra,76128533B44632955875385
24.25,85.0,Chatra,76128533B44632955875385
24.25,85.25,Chatra,76128533B44632955875385
24.25,85.5,Hazaribagh,76128533B1222571856670
24.25,85.75,Hazaribagh,76128533B1222571856670
24.25,86.0,Giridih,76128533B75529869544465
24.25,86.25,Giridih,76128533B75529869544465
24.25,86.5,Deoghar,76128533B90068096507942
24.25,86.75,Deoghar,76128533B90068096507942
24.25,87.0,Deoghar,76128533B90068096507942
24.25,87.25,Dumka,76128533B18802630191461
24.25,87.5,Dumka,76128533B18802630191461
24.25,87.75,Birbhum,76128533B53366745705922
24.25,88.0,Birbhum,76128533B53366745705922
24.25,88.25,Murshidabad,76128533B51402332870635
24.25,88.5,Murshidabad,76128533B51402332870635
24.25,92.0,Unokoti,76128533B4720703924950
24.25,92.25,Karimganj,76128533B23092176497025
24.25,92.5,Hailakandi,76128533B16749627383755
24.25,92.75,Kolasib,76128533B38141181853016
24.25,93.0,Aizawl,76128533B34203923268864
24.25,93.25,Pherzawl,76128533B71254158898830
24.25,93.5,Churachandpur,76128533B50969226102213
24.25,93.75,Churachandpur,76128533B50969226102213
24.25,94.0,Chandel,76128533B59855617266389
24.25,94.25,Tengnoupal,76128533B61831576863813
24.5,71.25,Kachchh,76128533B91881382098572
24.5,71.5,Banas Kantha,76128533B52902360321344
24.5,71.75,Banas Kantha,76128533B52902360321344
24.5,72.0,Banas Kantha,76128533B52902360321344
24.5,72.25,Banas Kantha,76128533B52902360321344
24.5,72.5,Sirohi,76128533B49867917697487
24.5,72.75,Sirohi,76128533B49867917697487
24.5,73.0,Sirohi,76128533B49867917697487
24.5,73.25,Udaipur,76128533B37392223136185
24.5,73.5,Udaipur,76128533B37392223136185
24.5,73.75,Udaipur,76128533B37392223136185
24.5,74.0,Udaipur,76128533B37392223136185
24.5,74.25,Chittaurgarh,76128533B58527154065354
24.5,74.5,Chittaurgarh,76128533B58527154065354
24.5,74.75,Neemuch,76128533B77191913035963
24.5,75.0,Neemuch,76128533B77191913035963
24.5,75.25,Neemuch,76128533B77191913035963
24.5,75.5,Neemuch,76128533B77191913035963
24.5,75.75,Mandsaur,76128533B25679991785711
24.5,76.0,Jhalawar,76128533B91943656836526
24.5,76.25,Jhalawar,76128533B91943656836526
24.5,76.5,Jhalawar,76128533B91943656836526
24.5,76.75,Baran,76128533B98308664713511
24.5,77.0,Baran,76128533B98308664713511
24.5,77.25,Guna,76128533B79048012717121
24.5,77.5,Ashoknagar,76128533B75548370501185
24.5,77.75,Ashoknagar,76128533B75548370501185
24.5,78.0,Ashoknagar,76128533B75548370501185
24.5,78.25,Lalitpur,76128533B59256192226816
24.5,78.5,Lalitpur,76128533B59256192226816
24.5,78.75,Lalitpur,76128533B59256192226816
24.5,79.0,Tikamgarh,76128533B1566053393466
24.5,79.25,Chhatarpur,76128533B42922918567330
24.5,79.5,Chhatarpur,76128533B42922918567330
24.5,79.75,Chhatarpur,76128533B42922918567330
24.5,80.0,Panna,76128533B81607600692021
24.5,80.25,Panna,76128533B81607600692021
24.5,80.5,Satna,76128533B39705008578419
24.5,80.75,Satna,76128533B39705008578419
24.5,81.0,Satna,76128533B39705008578419
24.5,81.25,Rewa,76128533B31161316175613
24.5,81.5,Rewa,76128533B31161316175613
24.5,81.75,Rewa,76128533B31161316175613
24.5,82.0,Sidhi,76128533B53791014455989
24.5,82.25,Sidhi,76128533B53791014455989
24.5,82.5,Singrauli,76128533B50014751336341
24.5,82.75,Sonbhadra,76128533B52058654769647
24.5,83.0,Sonbhadra,76128533B52058654769647
24.5,83.25,Sonbhadra,76128533B52058654769647
24.5,83.5,Garhwa,76128533B12294379827032
24.5,83.75,Garhwa,76128533B12294379827032
24.5,84.0,Palamu,76128533B6050540865870
24.5,84.25,Palamu,76128533B6050540865870
24.5,84.5,Gaya,76128533B91871300208785
24.5,84.75,Gaya,76128533B91871300208785
24.5,85.0,Gaya,76128533B91871300208785
24.5,85.25,Gaya,76128533B91871300208785
24.5,85.5,Kodarma,76128533B43180268042348
24.5,85.75,Kodarma,76128533B43180268042348
24.5,86.0,Giridih,76128533B75529869544465
24.5,86.25,Giridih,76128533B75529869544465
24.5,86.5,Jamui,76128533B16781044866906
24.5,86.75,Deoghar,76128533B90068096507942
24.5,87.0,Dumka,76128533B18802630191461
24.5,87.25,Dumka,76128533B18802630191461
24.5,87.5,Dumka,76128533B18802630191461
24.5,87.75,Pakur,76128533B45381195840581
24.5,88.0,Murshidabad,76128533B51402332870635
24.5,92.25,Karimganj,76128533B23092176497025
24.5,92.5,Karimganj,76128533B23092176497025
24.5,92.75,Hailakandi,76128533B16749627383755
24.5,93.0,Cachar,76128533B26964150246712
24.5,93.25,Pherzawl,76128533B71254158898830
24.5,93.5,Churachandpur,76128533B50969226102213
24.5,93.75,Bishnupur,76128533B14403163214152
24.5,94.0,Kakching,76128533B82279368215419
24.5,94.25,Tengnoupal,76128533B61831576863813
24.75,71.25,Barmer,76128533B75922461866405
24.75,71.5,Jalor,76128533B59459156188335
24.75,71.75,Jalor,76128533B59459156188335
24.75,72.0,Jalor,76128533B59459156188335
24.75,72.25,Jalor,76128533B59459156188335
24.75,72.5,Sirohi,76128533B49867917697487
24.75,72.75,Sirohi,76128533B49867917697487
24.75,73.0,Sirohi,76128533B49867917697487
24.75,73.25,Udaipur,76128533B37392223136185
24.75,73.5,Udaipur,76128533B37392223136185
24.75,73.75,Rajsamand,76128533B11082155919544
24.75,74.0,Udaipur,76128533B37392223136185
24.75,74.25,Chittaurgarh,76128533B58527154065354
24.75,74.5,Chittaurgarh,76128533B58527154065354
24.75,74.75,Chittaurgarh,76128533B58527154065354
24.75,75.0,Neemuch,76128533B77191913035963
24.75,75.25,Chittaurgarh,76128533B58527154065354
24.75,75.5,Chittaurgarh,76128533B58527154065354
24.75,75.75,Mandsaur,76128533B25679991785711
24.75,76.0,Kota,76128533B74447895476194
24.75,76.25,Jhalawar,76128533B91943656836526
24.75,76.5,Baran,76128533B98308664713511
24.75,76.75,Baran,76128533B98308664713511
24.75,77.0,Guna,76128533B79048012717121
24.75,77.25,Guna,76128533B79048012717121
24.75,77.5,Guna,76128533B79048012717121
24.75,77.75,Ashoknagar,76128533B75548370501185
24.75,78.0,Ashoknagar,76128533B75548370501185
24.75,78.25,Lalitpur,76128533B59256192226816
24.75,78.5,Lalitpur,76128533B59256192226816
24.75,78.75,Lalitpur,76128533B59256192226816
24.75,79.0,Tikamgarh,76128533B1566053393466
24.75,79.25,Tikamgarh,76128533B1566053393466
24.75,79.5,Chhatarpur,76128533B42922918567330
24.75,79.75,Chhatarpur,76128533B42922918567330
24.75,80.0,Chhatarpur,76128533B42922918567330
24.75,80.25,Panna,76128533B81607600692021
24.75,80.5,Satna,76128533B39705008578419
24.75,80.75,Satna,76128533B39705008578419
24.75,81.0,Satna,76128533B39705008578419
24.75,81.25,Rewa,76128533B31161316175613
24.75,81.5,Rewa,76128533B31161316175613
24.75,81.75,Rewa,76128533B31161316175613
24.75,82.0,Rewa,76128533B31161316175613
24.75,82.25,Rewa,76128533B31161316175613
24.75,82.5,Mirzapur,76128533B18243475101734
24.75,82.75,Sonbhadra,76128533B52058654769647
24.75,83.0,Sonbhadra,76128533B52058654769647
24.75,83.25,Chandauli,76128533B13673614951516
24.75,83.5,Kaimur (Bhabua),76128533B78904410352326
24.75,83.75,Kaimur (Bhabua),76128533B78904410352326
24.75,84.0,Rohtas,76128533B33458049385696
24.75,84.25,Aurangabad,76128533B21485639457044
24.75,84.5,Aurangabad,76128533B21485639457044
24.75,84.75,Gaya,76128533B91871300208785
24.75,85.0,Gaya,76128533B91871300208785
24.75,85.25,Gaya,76128533B91871300208785
24.75,85.5,Nawada,76128533B36625800127334
24.75,85.75,Kodarma,76128533B43180268042348
24.75,86.0,Giridih,76128533B75529869544465
24.75,86.25,Jamui,76128533B16781044866906
24.75,86.5,Jamui,76128533B16781044866906
24.75,86.75,Banka,76128533B54517225652088
24.75,87.0,Banka,76128533B54517225652088
24.75,87.25,Godda,76128533B58697472287618
24.75,87.5,Pakur,76128533B45381195840581
24.75,87.75,Pakur,76128533B45381195840581
24.75,88.0,Maldah,76128533B36734405131975
24.75,92.5,Karimganj,76128533B23092176497025
24.75,92.75,Cachar,76128533B26964150246712
24.75,93.0,Cachar,76128533B26964150246712
24.75,93.25,Tamenglong,76128533B11421856387892
24.75,93.5,Noney,76128533B36594996191182
24.75,93.75,Kangpokpi,76128533B56326354019534
24.75,94.0,Kangpokpi,76128533B56326354019534
24.75,94.25,Kamjong,76128533B66815680293072
24.75,94.5,Kamjong,76128533B66815680293072
25.0,71.0,Barmer,76128533B75922461866405
25.0,71.25,Barmer,76128533B75922461866405
25.0,71.5,Jalor,76128533B59459156188335
25.0,71.75,Jalor,76128533B59459156188335
25.0,72.0,Jalor,76128533B59459156188335
25.0,72.25,Jalor,76128533B59459156188335
25.0,72.5,Jalor,76128533B59459156188335
25.0,72.75,Sirohi,76128533B49867917697487
25.0,73.0,Sirohi,76128533B49867917697487
25.0,73.25,Pali,76128533B9783509419210
25.0,73.5,Udaipur,76128533B37392223136185
25.0,73.75,Rajsamand,76128533B11082155919544
25.0,74.0,Rajsamand,76128533B11082155919544
25.0,74.25,Rajsamand,76128533B11082155919544
25.0,74.5,Chittaurgarh,76128533B58527154065354
25.0,74.75,Chittaurgarh,76128533B58527154065354
25.0,75.0,Chittaurgarh,76128533B58527154065354
25.0,75.25,Neemuch,76128533B77191913035963
25.0,75.5,Chittaurgarh,76128533B58527154065354
25.0,75.75,Kota,76128533B74447895476194
25.0,76.0,Kota,76128533B74447895476194
25.0,76.25,Kota,76128533B74447895476194
25.0,76.5,Baran,76128533B98308664713511
25.0,76.75,Baran,76128533B98308664713511
25.0,77.0,Guna,76128533B79048012717121
25.0,77.25,Guna,76128533B79048012717121
25.0,77.5,Shivpuri,76128533B66335428496945
25.0,77.75,Shivpuri,76128533B66335428496945
25.0,78.0,Shivpuri,76128533B66335428496945
25.0,78.25,Shivpuri,76128533B66335428496945
25.0,78.5,Lalitpur,76128533B59256192226816
25.0,78.75,Tikamgarh,76128533B1566053393466
25.0,79.0,Tikamgarh,76128533B1566053393466
25.0,79.25,Tikamgarh,76128533B1566053393466
25.0,79.5,Chhatarpur,76128533B42922918567330
25.0,79.75,Chhatarpur,76128533B42922918567330
25.0,80.0,Chhatarpur,76128533B42922918567330
25.0,80.25,Panna,76128533B81607600692021
25.0,80.5,Satna,76128533B39705008578419
25.0,80.75,Satna,76128533B39705008578419
25.0,81.0,Chitrakoot,76128533B53725063754801
25.0,81.25,Rewa,76128533B31161316175613
25.0,81.5,Rewa,76128533B31161316175613
25.0,81.75,Rewa,76128533B31161316175613
25.0,82.0,Allahabad,76128533B51368558457506
25.0,82.25,Allahabad,76128533B51368558457506
25.0,82.5,Mirzapur,76128533B18243475101734
25.0,82.75,Mirzapur,76128533B18243475101734
25.0,83.0,Mirzapur,76128533B18243475101734
25.0,83.25,Chandauli,76128533B13673614951516
25.0,83.5,Kaimur (Bhabua),76128533B78904410352326
25.0,83.75,Kaimur (Bhabua),76128533B78904410352326
25.0,84.0,Rohtas,76128533B33458049385696
25.0,84.25,Rohtas,76128533B33458049385696
25.0,84.5,Aurangabad,76128533B21485639457044
25.0,84.75,Aurangabad,76128533B21485639457044
25.0,85.0,Gaya,76128533B91871300208785
25.0,85.25,Gaya,76128533B91871300208785
25.0,85.5,Nawada,76128533B36625800127334
25.0,85.75,Nawada,76128533B36625800127334
25.0,86.0,Lakhisarai,76128533B98985252129882
25.0,86.25,Jamui,76128533B16781044866906
25.0,86.5,Munger,76128533B40868676647207
25.0,86.75,Banka,76128533B54517225652088
25.0,87.0,Banka,76128533B54517225652088
25.0,87.25,Godda,76128533B58697472287618
25.0,87.5,Sahibganj,76128533B49805675626253
25.0,87.75,Sahibganj,76128533B49805675626253
25.0,88.0,Maldah,76128533B36734405131975
25.0,88.25,Maldah,76128533B36734405131975
25.0,92.5,Cachar,76128533B26964150246712
25.0,92.75,Cachar,76128533B26964150246712
25.0,93.0,Cachar,76128533B26964150246712
25.0,93.25,Dima Hasao,76128533B66125202864966
25.0,93.5,Tamenglong,76128533B11421856387892
25.0,93.75,Tamenglong,76128533B11421856387892
25.0,94.0,Kangpokpi,76128533B56326354019534
25.0,94.25,Ukhrul,76128533B44190672061408
25.0,94.5,Kamjong,76128533B66815680293072
25.25,71.0,Barmer,76128533B75922461866405
25.25,71.25,Barmer,76128533B75922461866405
25.25,71.5,Barmer,76128533B75922461866405
25.25,71.75,Barmer,76128533B75922461866405
25.25,72.0,Jalor,76128533B59459156188335
25.25,72.25,Jalor,76128533B59459156188335
25.25,72.5,Jalor,76128533B59459156188335
25.25,72.75,Jalor,76128533B59459156188335
25.25,73.0,Pali,76128533B9783509419210
25.25,73.25,Pali,76128533B9783509419210
25.25,73.5,Pali,76128533B9783509419210
25.25,73.75,Rajsamand,76128533B11082155919544
25.25,74.0,Rajsamand,76128533B11082155919544
25.25,74.25,Bhilwara,76128533B93441663686573
25.25,74.5,Bhilwara,76128533B93441663686573
25.25,74.75,Bhilwara,76128533B93441663686573
25.25,75.0,Bhilwara,76128533B93441663686573
25.25,75.25,Bhilwara,76128533B93441663686573
25.25,75.5,Bundi,76128533B69412164931619
25.25,75.75,Bundi,76128533B69412164931619
25.25,76.0,Bundi,76128533B69412164931619
25.25,76.25,Kota,76128533B74447895476194
25.25,76.5,Baran,76128533B98308664713511
25.25,76.75,Baran,76128533B98308664713511
25.25,77.0,Baran,76128533B98308664713511
25.25,77.25,Baran,76128533B98308664713511
25.25,77.5,Shivpuri,76128533B66335428496945
25.25,77.75,Shivpuri,76128533B66335428496945
25.25,78.0,Shivpuri,76128533B66335428496945
25.25,78.25,Shivpuri,76128533B66335428496945
25.25,78.5,Jhansi,76128533B66072086060089
25.25,78.75,Niwari,76128533B38767180038480
25.25,79.0,Tikamgarh,76128533B1566053393466
25.25,79.25,Jhansi,76128533B66072086060089
25.25,79.5,Mahoba,76128533B11083100419963
25.25,79.75,Mahoba,76128533B11083100419963
25.25,80.0,Chhatarpur,76128533B42922918567330
25.25,80.25,Chhatarpur,76128533B42922918567330
25.25,80.5,Banda,76128533B45099378029175
25.25,80.75,Banda,76128533B45099378029175
25.25,81.0,Chitrakoot,76128533B53725063754801
25.25,81.25,Chitrakoot,76128533B53725063754801
25.25,81.5,Chitrakoot,76128533B53725063754801
25.25,81.75,Allahabad,76128533B51368558457506
25.25,82.0,Allahabad,76128533B51368558457506
25.25,82.25,Sant Ravidas Nagar (Bhadohi),76128533B87515288456202
25.25,82.5,Sant Ravidas Nagar (Bhadohi),76128533B87515288456202
25.25,82.75,Varanasi,76128533B7622369120497
25.25,83.0,Varanasi,76128533B7622369120497
25.25,83.25,Chandauli,76128533B13673614951516
25.25,83.5,Kaimur (Bhabua),76128533B78904410352326
25.25,83.75,Kaimur (Bhabua),76128533B78904410352326
25.25,84.0,Rohtas,76128533B33458049385696
25.25,84.25,Rohtas,76128533B33458049385696
25.25,84.5,Bhojpur,76128533B66426066081507
25.25,84.75,Arwal,76128533B45623818137574
25.25,85.0,Jehanabad,76128533B24101991435637
25.25,85.25,Nalanda,76128533B51363853289247
25.25,85.5,Nalanda,76128533B51363853289247
25.25,85.75,Sheikhpura,76128533B29672216830072
25.25,86.0,Lakhisarai,76128533B98985252129882
25.25,86.25,Lakhisarai,76128533B98985252129882
25.25,86.5,Munger,76128533B40868676647207
25.25,86.75,Bhagalpur,76128533B83462627230182
25.25,87.0,Bhagalpur,76128533B83462627230182
25.25,87.25,Bhagalpur,76128533B83462627230182
25.25,87.5,Sahibganj,76128533B49805675626253
25.25,87.75,Sahibganj,76128533B49805675626253
25.25,88.0,Maldah,76128533B36734405131975
25.25,88.25,Maldah,76128533B36734405131975
25.25,88.5,Dakshin Dinajpur,76128533B43049220506604
25.25,88.75,Dakshin Dinajpur,76128533B43049220506604
25.25,90.25,West Garo Hills,76128533B96195300293897
25.25,90.5,South Garo Hills,76128533B79750857313751
25.25,90.75,South Garo Hills,76128533B79750857313751
25.25,91.0,South West Khasi Hills,76128533B27102120636500
25.25,91.25,South West Khasi Hills,76128533B27102120636500
25.25,91.5,East Khasi Hills,76128533B49246671500878
25.25,91.75,East Khasi Hills,76128533B49246671500878
25.25,92.0,West Jaintia Hills,76128533B84622469201834
25.25,92.25,East Jaintia Hills,76128533B70185077694103
25.25,92.5,East Jaintia Hills,76128533B70185077694103
25.25,92.75,East Jaintia Hills,76128533B70185077694103
25.25,93.0,Dima Hasao,76128533B66125202864966
25.25,93.25,Dima Hasao,76128533B66125202864966
25.25,93.5,Peren,76128533B2970909480221
25.25,93.75,Tamenglong,76128533B11421856387892
25.25,94.0,Kangpokpi,76128533B56326354019534
25.25,94.25,Senapati,76128533B95642877176862
25.25,94.5,Ukhrul,76128533B44190672061408
25.5,70.75,Barmer,76128533B75922461866405
25.5,71.0,Barmer,76128533B75922461866405
25.5,71.25,Barmer,76128533B75922461866405
25.5,71.5,Barmer,76128533B75922461866405
25.5,71.75,Barmer,76128533B75922461866405
25.5,72.0,Barmer,76128533B75922461866405
25.5,72.25,Barmer,76128533B75922461866405
25.5,72.5,Barmer,76128533B75922461866405
25.5,72.75,Jalor,76128533B59459156188335
25.5,73.0,Jalor,76128533B59459156188335
25.5,73.25,Pali,76128533B9783509419210
25.5,73.5,Pali,76128533B9783509419210
25.5,73.75,Pali,76128533B9783509419210
25.5,74.0,Rajsamand,76128533B11082155919544
25.5,74.25,Bhilwara,76128533B93441663686573
25.5,74.5,Bhilwara,76128533B93441663686573
25.5,74.75,Bhilwara,76128533B93441663686573
25.5,75.0,Bhilwara,76128533B93441663686573
25.5,75.25,Bhilwara,76128533B93441663686573
25.5,75.5,Bundi,76128533B69412164931619
25.5,75.75,Bundi,76128533B69412164931619
25.5,76.0,Bundi,76128533B69412164931619
25.5,76.25,Kota,76128533B74447895476194
25.5,76.5,Kota,76128533B74447895476194
25.5,76.75,Sheopur,76128533B82240600990321
25.5,77.0,Sheopur,76128533B82240600990321
25.5,77.25,Shivpuri,76128533B66335428496945
25.5,77.5,Shivpuri,76128533B66335428496945
25.5,77.75,Shivpuri,76128533B66335428496945
25.5,78.0,Shivpuri,76128533B66335428496945
25.5,78.25,Shivpuri,76128533B66335428496945
25.5,78.5,Jhansi,76128533B66072086060089
25.5,78.75,Jhansi,76128533B66072086060089
25.5,79.0,Jhansi,76128533B66072086060089
25.5,79.25,Jhansi,76128533B66072086060089
25.5,79.5,Hamirpur,76128533B27201270098470
25.5,79.75,Mahoba,76128533B11083100419963
25.5,80.0,Mahoba,76128533B11083100419963
25.5,80.25,Banda,76128533B45099378029175
25.5,80.5,Banda,76128533B45099378029175
25.5,80.75,Banda,76128533B45099378029175
25.5,81.0,Banda,76128533B45099378029175
25.5,81.25,Fatehpur,76128533B7124697440629
25.5,81.5,Kaushambi,76128533B98420041301261
25.5,81.75,Allahabad,76128533B51368558457506
25.5,82.0,Allahabad,76128533B51368558457506
25.5,82.25,Allahabad,76128533B51368558457506
25.5,82.5,Jaunpur,76128533B64732849735713
25.5,82.75,Varanasi,76128533B7622369120497
25.5,83.0,Varanasi,76128533B7622369120497
25.5,83.25,Chandauli,76128533B13673614951516
25.5,83.5,Ghazipur,76128533B49460554954204
25.5,83.75,Ghazipur,76128533B49460554954204
25.5,84.0,Buxar,76128533B12244320360965
25.5,84.25,Buxar,76128533B12244320360965
25.5,84.5,Bhojpur,76128533B66426066081507
25.5,84.75,Bhojpur,76128533B66426066081507
25.5,85.0,Patna,76128533B60721316645780
25.5,85.25,Patna,76128533B60721316645780
25.5,85.5,Patna,76128533B60721316645780
25.5,85.75,Patna,76128533B60721316645780
25.5,86.0,Begusarai,76128533B5855800361016
25.5,86.25,Begusarai,76128533B5855800361016
25.5,86.5,Khagaria,76128533B78970756356546
25.5,86.75,Khagaria,76128533B78970756356546
25.5,87.0,Madhepura,76128533B29293163114565
25.5,87.25,Katihar,76128533B27432148084533
25.5,87.5,Katihar,76128533B27432148084533
25.5,87.75,Katihar,76128533B27432148084533
25.5,88.0,Katihar,76128533B27432148084533
25.5,88.25,Uttar Dinajpur,76128533B7157007143985
25.5,88.5,Dakshin Dinajpur,76128533B43049220506604
25.5,90.0,South West Garo Hills,76128533B52906466328910
25.5,90.25,West Garo Hills,76128533B96195300293897
25.5,90.5,East Garo Hills,76128533B40535123096970
25.5,90.75,East Garo Hills,76128533B40535123096970
25.5,91.0,West Khasi Hills,76128533B42153891534463
25.5,91.25,West Khasi Hills,76128533B42153891534463
25.5,91.5,West Khasi Hills,76128533B42153891534463
25.5,91.75,East Khasi Hills,76128533B49246671500878
25.5,92.0,East Khasi Hills,76128533B49246671500878
25.5,92.25,West Jaintia Hills,76128533B84622469201834
25.5,92.5,West Jaintia Hills,76128533B84622469201834
25.5,92.75,Dima Hasao,76128533B66125202864966
25.5,93.0,Dima Hasao,76128533B66125202864966
25.5,93.25,Dima Hasao,76128533B66125202864966
25.5,93.5,Peren,76128533B2970909480221
25.5,93.75,Peren,76128533B2970909480221
25.5,94.0,Senapati,76128533B95642877176862
25.5,94.25,Phek,76128533B13733639953372
25.5,94.5,Ukhrul,76128533B44190672061408
25.5,94.75,Phek,76128533B13733639953372
25.75,70.5,Barmer,76128533B75922461866405
25.75,70.75,Barmer,76128533B75922461866405
25.75,71.0,Barmer,76128533B75922461866405
25.75,71.25,Barmer,76128533B75922461866405
25.75,71.5,Barmer,76128533B75922461866405
25.75,71.75,Barmer,76128533B75922461866405
25.75,72.0,Barmer,76128533B75922461866405
25.75,72.25,Barmer,76128533B75922461866405
25.75,72.5,Barmer,76128533B75922461866405
25.75,72.75,Jalor,76128533B59459156188335
25.75,73.0,Pali,76128533B9783509419210
25.75,73.25,Pali,76128533B9783509419210
25.75,73.5,Pali,76128533B9783509419210
25.75,73.75,Pali,76128533B9783509419210
25.75,74.0,Ajmer,76128533B60180372390230
25.75,74.25,Bhilwara,76128533B93441663686573
25.75,74.5,Bhilwara,76128533B93441663686573
25.75,74.75,Bhilwara,76128533B93441663686573
25.75,75.0,Bhilwara,76128533B93441663686573
25.75,75.25,Ajmer,76128533B60180372390230
25.75,75.5,Tonk,76128533B54301724756864
25.75,75.75,Bundi,76128533B69412164931619
25.75,76.0,Bundi,76128533B69412164931619
25.75,76.25,Bundi,76128533B69412164931619
25.75,76.5,Kota,76128533B74447895476194
25.75,76.75,Sheopur,76128533B82240600990321
25.75,77.0,Sheopur,76128533B82240600990321
25.75,77.25,Sheopur,76128533B82240600990321
25.75,77.5,Shivpuri,76128533B66335428496945
25.75,77.75,Shivpuri,76128533B66335428496945
25.75,78.0,Shivpuri,76128533B66335428496945
25.75,78.25,Shivpuri,76128533B66335428496945
25.75,78.5,Datia,76128533B80958502091898
25.75,78.75,Datia,76128533B80958502091898
25.75,79.0,Jhansi,76128533B66072086060089
25.75,79.25,Jhansi,76128533B66072086060089
25.75,79.5,Hamirpur,76128533B27201270098470
25.75,79.75,Hamirpur,76128533B27201270098470
25.75,80.0,Hamirpur,76128533B27201270098470
25.75,80.25,Hamirpur,76128533B27201270098470
25.75,80.5,Banda,76128533B45099378029175
25.75,80.75,Fatehpur,76128533B7124697440629
25.75,81.0,Fatehpur,76128533B7124697440629
25.75,81.25,Kaushambi,76128533B98420041301261
25.75,81.5,Pratapgarh,76128533B20647769792365
25.75,81.75,Pratapgarh,76128533B20647769792365
25.75,82.0,Pratapgarh,76128533B20647769792365
25.75,82.25,Jaunpur,76128533B64732849735713
25.75,82.5,Jaunpur,76128533B64732849735713
25.75,82.75,Jaunpur,76128533B64732849735713
25.75,83.0,Azamgarh,76128533B73925919155567
25.75,83.25,Ghazipur,76128533B49460554954204
25.75,83.5,Ghazipur,76128533B49460554954204
25.75,83.75,Ghazipur,76128533B49460554954204
25.75,84.0,Ballia,76128533B73769926250842
25.75,84.25,Ballia,76128533B73769926250842
25.75,84.5,Ballia,76128533B73769926250842
25.75,84.75,Saran,76128533B19903856317609
25.75,85.0,Saran,76128533B19903856317609
25.75,85.25,Vaishali,76128533B91445917652173
25.75,85.5,Vaishali,76128533B91445917652173
25.75,85.75,Samastipur,76128533B66790149147330
25.75,86.0,Samastipur,76128533B66790149147330
25.75,86.25,Samastipur,76128533B66790149147330
25.75,86.5,Saharsa,76128533B24755983727265
25.75,86.75,Saharsa,76128533B24755983727265
25.75,87.0,Madhepura,76128533B29293163114565
25.75,87.25,Purnia,76128533B32499449492865
25.75,87.5,Purnia,76128533B32499449492865
25.75,87.75,Katihar,76128533B27432148084533
25.75,88.0,Uttar Dinajpur,76128533B7157007143985
25.75,88.25,Uttar Dinajpur,76128533B7157007143985
25.75,90.0,West Garo Hills,76128533B96195300293897
25.75,90.25,West Garo Hills,76128533B96195300293897
25.75,90.5,East Garo Hills,76128533B40535123096970
25.75,90.75,East Garo Hills,76128533B40535123096970
25.75,91.0,West Khasi Hills,76128533B42153891534463
25.75,91.25,Kamrup,76128533B66682530790248
25.75,91.5,West Khasi Hills,76128533B42153891534463
25.75,91.75,West Khasi Hills,76128533B42153891534463
25.75,92.0,Ribhoi,76128533B70570208114113
25.75,92.25,Karbi Anglong West,76128533B57995625790051
25.75,92.5,Karbi Anglong West,76128533B57995625790051
25.75,92.75,Karbi Anglong West,76128533B57995625790051
25.75,93.0,Dima Hasao,76128533B66125202864966
25.75,93.25,Karbi Anglong East,76128533B38548995376745
25.75,93.5,Karbi Anglong East,76128533B38548995376745
25.75,93.75,Dimapur,76128533B85747247216737
25.75,94.0,Kohima,76128533B53671786151110
25.75,94.25,Kohima,76128533B53671786151110
25.75,94.5,Phek,76128533B13733639953372
25.75,94.75,Phek,76128533B13733639953372
25.75,95.0,Kiphire,76128533B49100243723360
26.0,70.25,Barmer,76128533B75922461866405
26.0,70.5,Barmer,76128533B75922461866405
26.0,70.75,Barmer,76128533B75922461866405
26.0,71.0,Barmer,76128533B75922461866405
26.0,71.25,Barmer,76128533B75922461866405
26.0,71.5,Barmer,76128533B75922461866405
26.0,71.75,Barmer,76128533B75922461866405
26.0,72.0,Barmer,76128533B75922461866405
26.0,72.25,Barmer,76128533B75922461866405
26.0,72.5,Barmer,76128533B75922461866405
26.0,72.75,Jodhpur,76128533B84094142280102
26.0,73.0,Jodhpur,76128533B84094142280102
26.0,73.25,Pali,76128533B9783509419210
26.0,73.5,Pali,76128533B9783509419210
26.0,73.75,Pali,76128533B9783509419210
26.0,74.0,Pali,76128533B9783509419210
26.0,74.25,Ajmer,76128533B60180372390230
26.0,74.5,Ajmer,76128533B60180372390230
26.0,74.75,Ajmer,76128533B60180372390230
26.0,75.0,Ajmer,76128533B60180372390230
26.0,75.25,Ajmer,76128533B60180372390230
26.0,75.5,Tonk,76128533B54301724756864
26.0,75.75,Tonk,76128533B54301724756864
26.0,76.0,Tonk,76128533B54301724756864
26.0,76.25,Tonk,76128533B54301724756864
26.0,76.5,Sawai Madhopur,76128533B28138828116492
26.0,76.75,Sawai Madhopur,76128533B28138828116492
26.0,77.0,Sheopur,76128533B82240600990321
26.0,77.25,Sheopur,76128533B82240600990321
26.0,77.5,Sheopur,76128533B82240600990321
26.0,77.75,Gwalior,76128533B90551733723251
26.0,78.0,Gwalior,76128533B90551733723251
26.0,78.25,Gwalior,76128533B90551733723251
26.0,78.5,Gwalior,76128533B90551733723251
26.0,78.75,Datia,76128533B80958502091898
26.0,79.0,Jalaun,76128533B15835290978888
26.0,79.25,Jalaun,76128533B15835290978888
26.0,79.5,Jalaun,76128533B15835290978888
26.0,79.75,Jalaun,76128533B15835290978888
26.0,80.0,Hamirpur,76128533B27201270098470
26.0,80.25,Fatehpur,76128533B7124697440629
26.0,80.5,Fatehpur,76128533B7124697440629
26.0,80.75,Fatehpur,76128533B7124697440629
26.0,81.0,Fatehpur,76128533B7124697440629
26.0,81.25,Rae Bareli,76128533B74057284038879
26.0,81.5,Rae Bareli,76128533B74057284038879
26.0,81.75,Pratapgarh,76128533B20647769792365
26.0,82.0,Pratapgarh,76128533B20647769792365
26.0,82.25,Pratapgarh,76128533B20647769792365
26.0,82.5,Sultanpur,76128533B1996088953603
26.0,82.75,Azamgarh,76128533B73925919155567
26.0,83.0,Azamgarh,76128533B73925919155567
26.0,83.25,Azamgarh,76128533B73925919155567
26.0,83.5,Mau,76128533B88623139855224
26.0,83.75,Mau,76128533B88623139855224
26.0,84.0,Ballia,76128533B73769926250842
26.0,84.25,Siwan,76128533B14033116794334
26.0,84.5,Saran,76128533B19903856317609
26.0,84.75,Saran,76128533B19903856317609
26.0,85.0,Saran,76128533B19903856317609
26.0,85.25,Vaishali,76128533B91445917652173
26.0,85.5,Muzaffarpur,76128533B88481188307630
26.0,85.75,Samastipur,76128533B66790149147330
26.0,86.0,Darbhanga,76128533B12694285477701
26.0,86.25,Darbhanga,76128533B12694285477701
26.0,86.5,Supaul,76128533B62794162648247
26.0,86.75,Madhepura,76128533B29293163114565
26.0,87.0,Madhepura,76128533B29293163114565
26.0,87.25,Araria,76128533B4745348385341
26.0,87.5,Araria,76128533B4745348385341
26.0,87.75,Purnia,76128533B32499449492865
26.0,88.0,Uttar Dinajpur,76128533B7157007143985
26.0,90.0,Dhubri,76128533B25835998628545
26.0,90.25,Goalpara,76128533B91472319248603
26.0,90.5,North Garo Hills,76128533B35759455556328
26.0,90.75,Goalpara,76128533B91472319248603
26.0,91.0,Goalpara,76128533B91472319248603
26.0,91.25,Kamrup,76128533B66682530790248
26.0,91.5,Kamrup,76128533B66682530790248
26.0,91.75,Ribhoi,76128533B70570208114113
26.0,92.0,Ribhoi,76128533B70570208114113
26.0,92.25,Karbi Anglong West,76128533B57995625790051
26.0,92.5,Karbi Anglong West,76128533B57995625790051
26.0,92.75,Karbi Anglong West,76128533B57995625790051
26.0,93.0,Hojai,76128533B70315194619807
26.0,93.25,Karbi Anglong East,76128533B38548995376745
26.0,93.5,Karbi Anglong East,76128533B38548995376745
26.0,93.75,Karbi Anglong East,76128533B38548995376745
26.0,94.0,Wokha,76128533B67210465807627
26.0,94.25,Kohima,76128533B53671786151110
26.0,94.5,Zunheboto,76128533B58058152513003
26.0,94.75,Kiphire,76128533B49100243723360
26.0,95.0,Tuensang,76128533B82052450002431
26.25,70.25,Jaisalmer,76128533B14849085202492
26.25,70.5,Jaisalmer,76128533B14849085202492
26.25,70.75,Jaisalmer,76128533B14849085202492
26.25,71.0,Barmer,76128533B75922461866405
26.25,71.25,Barmer,76128533B75922461866405
26.25,71.5,Barmer,76128533B75922461866405
26.25,71.75,Barmer,76128533B75922461866405
26.25,72.0,Barmer,76128533B75922461866405
26.25,72.25,Jodhpur,76128533B84094142280102
26.25,72.5,Barmer,76128533B75922461866405
26.25,72.75,Jodhpur,76128533B84094142280102
26.25,73.0,Jodhpur,76128533B84094142280102
26.25,73.25,Jodhpur,76128533B84094142280102
26.25,73.5,Jodhpur,76128533B84094142280102
26.25,73.75,Jodhpur,76128533B84094142280102
26.25,74.0,Pali,76128533B9783509419210
26.25,74.25,Pali,76128533B9783509419210
26.25,74.5,Ajmer,76128533B60180372390230
26.25,74.75,Ajmer,76128533B60180372390230
26.25,75.0,Ajmer,76128533B60180372390230
26.25,75.25,Tonk,76128533B54301724756864
26.25,75.5,Tonk,76128533B54301724756864
26.25,75.75,Tonk,76128533B54301724756864
26.25,76.0,Tonk,76128533B54301724756864
26.25,76.25,Sawai Madhopur,76128533B28138828116492
26.25,76.5,Sawai Madhopur,76128533B28138828116492
26.25,76.75,Karauli,76128533B34069028331411
26.25,77.0,Karauli,76128533B34069028331411
26.25,77.25,Morena,76128533B12343314564708
26.25,77.5,Morena,76128533B12343314564708
26.25,77.75,Morena,76128533B12343314564708
26.25,78.0,Gwalior,76128533B90551733723251
26.25,78.25,Gwalior,76128533B90551733723251
26.25,78.5,Gwalior,76128533B90551733723251
26.25,78.75,Datia,76128533B80958502091898
26.25,79.0,Bhind,76128533B57712033428660
26.25,79.25,Jalaun,76128533B15835290978888
26.25,79.5,Jalaun,76128533B15835290978888
26.25,79.75,Kanpur Dehat,76128533B80299348876357
26.25,80.0,Kanpur Dehat,76128533B80299348876357
26.25,80.25,Kanpur Nagar,76128533B23710487943819
26.25,80.5,Kanpur Nagar,76128533B23710487943819
26.25,80.75,Unnao,76128533B42623703243160
26.25,81.0,Rae Bareli,76128533B74057284038879
26.25,81.25,Rae Bareli,76128533B74057284038879
26.25,81.5,Amethi,76128533B13908294104682
26.25,81.75,Amethi,76128533B13908294104682
26.25,82.0,Sultanpur,76128533B1996088953603
26.25,82.25,Sultanpur,76128533B1996088953603
26.25,82.5,Sultanpur,76128533B1996088953603
26.25,82.75,Azamgarh,76128533B73925919155567
26.25,83.0,Azamgarh,76128533B73925919155567
26.25,83.25,Azamgarh,76128533B73925919155567
26.25,83.5,Mau,76128533B88623139855224
26.25,83.75,Mau,76128533B88623139855224
26.25,84.0,Deoria,76128533B40023971667984
26.25,84.25,Siwan,76128533B14033116794334
26.25,84.5,Siwan,76128533B14033116794334
26.25,84.75,Gopalganj,76128533B93214480696409
26.25,85.0,Muzaffarpur,76128533B88481188307630
26.25,85.25,Muzaffarpur,76128533B88481188307630
26.25,85.5,Muzaffarpur,76128533B88481188307630
26.25,85.75,Darbhanga,76128533B12694285477701
26.25,86.0,Darbhanga,76128533B12694285477701
26.25,86.25,Madhubani,76128533B90384580518633
26.25,86.5,Madhubani,76128533B90384580518633
26.25,86.75,Supaul,76128533B62794162648247
26.25,87.0,Supaul,76128533B62794162648247
26.25,87.25,Araria,76128533B4745348385341
26.25,87.5,Araria,76128533B4745348385341
26.25,87.75,Kishanganj,76128533B65773363805797
26.25,88.0,Kishanganj,76128533B65773363805797
26.25,88.25,Uttar Dinajpur,76128533B7157007143985
26.25,89.0,Koch Bihar,76128533B64156747739715
26.25,89.25,Koch Bihar,76128533B64156747739715
26.25,89.5,Koch Bihar,76128533B64156747739715
26.25,89.75,Dhubri,76128533B25835998628545
26.25,90.0,Kokrajhar,76128533B91480770176940
26.25,90.25,Dhubri,76128533B25835998628545
26.25,90.5,Bongaigaon,76128533B46490409917345
26.25,90.75,Barpeta,76128533B47772746709007
26.25,91.0,Barpeta,76128533B47772746709007
26.25,91.25,Nalbari,76128533B40995085026980
26.25,91.5,Kamrup,76128533B66682530790248
26.25,91.75,Kamrup,76128533B66682530790248
26.25,92.0,Morigaon,76128533B17968019348564
26.25,92.25,Morigaon,76128533B17968019348564
26.25,92.5,Nagaon,76128533B13437137070957
26.25,92.75,Nagaon,76128533B13437137070957
26.25,93.0,Karbi Anglong East,76128533B38548995376745
26.25,93.25,Karbi Anglong East,76128533B38548995376745
26.25,93.5,Karbi Anglong East,76128533B38548995376745
26.25,93.75,Karbi Anglong East,76128533B38548995376745
26.25,94.0,Golaghat,76128533B55519385298440
26.25,94.25,Wokha,76128533B67210465807627
26.25,94.5,Zunheboto,76128533B58058152513003
26.25,94.75,Tuensang,76128533B82052450002431
26.25,95.0,Tuensang,76128533B82052450002431
26.5,70.25,Jaisalmer,76128533B14849085202492
26.5,70.5,Jaisalmer,76128533B14849085202492
26.5,70.75,Jaisalmer,76128533B14849085202492
26.5,71.0,Jaisalmer,76128533B14849085202492
26.5,71.25,Jaisalmer,76128533B14849085202492
26.5,71.5,Jaisalmer,76128533B14849085202492
26.5,71.75,Jaisalmer,76128533B14849085202492
26.5,72.0,Jaisalmer,76128533B14849085202492
26.5,72.25,Jodhpur,76128533B84094142280102
26.5,72.5,Jodhpur,76128533B84094142280102
26.5,72.75,Jodhpur,76128533B84094142280102
26.5,73.0,Jodhpur,76128533B84094142280102
26.5,73.25,Jodhpur,76128533B84094142280102
26.5,73.5,Jodhpur,76128533B84094142280102
26.5,73.75,Jodhpur,76128533B84094142280102
26.5,74.0,Nagaur,76128533B43544960343942
26.5,74.25,Nagaur,76128533B43544960343942
26.5,74.5,Ajmer,76128533B60180372390230
26.5,74.75,Ajmer,76128533B60180372390230
26.5,75.0,Ajmer,76128533B60180372390230
26.5,75.25,Tonk,76128533B54301724756864
26.5,75.5,Jaipur,76128533B28755611410447
26.5,75.75,Jaipur,76128533B28755611410447
26.5,76.0,Jaipur,76128533B28755611410447
26.5,76.25,Dausa,76128533B73809971322123
26.5,76.5,Sawai Madhopur,76128533B28138828116492
26.5,76.75,Sawai Madhopur,76128533B28138828116492
26.5,77.0,Karauli,76128533B34069028331411
26.5,77.25,Dhaulpur,76128533B64898456093948
26.5,77.5,Dhaulpur,76128533B64898456093948
26.5,77.75,Morena,76128533B12343314564708
26.5,78.0,Morena,76128533B12343314564708
26.5,78.25,Bhind,76128533B57712033428660
26.5,78.5,Bhind,76128533B57712033428660
26.5,78.75,Bhind,76128533B57712033428660
26.5,79.0,Bhind,76128533B57712033428660
26.5,79.25,Etawah,76128533B79784438258239
26.5,79.5,Auraiya,76128533B20660206691661
26.5,79.75,Kanpur Dehat,76128533B80299348876357
26.5,80.0,Kanpur Dehat,76128533B80299348876357
26.5,80.25,Kanpur Nagar,76128533B23710487943819
26.5,80.5,Unnao,76128533B42623703243160
26.5,80.75,Unnao,76128533B42623703243160
26.5,81.0,Rae Bareli,76128533B74057284038879
26.5,81.25,Rae Bareli,76128533B74057284038879
26.5,81.5,Amethi,76128533B13908294104682
26.5,81.75,Amethi,76128533B13908294104682
26.5,82.0,Faizabad,76128533B60320291189162
26.5,82.25,Faizabad,76128533B60320291189162
26.5,82.5,Ambedkar Nagar,76128533B7879459377699
26.5,82.75,Ambedkar Nagar,76128533B7879459377699
26.5,83.0,Sant Kabir Nagar,76128533B54279951806726
26.5,83.25,Gorakhpur,76128533B40226077866964
26.5,83.5,Gorakhpur,76128533B40226077866964
26.5,83.75,Deoria,76128533B40023971667984
26.5,84.0,Gopalganj,76128533B93214480696409
26.5,84.25,Gopalganj,76128533B93214480696409
26.5,84.5,Gopalganj,76128533B93214480696409
26.5,84.75,Purba Champaran,76128533B49017555803526
26.5,85.0,Purba Champaran,76128533B49017555803526
26.5,85.25,Sheohar,76128533B74961596993088
26.5,85.5,Sitamarhi,76128533B21922686388534
26.5,85.75,Sitamarhi,76128533B21922686388534
26.5,86.0,Madhubani,76128533B90384580518633
26.5,86.25,Madhubani,76128533B90384580518633
26.5,86.5,Madhubani,76128533B90384580518633
26.5,87.0,Supaul,76128533B62794162648247
26.5,88.25,Darjiling,76128533B17109302371020
26.5,88.75,Jalpaiguri,76128533B99051523080987
26.5,89.0,Koch Bihar,76128533B64156747739715
26.5,89.25,Alipurduar,76128533B23858286755005
26.5,89.5,Alipurduar,76128533B23858286755005
26.5,89.75,Alipurduar,76128533B23858286755005
26.5,90.0,Kokrajhar,76128533B91480770176940
26.5,90.25,Kokrajhar,76128533B91480770176940
26.5,90.5,Chirang,76128533B56012535339305
26.5,90.75,Chirang,76128533B56012535339305
26.5,91.0,Barpeta,76128533B47772746709007
26.5,91.25,Barpeta,76128533B47772746709007
26.5,91.5,Nalbari,76128533B40995085026980
26.5,91.75,Baksa,76128533B8221925175605
26.5,92.0,Darrang,76128533B96719327593873
26.5,92.25,Darrang,76128533B96719327593873
26.5,92.5,Nagaon,76128533B13437137070957
26.5,92.75,Nagaon,76128533B13437137070957
26.5,93.0,Nagaon,76128533B13437137070957
26.5,93.25,Karbi Anglong East,76128533B38548995376745
26.5,93.5,Karbi Anglong East,76128533B38548995376745
26.5,93.75,Karbi Anglong East,76128533B38548995376745
26.5,94.0,Golaghat,76128533B55519385298440
26.5,94.25,Wokha,76128533B67210465807627
26.5,94.5,Mokokchung,76128533B82793215586362
26.5,94.75,Longleng,76128533B66411945144923
26.5,95.0,Mon,76128533B23611090346849
26.75,69.75,Jaisalmer,76128533B14849085202492
26.75,70.0,Jaisalmer,76128533B14849085202492
26.75,70.25,Jaisalmer,76128533B14849085202492
26.75,70.5,Jaisalmer,76128533B14849085202492
26.75,70.75,Jaisalmer,76128533B14849085202492
26.75,71.0,Jaisalmer,76128533B14849085202492
26.75,71.25,Jaisalmer,76128533B14849085202492
26.75,71.5,Jaisalmer,76128533B14849085202492
26.75,71.75,Jaisalmer,76128533B14849085202492
26.75,72.0,Jaisalmer,76128533B14849085202492
26.75,72.25,Jodhpur,76128533B84094142280102
26.75,72.5,Jodhpur,76128533B84094142280102
26.75,72.75,Jodhpur,76128533B84094142280102
26.75,73.0,Jodhpur,76128533B84094142280102
26.75,73.25,Jodhpur,76128533B84094142280102
26.75,73.5,Jodhpur,76128533B84094142280102
26.75,73.75,Nagaur,76128533B43544960343942
26.75,74.0,Nagaur,76128533B43544960343942
26.75,74.25,Nagaur,76128533B43544960343942
26.75,74.5,Nagaur,76128533B43544960343942
26.75,74.75,Ajmer,76128533B60180372390230
26.75,75.0,Ajmer,76128533B60180372390230
26.75,75.25,Jaipur,76128533B28755611410447
26.75,75.5,Jaipur,76128533B28755611410447
26.75,75.75,Jaipur,76128533B28755611410447
26.75,76.0,Jaipur,76128533B28755611410447
26.75,76.25,Dausa,76128533B73809971322123
26.75,76.5,Dausa,76128533B73809971322123
26.75,76.75,Karauli,76128533B34069028331411
26.75,77.0,Karauli,76128533B34069028331411
26.75,77.25,Karauli,76128533B34069028331411
26.75,77.5,Dhaulpur,76128533B64898456093948
26.75,77.75,Dhaulpur,76128533B64898456093948
26.75,78.0,Dhaulpur,76128533B64898456093948
26.75,78.25,Morena,76128533B12343314564708
26.75,78.5,Morena,76128533B12343314564708
26.75,78.75,Bhind,76128533B57712033428660
26.75,79.0,Etawah,76128533B79784438258239
26.75,79.25,Etawah,76128533B79784438258239
26.75,79.5,Auraiya,76128533B20660206691661
26.75,79.75,Kanpur Dehat,76128533B80299348876357
26.75,80.0,Kanpur Nagar,76128533B23710487943819
26.75,80.25,Unnao,76128533B42623703243160
26.75,80.5,Unnao,76128533B42623703243160
26.75,80.75,Lucknow,76128533B49436035281620
26.75,81.0,Lucknow,76128533B49436035281620
26.75,81.25,Bara Banki,76128533B74938989340684
26.75,81.5,Bara Banki,76128533B74938989340684
26.75,81.75,Faizabad,76128533B60320291189162
26.75,82.0,Faizabad,76128533B60320291189162
26.75,82.25,Basti,76128533B18648944871057
26.75,82.5,Basti,76128533B18648944871057
26.75,82.75,Basti,76128533B18648944871057
26.75,83.0,Sant Kabir Nagar,76128533B54279951806726
26.75,83.25,Gorakhpur,76128533B40226077866964
26.75,83.5,Gorakhpur,76128533B40226077866964
26.75,83.75,Kushinagar,76128533B26931973511551
26.75,84.0,Kushinagar,76128533B26931973511551
26.75,84.25,Pashchim Champaran,76128533B17762399278073
26.75,84.5,Pashchim Champaran,76128533B17762399278073
26.75,84.75,Purba Champaran,76128533B49017555803526
26.75,85.0,Purba Champaran,76128533B49017555803526
26.75,85.25,Purba Champaran,76128533B49017555803526
26.75,85.5,Sitamarhi,76128533B21922686388534
26.75,88.25,Darjiling,76128533B17109302371020
26.75,88.5,Jalpaiguri,76128533B99051523080987
26.75,88.75,Jalpaiguri,76128533B99051523080987
26.75,89.0,Jalpaiguri,76128533B99051523080987
26.75,89.25,Alipurduar,76128533B23858286755005
26.75,89.5,Alipurduar,76128533B23858286755005
26.75,90.25,Kokrajhar,76128533B91480770176940
26.75,90.5,Chirang,76128533B56012535339305
26.75,90.75,Chirang,76128533B56012535339305
26.75,91.0,Baksa,76128533B8221925175605
26.75,91.25,Baksa,76128533B8221925175605
26.75,91.5,Baksa,76128533B8221925175605
26.75,91.75,Udalguri,76128533B20307518801538
26.75,92.0,Udalguri,76128533B20307518801538
26.75,92.25,Udalguri,76128533B20307518801538
26.75,92.5,Sonitpur,76128533B41005496708834
26.75,92.75,Sonitpur,76128533B41005496708834
26.75,93.0,Sonitpur,76128533B41005496708834
26.75,93.25,Biswanath,76128533B40714385808093
26.75,93.5,Golaghat,76128533B55519385298440
26.75,93.75,Golaghat,76128533B55519385298440
26.75,94.0,Golaghat,76128533B55519385298440
26.75,94.25,Jorhat,76128533B334793883930
26.75,94.5,Jorhat,76128533B334793883930
26.75,94.75,Mokokchung,76128533B82793215586362
26.75,95.0,Mon,76128533B23611090346849
26.75,95.25,Longding,76128533B22715430000002
27.0,69.75,Jaisalmer,76128533B14849085202492
27.0,70.0,Jaisalmer,76128533B14849085202492
27.0,70.25,Jaisalmer,76128533B14849085202492
27.0,70.5,Jaisalmer,76128533B14849085202492
27.0,70.75,Jaisalmer,76128533B14849085202492
27.0,71.0,Jaisalmer,76128533B14849085202492
27.0,71.25,Jaisalmer,76128533B14849085202492
27.0,71.5,Jaisalmer,76128533B14849085202492
27.0,71.75,Jaisalmer,76128533B14849085202492
27.0,72.0,Jaisalmer,76128533B14849085202492
27.0,72.25,Jodhpur,76128533B84094142280102
27.0,72.5,Jodhpur,76128533B84094142280102
27.0,72.75,Jodhpur,76128533B84094142280102
27.0,73.0,Jodhpur,76128533B84094142280102
27.0,73.25,Nagaur,76128533B43544960343942
27.0,73.5,Nagaur,76128533B43544960343942
27.0,73.75,Nagaur,76128533B43544960343942
27.0,74.0,Nagaur,76128533B43544960343942
27.0,74.25,Nagaur,76128533B43544960343942
27.0,74.5,Nagaur,76128533B43544960343942
27.0,74.75,Nagaur,76128533B43544960343942
27.0,75.0,Nagaur,76128533B43544960343942
27.0,75.25,Jaipur,76128533B28755611410447
27.0,75.5,Jaipur,76128533B28755611410447
27.0,75.75,Jaipur,76128533B28755611410447
27.0,76.0,Jaipur,76128533B28755611410447
27.0,76.25,Jaipur,76128533B28755611410447
27.0,76.5,Dausa,76128533B73809971322123
27.0,76.75,Dausa,76128533B73809971322123
27.0,77.0,Dausa,76128533B73809971322123
27.0,77.25,Bharatpur,76128533B25576352747885
27.0,77.5,Bharatpur,76128533B25576352747885
27.0,77.75,Bharatpur,76128533B25576352747885
27.0,78.0,Agra,76128533B26296891809198
27.0,78.25,Agra,76128533B26296891809198
27.0,78.5,Firozabad,76128533B91640519747726
27.0,78.75,Firozabad,76128533B91640519747726
27.0,79.0,Mainpuri,76128533B84772439394056
27.0,79.25,Mainpuri,76128533B84772439394056
27.0,79.5,Kannauj,76128533B80966996849325
27.0,79.75,Kannauj,76128533B80966996849325
27.0,80.0,Kannauj,76128533B80966996849325
27.0,80.25,Unnao,76128533B42623703243160
27.0,80.5,Hardoi,76128533B25208535254310
27.0,80.75,Lucknow,76128533B49436035281620
27.0,81.0,Lucknow,76128533B49436035281620
27.0,81.25,Bara Banki,76128533B74938989340684
27.0,81.5,Bara Banki,76128533B74938989340684
27.0,81.75,Gonda,76128533B67530641452031
27.0,82.0,Gonda,76128533B67530641452031
27.0,82.25,Gonda,76128533B67530641452031
27.0,82.5,Gonda,76128533B67530641452031
27.0,82.75,Basti,76128533B18648944871057
27.0,83.0,Sant Kabir Nagar,76128533B54279951806726
27.0,83.25,Gorakhpur,76128533B40226077866964
27.0,83.5,Mahrajganj,76128533B29554440319099
27.0,83.75,Mahrajganj,76128533B29554440319099
27.0,84.0,Kushinagar,76128533B26931973511551
27.0,84.25,Pashchim Champaran,76128533B17762399278073
27.0,84.5,Pashchim Champaran,76128533B17762399278073
27.0,84.75,Pashchim Champaran,76128533B17762399278073
27.0,88.25,Darjiling,76128533B17109302371020
27.0,88.5,Kalimpong,76128533B78458325839103
27.0,88.75,Kalimpong,76128533B78458325839103
27.0,92.25,West Kameng,76128533B61235952222315
27.0,92.5,West Kameng,76128533B61235952222315
27.0,92.75,Sonitpur,76128533B41005496708834
27.0,93.0,Pakke Kessang,76128533B24017517661394
27.0,93.25,Pakke Kessang,76128533B24017517661394
27.0,93.5,Papum Pare,76128533B17472905712757
27.0,93.75,Lakhimpur,76128533B85627242103654
27.0,94.0,Lakhimpur,76128533B85627242103654
27.0,94.25,Majuli,76128533B15157901669242
27.0,94.5,Sivasagar,76128533B21722277889516
27.0,94.75,Sivasagar,76128533B21722277889516
27.0,95.0,Charaideo,76128533B89228414823983
27.0,95.25,Longding,76128533B22715430000002
27.0,95.5,Tirap,76128533B99469070633974
27.0,95.75,Changlang,76128533B9558749744242
27.25,69.75,Jaisalmer,76128533B14849085202492
27.25,70.0,Jaisalmer,76128533B14849085202492
27.25,70.25,Jaisalmer,76128533B14849085202492
27.25,70.5,Jaisalmer,76128533B14849085202492
27.25,70.75,Jaisalmer,76128533B14849085202492
27.25,71.0,Jaisalmer,76128533B14849085202492
27.25,71.25,Jaisalmer,76128533B14849085202492
27.25,71.5,Jaisalmer,76128533B14849085202492
27.25,71.75,Jaisalmer,76128533B14849085202492
27.25,72.0,Jodhpur,76128533B84094142280102
27.25,72.25,Jodhpur,76128533B84094142280102
27.25,72.5,Jodhpur,76128533B84094142280102
27.25,72.75,Jodhpur,76128533B84094142280102
27.25,73.0,Jodhpur,76128533B84094142280102
27.25,73.25,Nagaur,76128533B43544960343942
27.25,73.5,Nagaur,76128533B43544960343942
27.25,73.75,Nagaur,76128533B43544960343942
27.25,74.0,Nagaur,76128533B43544960343942
27.25,74.25,Nagaur,76128533B43544960343942
27.25,74.5,Nagaur,76128533B43544960343942
27.25,74.75,Nagaur,76128533B43544960343942
27.25,75.0,Nagaur,76128533B43544960343942
27.25,75.25,Sikar,76128533B20732636837048
27.25,75.5,Jaipur,76128533B28755611410447
27.25,75.75,Jaipur,76128533B28755611410447
27.25,76.0,Jaipur,76128533B28755611410447
27.25,76.25,Alwar,76128533B5628791558965
27.25,76.5,Alwar,76128533B5628791558965
27.25,76.75,Alwar,76128533B5628791558965
27.25,77.0,Alwar,76128533B5628791558965
27.25,77.25,Bharatpur,76128533B25576352747885
27.25,77.5,Bharatpur,76128533B25576352747885
27.25,77.75,Mathura,76128533B88758450653156
27.25,78.0,Agra,76128533B26296891809198
27.25,78.25,Firozabad,76128533B91640519747726
27.25,78.5,Firozabad,76128533B91640519747726
27.25,78.75,Firozabad,76128533B91640519747726
27.25,79.0,Mainpuri,76128533B84772439394056
27.25,79.25,Mainpuri,76128533B84772439394056
27.25,79.5,Farrukhabad,76128533B59596968713717
27.25,79.75,Hardoi,76128533B25208535254310
27.25,80.0,Hardoi,76128533B25208535254310
27.25,80.25,Hardoi,76128533B25208535254310
27.25,80.5,Hardoi,76128533B25208535254310
27.25,80.75,Sitapur,76128533B8998698404381
27.25,81.0,Sitapur,76128533B8998698404381
27.25,81.25,Bara Banki,76128533B74938989340684
27.25,81.5,Bahraich,76128533B66612397499770
27.25,81.75,Gonda,76128533B67530641452031
27.25,82.0,Gonda,76128533B67530641452031
27.25,82.25,Gonda,76128533B67530641452031
27.25,82.5,Siddharthnagar,76128533B40509297062120
27.25,82.75,Siddharthnagar,76128533B40509297062120
27.25,83.0,Siddharthnagar,76128533B40509297062120
27.25,83.25,Mahrajganj,76128533B29554440319099
27.25,83.5,Mahrajganj,76128533B29554440319099
27.25,83.75,Mahrajganj,76128533B29554440319099
27.25,84.0,Pashchim Champaran,76128533B17762399278073
27.25,84.25,Pashchim Champaran,76128533B17762399278073
27.25,84.5,Pashchim Champaran,76128533B17762399278073
27.25,88.25,West District,76128533B30151252629779
27.25,88.5,East District,76128533B67639510673366
27.25,88.75,East District,76128533B67639510673366
27.25,92.25,West Kameng,76128533B61235952222315
27.25,92.5,West Kameng,76128533B61235952222315
27.25,92.75,West Kameng,76128533B61235952222315
27.25,93.0,Pakke Kessang,76128533B24017517661394
27.25,93.25,Papum Pare,76128533B17472905712757
27.25,93.5,Papum Pare,76128533B17472905712757
27.25,93.75,Papum Pare,76128533B17472905712757
27.25,94.0,Lakhimpur,76128533B85627242103654
27.25,94.25,Lakhimpur,76128533B85627242103654
27.25,94.5,Lakhimpur,76128533B85627242103654
27.25,94.75,Dibrugarh,76128533B57825981663822
27.25,95.0,Dibrugarh,76128533B57825981663822
27.25,95.25,Dibrugarh,76128533B57825981663822
27.25,95.5,Tinsukia,76128533B8920527783032
27.25,95.75,Changlang,76128533B9558749744242
27.25,96.0,Changlang,76128533B9558749744242
27.25,97.0,Changlang,76128533B9558749744242
27.5,70.0,Jaisalmer,76128533B14849085202492
27.5,70.25,Jaisalmer,76128533B14849085202492
27.5,70.5,Jaisalmer,76128533B14849085202492
27.5,70.75,Jaisalmer,76128533B14849085202492
27.5,71.0,Jaisalmer,76128533B14849085202492
27.5,71.25,Jaisalmer,76128533B14849085202492
27.5,71.5,Jaisalmer,76128533B14849085202492
27.5,71.75,Jaisalmer,76128533B14849085202492
27.5,72.0,Jodhpur,76128533B84094142280102
27.5,72.25,Jodhpur,76128533B84094142280102
27.5,72.5,Jodhpur,76128533B84094142280102
27.5,72.75,Jodhpur,76128533B84094142280102
27.5,73.0,Bikaner,76128533B55039756001726
27.5,73.25,Bikaner,76128533B55039756001726
27.5,73.5,Bikaner,76128533B55039756001726
27.5,73.75,Nagaur,76128533B43544960343942
27.5,74.0,Nagaur,76128533B43544960343942
27.5,74.25,Nagaur,76128533B43544960343942
27.5,74.5,Nagaur,76128533B43544960343942
27.5,74.75,Nagaur,76128533B43544960343942
27.5,75.0,Sikar,76128533B20732636837048
27.5,75.25,Sikar,76128533B20732636837048
27.5,75.5,Sikar,76128533B20732636837048
27.5,75.75,Sikar,76128533B20732636837048
27.5,76.0,Jaipur,76128533B28755611410447
27.5,76.25,Alwar,76128533B5628791558965
27.5,76.5,Alwar,76128533B5628791558965
27.5,76.75,Alwar,76128533B5628791558965
27.5,77.0,Alwar,76128533B5628791558965
27.5,77.25,Bharatpur,76128533B25576352747885
27.5,77.5,Mathura,76128533B88758450653156
27.5,77.75,Mathura,76128533B88758450653156
27.5,78.0,Mahamaya Nagar,76128533B8878807356913
27.5,78.25,Etah,76128533B15342706434354
27.5,78.5,Etah,76128533B15342706434354
27.5,78.75,Etah,76128533B15342706434354
27.5,79.0,Etah,76128533B15342706434354
27.5,79.25,Etah,76128533B15342706434354
27.5,79.5,Farrukhabad,76128533B59596968713717
27.5,79.75,Hardoi,76128533B25208535254310
27.5,80.0,Hardoi,76128533B25208535254310
27.5,80.25,Hardoi,76128533B25208535254310
27.5,80.5,Sitapur,76128533B8998698404381
27.5,80.75,Sitapur,76128533B8998698404381
27.5,81.0,Sitapur,76128533B8998698404381
27.5,81.25,Sitapur,76128533B8998698404381
27.5,81.5,Bahraich,76128533B66612397499770
27.5,81.75,Bahraich,76128533B66612397499770
27.5,82.0,Shrawasti,76128533B34832354589031
27.5,82.25,Balrampur,76128533B87371000929659
27.5,82.5,Balrampur,76128533B87371000929659
27.5,82.75,Siddharthnagar,76128533B40509297062120
27.5,88.25,West District,76128533B30151252629779
27.5,88.5,North District,76128533B65820903826030
27.5,88.75,North District,76128533B65820903826030
27.5,91.75,Tawang,76128533B18668117085772
27.5,92.0,Tawang,76128533B18668117085772
27.5,92.25,West Kameng,76128533B61235952222315
27.5,92.5,West Kameng,76128533B61235952222315
27.5,92.75,East Kameng,76128533B76129461078086
27.5,93.0,East Kameng,76128533B76129461078086
27.5,93.25,East Kameng,76128533B76129461078086
27.5,93.5,Papum Pare,76128533B17472905712757
27.5,93.75,Lower Subansiri,76128533B90913053845537
27.5,94.0,Kamle,76128533B19898496046456
27.5,94.25,Lakhimpur,76128533B85627242103654
27.5,94.5,Dhemaji,76128533B50650763703739
27.5,94.75,Dhemaji,76128533B50650763703739
27.5,95.0,Dibrugarh,76128533B57825981663822
27.5,95.25,Tinsukia,76128533B8920527783032
27.5,95.5,Tinsukia,76128533B8920527783032
27.5,95.75,Tinsukia,76128533B8920527783032
27.5,96.0,Changlang,76128533B9558749744242
27.5,96.25,Changlang,76128533B9558749744242
27.5,96.5,Changlang,76128533B9558749744242
27.5,96.75,Changlang,76128533B9558749744242
27.75,70.25,Jaisalmer,76128533B14849085202492
27.75,70.5,Jaisalmer,76128533B14849085202492
27.75,71.25,Jaisalmer,76128533B14849085202492
27.75,71.5,Jaisalmer,76128533B14849085202492
27.75,71.75,Jaisalmer,76128533B14849085202492
27.75,72.0,Jaisalmer,76128533B14849085202492
27.75,72.25,Bikaner,76128533B55039756001726
27.75,72.5,Bikaner,76128533B55039756001726
27.75,72.75,Bikaner,76128533B55039756001726
27.75,73.0,Bikaner,76128533B55039756001726
27.75,73.25,Bikaner,76128533B55039756001726
27.75,73.5,Bikaner,76128533B55039756001726
27.75,73.75,Bikaner,76128533B55039756001726
27.75,74.0,Churu,76128533B66825707357376
27.75,74.25,Churu,76128533B66825707357376
27.75,74.5,Churu,76128533B66825707357376
27.75,74.75,Sikar,76128533B20732636837048
27.75,75.0,Sikar,76128533B20732636837048
27.75,75.25,Sikar,76128533B20732636837048
27.75,75.5,Jhunjhunun,76128533B86135761305702
27.75,75.75,Sikar,76128533B20732636837048
27.75,76.0,Sikar,76128533B20732636837048
27.75,76.25,Alwar,76128533B5628791558965
27.75,76.5,Alwar,76128533B5628791558965
27.75,76.75,Alwar,76128533B5628791558965
27.75,77.0,Mewat,76128533B80016894369263
27.75,77.25,Bharatpur,76128533B25576352747885
27.75,77.5,Mathura,76128533B88758450653156
27.75,77.75,Mathura,76128533B88758450653156
27.75,78.0,Aligarh,76128533B60862799554879
27.75,78.25,Aligarh,76128533B60862799554879
27.75,78.5,Kanshiram Nagar,76128533B7643504807381
27.75,78.75,Kanshiram Nagar,76128533B7643504807381
27.75,79.0,Kanshiram Nagar,76128533B7643504807381
27.75,79.25,Budaun,76128533B84679668760735
27.75,79.5,Shahjahanpur,76128533B96870418529164
27.75,79.75,Shahjahanpur,76128533B96870418529164
27.75,80.0,Shahjahanpur,76128533B96870418529164
27.75,80.25,Hardoi,76128533B25208535254310
27.75,80.5,Sitapur,76128533B8998698404381
27.75,80.75,Sitapur,76128533B8998698404381
27.75,81.0,Sitapur,76128533B8998698404381
27.75,81.25,Kheri,76128533B76479861129777
27.75,81.5,Bahraich,76128533B66612397499770
27.75,81.75,Shrawasti,76128533B34832354589031
27.75,82.0,Shrawasti,76128533B34832354589031
27.75,82.25,Balrampur,76128533B87371000929659
27.75,88.25,North District,76128533B65820903826030
27.75,88.5,North District,76128533B65820903826030
27.75,88.75,North District,76128533B65820903826030
27.75,91.75,Tawang,76128533B18668117085772
27.75,92.0,Tawang,76128533B18668117085772
27.75,92.25,Tawang,76128533B18668117085772
27.75,92.5,East Kameng,76128533B76129461078086
27.75,92.75,East Kameng,76128533B76129461078086
27.75,93.0,East Kameng,76128533B76129461078086
27.75,93.25,Kurung Kumey,76128533B31405919461443
27.75,93.5,Kurung Kumey,76128533B31405919461443
27.75,93.75,Kra Daadi,76128533B12129983841645
27.75,94.0,Kamle,76128533B19898496046456
27.75,94.25,Kamle,76128533B19898496046456
27.75,94.5,Lower Siang,76128533B49993259380917
27.75,94.75,Lower Siang,76128533B49993259380917
27.75,95.0,Dhemaji,76128533B50650763703739
27.75,95.25,Dhemaji,76128533B50650763703739
27.75,95.5,Tinsukia,76128533B8920527783032
27.75,95.75,Tinsukia,76128533B8920527783032
27.75,96.0,Namsai,76128533B1875965515331
27.75,96.25,Namsai,76128533B1875965515331
27.75,96.5,Lohit,76128533B6828791241172
27.75,96.75,Anjaw,76128533B55878637000592
27.75,97.0,Anjaw,76128533B55878637000592
28.0,70.5,Jaisalmer,76128533B14849085202492
28.0,72.0,Bikaner,76128533B55039756001726
28.0,72.25,Bikaner,76128533B55039756001726
28.0,72.5,Bikaner,76128533B55039756001726
28.0,72.75,Bikaner,76128533B55039756001726
28.0,73.0,Bikaner,76128533B55039756001726
28.0,73.25,Bikaner,76128533B55039756001726
28.0,73.5,Bikaner,76128533B55039756001726
28.0,73.75,Bikaner,76128533B55039756001726
28.0,74.0,Bikaner,76128533B55039756001726
28.0,74.25,Churu,76128533B66825707357376
28.0,74.5,Churu,76128533B66825707357376
28.0,74.75,Churu,76128533B66825707357376
28.0,75.0,Sikar,76128533B20732636837048
28.0,75.25,Jhunjhunun,76128533B86135761305702
28.0,75.5,Jhunjhunun,76128533B86135761305702
28.0,75.75,Jhunjhunun,76128533B86135761305702
28.0,76.0,Mahendragarh,76128533B64161607349718
28.0,76.25,Alwar,76128533B5628791558965
28.0,76.5,Alwar,76128533B5628791558965
28.0,76.75,Alwar,76128533B5628791558965
28.0,77.0,Mewat,76128533B80016894369263
28.0,77.25,Palwal,76128533B71088079535368
28.0,77.5,Palwal,76128533B71088079535368
28.0,77.75,Aligarh,76128533B60862799554879
28.0,78.0,Aligarh,76128533B60862799554879
28.0,78.25,Aligarh,76128533B60862799554879
28.0,78.5,Aligarh,76128533B60862799554879
28.0,78.75,Budaun,76128533B84679668760735
28.0,79.0,Budaun,76128533B84679668760735
28.0,79.25,Budaun,76128533B84679668760735
28.0,79.5,Shahjahanpur,76128533B96870418529164
28.0,79.75,Shahjahanpur,76128533B96870418529164
28.0,80.0,Shahjahanpur,76128533B96870418529164
28.0,80.25,Kheri,76128533B76479861129777
28.0,80.5,Kheri,76128533B76479861129777
28.0,80.75,Kheri,76128533B76479861129777
28.0,81.0,Kheri,76128533B76479861129777
28.0,81.25,Bahraich,76128533B66612397499770
28.0,81.5,Bahraich,76128533B66612397499770
28.0,88.5,North District,76128533B65820903826030
28.0,88.75,North District,76128533B65820903826030
28.0,92.75,Kurung Kumey,76128533B31405919461443
28.0,93.0,Kurung Kumey,76128533B31405919461443
28.0,93.25,Kurung Kumey,76128533B31405919461443
28.0,93.5,Kurung Kumey,76128533B31405919461443
28.0,93.75,Kra Daadi,76128533B12129983841645
28.0,94.0,Upper Subansiri,76128533B84689409020934
28.0,94.25,Upper Subansiri,76128533B84689409020934
28.0,94.5,Leparada,76128533B25448742967716
28.0,94.75,Leparada,76128533B25448742967716
28.0,95.0,East Siang,76128533B53717296822608
28.0,95.25,East Siang,76128533B53717296822608
28.0,95.5,East Siang,76128533B53717296822608
28.0,95.75,Lower Dibang Valley,76128533B38784530776316
28.0,96.0,Lower Dibang Valley,76128533B38784530776316
28.0,96.25,Lohit,76128533B6828791241172
28.0,96.5,Anjaw,76128533B55878637000592
28.0,96.75,Anjaw,76128533B55878637000592
28.0,97.0,Anjaw,76128533B55878637000592
28.0,97.25,Anjaw,76128533B55878637000592
28.25,72.25,Bikaner,76128533B55039756001726
28.25,72.5,Bikaner,76128533B55039756001726
28.25,72.75,Bikaner,76128533B55039756001726
28.25,73.0,Bikaner,76128533B55039756001726
28.25,73.25,Bikaner,76128533B55039756001726
28.25,73.5,Bikaner,76128533B55039756001726
28.25,73.75,Bikaner,76128533B55039756001726
28.25,74.0,Bikaner,76128533B55039756001726
28.25,74.25,Churu,76128533B66825707357376
28.25,74.5,Churu,76128533B66825707357376
28.25,74.75,Churu,76128533B66825707357376
28.25,75.0,Churu,76128533B66825707357376
28.25,75.25,Jhunjhunun,76128533B86135761305702
28.25,75.5,Jhunjhunun,76128533B86135761305702
28.25,75.75,Jhunjhunun,76128533B86135761305702
28.25,76.0,Jhunjhunun,76128533B86135761305702
28.25,76.25,Mahendragarh,76128533B64161607349718
28.25,76.5,Rewari,76128533B22722327711505
28.25,76.75,Gurgaon,76128533B67580812983244
28.25,77.0,Mewat,76128533B80016894369263
28.25,77.25,Palwal,76128533B71088079535368
28.25,77.5,Faridabad,76128533B40638696154891
28.25,77.75,Bulandshahr,76128533B13272482176343
28.25,78.0,Bulandshahr,76128533B13272482176343
28.25,78.25,Bulandshahr,76128533B13272482176343
28.25,78.5,Sambhal,76128533B7545062765383
28.25,78.75,Budaun,76128533B84679668760735
28.25,79.0,Budaun,76128533B84679668760735
28.25,79.25,Bareilly,76128533B68554447699730
28.25,79.5,Bareilly,76128533B68554447699730
28.25,79.75,Pilibhit,76128533B90071703601852
28.25,80.0,Shahjahanpur,76128533B96870418529164
28.25,80.25,Shahjahanpur,76128533B96870418529164
28.25,80.5,Kheri,76128533B76479861129777
28.25,80.75,Kheri,76128533B76479861129777
28.25,81.0,Kheri,76128533B76479861129777
28.25,81.25,Bahraich,76128533B66612397499770
28.25,93.25,Kurung Kumey,76128533B31405919461443
28.25,93.5,Kra Daadi,76128533B12129983841645
28.25,93.75,Kra Daadi,76128533B12129983841645
28.25,94.0,Upper Subansiri,76128533B84689409020934
28.25,94.25,Upper Subansiri,76128533B84689409020934
28.25,94.5,West Siang,76128533B95764075909869
28.25,94.75,West Siang,76128533B95764075909869
28.25,95.0,Siang,76128533B95910687666425
28.25,95.25,Upper Siang,76128533B76058958071350
28.25,95.5,East Siang,76128533B53717296822608
28.25,95.75,Lower Dibang Valley,76128533B38784530776316
28.25,96.0,Lower Dibang Valley,76128533B38784530776316
28.25,96.25,Lower Dibang Valley,76128533B38784530776316
28.25,96.5,Anjaw,76128533B55878637000592
28.25,96.75,Anjaw,76128533B55878637000592
28.25,97.0,Anjaw,76128533B55878637000592
28.25,97.25,Anjaw,76128533B55878637000592
28.5,72.25,Bikaner,76128533B55039756001726
28.5,72.5,Bikaner,76128533B55039756001726
28.5,72.75,Bikaner,76128533B55039756001726
28.5,73.0,Bikaner,76128533B55039756001726
28.5,73.25,Bikaner,76128533B55039756001726
28.5,73.5,Bikaner,76128533B55039756001726
28.5,73.75,Bikaner,76128533B55039756001726
28.5,74.0,Bikaner,76128533B55039756001726
28.5,74.25,Churu,76128533B66825707357376
28.5,74.5,Churu,76128533B66825707357376
28.5,74.75,Churu,76128533B66825707357376
28.5,75.0,Churu,76128533B66825707357376
28.5,75.25,Churu,76128533B66825707357376
28.5,75.5,Churu,76128533B66825707357376
28.5,75.75,Bhiwani,76128533B42646400584570
28.5,76.0,Bhiwani,76128533B42646400584570
28.5,76.25,Bhiwani,76128533B42646400584570
28.5,76.5,Jhajjar,76128533B70554191137208
28.5,76.75,Jhajjar,76128533B70554191137208
28.5,77.0,Gurgaon,76128533B67580812983244
28.5,77.25,South,76128533B97089774514948
28.5,77.5,Gautam Buddha Nagar,76128533B34462889864078
28.5,77.75,Bulandshahr,76128533B13272482176343
28.5,78.0,Bulandshahr,76128533B13272482176343
28.5,78.25,Jyotiba Phule Nagar,76128533B21119051307760
28.5,78.5,Sambhal,76128533B7545062765383
28.5,78.75,Sambhal,76128533B7545062765383
28.5,79.0,Rampur,76128533B46682008877369
28.5,79.25,Bareilly,76128533B68554447699730
28.5,79.5,Bareilly,76128533B68554447699730
28.5,79.75,Pilibhit,76128533B90071703601852
28.5,80.0,Pilibhit,76128533B90071703601852
28.5,80.25,Pilibhit,76128533B90071703601852
28.5,80.5,Kheri,76128533B76479861129777
28.5,80.75,Kheri,76128533B76479861129777
28.5,93.5,Upper Subansiri,76128533B84689409020934
28.5,93.75,Upper Subansiri,76128533B84689409020934
28.5,94.0,Upper Subansiri,76128533B84689409020934
28.5,94.25,Shi Yomi,76128533B46084756537322
28.5,94.5,Shi Yomi,76128533B46084756537322
28.5,94.75,West Siang,76128533B95764075909869
28.5,95.0,Upper Siang,76128533B76058958071350
28.5,95.25,Upper Siang,76128533B76058958071350
28.5,95.5,Dibang Valley,76128533B11651252780045
28.5,95.75,Dibang Valley,76128533B11651252780045
28.5,96.0,Dibang Valley,76128533B11651252780045
28.5,96.25,Lower Dibang Valley,76128533B38784530776316
28.75,72.5,Bikaner,76128533B55039756001726
28.75,72.75,Bikaner,76128533B55039756001726
28.75,73.0,Ganganagar,76128533B72079972234594
28.75,73.25,Bikaner,76128533B55039756001726
28.75,73.5,Bikaner,76128533B55039756001726
28.75,73.75,Bikaner,76128533B55039756001726
28.75,74.0,Bikaner,76128533B55039756001726
28.75,74.25,Churu,76128533B66825707357376
28.75,74.5,Churu,76128533B66825707357376
28.75,74.75,Churu,76128533B66825707357376
28.75,75.0,Churu,76128533B66825707357376
28.75,75.25,Churu,76128533B66825707357376
28.75,75.5,Churu,76128533B66825707357376
28.75,75.75,Bhiwani,76128533B42646400584570
28.75,76.0,Bhiwani,76128533B42646400584570
28.75,76.25,Bhiwani,76128533B42646400584570
28.75,76.5,Rohtak,76128533B12244045944458
28.75,76.75,Jhajjar,76128533B70554191137208
28.75,77.0,North West,76128533B71353370080255
28.75,77.25,North East,76128533B9976625304286
28.75,77.5,Ghaziabad,76128533B68984344044805
28.75,77.75,Meerut,76128533B61760400952464
28.75,78.0,Hapur,76128533B87317961648652
28.75,78.25,Jyotiba Phule Nagar,76128533B21119051307760
28.75,78.5,Sambhal,76128533B7545062765383
28.75,78.75,Moradabad,76128533B51849218363622
28.75,79.0,Moradabad,76128533B51849218363622
28.75,79.25,Rampur,76128533B46682008877369
28.75,79.5,Bareilly,76128533B68554447699730
28.75,79.75,Pilibhit,76128533B90071703601852
28.75,80.0,Udham Singh Nagar,76128533B46531174070538
28.75,80.25,Pilibhit,76128533B90071703601852
28.75,94.0,Shi Yomi,76128533B46084756537322
28.75,94.25,Shi Yomi,76128533B46084756537322
28.75,94.5,Shi Yomi,76128533B46084756537322
28.75,94.75,Upper Siang,76128533B76058958071350
28.75,95.0,Upper Siang,76128533B76058958071350
28.75,95.25,Upper Siang,76128533B76058958071350
28.75,95.5,Dibang Valley,76128533B11651252780045
28.75,95.75,Dibang Valley,76128533B11651252780045
28.75,96.0,Dibang Valley,76128533B11651252780045
28.75,96.25,Dibang Valley,76128533B11651252780045
28.75,96.5,Dibang Valley,76128533B11651252780045
29.0,73.0,Ganganagar,76128533B72079972234594
29.0,73.25,Ganganagar,76128533B72079972234594
29.0,73.5,Bikaner,76128533B55039756001726
29.0,73.75,Bikaner,76128533B55039756001726
29.0,74.0,Ganganagar,76128533B72079972234594
29.0,74.25,Hanumangarh,76128533B92044109913630
29.0,74.5,Hanumangarh,76128533B92044109913630
29.0,74.75,Hanumangarh,76128533B92044109913630
29.0,75.0,Hanumangarh,76128533B92044109913630
29.0,75.25,Hanumangarh,76128533B92044109913630
29.0,75.5,Hanumangarh,76128533B92044109913630
29.0,75.75,Hisar,76128533B22732185131019
29.0,76.0,Bhiwani,76128533B42646400584570
29.0,76.25,Rohtak,76128533B12244045944458
29.0,76.5,Rohtak,76128533B12244045944458
29.0,76.75,Rohtak,76128533B12244045944458
29.0,77.0,Sonipat,76128533B69536039643660
29.0,77.25,Baghpat,76128533B46268976217915
29.0,77.5,Meerut,76128533B61760400952464
29.0,77.75,Meerut,76128533B61760400952464
29.0,78.0,Meerut,76128533B61760400952464
29.0,78.25,Jyotiba Phule Nagar,76128533B21119051307760
29.0,78.5,Jyotiba Phule Nagar,76128533B21119051307760
29.0,78.75,Moradabad,76128533B51849218363622
29.0,79.0,Rampur,76128533B46682008877369
29.0,79.25,Rampur,76128533B46682008877369
29.0,79.5,Udham Singh Nagar,76128533B46531174070538
29.0,79.75,Udham Singh Nagar,76128533B46531174070538
29.0,80.0,Udham Singh Nagar,76128533B46531174070538
29.0,94.25,Shi Yomi,76128533B46084756537322
29.0,94.5,Upper Siang,76128533B76058958071350
29.0,94.75,Upper Siang,76128533B76058958071350
29.0,95.0,Upper Siang,76128533B76058958071350
29.0,95.25,Upper Siang,76128533B76058958071350
29.0,95.5,Dibang Valley,76128533B11651252780045
29.0,95.75,Dibang Valley,76128533B11651252780045
29.0,96.0,Dibang Valley,76128533B11651252780045
29.25,73.25,Ganganagar,76128533B72079972234594
29.25,73.5,Ganganagar,76128533B72079972234594
29.25,73.75,Ganganagar,76128533B72079972234594
29.25,74.0,Ganganagar,76128533B72079972234594
29.25,74.25,Hanumangarh,76128533B92044109913630
29.25,74.5,Hanumangarh,76128533B92044109913630
29.25,74.75,Hanumangarh,76128533B92044109913630
29.25,75.0,Hanumangarh,76128533B92044109913630
29.25,75.25,Hanumangarh,76128533B92044109913630
29.25,75.5,Hisar,76128533B22732185131019
29.25,75.75,Hisar,76128533B22732185131019
29.25,76.0,Hisar,76128533B22732185131019
29.25,76.25,Jind,76128533B45106682783501
29.25,76.5,Jind,76128533B45106682783501
29.25,76.75,Sonipat,76128533B69536039643660
29.25,77.0,Panipat,76128533B86048662040782
29.25,77.25,Baghpat,76128533B46268976217915
29.25,77.5,Muzaffarnagar,76128533B87051210355251
29.25,77.75,Muzaffarnagar,76128533B87051210355251
29.25,78.0,Muzaffarnagar,76128533B87051210355251
29.25,78.25,Bijnor,76128533B14534161138054
29.25,78.5,Bijnor,76128533B14534161138054
29.25,78.75,Moradabad,76128533B51849218363622
29.25,79.0,Udham Singh Nagar,76128533B46531174070538
29.25,79.25,Nainital,76128533B50374927918374
29.25,79.5,Nainital,76128533B50374927918374
29.25,79.75,Nainital,76128533B50374927918374
29.25,80.0,Champawat,76128533B2761749808956
29.25,80.25,Champawat,76128533B2761749808956
29.25,94.75,Upper Siang,76128533B76058958071350
29.25,95.75,Dibang Valley,76128533B11651252780045
29.25,96.0,Dibang Valley,76128533B11651252780045
29.5,73.25,Ganganagar,76128533B72079972234594
29.5,73.5,Ganganagar,76128533B72079972234594
29.5,73.75,Ganganagar,76128533B72079972234594
29.5,74.0,Hanumangarh,76128533B92044109913630
29.5,74.25,Hanumangarh,76128533B92044109913630
29.5,74.5,Hanumangarh,76128533B92044109913630
29.5,74.75,Sirsa,76128533B84837672903805
29.5,75.0,Sirsa,76128533B84837672903805
29.5,75.25,Sirsa,76128533B84837672903805
29.5,75.5,Fatehabad,76128533B10727492375508
29.5,75.75,Fatehabad,76128533B10727492375508
29.5,76.0,Jind,76128533B45106682783501
29.5,76.25,Jind,76128533B45106682783501
29.5,76.5,Jind,76128533B45106682783501
29.5,76.75,Karnal,76128533B6330405394721
29.5,77.0,Karnal,76128533B6330405394721
29.5,77.25,Samli,76128533B35465481868600
29.5,77.5,Muzaffarnagar,76128533B87051210355251
29.5,77.75,Muzaffarnagar,76128533B87051210355251
29.5,78.0,Bijnor,76128533B14534161138054
29.5,78.25,Bijnor,76128533B14534161138054
29.5,78.5,Bijnor,76128533B14534161138054
29.5,78.75,Garhwal,76128533B46926146855114
29.5,79.0,Nainital,76128533B50374927918374
29.5,79.25,Nainital,76128533B50374927918374
29.5,79.5,Almora,76128533B74917207853309
29.5,79.75,Almora,76128533B74917207853309
29.5,80.0,Almora,76128533B74917207853309
29.5,80.25,Pithoragarh,76128533B38561771925520
29.75,73.5,Ganganagar,76128533B72079972234594
29.75,73.75,Ganganagar,76128533B72079972234594
29.75,74.0,Ganganagar,76128533B72079972234594
29.75,74.25,Hanumangarh,76128533B92044109913630
29.75,74.5,Sirsa,76128533B84837672903805
29.75,74.75,Sirsa,76128533B84837672903805
29.75,75.0,Sirsa,76128533B84837672903805
29.75,75.25,Mansa,76128533B41499938690181
29.75,75.5,Fatehabad,76128533B10727492375508
29.75,75.75,Fatehabad,76128533B10727492375508
29.75,76.0,Sangrur,76128533B82601690264832
29.75,76.25,Kaithal,76128533B64596101949699
29.75,76.5,Kaithal,76128533B64596101949699
29.75,76.75,Karnal,76128533B6330405394721
29.75,77.0,Karnal,76128533B6330405394721
29.75,77.25,Saharanpur,76128533B33437990510331
29.75,77.5,Saharanpur,76128533B33437990510331
29.75,77.75,Saharanpur,76128533B33437990510331
29.75,78.0,Hardwar,76128533B87833640460819
29.75,78.25,Hardwar,76128533B87833640460819
29.75,78.5,Garhwal,76128533B46926146855114
29.75,78.75,Garhwal,76128533B46926146855114
29.75,79.0,Garhwal,76128533B46926146855114
29.75,79.25,Almora,76128533B74917207853309
29.75,79.5,Almora,76128533B74917207853309
29.75,79.75,Bageshwar,76128533B64217423710469
29.75,80.0,Pithoragarh,76128533B38561771925520
29.75,80.25,Pithoragarh,76128533B38561771925520
30.0,73.75,Ganganagar,76128533B72079972234594
30.0,74.0,Fazilka,76128533B7291413308870
30.0,74.25,Fazilka,76128533B7291413308870
30.0,74.5,Muktsar,76128533B50184713016881
30.0,74.75,Bathinda,76128533B13791982054894
30.0,75.0,Bathinda,76128533B13791982054894
30.0,75.25,Bathinda,76128533B13791982054894
30.0,75.5,Mansa,76128533B41499938690181
30.0,75.75,Sangrur,76128533B82601690264832
30.0,76.0,Sangrur,76128533B82601690264832
30.0,76.25,Kaithal,76128533B64596101949699
30.0,76.5,Kurukshetra,76128533B94710820075529
30.0,76.75,Kurukshetra,76128533B94710820075529
30.0,77.0,Kurukshetra,76128533B94710820075529
30.0,77.25,Yamunanagar,76128533B23956636471502
30.0,77.5,Saharanpur,76128533B33437990510331
30.0,77.75,Saharanpur,76128533B33437990510331
30.0,78.0,Hardwar,76128533B87833640460819
30.0,78.25,Garhwal,76128533B46926146855114
30.0,78.5,Garhwal,76128533B46926146855114
30.0,78.75,Garhwal,76128533B46926146855114
30.0,79.0,Garhwal,76128533B46926146855114
30.0,79.25,Chamoli,76128533B69844709752120
30.0,79.5,Bageshwar,76128533B64217423710469
30.0,79.75,Bageshwar,76128533B64217423710469
30.0,80.0,Bageshwar,76128533B64217423710469
30.0,80.25,Pithoragarh,76128533B38561771925520
30.0,80.5,Pithoragarh,76128533B38561771925520
30.25,74.0,Fazilka,76128533B7291413308870
30.25,74.25,Fazilka,76128533B7291413308870
30.25,74.5,Muktsar,76128533B50184713016881
30.25,74.75,Bathinda,76128533B13791982054894
30.25,75.0,Bathinda,76128533B13791982054894
30.25,75.25,Bathinda,76128533B13791982054894
30.25,75.5,Barnala,76128533B39051871473194
30.25,75.75,Sangrur,76128533B82601690264832
30.25,76.0,Sangrur,76128533B82601690264832
30.25,76.25,Patiala,76128533B39368211148513
30.25,76.5,Patiala,76128533B39368211148513
30.25,76.75,Ambala,76128533B95049353851516
30.25,77.0,Ambala,76128533B95049353851516
30.25,77.25,Yamunanagar,76128533B23956636471502
30.25,77.5,Yamunanagar,76128533B23956636471502
30.25,77.75,Saharanpur,76128533B33437990510331
30.25,78.0,Dehradun,76128533B67005208112053
30.25,78.25,Dehradun,76128533B67005208112053
30.25,78.5,Tehri Garhwal,76128533B61134942989820
30.25,78.75,Tehri Garhwal,76128533B61134942989820
30.25,79.0,Rudraprayag,76128533B46038384763988
30.25,79.25,Chamoli,76128533B69844709752120
30.25,79.5,Chamoli,76128533B69844709752120
30.25,79.75,Chamoli,76128533B69844709752120
30.25,80.0,Bageshwar,76128533B64217423710469
30.25,80.25,Pithoragarh,76128533B38561771925520
30.25,80.5,Pithoragarh,76128533B38561771925520
30.25,80.75,Pithoragarh,76128533B38561771925520
30.25,81.0,Pithoragarh,76128533B38561771925520
30.5,74.0,Fazilka,76128533B7291413308870
30.5,74.25,Fazilka,76128533B7291413308870
30.5,74.5,Muktsar,76128533B50184713016881
30.5,74.75,Faridkot,76128533B13552746017223
30.5,75.0,Moga,76128533B18834172694083
30.5,75.25,Bathinda,76128533B13791982054894
30.5,75.5,Barnala,76128533B39051871473194
30.5,75.75,Sangrur,76128533B82601690264832
30.5,76.0,Sangrur,76128533B82601690264832
30.5,76.25,Patiala,76128533B39368211148513
30.5,76.5,Patiala,76128533B39368211148513
30.5,76.75,Patiala,76128533B39368211148513
30.5,77.0,Panchkula,76128533B58876508630362
30.5,77.25,Sirmaur,76128533B11802210119774
30.5,77.5,Sirmaur,76128533B11802210119774
30.5,77.75,Sirmaur,76128533B11802210119774
30.5,78.0,Tehri Garhwal,76128533B61134942989820
30.5,78.25,Tehri Garhwal,76128533B61134942989820
30.5,78.5,Tehri Garhwal,76128533B61134942989820
30.5,78.75,Tehri Garhwal,76128533B61134942989820
30.5,79.0,Rudraprayag,76128533B46038384763988
30.5,79.25,Chamoli,76128533B69844709752120
30.5,79.5,Chamoli,76128533B69844709752120
30.5,79.75,Chamoli,76128533B69844709752120
30.5,80.0,Chamoli,76128533B69844709752120
30.5,80.25,Pithoragarh,76128533B38561771925520
30.75,74.5,Faridkot,76128533B13552746017223
30.75,74.75,Faridkot,76128533B13552746017223
30.75,75.0,Moga,76128533B18834172694083
30.75,75.25,Moga,76128533B18834172694083
30.75,75.5,Ludhiana,76128533B46195204843409
30.75,75.75,Ludhiana,76128533B46195204843409
30.75,76.0,Ludhiana,76128533B46195204843409
30.75,76.25,Ludhiana,76128533B46195204843409
30.75,76.5,Rupnagar,76128533B24759700890118
30.75,76.75,Chandigarh,76128533B56050914259601
30.75,77.0,Panchkula,76128533B58876508630362
30.75,77.25,Sirmaur,76128533B11802210119774
30.75,77.5,Sirmaur,76128533B11802210119774
30.75,77.75,Dehradun,76128533B67005208112053
30.75,78.0,Dehradun,76128533B67005208112053
30.75,78.25,Uttarkashi,76128533B81694682724865
30.75,78.5,Uttarkashi,76128533B81694682724865
30.75,78.75,Uttarkashi,76128533B81694682724865
30.75,79.0,Tehri Garhwal,76128533B61134942989820
30.75,79.25,Uttarkashi,76128533B81694682724865
30.75,79.5,Chamoli,76128533B69844709752120
30.75,79.75,Chamoli,76128533B69844709752120
30.75,80.0,Chamoli,76128533B69844709752120
31.0,74.75,Firozpur,76128533B421757708753
31.0,75.0,Firozpur,76128533B421757708753
31.0,75.25,Moga,76128533B18834172694083
31.0,75.5,Jalandhar,76128533B91211372620495
31.0,75.75,Ludhiana,76128533B46195204843409
31.0,76.0,Shahid Bhagat Singh Nagar,76128533B14984770113274
31.0,76.25,Ludhiana,76128533B46195204843409
31.0,76.5,Shahid Bhagat Singh Nagar,76128533B14984770113274
31.0,76.75,Solan,76128533B58569599021232
31.0,77.0,Solan,76128533B58569599021232
31.0,77.25,Shimla,76128533B77537928419507
31.0,77.5,Shimla,76128533B77537928419507
31.0,77.75,Shimla,76128533B77537928419507
31.0,78.0,Uttarkashi,76128533B81694682724865
31.0,78.25,Uttarkashi,76128533B81694682724865
31.0,78.5,Uttarkashi,76128533B81694682724865
31.0,78.75,Uttarkashi,76128533B81694682724865
31.0,79.0,Uttarkashi,76128533B81694682724865
31.0,79.25,Uttarkashi,76128533B81694682724865
31.0,79.5,Chamoli,76128533B69844709752120
31.25,74.75,Tarn Taran,76128533B54652028494758
31.25,75.0,Tarn Taran,76128533B54652028494758
31.25,75.25,Kapurthala,76128533B37199077904074
31.25,75.5,Jalandhar,76128533B91211372620495
31.25,75.75,Kapurthala,76128533B37199077904074
31.25,76.0,Hoshiarpur,76128533B41747884279129
31.25,76.25,Hoshiarpur,76128533B41747884279129
31.25,76.5,Rupnagar,76128533B24759700890118
31.25,76.75,Bilaspur,76128533B85695392289827
31.25,77.0,Solan,76128533B58569599021232
31.25,77.25,Shimla,76128533B77537928419507
31.25,77.5,Shimla,76128533B77537928419507
31.25,77.75,Shimla,76128533B77537928419507
31.25,78.0,Shimla,76128533B77537928419507
31.25,78.25,Shimla,76128533B77537928419507
31.25,78.5,Kinnaur,76128533B50011981829203
31.25,78.75,Kinnaur,76128533B50011981829203
31.25,79.0,Uttarkashi,76128533B81694682724865
31.5,74.75,Tarn Taran,76128533B54652028494758
31.5,75.0,Tarn Taran,76128533B54652028494758
31.5,75.25,Tarn Taran,76128533B54652028494758
31.5,75.5,Kapurthala,76128533B37199077904074
31.5,75.75,Hoshiarpur,76128533B41747884279129
31.5,76.0,Hoshiarpur,76128533B41747884279129
31.5,76.25,Una,76128533B75262864015847
31.5,76.5,Hamirpur,76128533B35956162202704
31.5,76.75,Bilaspur,76128533B85695392289827
31.5,77.0,Mandi,76128533B23735146933631
31.5,77.25,Mandi,76128533B23735146933631
31.5,77.5,Kullu,76128533B97425778881707
31.5,77.75,Shimla,76128533B77537928419507
31.5,78.0,Kinnaur,76128533B50011981829203
31.5,78.25,Kinnaur,76128533B50011981829203
31.5,78.5,Kinnaur,76128533B50011981829203
31.75,74.75,Amritsar,76128533B8426545955058
31.75,75.0,Amritsar,76128533B8426545955058
31.75,75.25,Gurdaspur,76128533B51331331726928
31.75,75.5,Gurdaspur,76128533B51331331726928
31.75,75.75,Hoshiarpur,76128533B41747884279129
31.75,76.0,Una,76128533B75262864015847
31.75,76.25,Kangra,76128533B13697452453823
31.75,76.5,Hamirpur,76128533B35956162202704
31.75,76.75,Mandi,76128533B23735146933631
31.75,77.0,Mandi,76128533B23735146933631
31.75,77.25,Kullu,76128533B97425778881707
31.75,77.5,Kullu,76128533B97425778881707
31.75,77.75,Kullu,76128533B97425778881707
31.75,78.0,Kinnaur,76128533B50011981829203
31.75,78.25,Kinnaur,76128533B50011981829203
31.75,78.5,Kinnaur,76128533B50011981829203
32.0,75.0,Gurdaspur,76128533B51331331726928
32.0,75.25,Gurdaspur,76128533B51331331726928
32.0,75.5,Gurdaspur,76128533B51331331726928
32.0,75.75,Hoshiarpur,76128533B41747884279129
32.0,76.0,Kangra,76128533B13697452453823
32.0,76.25,Kangra,76128533B13697452453823
32.0,76.5,Kangra,76128533B13697452453823
32.0,76.75,Mandi,76128533B23735146933631
32.0,77.0,Kullu,76128533B97425778881707
32.0,77.25,Kullu,76128533B97425778881707
32.0,77.5,Kullu,76128533B97425778881707
32.0,77.75,Kullu,76128533B97425778881707
32.0,78.0,Lahul & Spiti,76128533B75359793481950
32.0,78.25,Lahul & Spiti,76128533B75359793481950
32.0,78.5,Kinnaur,76128533B50011981829203
32.0,78.75,Kinnaur,76128533B50011981829203
32.25,75.5,Pathankot,76128533B19630094725383
32.25,75.75,Kangra,76128533B13697452453823
32.25,76.0,Kangra,76128533B13697452453823
32.25,76.25,Kangra,76128533B13697452453823
32.25,76.5,Chamba,76128533B58537895532859
32.25,76.75,Chamba,76128533B58537895532859
32.25,77.0,Kangra,76128533B13697452453823
32.25,77.25,Kullu,76128533B97425778881707
32.25,77.5,Lahul & Spiti,76128533B75359793481950
32.25,77.75,Lahul & Spiti,76128533B75359793481950
32.25,78.0,Lahul & Spiti,76128533B75359793481950
32.25,78.25,Lahul & Spiti,76128533B75359793481950
32.5,74.75,Jammu,76128533B3371867518692
32.5,75.0,Samba,76128533B49429513424897
32.5,75.25,Kathua,76128533B79652855441225
32.5,75.5,Kathua,76128533B79652855441225
32.5,75.75,Kathua,76128533B79652855441225
32.5,76.0,Chamba,76128533B58537895532859
32.5,76.25,Chamba,76128533B58537895532859
32.5,76.5,Chamba,76128533B58537895532859
32.5,76.75,Chamba,76128533B58537895532859
32.5,77.0,Lahul & Spiti,76128533B75359793481950
32.5,77.25,Lahul & Spiti,76128533B75359793481950
32.5,77.5,Lahul & Spiti,76128533B75359793481950
32.5,77.75,Lahul & Spiti,76128533B75359793481950
32.5,78.0,Lahul & Spiti,76128533B75359793481950
32.5,78.25,Lahul & Spiti,76128533B75359793481950
32.5,79.0,Leh(Ladakh),76128533B57183548666997
32.75,74.75,Jammu,76128533B3371867518692
32.75,75.0,Samba,76128533B49429513424897
32.75,75.25,Udhampur,76128533B31127900859310
32.75,75.5,Kathua,76128533B79652855441225
32.75,75.75,Kathua,76128533B79652855441225
32.75,76.0,Chamba,76128533B58537895532859
32.75,76.25,Chamba,76128533B58537895532859
32.75,76.5,Lahul & Spiti,76128533B75359793481950
32.75,76.75,Lahul & Spiti,76128533B75359793481950
32.75,77.0,Lahul & Spiti,76128533B75359793481950
32.75,77.25,Lahul & Spiti,76128533B75359793481950
32.75,77.5,Lahul & Spiti,76128533B75359793481950
32.75,77.75,Lahul & Spiti,76128533B75359793481950
32.75,78.0,Leh(Ladakh),76128533B57183548666997
32.75,78.25,Leh(Ladakh),76128533B57183548666997
32.75,78.5,Leh(Ladakh),76128533B57183548666997
32.75,78.75,Leh(Ladakh),76128533B57183548666997
32.75,79.0,Leh(Ladakh),76128533B57183548666997
32.75,79.25,Leh(Ladakh),76128533B57183548666997
32.75,79.5,Leh(Ladakh),76128533B57183548666997
33.0,74.0,DATA NOT AVAILABLE,76128533B2782141712775
33.0,74.25,DATA NOT AVAILABLE,76128533B2782141712775
33.0,74.5,Rajouri,76128533B45655211862788
33.0,74.75,Jammu,76128533B3371867518692
33.0,75.0,Udhampur,76128533B31127900859310
33.0,75.25,Udhampur,76128533B31127900859310
33.0,75.5,Doda,76128533B48708628358161
33.0,75.75,Doda,76128533B48708628358161
33.0,76.0,Doda,76128533B48708628358161
33.0,76.25,Chamba,76128533B58537895532859
33.0,76.5,Chamba,76128533B58537895532859
33.0,76.75,Chamba,76128533B58537895532859
33.0,77.0,Kargil,76128533B47664895117076
33.0,77.25,Kargil,76128533B47664895117076
33.0,77.5,Leh(Ladakh),76128533B57183548666997
33.0,77.75,Leh(Ladakh),76128533B57183548666997
33.0,78.0,Leh(Ladakh),76128533B57183548666997
33.0,78.25,Leh(Ladakh),76128533B57183548666997
33.0,78.5,Leh(Ladakh),76128533B57183548666997
33.0,78.75,Leh(Ladakh),76128533B57183548666997
33.0,79.0,Leh(Ladakh),76128533B57183548666997
33.0,79.25,Leh(Ladakh),76128533B57183548666997
33.25,73.75,DATA NOT AVAILABLE,76128533B2782141712775
33.25,74.0,DATA NOT AVAILABLE,76128533B2782141712775
33.25,74.25,Rajouri,76128533B45655211862788
33.25,74.5,Rajouri,76128533B45655211862788
33.25,74.75,Reasi,76128533B50784044604286
33.25,75.0,Reasi,76128533B50784044604286
33.25,75.25,Ramban,76128533B92985585225784
33.25,75.5,Doda,76128533B48708628358161
33.25,75.75,Kishtwar,76128533B20458430922604
33.25,76.0,Kishtwar,76128533B20458430922604
33.25,76.25,Kishtwar,76128533B20458430922604
33.25,76.5,Kishtwar,76128533B20458430922604
33.25,76.75,Kargil,76128533B47664895117076
33.25,77.0,Kargil,76128533B47664895117076
33.25,77.25,Kargil,76128533B47664895117076
33.25,77.5,Leh(Ladakh),76128533B57183548666997
33.25,77.75,Leh(Ladakh),76128533B57183548666997
33.25,78.0,Leh(Ladakh),76128533B57183548666997
33.25,78.25,Leh(Ladakh),76128533B57183548666997
33.25,78.5,Leh(Ladakh),76128533B57183548666997
33.25,78.75,Leh(Ladakh),76128533B57183548666997
33.25,79.0,Leh(Ladakh),76128533B57183548666997
33.25,79.25,Leh(Ladakh),76128533B57183548666997
33.5,73.75,DATA NOT AVAILABLE,76128533B2782141712775
33.5,74.0,DATA NOT AVAILABLE,76128533B2782141712775
33.5,74.25,Rajouri,76128533B45655211862788
33.5,74.5,Punch,76128533B32998994032811
33.5,74.75,Kulgam,76128533B87327155385261
33.5,75.0,Kulgam,76128533B87327155385261
33.5,75.25,Anantnag,76128533B6393836306469
33.5,75.5,Kishtwar,76128533B20458430922604
33.5,75.75,Kishtwar,76128533B20458430922604
33.5,76.0,Kishtwar,76128533B20458430922604
33.5,76.25,Kishtwar,76128533B20458430922604
33.5,76.5,Kargil,76128533B47664895117076
33.5,76.75,Kargil,76128533B47664895117076
33.5,77.0,Kargil,76128533B47664895117076
33.5,77.25,Kargil,76128533B47664895117076
33.5,77.5,Leh(Ladakh),76128533B57183548666997
33.5,77.75,Leh(Ladakh),76128533B57183548666997
33.5,78.0,Leh(Ladakh),76128533B57183548666997
33.5,78.25,Leh(Ladakh),76128533B57183548666997
33.5,78.5,Leh(Ladakh),76128533B57183548666997
33.5,78.75,Leh(Ladakh),76128533B57183548666997
33.75,73.75,DATA NOT AVAILABLE,76128533B2782141712775
33.75,74.0,DATA NOT AVAILABLE,76128533B2782141712775
33.75,74.25,Punch,76128533B32998994032811
33.75,74.5,Punch,76128533B32998994032811
33.75,74.75,Shupiyan,76128533B37825396764028
33.75,75.0,Shupiyan,76128533B37825396764028
33.75,75.25,Anantnag,76128533B6393836306469
33.75,75.5,Kishtwar,76128533B20458430922604
33.75,75.75,Kishtwar,76128533B20458430922604
33.75,76.0,Kishtwar,76128533B20458430922604
33.75,76.25,Kargil,76128533B47664895117076
33.75,76.5,Kargil,76128533B47664895117076
33.75,76.75,Kargil,76128533B47664895117076
33.75,77.0,Leh(Ladakh),76128533B57183548666997
33.75,77.25,Leh(Ladakh),76128533B57183548666997
33.75,77.5,Leh(Ladakh),76128533B57183548666997
33.75,77.75,Leh(Ladakh),76128533B57183548666997
33.75,78.0,Leh(Ladakh),76128533B57183548666997
33.75,78.25,Leh(Ladakh),76128533B57183548666997
33.75,78.5,Leh(Ladakh),76128533B57183548666997
33.75,78.75,Leh(Ladakh),76128533B57183548666997
33.75,79.0,Leh(Ladakh),76128533B57183548666997
34.0,73.75,DATA NOT AVAILABLE,76128533B2782141712775
34.0,74.0,DATA NOT AVAILABLE,76128533B2782141712775
34.0,74.25,DATA NOT AVAILABLE,76128533B2782141712775
34.0,74.5,Baramula,76128533B15567489974292
34.0,74.75,Srinagar,76128533B32249045995424
34.0,75.0,Pulwama,76128533B74958462315105
34.0,75.25,Anantnag,76128533B6393836306469
34.0,75.5,Kishtwar,76128533B20458430922604
34.0,75.75,Kishtwar,76128533B20458430922604
34.0,76.0,Kargil,76128533B47664895117076
34.0,76.25,Kargil,76128533B47664895117076
34.0,76.5,Kargil,76128533B47664895117076
34.0,76.75,Leh(Ladakh),76128533B57183548666997
34.0,77.0,Leh(Ladakh),76128533B57183548666997
34.0,77.25,Leh(Ladakh),76128533B57183548666997
34.0,77.5,Leh(Ladakh),76128533B57183548666997
34.0,77.75,Leh(Ladakh),76128533B57183548666997
34.0,78.0,Leh(Ladakh),76128533B57183548666997
34.0,78.25,Leh(Ladakh),76128533B57183548666997
34.0,78.5,Leh(Ladakh),76128533B57183548666997
34.0,78.75,Leh(Ladakh),76128533B57183548666997
34.25,73.5,DATA NOT AVAILABLE,76128533B2782141712775
34.25,73.75,DATA NOT AVAILABLE,76128533B2782141712775
34.25,74.0,DATA NOT AVAILABLE,76128533B2782141712775
34.25,74.25,Baramula,76128533B15567489974292
34.25,74.5,Baramula,76128533B15567489974292
34.25,74.75,Ganderbal,76128533B20504715877560
34.25,75.0,Ganderbal,76128533B20504715877560
34.25,75.25,Ganderbal,76128533B20504715877560
34.25,75.5,Kargil,76128533B47664895117076
34.25,75.75,Kargil,76128533B47664895117076
34.25,76.0,Kargil,76128533B47664895117076
34.25,76.25,Kargil,76128533B47664895117076
34.25,76.5,Kargil,76128533B47664895117076
34.25,76.75,Leh(Ladakh),76128533B57183548666997
34.25,77.0,Leh(Ladakh),76128533B57183548666997
34.25,77.25,Leh(Ladakh),76128533B57183548666997
34.25,77.5,Leh(Ladakh),76128533B57183548666997
34.25,77.75,Leh(Ladakh),76128533B57183548666997
34.25,78.0,Leh(Ladakh),76128533B57183548666997
34.25,78.25,Leh(Ladakh),76128533B57183548666997
34.25,78.5,Leh(Ladakh),76128533B57183548666997
34.25,78.75,Leh(Ladakh),76128533B57183548666997
34.25,79.0,Leh(Ladakh),76128533B57183548666997
34.25,79.25,Leh(Ladakh),76128533B57183548666997
34.25,79.5,Leh(Ladakh),76128533B57183548666997
34.5,73.5,DATA NOT AVAILABLE,76128533B2782141712775
34.5,73.75,DATA NOT AVAILABLE,76128533B2782141712775
34.5,74.0,Kupwara,76128533B68195849750399
34.5,74.25,Kupwara,76128533B68195849750399
34.5,74.5,Bandipore,76128533B41744580856133
34.5,74.75,Bandipore,76128533B41744580856133
34.5,75.0,Bandipore,76128533B41744580856133
34.5,75.25,Bandipore,76128533B41744580856133
34.5,75.5,Kargil,76128533B47664895117076
34.5,75.75,Kargil,76128533B47664895117076
34.5,76.0,Kargil,76128533B47664895117076
34.5,76.25,Kargil,76128533B47664895117076
34.5,76.5,Kargil,76128533B47664895117076
34.5,76.75,Leh(Ladakh),76128533B57183548666997
34.5,77.0,Leh(Ladakh),76128533B57183548666997
34.5,77.25,Leh(Ladakh),76128533B57183548666997
34.5,77.5,Leh(Ladakh),76128533B57183548666997
34.5,77.75,Leh(Ladakh),76128533B57183548666997
34.5,78.0,Leh(Ladakh),76128533B57183548666997
34.5,78.25,Leh(Ladakh),76128533B57183548666997
34.5,78.5,Leh(Ladakh),76128533B57183548666997
34.5,78.75,Leh(Ladakh),76128533B57183548666997
34.5,79.0,Leh(Ladakh),76128533B57183548666997
34.5,79.25,Leh(Ladakh),76128533B57183548666997
34.5,79.5,Leh(Ladakh),76128533B57183548666997
34.5,79.75,Leh(Ladakh),76128533B57183548666997
34.75,73.75,DATA NOT AVAILABLE,76128533B2782141712775
34.75,74.0,DATA NOT AVAILABLE,76128533B2782141712775
34.75,74.25,Kupwara,76128533B68195849750399
34.75,74.5,Kupwara,76128533B68195849750399
34.75,74.75,DATA NOT AVAILABLE,76128533B2782141712775
34.75,75.0,DATA NOT AVAILABLE,76128533B2782141712775
34.75,75.25,DATA NOT AVAILABLE,76128533B2782141712775
34.75,75.5,DATA NOT AVAILABLE,76128533B2782141712775
34.75,75.75,DATA NOT AVAILABLE,76128533B2782141712775
34.75,76.0,DATA NOT AVAILABLE,76128533B2782141712775
34.75,76.25,DATA NOT AVAILABLE,76128533B2782141712775
34.75,76.5,Leh(Ladakh),76128533B57183548666997
34.75,76.75,Leh(Ladakh),76128533B57183548666997
34.75,77.0,Leh(Ladakh),76128533B57183548666997
34.75,77.25,Leh(Ladakh),76128533B57183548666997
34.75,77.5,Leh(Ladakh),76128533B57183548666997
34.75,77.75,Leh(Ladakh),76128533B57183548666997
34.75,78.0,Leh(Ladakh),76128533B57183548666997
34.75,78.25,Leh(Ladakh),76128533B57183548666997
34.75,78.5,Leh(Ladakh),76128533B57183548666997
34.75,78.75,Leh(Ladakh),76128533B57183548666997
34.75,79.0,Leh(Ladakh),76128533B57183548666997
34.75,79.25,Leh(Ladakh),76128533B57183548666997
34.75,79.5,Leh(Ladakh),76128533B57183548666997
34.75,79.75,Leh(Ladakh),76128533B57183548666997
34.75,80.0,Leh(Ladakh),76128533B57183548666997
35.0,74.25,DATA NOT AVAILABLE,76128533B2782141712775
35.0,74.5,DATA NOT AVAILABLE,76128533B2782141712775
35.0,74.75,DATA NOT AVAILABLE,76128533B2782141712775
35.0,75.0,DATA NOT AVAILABLE,76128533B2782141712775
35.0,75.25,DATA NOT AVAILABLE,76128533B2782141712775
35.0,75.5,DATA NOT AVAILABLE,76128533B2782141712775
35.0,75.75,DATA NOT AVAILABLE,76128533B2782141712775
35.0,76.0,DATA NOT AVAILABLE,76128533B2782141712775
35.0,76.25,DATA NOT AVAILABLE,76128533B2782141712775
35.0,76.5,DATA NOT AVAILABLE,76128533B2782141712775
35.0,76.75,DATA NOT AVAILABLE,76128533B2782141712775
35.0,77.0,DATA NOT AVAILABLE,76128533B2782141712775
35.0,77.25,Leh(Ladakh),76128533B57183548666997
35.0,77.5,Leh(Ladakh),76128533B57183548666997
35.0,77.75,Leh(Ladakh),76128533B57183548666997
35.0,78.0,Leh(Ladakh),76128533B57183548666997
35.0,78.25,Leh(Ladakh),76128533B57183548666997
35.0,78.5,Leh(Ladakh),76128533B57183548666997
35.0,78.75,Leh(Ladakh),76128533B57183548666997
35.0,79.0,Leh(Ladakh),76128533B57183548666997
35.0,79.25,Leh(Ladakh),76128533B57183548666997
35.0,79.5,Leh(Ladakh),76128533B57183548666997
35.0,79.75,Leh(Ladakh),76128533B57183548666997
35.0,80.0,Leh(Ladakh),76128533B57183548666997
35.25,74.0,DATA NOT AVAILABLE,76128533B2782141712775
35.25,74.25,DATA NOT AVAILABLE,76128533B2782141712775
35.25,74.5,DATA NOT AVAILABLE,76128533B2782141712775
35.25,74.75,DATA NOT AVAILABLE,76128533B2782141712775
35.25,75.0,DATA NOT AVAILABLE,76128533B2782141712775
35.25,75.25,DATA NOT AVAILABLE,76128533B2782141712775
35.25,75.5,DATA NOT AVAILABLE,76128533B2782141712775
35.25,75.75,DATA NOT AVAILABLE,76128533B2782141712775
35.25,76.0,DATA NOT AVAILABLE,76128533B2782141712775
35.25,76.25,DATA NOT AVAILABLE,76128533B2782141712775
35.25,76.5,DATA NOT AVAILABLE,76128533B2782141712775
35.25,76.75,DATA NOT AVAILABLE,76128533B2782141712775
35.25,77.0,DATA NOT AVAILABLE,76128533B2782141712775
35.25,77.25,DATA NOT AVAILABLE,76128533B2782141712775
35.25,77.5,Leh(Ladakh),76128533B57183548666997
35.25,77.75,Leh(Ladakh),76128533B57183548666997
35.25,78.0,Leh(Ladakh),76128533B57183548666997
35.25,78.25,Leh(Ladakh),76128533B57183548666997
35.25,78.5,Leh(Ladakh),76128533B57183548666997
35.25,78.75,Leh(Ladakh),76128533B57183548666997
35.25,79.0,Leh(Ladakh),76128533B57183548666997
35.25,79.25,Leh(Ladakh),76128533B57183548666997
35.25,79.5,Leh(Ladakh),76128533B57183548666997
35.25,79.75,Leh(Ladakh),76128533B57183548666997
35.25,80.0,Leh(Ladakh),76128533B57183548666997
35.5,74.0,DATA NOT AVAILABLE,76128533B2782141712775
35.5,74.25,DATA NOT AVAILABLE,76128533B2782141712775
35.5,74.5,DATA NOT AVAILABLE,76128533B2782141712775
35.5,74.75,DATA NOT AVAILABLE,76128533B2782141712775
35.5,75.0,DATA NOT AVAILABLE,76128533B2782141712775
35.5,75.25,DATA NOT AVAILABLE,76128533B2782141712775
35.5,75.5,DATA NOT AVAILABLE,76128533B2782141712775
35.5,75.75,DATA NOT AVAILABLE,76128533B2782141712775
35.5,76.0,DATA NOT AVAILABLE,76128533B2782141712775
35.5,76.25,DATA NOT AVAILABLE,76128533B2782141712775
35.5,76.5,DATA NOT AVAILABLE,76128533B2782141712775
35.5,76.75,DATA NOT AVAILABLE,76128533B2782141712775
35.5,77.0,DATA NOT AVAILABLE,76128533B2782141712775
35.5,77.25,DATA NOT AVAILABLE,76128533B2782141712775
35.5,77.75,DATA NOT AVAILABLE,76128533B2782141712775
35.5,78.0,Leh(Ladakh),76128533B57183548666997
35.5,78.25,Leh(Ladakh),76128533B57183548666997
35.5,78.5,Leh(Ladakh),76128533B57183548666997
35.5,78.75,Leh(Ladakh),76128533B57183548666997
35.5,79.0,Leh(Ladakh),76128533B57183548666997
35.5,79.25,Leh(Ladakh),76128533B57183548666997
35.5,79.5,Leh(Ladakh),76128533B57183548666997
35.5,79.75,Leh(Ladakh),76128533B57183548666997
35.5,80.0,Leh(Ladakh),76128533B57183548666997
35.5,80.25,Leh(Ladakh),76128533B57183548666997
35.75,73.25,DATA NOT AVAILABLE,76128533B2782141712775
35.75,73.5,DATA NOT AVAILABLE,76128533B2782141712775
35.75,73.75,DATA NOT AVAILABLE,76128533B2782141712775
35.75,74.0,DATA NOT AVAILABLE,76128533B2782141712775
35.75,74.25,DATA NOT AVAILABLE,76128533B2782141712775
35.75,74.5,DATA NOT AVAILABLE,76128533B2782141712775
35.75,74.75,DATA NOT AVAILABLE,76128533B2782141712775
35.75,75.0,DATA NOT AVAILABLE,76128533B2782141712775
35.75,75.25,DATA NOT AVAILABLE,76128533B2782141712775
35.75,75.5,DATA NOT AVAILABLE,76128533B2782141712775
35.75,75.75,DATA NOT AVAILABLE,76128533B2782141712775
35.75,76.0,DATA NOT AVAILABLE,76128533B2782141712775
35.75,76.25,DATA NOT AVAILABLE,76128533B2782141712775
35.75,76.5,DATA NOT AVAILABLE,76128533B2782141712775
35.75,76.75,DATA NOT AVAILABLE,76128533B2782141712775
35.75,77.0,DATA NOT AVAILABLE,76128533B2782141712775
35.75,78.5,Leh(Ladakh),76128533B57183548666997
35.75,78.75,Leh(Ladakh),76128533B57183548666997
35.75,79.0,Leh(Ladakh),76128533B57183548666997
35.75,79.25,Leh(Ladakh),76128533B57183548666997
35.75,79.5,Leh(Ladakh),76128533B57183548666997
35.75,79.75,Leh(Ladakh),76128533B57183548666997
35.75,80.0,Leh(Ladakh),76128533B57183548666997
36.0,72.75,DATA NOT AVAILABLE,76128533B2782141712775
36.0,73.0,DATA NOT AVAILABLE,76128533B2782141712775
36.0,73.25,DATA NOT AVAILABLE,76128533B2782141712775
36.0,73.5,DATA NOT AVAILABLE,76128533B2782141712775
36.0,73.75,DATA NOT AVAILABLE,76128533B2782141712775
36.0,74.0,DATA NOT AVAILABLE,76128533B2782141712775
36.0,74.25,DATA NOT AVAILABLE,76128533B2782141712775
36.0,74.5,DATA NOT AVAILABLE,76128533B2782141712775
36.0,74.75,DATA NOT AVAILABLE,76128533B2782141712775
36.0,75.0,DATA NOT AVAILABLE,76128533B2782141712775
36.0,75.25,DATA NOT AVAILABLE,76128533B2782141712775
36.0,75.5,DATA NOT AVAILABLE,76128533B2782141712775
36.0,75.75,DATA NOT AVAILABLE,76128533B2782141712775
36.0,76.0,DATA NOT AVAILABLE,76128533B2782141712775
36.0,76.25,DATA NOT AVAILABLE,76128533B2782141712775
36.0,76.5,DATA NOT AVAILABLE,76128533B2782141712775
36.0,76.75,DATA NOT AVAILABLE,76128533B2782141712775
36.25,72.75,DATA NOT AVAILABLE,76128533B2782141712775
36.25,73.0,DATA NOT AVAILABLE,76128533B2782141712775
36.25,73.25,DATA NOT AVAILABLE,76128533B2782141712775
36.25,73.5,DATA NOT AVAILABLE,76128533B2782141712775
36.25,73.75,DATA NOT AVAILABLE,76128533B2782141712775
36.25,74.0,DATA NOT AVAILABLE,76128533B2782141712775
36.25,74.25,DATA NOT AVAILABLE,76128533B2782141712775
36.25,74.5,DATA NOT AVAILABLE,76128533B2782141712775
36.25,74.75,DATA NOT AVAILABLE,76128533B2782141712775
36.25,75.0,DATA NOT AVAILABLE,76128533B2782141712775
36.25,75.25,DATA NOT AVAILABLE,76128533B2782141712775
36.25,75.5,DATA NOT AVAILABLE,76128533B2782141712775
36.25,75.75,DATA NOT AVAILABLE,76128533B2782141712775
36.25,76.0,DATA NOT AVAILABLE,76128533B2782141712775
36.25,76.25,DATA NOT AVAILABLE,76128533B2782141712775
36.5,73.0,DATA NOT AVAILABLE,76128533B2782141712775
36.5,73.25,DATA NOT AVAILABLE,76128533B2782141712775
36.5,73.5,DATA NOT AVAILABLE,76128533B2782141712775
36.5,73.75,DATA NOT AVAILABLE,76128533B2782141712775
36.5,74.0,DATA NOT AVAILABLE,76128533B2782141712775
36.5,74.25,DATA NOT AVAILABLE,76128533B2782141712775
36.5,74.5,DATA NOT AVAILABLE,76128533B2782141712775
36.5,74.75,DATA NOT AVAILABLE,76128533B2782141712775
36.5,75.0,DATA NOT AVAILABLE,76128533B2782141712775
36.5,75.25,DATA NOT AVAILABLE,76128533B2782141712775
36.5,75.5,DATA NOT AVAILABLE,76128533B2782141712775
36.5,75.75,DATA NOT AVAILABLE,76128533B2782141712775
36.75,73.25,DATA NOT AVAILABLE,76128533B2782141712775
36.75,73.5,DATA NOT AVAILABLE,76128533B2782141712775
36.75,73.75,DATA NOT AVAILABLE,76128533B2782141712775
36.75,74.0,DATA NOT AVAILABLE,76128533B2782141712775
36.75,74.25,DATA NOT AVAILABLE,76128533B2782141712775
36.75,74.5,DATA NOT AVAILABLE,76128533B2782141712775
36.75,74.75,DATA NOT AVAILABLE,76128533B2782141712775
36.75,75.0,DATA NOT AVAILABLE,76128533B2782141712775
36.75,75.25,DATA NOT AVAILABLE,76128533B2782141712775
36.75,75.5,DATA NOT AVAILABLE,76128533B2782141712775
37.0,74.75,DATA NOT AVAILABLE,76128533B2782141712775
37.0,75.25,DATA NOT AVAILABLE,76128533B2782141712775
