{
"type": "FeatureCollection",
"name": "india_districts_simplified",
"crs": { "type": "name", "properties": { "name": "urn:ogc:def:crs:OGC:1.3:CRS84" } },
"features": [
{"type":"Feature","properties":{"shapeID":"76128533B75548370501185","shapeName":"Ashoknagar"},"geometry":{"type":"Polygon","coordinates":[[[78.17491,24.84254],[77.97929,24.84547],[78.02094,24.95301],[77.89014,25.00465],[77.83357,24.99831],[77.75222,24.86544],[77.71142,24.84938],[77.59691,24.92417],[77.58825,24.9628],[77.54368,24.91125],[77.59103,24.88693],[77.51651,24.82243],[77.54986,24.72411],[77.48081,24.63807],[77.47819,24.46493],[77.51795,24.4112],[77.60227,24.38053],[77.63866,24.43267],[77.65903,24.40409],[77.73721,24.42675],[77.62979,24.35307],[77.65443,24.31003],[77.89584,24.30876],[77.88637,24.27474],[77.94533,24.22769],[78.01719,24.23384],[78.0242,24.28516],[78.09812,24.25583],[78.09426,24.31868],[78.27631,24.46877],[78.22319,24.52724],[78.26558,24.55378],[78.27481,24.66509],[78.21929,24.8068],[78.17491,24.84254]]]}},
{"type":"Feature","properties":{"shapeID":"76128533B57893545331548","shapeName":"Raisen"},"geometry":{"type":"Polygon","coordinates":[[[77.56359,23.13515],[77.33951,23.03682],[77.43984,22.95487],[77.43793,22.90669],[77.53279,22.90279],[77.54408,22.8546],[77.56691,22.88218],[77.64127,22.83638],[77.70741,22.84443],[77.68486,22.86102],[77.70565,22.88887],[77.96322,22.96614],[77.96161,22.90995],[78.03681,22.90953],[78.01139,22.8588],[78.03027,22.79953],[78.11943,22.78966],[78.19974,22.88981],[78.28209,22.86544],[78.46844,23.00193],[78.73217,23.04106],[78.8039,23.09174],[78.81186,23.23338],[78.76221,23.24544],[78.77487,23.29185],[78.71221,23.35761],[78.6466,23.34252],[78.60328,23.42127],[78.66537,23.44459],[78.68086,23.49219],[78.73898,23.52732],[78.74211,23.57625],[78.64344,23.54399],[78.53883,23.56114],[78.5051,23.52953],[78.51731,23.65558],[78.47074,23.6402],[78.43644,23.74263],[78.40062,23.74005],[78.34567,23.67542],[78.41241,23.73095],[78.43443,23.71328],[78.40893,23.69869],[78.43425,23.67067],[78.39892,23.67453],[78.4156,23.63674],[78.34413,23.65487],[78.32322,23.69183],[78.22487,23.52548],[78.13193,23.52473],[78.14831,23.47215],[78.08687,23.4479],[78.00272,23.46459],[77.99951,23.41117],[78.05996,23.38428],[78.02368,23.34111],[77.96049,23.37052],[77.96212,23.41836],[77.91593,23.44648],[77.84243,23.43946],[77.75853,23.52414],[77.67906,23.51605],[77.62822,23.55009],[77.6371,23.46689],[77.52,23.50513],[77.49542,23.44485],[77.50998,23.40073],[77.55957,23.41063],[77.54928,23.37615],[77.58314,23.33891],[77.62917,23.33708],[77.58811,23.28542],[77.56359,23.13515]]]}},
{"type":"Feature","properties":{"shapeID":"76128533B70646408240587","shapeName":"Chhindwara"},"geometry":{"type":"Polygon","coordinates":[[[79.23988,22.79135],[79.19464,22.80639],[79.09159,22.74016],[79.04461,22.75719],[78.97983,22.71769],[79.02055,22.65431],[78.96595,22.62414],[78.91999,22.66987],[78.85126,22.68196],[78.74486,22.61588],[78.68271,22.65768],[78.68004,22.69729],[78.61387,22.64669],[78.52402,22.66279],[78.49999,22.58987],[78.55004,22.53411],[78.51159,22.47531],[78.56328,22.4174],[78.47255,22.373],[78.38263,22.41816],[78.27229,22.39973],[78.28207,22.34789],[78.2471,22.31789],[78.29556,22.25181],[78.26275,22.20614],[78.27841,22.08829],[78.34973,22.10678],[78.34796,22.04912],[78.40344,22.00232],[78.39077,21.92134],[78.46838,21.96105],[78.55132,21.87091],[78.46913,21.81125],[78.50015,21.78996],[78.47176,21.78291],[78.46191,21.71564],[78.42938,21.71605],[78.39652,21.63621],[78.34748,21.61944],[78.35995,21.57566],[78.38103,21.61616],[78.42794,21.60071],[78.43546,21.50065],[78.51403,21.52734],[78.72987,21.46354],[78.73532,21.50471],[78.77794,21.46632],[78.79037,21.48831],[78.93774,21.48669],[78.91916,21.59149],[79.00046,21.61791],[79.09418,21.59845],[79.15399,21.65975],[79.23316,21.65694],[79.23131,21.75437],[79.28704,21.77724],[79.27658,21.83217],[79.40859,22.03766],[79.3274,22.22049],[79.36839,22.21762],[79.36589,22.26387],[79.28784,22.31323],[79.35407,22.35096],[79.32087,22.39233],[79.28486,22.37112],[79.29798,22.41124],[79.34407,22.42041],[79.33668,22.44097],[79.19724,22.4235],[79.23572,22.47139],[79.3475,22.48145],[79.32324,22.54058],[79.3768,22.59371],[79.29885,22.61705],[79.29894,22.68084],[79.26073,22.6893],[79.23988,22.79135]]]}},
{"type":"Feature","properties":{"shapeID":"76128533B82559220423608","shapeName":"Betul"},"geometry":{"type":"Polygon","coordinates":[[[78.27229,22.39973],[78.17941,22.39653],[78.03543,22.32775],[77.94904,22.3389],[77.88702,22.28506],[77.85677,22.36674],[77.65749,22.30415],[77.55131,22.35374],[77.45426,22.21473],[77.36565,22.24463],[77.42162,22.17134],[77.47483,22.16184],[77.46211,22.08096],[77.51224,22.07331],[77.508,22.02765],[77.41038,22.02318],[77.27863,21.96225],[77.21463,21.86682],[77.16853,21.86567],[77.20339,21.78752],[77.10198,21.78283],[77.06482,21.71386],[77.17503,21.72526],[77.21105,21.69205],[77.28693,21.72226],[77.28377,21.75924],[77.48187,21.76828],[77.54638,21.69918],[77.57517,21.56095],[77.61136,21.54114],[77.4615,21.55486],[77.42273,21.51915],[77.49101,21.37625],[77.53121,21.41951],[77.58858,21.36304],[77.60573,21.3921],[77.67149,21.37008],[77.69546,21.39565],[77.70956,21.35771],[77.73825,21.36336],[77.80384,21.41093],[77.94344,21.38564],[78.17436,21.49723],[78.186,21.55733],[78.27444,21.56941],[78.26737,21.59242],[78.34591,21.58363],[78.42938,21.71605],[78.46191,21.71564],[78.47176,21.78291],[78.50015,21.78996],[78.46913,21.81125],[78.55132,21.87091],[78.46838,21.96105],[78.39077,21.92134],[78.40344,22.00232],[78.34796,22.04912],[78.34973,22.10678],[78.27841,22.08829],[78.26275,22.20614],[78.29556,22.25181],[78.2471,22.31789],[78.28207,22.34789],[78.27229,22.39973]]]}},
{"type":"Feature","properties":{"shapeID":"76128533B45314020251888","shapeName":"Hoshangabad"},"geometry":{"type":"Polygon","coordinates":[[[78.11943,22.78966],[77.96008,22.82105],[77.92112,22.76825],[77.92969,22.84958],[77.8763,22.82683],[77.85001,22.87015],[77.74268,22.75784],[77.62516,22.7418],[77.57497,22.66908],[77.36545,22.60447],[77.3236,22.55627],[77.25839,22.59983],[77.21514,22.55959],[77.27388,22.53674],[77.25105,22.51834],[77.28473,22.49765],[77.28328,22.43625],[77.31225,22.43415],[77.36583,22.24477],[77.45426,22.21473],[77.55561,22.35571],[77.65749,22.30415],[77.85677,22.36674],[77.88702,22.28506],[77.94904,22.3389],[78.03543,22.32775],[78.31905,22.42242],[78.48525,22.37707],[78.56698,22.42553],[78.51159,22.47531],[78.55004,22.53411],[78.49999,22.58987],[78.50778,22.65096],[78.61387,22.64669],[78.6982,22.70676],[78.69294,22.77073],[78.63673,22.75436],[78.62872,22.81534],[78.5924,22.80991],[78.57369,22.95272],[78.47004,22.95508],[78.46522,22.98361],[78.28209,22.86544],[78.19696,22.88835],[78.11943,22.78966]]]}},
{"type":"Feature","properties":{"shapeID":"76128533B39959897010345","shapeName":"Sehore"},"geometry":{"type":"Polygon","coordinates":[[[77.38167,23.07004],[77.27347,23.09161],[77.21157,23.2175],[77.179,23.22155],[77.21693,23.28289],[77.17193,23.29968],[77.17904,23.34725],[77.21984,23.31805],[77.25562,23.37503],[77.23593,23.40117],[77.29045,23.42377],[77.29992,23.49935],[77.27986,23.59729],[77.16894,23.67206],[77.12886,23.61421],[77.14095,23.54526],[76.99038,23.39428],[76.98976,23.28337],[76.8911,23.20346],[76.88713,23.12228],[76.82423,23.11239],[76.75413,23.18014],[76.73371,23.13999],[76.6877,23.19167],[76.63249,23.19524],[76.6306,23.13633],[76.59426,23.11028],[76.50726,23.11375],[76.5233,23.07179],[76.45866,23.08918],[76.47202,22.9989],[76.43257,22.98146],[76.46719,22.96443],[76.45701,22.91729],[76.53109,22.85644],[76.5281,22.7964],[76.57566,22.75631],[76.64851,22.80241],[76.68614,22.77932],[76.70576,22.81728],[76.75575,22.82208],[76.76431,22.8118],[76.77052,22.81402],[76.77242,22.81133],[76.77922,22.81329],[76.88591,22.8884],[76.93175,22.81979],[76.93677,22.87064],[77.00593,22.87648],[77.03331,22.68336],[77.09235,22.64819],[77.13059,22.55211],[77.1626,22.57674],[77.22016,22.56447],[77.26803,22.60407],[77.33349,22.55993],[77.36545,22.60447],[77.58526,22.67489],[77.62611,22.74232],[77.74268,22.75784],[77.84916,22.86993],[77.8763,22.82683],[77.92969,22.84958],[77.92152,22.7681],[77.95925,22.82079],[78.03343,22.80415],[78.01116,22.8525],[78.03676,22.90965],[77.96161,22.90995],[77.96322,22.96614],[77.70565,22.88887],[77.68486,22.86102],[77.70741,22.84443],[77.64127,22.83638],[77.56691,22.88218],[77.54408,22.8546],[77.53279,22.90279],[77.43793,22.90669],[77.43984,22.95487],[77.33951,23.03682],[77.38167,23.07004]]]}},
{"type":"Feature","properties":{"shapeID":"76128533B27615708126939","shapeName":"Jabalpur"},"geometry":{"type":"Polygon","coordinates":[[[79.9797,23.56752],[80.01366,23.61828],[79.90549,23.58328],[79.84977,23.5014],[79.81872,23.51071],[79.79083,23.44384],[79.72632,23.42291],[79.70183,23.35645],[79.53884,23.25927],[79.49027,23.26156],[79.37253,23.16512],[79.34904,23.10518],[79.46061,23.09554],[79.51658,23.1405],[79.57042,23.13358],[79.6176,23.10221],[79.59571,23.0418],[79.64526,22.98448],[79.63185,22.94338],[79.75037,22.91822],[79.78327,22.87691],[79.76535,22.84397],[79.82254,22.86879],[79.84877,22.82842],[79.90235,22.86117],[79.9663,22.84957],[79.95329,22.94356],[80.0075,22.97691],[79.99624,23.02755],[80.10006,23.07684],[80.1884,23.01995],[80.19061,23.12714],[80.27799,23.14352],[80.33105,23.09451],[80.41285,23.16962],[80.51833,23.07486],[80.57942,23.12532],[80.4798,23.19663],[80.58535,23.28206],[80.546,23.38955],[80.48791,23.38937],[80.46236,23.34139],[80.3977,23.34818],[80.37036,23.30238],[80.30172,23.29561],[80.31409,23.40386],[80.20928,23.49642],[80.2571,23.5659],[80.22388,23.58088],[80.19937,23.55443],[80.21993,23.58728],[80.18898,23.58181],[80.17602,23.54267],[80.17114,23.57728],[80.13244,23.58529],[79.9797,23.56752]]]}},
{"type":"Feature","properties":{"shapeID":"76128533B20683890392439","shapeName":"Narsimhapur"},"geometry":{"type":"Polygon","coordinates":[[[78.44653,22.98473],[78.47004,22.95508],[78.57369,22.95272],[78.5924,22.80991],[78.62872,22.81534],[78.63673,22.75436],[78.64994,22.77845],[78.69462,22.76904],[78.68202,22.65883],[78.76738,22.61448],[78.85126,22.68196],[78.92054,22.66957],[78.94912,22.62615],[78.99789,22.63297],[79.0207,22.6585],[78.97983,22.71769],[79.23079,22.81447],[79.26073,22.6893],[79.29137,22.69303],[79.29833,22.61788],[79.3272,22.61411],[79.41156,22.71827],[79.47101,22.73964],[79.51846,22.72054],[79.54282,22.81479],[79.6276,22.87329],[79.58613,22.94213],[79.64677,22.97802],[79.59571,23.0418],[79.6176,23.10221],[79.57612,23.13028],[79.51914,23.1413],[79.46061,23.09554],[79.34941,23.10492],[79.37253,23.16512],[79.33345,23.14829],[79.30723,23.23079],[79.26953,23.21488],[79.23477,23.24983],[79.2298,23.22333],[79.19741,23.23792],[79.20114,23.19251],[79.11706,23.16297],[79.10824,23.204],[79.02529,23.19049],[79.00749,23.2363],[78.9847,23.20778],[78.8268,23.24904],[78.79972,23.08717],[78.73217,23.04106],[78.44653,22.98473]]]}},
{"type":"Feature","properties":{"shapeID":"76128533B81607600692021","shapeName":"Panna"},"geometry":{"type":"Polygon","coordinates":[[[80.32793,23.90416],[80.38719,24.03978],[80.44349,24.03359],[80.44303,24.09011],[80.51018,24.07454],[80.68051,24.19563],[80.62088,24.17844],[80.55987,24.26484],[80.57805,24.29953],[80.42465,24.44043],[80.46757,24.51878],[80.44425,24.53138],[80.47136,24.61107],[80.41759,24.60939],[80.36917,24.68713],[80.40536,24.70578],[80.39714,24.74807],[80.41359,24.77598],[80.43799,24.7441],[80.51075,24.76805],[80.55002,24.82439],[80.53644,24.853],[80.60392,24.8443],[80.63384,24.87164],[80.50387,24.91674],[80.49957,24.85648],[80.48009,24.8417],[80.47962,24.97323],[80.43316,25.02253],[80.50151,25.03425],[80.4509,25.07599],[80.37569,25.05213],[80.38924,25.00166],[80.26437,25.02256],[80.14867,24.93104],[80.01183,24.94677],[80.09038,24.81574],[79.95659,24.65095],[79.89475,24.69448],[79.84452,24.61325],[79.85778,24.57853],[79.90608,24.57421],[79.87781,24.5735],[79.86564,24.50325],[79.88843,24.37199],[79.85865,24.34598],[79.8247,24.38284],[79.79727,24.37189],[79.82305,24.34747],[79.80154,24.31476],[79.85975,24.29443],[79.81043,24.2809],[79.84299,24.21631],[79.73679,24.06039],[79.84599,24.02004],[79.85613,23.8505],[79.89906,23.81906],[79.94819,23.81994],[80.01761,23.97411],[80.05356,23.98872],[80.1486,23.93495],[80.18372,24.00237],[80.23464,23.97955],[80.23395,23.94351],[80.32793,23.90416]]]}},
{"type":"Feature","properties":{"shapeID":"76128533B89286042589317","shapeName":"Ujjain"},"geometry":{"type":"Polygon","coordinates":[[[75.89931,22.99977],[75.91,23.02502],[75.96657,23.02078],[75.99415,23.07009],[75.93201,23.14161],[75.95603,23.17628],[75.92954,23.27211],[75.9504,23.31792],[75.99331,23.27719],[75.97256,23.23665],[76.04351,23.17849],[76.06269,23.07422],[76.11532,23.04888],[76.06183,23.18271],[76.08581,23.16345],[76.15105,23.19691],[76.05983,23.21002],[76.13543,23.27895],[76.18443,23.26676],[76.21716,23.34823],[76.26708,23.34857],[76.26055,23.39315],[76.21535,23.38235],[76.19963,23.46298],[76.25486,23.51344],[76.16272,23.50465],[76.16624,23.56985],[76.119,23.53884],[76.09824,23.57069],[75.85885,23.56475],[75.814359896000042,23.657572981000044],[75.85602,23.71118],[75.83631,23.75535],[75.80744,23.7055],[75.71657,23.75343],[75.62959,23.69265],[75.62388,23.65746],[75.52458,23.66344],[75.50866,23.52325],[75.39672,23.60054],[75.33614,23.59008],[75.32451,23.62061],[75.27689,23.53802],[75.19104,23.52374],[75.13707,23.39877],[75.194,23.36624],[75.19682,23.3247],[75.32834,23.28989],[75.26315,23.26574],[75.28585,23.21368],[75.22799,23.20495],[75.2427,23.13332],[75.30324,23.12468],[75.34957,23.06641],[75.3041,23.04023],[75.34053,22.82948],[75.43952,22.8654],[75.44145,22.90487],[75.47799,22.92394],[75.46594,22.96712],[75.49539,22.98222],[75.462,23.00409],[75.50514,22.99967],[75.55126,23.0611],[75.59907,23.03308],[75.62722,23.04923],[75.6347,23.00452],[75.8186,23.0385],[75.87674,23.03682],[75.89931,22.99977]]]}},
{"type":"Feature","properties":{"shapeID":"76128533B31161316175613","shapeName":"Rewa"},"geometry":{"type":"Polygon","coordinates":[[[81.31226,24.30744],[81.53746,24.43448],[81.72999,24.50836],[81.89852,24.52447],[81.93087,24.56777],[81.95507,24.54296],[82.17586,24.6137],[82.30663,24.58881],[82.30572,24.66339],[82.2409,24.65893],[82.23135,24.67936],[82.2518,24.69481],[82.25729,24.74736],[82.24983,24.76802],[82.24708,24.74191],[82.20827,24.74455],[82.223,24.71968],[82.17927,24.72946],[82.21963,24.77402],[82.18548,24.78961],[82.20427,24.82217],[82.12049,24.78988],[82.01322,24.84815],[81.94591,24.83858],[81.90458,24.88902],[81.90899,24.99845],[81.79289,25.00194],[81.66889,25.06857],[81.61322,25.0537],[81.64261,25.09627],[81.62612,25.11728],[81.61053,25.09238],[81.60066,25.13322],[81.62799,25.15805],[81.58283,25.18715],[81.51801,25.18428],[81.52881,25.1354],[81.47987,25.13013],[81.51905,25.09769],[81.49303,25.06944],[81.35811,25.16093],[81.32288,25.15764],[81.32401,25.11012],[81.31509,25.16107],[81.27935,25.16332],[81.26578,25.05041],[81.21013,24.99241],[81.22145,24.926],[81.16985,24.95256],[81.04696,24.79432],[81.08334,24.76916],[81.09075,24.79077],[81.18494,24.69612],[81.14138,24.495],[81.2548,24.44004],[81.23767,24.41678],[81.26583,24.38837],[81.31066,24.38408],[81.27513,24.31441],[81.31226,24.30744]]]}},
{"type":"Feature","properties":{"shapeID":"76128533B20502827346807","shapeName":"Dindori"},"geometry":{"type":"Polygon","coordinates":[[[80.53007,23.08401],[80.58226,22.97962],[80.52731,22.97712],[80.55282,22.96463],[80.52346,22.95519],[80.55038,22.92648],[80.53616,22.88256],[80.67163,22.83649],[80.71738,22.85869],[80.72896,22.80644],[80.86235,22.83969],[80.86848,22.74614],[80.93627,22.72698],[80.91667,22.69465],[80.9444,22.64931],[80.90607,22.60694],[80.94642,22.59177],[80.90596,22.54412],[80.93979,22.56901],[80.99154,22.51614],[81.08231,22.58908],[81.13471,22.4683],[81.18745,22.49],[81.23431,22.44978],[81.28294,22.49935],[81.324971683000058,22.489765764000026],[81.3305,22.52373],[81.38392,22.50749],[81.40396,22.44145],[81.52651,22.54008],[81.62534,22.54086],[81.66402,22.63209],[81.72548,22.66384],[81.6856,22.68058],[81.67881,22.75046],[81.46075,22.73176],[81.4153,22.81203],[81.19314,22.88539],[81.20072,22.97069],[81.26076,23.04111],[81.21283,23.11205],[81.1934,23.09708],[81.18961,23.1411],[81.16252,23.13207],[81.13193,23.20331],[81.03212,23.19283],[80.93821,23.2752],[80.86587,23.20819],[80.81092,23.24169],[80.762725999000054,23.219627],[80.7222,23.27076],[80.76334,23.33532],[80.71082,23.36671],[80.57779,23.34941],[80.58435,23.2798],[80.47997,23.19792],[80.58378,23.13559],[80.53007,23.08401]]]}},
{"type":"Feature","properties":{"shapeID":"76128533B66134271591289","shapeName":"Balaghat"},"geometry":{"type":"Polygon","coordinates":[[[81.04516,22.23886],[81.00823,22.2814],[80.91668,22.27676],[80.93346,22.32873],[80.88319,22.33143],[80.86735,22.37687],[80.81285,22.39964],[80.78984,22.31156],[80.70579,22.26814],[80.73039,22.21792],[80.70809,22.19981],[80.53407,22.23821],[80.50972,22.27332],[80.41739,22.24182],[80.40134,22.30208],[80.33766,22.29656],[80.32467,22.34374],[80.23694,22.29918],[80.10782,22.34148],[80.08306,22.29433],[80.10062,22.24355],[80.0355,22.18015],[80.04958,22.11824],[79.91237,22.07141],[79.87215,21.96872],[79.8172,21.95542],[79.83841,21.92807],[79.77317,21.86412],[79.79601,21.84251],[79.69243,21.79796],[79.6584,21.736],[79.67529,21.69386],[79.60135,21.70728],[79.59449,21.64346],[79.51228,21.58989],[79.543096318000039,21.543945984000061],[79.58265,21.54311],[79.73925,21.60234],[79.92256,21.5246],[79.94315,21.55686],[80.00034,21.53486],[80.0704,21.55477],[80.20733,21.6349],[80.2672,21.62042],[80.37625,21.52344],[80.41834,21.43891],[80.41041,21.37729],[80.49255,21.39848],[80.60028,21.32586],[80.65543,21.32751],[80.73741,21.47303],[80.72857,21.71029],[80.75785,21.75994],[80.82192,21.74622],[80.84201,21.7998],[80.82825,21.95177],[80.86018,21.96695],[80.92394,22.11712],[80.9578,22.11319],[80.97068,22.05865],[81.00646,22.06182],[80.97905,22.12169],[81.02309,22.13294],[81.04516,22.23886]]]}},
{"type":"Feature","properties":{"shapeID":"76128533B668165975951","shapeName":"Barwani"},"geometry":{"type":"Polygon","coordinates":[[[74.77309,21.614],[74.89758,21.62922],[75.0523,21.56553],[75.12196,21.4517],[75.21909,21.40921],[75.29905,21.41398],[75.30132,21.38759],[75.63077,21.39032],[75.58926,21.42319],[75.61296,21.45614],[75.46574,21.51306],[75.50484,21.61153],[75.44138,21.67339],[75.29367,21.63277],[75.26997,21.68465],[75.21172,21.70593],[75.22307,21.73957],[75.2794,21.73561],[75.27488,21.79911],[75.31237,21.84127],[75.27906,21.86386],[75.28577,21.91349],[75.33499,21.90671],[75.3528,21.97977],[75.44619,22.02358],[75.41669,22.02027],[75.41677,22.05745],[75.45903,22.05711],[75.3873,22.06909],[75.39851,22.0868],[75.31845,22.13131],[74.83983,22.05995],[74.78264,22.07662],[74.59467,22.01997],[74.53377,22.04997],[74.43497,22.02745],[74.44625,21.96964],[74.52528,21.90725],[74.51042,21.72185],[74.54936,21.71751],[74.58826,21.66272],[74.77309,21.614]]]}},
{"type":"Feature","properties":{"shapeID":"76128533B39705008578419","shapeName":"Satna"},"geometry":{"type":"Polygon","coordinates":[[[80.35654,23.96714],[80.51502,24.00988],[80.5222,24.06831],[80.54543,24.02863],[80.62834,24.0729],[80.65026,24.04147],[80.63844,24.08242],[80.68489,24.07114],[80.67526,24.10236],[80.73874,24.1293],[80.6976,24.08123],[80.79598,24.05813],[80.74716,24.02319],[80.80903,23.96719],[80.79162,24.0131],[80.86546,24.07834],[80.96218,24.06293],[81.12404,24.13031],[81.20416,24.10702],[81.27864,24.18568],[81.34917,24.18526],[81.38075,24.22267],[81.39008,24.26128],[81.34976,24.24622],[81.3428,24.28772],[81.27513,24.31441],[81.31066,24.38408],[81.26583,24.38837],[81.23767,24.41678],[81.2548,24.44004],[81.14138,24.495],[81.18494,24.69612],[81.09075,24.79077],[81.08334,24.76916],[81.04696,24.79432],[81.12706,24.88266],[81.08959,24.94685],[80.95927,24.91534],[80.96064,24.9362],[80.94942,24.93834],[80.956,24.95104],[80.95174,24.96182],[80.94998,24.96328],[80.81707,24.91717],[80.79409,24.96221],[80.85361,24.98559],[80.83366,25.03021],[80.91342,25.15662],[80.88172,25.1879],[80.8448,25.18891],[80.83616,25.10661],[80.80807,25.14267],[80.70809,25.13333],[80.78434,25.05801],[80.68195,25.05042],[80.68767,25.07805],[80.60934,25.09548],[80.64418,25.11324],[80.61036,25.14714],[80.59619,25.10524],[80.61696,25.06294],[80.483,25.09612],[80.55172,24.99894],[80.5012,25.00355],[80.46575,24.95827],[80.48009,24.8417],[80.50387,24.91674],[80.6332,24.86349],[80.53644,24.853],[80.55002,24.82439],[80.47996,24.75291],[80.43799,24.7441],[80.41359,24.77598],[80.40536,24.70578],[80.36917,24.68713],[80.41759,24.60939],[80.47136,24.61107],[80.43383,24.42072],[80.57789,24.29974],[80.55987,24.26484],[80.62088,24.17844],[80.68051,24.19563],[80.51018,24.07454],[80.44303,24.09011],[80.44349,24.03359],[80.38719,24.03978],[80.35654,23.96714]]]}},
{"type":"Feature","properties":{"shapeID":"76128533B42922918567330","shapeName":"Chhatarpur"},"geometry":{"type":"Polygon","coordinates":[[[80.14867,24.93104],[80.29248,25.05688],[80.35335,25.05459],[80.37801,25.11369],[80.35694,25.13622],[80.43359,25.17495],[80.40527,25.24136],[80.31261,25.2846],[80.31772,25.38507],[80.26442,25.42436],[80.25586,25.39802],[80.20424,25.41117],[80.13175,25.33409],[80.03539,25.33934],[80.00505,25.26446],[79.85455,25.23707],[79.88297,25.13852],[79.85737,25.0927],[79.74837,25.13529],[79.60151,25.1257],[79.61087,25.14939],[79.5724,25.16902],[79.49351,25.07697],[79.47925,25.1248],[79.44078,25.09813],[79.42637,25.132],[79.40751,25.10285],[79.36677,25.1794],[79.39258,25.16445],[79.44381,25.2001],[79.46457,25.26195],[79.47762,25.25831],[79.49615,25.26334],[79.46923,25.28063],[79.41089,25.25266],[79.3744,25.28883],[79.36612,25.2576],[79.33818,25.28543],[79.35112,25.32765],[79.28099,25.3213],[79.26997,25.26304],[79.34915,25.22586],[79.28237,25.24203],[79.34316,25.08005],[79.32187,24.734],[79.30064,24.67761],[79.22283,24.66204],[79.19921,24.61109],[79.06567,24.61926],[79.01691,24.52679],[78.98787,24.44745],[79.0069,24.36829],[79.18276,24.43029],[79.24605,24.41184],[79.2565,24.36976],[79.20943,24.32837],[79.15424,24.40288],[79.14253,24.36204],[79.18944,24.31434],[79.14501,24.25061],[79.06936,24.25856],[79.04816,24.21898],[79.07435,24.12892],[79.14236,24.09415],[79.22992,24.14144],[79.32845,24.1414],[79.30254,24.17796],[79.38434,24.19271],[79.41563,24.34777],[79.39687,24.38075],[79.4438,24.40947],[79.55422,24.37903],[79.57136,24.44291],[79.62331,24.41568],[79.62653,24.3698],[79.70533,24.37496],[79.75047,24.4127],[79.85918,24.3462],[79.88844,24.37207],[79.87161,24.55888],[79.90615,24.57374],[79.85778,24.57853],[79.84452,24.61325],[79.89475,24.69448],[79.95659,24.65095],[80.0921,24.82135],[80.01183,24.94677],[80.14867,24.93104]]]}},
{"type":"Feature","properties":{"shapeID":"76128533B60360721573267","shapeName":"Indore"},"geometry":{"type":"Polygon","coordinates":[[[75.44145,22.90487],[75.44068,22.77123],[75.4924,22.76143],[75.4804,22.73087],[75.51733,22.70684],[75.49675,22.64249],[75.52286,22.65718],[75.53827,22.62776],[75.58635,22.65814],[75.60725,22.62816],[75.69883,22.62405],[75.68138,22.65582],[75.70907,22.6592],[75.70136,22.59118],[75.59823,22.5647],[75.60077,22.51748],[75.55981,22.5128],[75.5769,22.45068],[75.54266,22.40924],[75.61277,22.36135],[75.6021,22.33842],[75.7545,22.35557],[75.8368,22.4065],[75.86679,22.37769],[75.9118,22.38563],[75.91639,22.41814],[75.99623,22.41126],[76.05769,22.45924],[76.03029,22.52684],[76.07877,22.52135],[76.1091,22.5576],[76.07488,22.5709],[76.06524,22.58563],[76.14606,22.58644],[76.17055,22.60104],[76.15385,22.63022],[76.19097,22.63763],[76.18989,22.59472],[76.24966,22.64142],[76.23205,22.67292],[76.19368,22.65844],[76.19288,22.68781],[76.10564,22.6992],[76.03994,22.83881],[75.98672,22.87037],[75.96752,22.94203],[75.87651,23.0369],[75.6347,23.00452],[75.62722,23.04923],[75.54817,23.06003],[75.50514,22.99967],[75.462,23.00409],[75.49539,22.98222],[75.46594,22.96712],[75.47799,22.92394],[75.44145,22.90487]]]}},
{"type":"Feature","properties":{"shapeID":"76128533B19341883513630","shapeName":"Ratlam"},"geometry":{"type":"Polygon","coordinates":[[[75.69244,23.74499],[75.65425,23.79856],[75.58481,23.79702],[75.56294,23.85659],[75.46241,23.91451],[75.37769,23.86615],[75.34444,23.79906],[75.33802,23.83759],[75.25729,23.83529],[75.24134,23.86171],[75.20246,23.8271],[75.12323,23.84811],[75.09571,23.8142],[75.055,23.82348],[75.04219,23.78045],[75.01257,23.81284],[74.93279,23.75534],[74.92701,23.65836],[74.87319,23.57557],[74.61317,23.45904],[74.5351,23.30734],[74.64589,23.25744],[74.70092,23.2698],[74.72195,23.23642],[74.69932,23.21802],[74.79109,23.2416],[74.76989,23.17799],[74.81904,23.13182],[74.92701,23.15988],[74.9945,23.1408],[75.00891,23.10707],[75.24041,23.08332],[75.22817,23.20792],[75.28585,23.21368],[75.26315,23.26574],[75.32834,23.28989],[75.19682,23.3247],[75.194,23.36624],[75.13707,23.39877],[75.19104,23.52374],[75.27689,23.53802],[75.32451,23.62061],[75.33614,23.59008],[75.39672,23.60054],[75.50866,23.52325],[75.52458,23.66344],[75.62388,23.65746],[75.69244,23.74499]]]}},
{"type":"Feature","properties":{"shapeID":"76128533B21179322085415","shapeName":"Harda"},"geometry":{"type":"Polygon","coordinates":[[[77.36583,22.24477],[77.31225,22.43415],[77.28328,22.43625],[77.28473,22.49765],[77.25105,22.51834],[77.27388,22.53674],[77.1823,22.57562],[77.07642,22.50497],[76.90829,22.48217],[76.79081,22.41881],[76.78333,22.34185],[76.89723,22.29423],[76.8455,22.25205],[76.82859,22.15471],[76.86868,22.1303],[76.84295,22.05481],[76.91069,21.9928],[76.9075,21.95929],[76.98152,21.99106],[77.14014,21.99206],[77.22262,21.90381],[77.39965,22.0187],[77.508,22.02765],[77.51224,22.07331],[77.46211,22.08096],[77.47483,22.16184],[77.42162,22.17134],[77.36583,22.24477]]]}},
{"type":"Feature","properties":{"shapeID":"76128533B30447764775083","shapeName":"Sagar"},"geometry":{"type":"Polygon","coordinates":[[[78.09426,24.31868],[78.09931,24.22607],[78.0698,24.24139],[78.06208,24.22636],[78.148,24.19935],[78.09851,24.15339],[78.13915,24.11879],[78.11947,24.04378],[78.09421,24.06614],[78.07798,24.04353],[78.18553,24.0078],[78.21696,24.06792],[78.28053,24.02531],[78.28869,23.95999],[78.26409,23.9412],[78.29697,23.90736],[78.26175,23.85592],[78.30167,23.82541],[78.26464,23.81374],[78.29072,23.78122],[78.26046,23.78841],[78.24385,23.70902],[78.27111,23.72394],[78.29313,23.67296],[78.32565,23.69087],[78.39968,23.62993],[78.43158,23.71715],[78.40204,23.7278],[78.38857,23.68613],[78.34567,23.67542],[78.37002,23.72547],[78.43633,23.74273],[78.46948,23.64134],[78.51731,23.65558],[78.5051,23.52953],[78.53883,23.56114],[78.64344,23.54399],[78.7413,23.57733],[78.73898,23.52732],[78.60328,23.42127],[78.66742,23.32895],[78.71058,23.35822],[78.73565,23.33662],[78.77487,23.29185],[78.76296,23.24488],[78.9847,23.20778],[79.00749,23.2363],[79.02529,23.19049],[79.10824,23.204],[79.11612,23.16297],[79.20114,23.19251],[79.17454,23.25322],[79.21475,23.25849],[79.23407,23.28876],[79.21205,23.31668],[79.24076,23.33778],[79.19376,23.36326],[79.18279,23.42342],[79.33326,23.52143],[79.30111,23.55959],[79.30239,23.6296],[79.33846,23.62823],[79.35328,23.66199],[79.30339,23.67417],[79.29503,23.74526],[79.22163,23.78112],[79.25258,23.82321],[79.15179,23.84478],[79.09581,23.91685],[79.05744,23.91469],[79.18978,24.0084],[79.14874,24.09899],[79.07409,24.12927],[79.04816,24.21898],[79.07014,24.25938],[79.09836,24.23946],[79.17731,24.27522],[79.18932,24.3217],[79.14253,24.36204],[79.15424,24.40288],[79.21441,24.32739],[79.2562,24.36581],[79.24605,24.41184],[79.18107,24.43003],[79.01233,24.36668],[78.99254,24.41779],[78.88584,24.21913],[78.79858,24.17631],[78.7672,24.25449],[78.67595,24.24099],[78.58526,24.35292],[78.51217,24.38974],[78.38897,24.26978],[78.3326,24.32542],[78.36762,24.38154],[78.26751,24.44947],[78.09426,24.31868]]]}},
{"type":"Feature","properties":{"shapeID":"76128533B77191913035963","shapeName":"Neemuch"},"geometry":{"type":"Polygon","coordinates":[[[74.7148,24.50633],[74.85983,24.46444],[74.75402,24.27993],[74.87689,24.27515],[74.90875,24.2379],[74.88156,24.21361],[74.90156,24.18682],[74.96656,24.26541],[74.96088,24.31367],[75.02507,24.36783],[75.05844,24.35331],[75.04422,24.32121],[75.11493,24.35476],[75.20794,24.30609],[75.42812,24.33089],[75.59218,24.51633],[75.57492,24.62115],[75.61093,24.64323],[75.53076,24.71423],[75.45503,24.68963],[75.21966,24.71904],[75.18826,24.76469],[75.25486,24.83373],[75.23065,24.84434],[75.20424,24.8808],[75.21115,24.90659],[75.25297,24.89224],[75.23031,24.85573],[75.28196,24.85002],[75.30875,24.80984],[75.42755,24.88912],[75.3144,24.86595],[75.26449,24.8862],[75.2962,24.91967],[75.27907,24.97323],[75.31702,24.89692],[75.34075,24.95954],[75.32225,25.00296],[75.35764,25.03377],[75.17688,25.05039],[75.1674,24.98828],[75.12196,24.97142],[75.12165,24.88573],[75.04599,24.85602],[74.94724,24.87481],[74.90297,24.93669],[74.83506,24.96447],[74.85102,24.7897],[74.86077,24.81008],[75.00951,24.79291],[75.02263,24.7496],[74.99578,24.7496],[75.00219,24.70536],[74.94499,24.65733],[74.89486,24.65236],[74.80137,24.79274],[74.77713,24.68488],[74.819,24.66878],[74.7148,24.50633]]]}},
{"type":"Feature","properties":{"shapeID":"76128533B1566053393466","shapeName":"Tikamgarh"},"geometry":{"type":"Polygon","coordinates":[[[79.32542,25.14682],[79.28018,25.11417],[79.24448,25.15558],[79.2473,25.1106],[79.19491,25.14169],[79.18831,25.11213],[79.133,25.1065],[79.09268,25.1881],[79.03312,25.13401],[79.0657,25.21909],[78.99799,25.26915],[78.97679,25.23463],[79.00932,25.19222],[78.95592,25.2163],[78.826213468000049,25.084669138000038],[78.646953797000037,25.061438444000032],[78.63384,24.95506],[78.67825,24.89643],[78.77184,24.85683],[78.79193,24.80835],[78.75662,24.60066],[78.78587,24.58597],[78.8853,24.6387],[78.97149,24.49718],[78.90811,24.48417],[78.95159,24.43916],[78.98779,24.4428],[79.06567,24.61926],[79.19743,24.61031],[79.22283,24.66204],[79.30522,24.68371],[79.30686,24.79608],[79.34838,24.90391],[79.32542,25.14682]]]}},
{"type":"Feature","properties":{"shapeID":"76128533B79048012717121","shapeName":"Guna"},"geometry":{"type":"Polygon","coordinates":[[[77.56673,24.86907],[77.48083,24.87413],[77.46662,24.92807],[77.42021,24.9477],[77.37314,24.92277],[77.3231,25.0634],[77.26845,25.11446],[77.17568,25.10896],[77.08316,25.05328],[76.9895,25.07287],[76.85995,25.00569],[76.89678,24.91509],[76.95451,24.8683],[76.80653,24.81518],[76.85261,24.74593],[76.95728,24.76102],[77.03218,24.70641],[77.07012,24.56549],[76.9705,24.45652],[76.91979,24.48331],[76.91807,24.5392],[76.81965,24.53003],[76.85638,24.4648],[76.84509,24.33449],[76.94936,24.20212],[76.87941,24.1212],[76.97432,24.04188],[77.02783,24.08065],[77.18491,24.07668],[77.16779,23.94477],[77.19177,23.89037],[77.32082,23.88178],[77.29356,23.99435],[77.3144,24.00475],[77.26192,24.06548],[77.29965,24.08149],[77.3034,24.16491],[77.34824,24.1799],[77.32371,24.28506],[77.35601,24.33892],[77.41025,24.32699],[77.40264,24.26936],[77.43809,24.23692],[77.49995,24.26363],[77.55678,24.24379],[77.65221,24.31155],[77.62979,24.35307],[77.72946,24.39866],[77.73721,24.42675],[77.65903,24.40409],[77.63866,24.43267],[77.60227,24.38053],[77.51795,24.4112],[77.47819,24.46493],[77.48081,24.63807],[77.54986,24.72411],[77.51651,24.82243],[77.56673,24.86907]]]}},
{"type":"Feature","properties":{"shapeID":"76128533B53549946596470","shapeName":"Dewas"},"geometry":{"type":"Polygon","coordinates":[[[76.54266,23.1285],[76.51367,23.17806],[76.38497,23.22734],[76.08334,23.23955],[76.0584,23.20417],[76.15105,23.19691],[76.08581,23.16345],[76.06183,23.18271],[76.0592,23.14449],[76.11945,23.08439],[76.11532,23.04888],[76.08444,23.04527],[76.04342,23.17865],[75.97256,23.23665],[75.99331,23.27719],[75.96433,23.31981],[75.93453,23.29516],[75.95633,23.21348],[75.93495,23.12957],[75.99415,23.07009],[75.96657,23.02078],[75.91,23.02502],[75.89932,22.99964],[76.03994,22.83881],[76.10564,22.6992],[76.19288,22.68781],[76.19368,22.65844],[76.23205,22.67292],[76.24966,22.64142],[76.18989,22.59472],[76.19097,22.63763],[76.15385,22.63022],[76.17055,22.60104],[76.14606,22.58644],[76.06415,22.58287],[76.10899,22.56439],[76.08655,22.54314],[76.10356,22.46809],[76.23572,22.39131],[76.20421,22.35009],[76.25399,22.28748],[76.44675,22.34048],[76.44589,22.38049],[76.52253,22.40987],[76.60564,22.40329],[76.68512,22.29414],[76.74447,22.28962],[76.79557,22.4255],[76.92108,22.48582],[77.07642,22.50497],[77.13199,22.553],[77.09235,22.64819],[77.03331,22.68336],[77.00593,22.87648],[76.93677,22.87064],[76.93175,22.81979],[76.88591,22.8884],[76.77922,22.81329],[76.70576,22.81728],[76.68614,22.77932],[76.64851,22.80241],[76.57566,22.75631],[76.5281,22.7964],[76.53109,22.85644],[76.4699,22.89752],[76.46719,22.96443],[76.43257,22.98146],[76.47202,22.9989],[76.45866,23.08918],[76.52351,23.07187],[76.50348,23.11079],[76.54266,23.1285]]]}},
{"type":"Feature","properties":{"shapeID":"76128533B25679991785711","shapeName":"Mandsaur"},"geometry":{"type":"Polygon","coordinates":[[[75.46241,23.91451],[75.51681,24.04532],[75.57626,23.99506],[75.67192,24.03003],[75.70311,23.96555],[75.76487,23.99439],[75.78257,24.05847],[75.83681,24.07178],[75.8389,24.10769],[75.74646,24.13597],[75.77663,24.21721],[75.83012,24.24269],[75.81448,24.29971],[75.74112,24.34427],[75.73013,24.40155],[75.79456,24.4714],[75.83245,24.41871],[75.9022,24.43773],[75.89622,24.51764],[75.92874,24.53438],[75.87781,24.6032],[75.83908,24.59368],[75.84256,24.72594],[75.78994,24.76162],[75.63751,24.68741],[75.53076,24.71423],[75.61093,24.64323],[75.57492,24.62115],[75.59254,24.51748],[75.42812,24.33089],[75.20794,24.30609],[75.11493,24.35476],[75.04422,24.32121],[75.05844,24.35331],[75.02507,24.36783],[74.96088,24.31367],[74.9663,24.26489],[74.88315,24.17069],[74.92429,24.07462],[74.99436,24.02677],[74.90667,23.87113],[74.94086,23.76307],[75.01257,23.81284],[75.04219,23.78045],[75.055,23.82348],[75.09571,23.8142],[75.12323,23.84811],[75.20246,23.8271],[75.23703,23.86164],[75.25729,23.83529],[75.33802,23.83759],[75.34619,23.79949],[75.37769,23.86615],[75.46241,23.91451]]]}},
{"type":"Feature","properties":{"shapeID":"76128533B69481535535995","shapeName":"Khargone (West Nimar)"},"geometry":{"type":"Polygon","coordinates":[[[75.62143,21.38599],[75.88897,21.39781],[75.9927,21.37428],[76.01057,21.46577],[75.95012,21.48676],[75.95134,21.54627],[76.07929,21.56988],[76.07185,21.6611],[76.17493,21.68146],[76.15722,21.73045],[76.10698,21.72112],[76.12922,21.75794],[76.09553,21.78956],[76.10302,21.85274],[76.17202,21.88427],[76.14495,21.97548],[76.18978,22.00425],[76.22237,22.09748],[76.15721,22.11474],[76.13579,22.09099],[76.15559,22.06443],[76.09828,22.05117],[76.09776,22.09056],[76.1408,22.10772],[76.11959,22.15664],[76.15603,22.21068],[76.08499,22.18328],[76.01494,22.20938],[76.16415,22.25603],[76.23715,22.3879],[76.10356,22.46809],[76.08939,22.53768],[76.03014,22.52658],[76.05504,22.45135],[75.99623,22.41126],[75.91639,22.41814],[75.9082,22.38448],[75.82426,22.40379],[75.65601,22.3298],[75.57749,22.37547],[75.51101,22.37135],[75.49254,22.32402],[75.52117,22.32389],[75.53548,22.26103],[75.52306,22.17091],[75.31845,22.13131],[75.39851,22.0868],[75.3873,22.06909],[75.45903,22.05711],[75.41677,22.05745],[75.41669,22.02027],[75.44619,22.02358],[75.3528,21.97977],[75.33499,21.90671],[75.28577,21.91349],[75.27906,21.86386],[75.31237,21.84127],[75.27488,21.79911],[75.2794,21.73561],[75.22307,21.73957],[75.21172,21.70593],[75.26997,21.68465],[75.29367,21.63277],[75.44138,21.67339],[75.50484,21.61153],[75.46574,21.51306],[75.61296,21.45614],[75.58926,21.42319],[75.62143,21.38599]]]}},
{"type":"Feature","properties":{"shapeID":"76128533B82240600990321","shapeName":"Sheopur"},"geometry":{"type":"Polygon","coordinates":[[[76.57996,25.43202],[76.68684,25.34078],[76.77591,25.30747],[76.8992,25.31763],[76.93993,25.27113],[77.03086,25.29687],[77.193,25.20168],[77.16307,25.30854],[77.08403,25.35227],[77.0141,25.34827],[77.01885,25.38109],[77.10077,25.3772],[77.15529,25.4176],[77.14978,25.46061],[77.18778,25.46394],[77.18114,25.509],[77.30184,25.53147],[77.25957,25.5803],[77.28611,25.6265],[77.25561,25.65319],[77.32829,25.66513],[77.27897,25.71682],[77.32076,25.72855],[77.33175,25.78809],[77.4456,25.77137],[77.41102,25.80891],[77.40989,25.87764],[77.44584,25.88774],[77.58002,25.81364],[77.60244,25.88747],[77.54971,25.89877],[77.54047,25.94125],[77.56732,25.92421],[77.6511,25.95897],[77.65587,26.00738],[77.61717,26.02629],[77.67005,26.0888],[77.60623,26.06653],[77.61561,26.03341],[77.58346,26.00953],[77.40039,26.15259],[77.31617,26.14008],[77.24343,26.08049],[77.11451,26.21636],[77.03101,26.17101],[76.89467,26.08825],[76.8014,25.93924],[76.7398,25.89763],[76.65252,25.90397],[76.54161,25.80439],[76.53665,25.72921],[76.48369,25.69035],[76.51672,25.66811],[76.52608,25.52525],[76.57996,25.43202]]]}},
{"type":"Feature","properties":{"shapeID":"76128533B12343314564708","shapeName":"Morena"},"geometry":{"type":"Polygon","coordinates":[[[77.59286,25.86483],[77.63992,25.86342],[77.68318,25.91021],[77.67987,25.98172],[77.73081,26.04371],[77.77749,26.04544],[77.74564,26.15815],[77.81811,26.25241],[77.86584,26.20961],[77.91454,26.24913],[77.99748,26.23938],[78.00713,26.32298],[78.15256,26.33863],[78.26284,26.31167],[78.2932,26.4361],[78.25683,26.43949],[78.21717,26.52782],[78.26945,26.53048],[78.29899,26.58759],[78.34237,26.54104],[78.38206,26.60133],[78.42117,26.58782],[78.46179,26.67055],[78.52926,26.67326],[78.51521,26.7182],[78.54845,26.76443],[78.39207,26.82084],[78.36042,26.86861],[78.28459,26.85506],[78.26982,26.81522],[78.17645,26.82622],[78.18495,26.78577],[78.10262,26.78423],[78.12482,26.74893],[78.09438,26.67739],[78.00081,26.69699],[77.90307,26.65658],[77.88782,26.61469],[77.82771,26.59501],[77.81678,26.54594],[77.75257,26.53971],[77.53782,26.41211],[77.43864,26.40336],[77.44522,26.36241],[77.34233,26.35187],[77.21047,26.23214],[77.12095,26.22615],[77.13774,26.17115],[77.18269,26.17181],[77.23543,26.08191],[77.31617,26.14008],[77.40039,26.15259],[77.58748,26.00937],[77.60623,26.06653],[77.66641,26.09289],[77.67164,26.06631],[77.63435,26.0673],[77.61717,26.02629],[77.65587,26.00738],[77.6511,25.95897],[77.56732,25.92421],[77.54047,25.94125],[77.54971,25.89877],[77.60244,25.88747],[77.59286,25.86483]]]}},
{"type":"Feature","properties":{"shapeID":"76128533B57712033428660","shapeName":"Bhind"},"geometry":{"type":"Polygon","coordinates":[[[78.26669,26.33399],[78.42334,26.32819],[78.44235,26.25761],[78.5008,26.26183],[78.55077,26.18646],[78.62095,26.21463],[78.62876,26.15455],[78.69658,26.16052],[78.6978,26.2123],[78.74238,26.22103],[78.79243,26.2877],[78.826,26.28149],[78.79205,26.22068],[78.83736,26.19906],[78.80086,26.16355],[78.84742,26.10911],[78.80226,26.08341],[78.83186,26.06592],[78.79282,26.05162],[78.81928,26.0399],[78.7865,26.03788],[78.7803,25.9682],[78.8728,25.90194],[78.93852,25.94214],[78.95284,26.03164],[79.01173,26.07645],[78.95128,26.13376],[79.00937,26.1496],[78.98445,26.18739],[79.02944,26.20425],[78.99302,26.23758],[79.06581,26.22747],[79.04582,26.26155],[79.09239,26.26698],[79.14267,26.3395],[79.08569,26.3572],[79.09579,26.41231],[79.13578,26.43929],[79.05745,26.45051],[79.06999,26.49773],[78.98869,26.5685],[79.00652,26.67533],[78.94532,26.65671],[78.95772,26.69234],[78.87462,26.69808],[78.82058,26.75976],[78.7234,26.79489],[78.61101,26.75034],[78.54845,26.76443],[78.51521,26.7182],[78.52926,26.67326],[78.46179,26.67055],[78.42117,26.58782],[78.38206,26.60133],[78.34237,26.54104],[78.29899,26.58759],[78.26945,26.53048],[78.21717,26.52782],[78.25683,26.43949],[78.2932,26.4361],[78.26669,26.33399]]]}},
{"type":"Feature","properties":{"shapeID":"76128533B67004768724668","shapeName":"Jhabua"},"geometry":{"type":"Polygon","coordinates":[[[74.79278,23.24013],[74.51137,23.08676],[74.39,23.11006],[74.32135,23.06085],[74.36938,22.97818],[74.34013,22.96287],[74.36053,22.93125],[74.39894,22.89751],[74.45021,22.92207],[74.47764,22.85671],[74.37927,22.63691],[74.44915,22.52576],[74.51474,22.57142],[74.59955,22.53303],[74.67004,22.59615],[74.7795,22.5701],[74.79886,22.65637],[74.76345,22.74887],[74.89787,22.74586],[74.98767,22.86424],[75.01776,23.03453],[74.9952,23.14019],[74.92561,23.15997],[74.79975,23.13816],[74.76953,23.18076],[74.79278,23.24013]]]}},
{"type":"Feature","properties":{"shapeID":"76128533B78482805703540","shapeName":"Seoni"},"geometry":{"type":"Polygon","coordinates":[[[79.23937,21.71258],[79.35534,21.67826],[79.46494,21.68676],[79.52526,21.59199],[79.59449,21.64346],[79.60135,21.70728],[79.67529,21.69386],[79.6584,21.736],[79.69243,21.79796],[79.79601,21.84251],[79.77317,21.86412],[79.83841,21.92807],[79.8172,21.95542],[79.87215,21.96872],[79.91237,22.07141],[80.04087,22.10852],[80.03585,22.18095],[80.10062,22.24355],[80.10223,22.33275],[80.07109,22.37409],[80.09435,22.4217],[80.02481,22.50331],[80.03339,22.54359],[79.95474,22.5559],[80.11486,22.6241],[80.20373,22.60101],[80.24087,22.71254],[80.29081,22.72403],[80.28129,22.78472],[80.22002,22.79809],[80.18161,22.76052],[80.06511,22.7567],[79.98949,22.85303],[79.90235,22.86117],[79.84173,22.82854],[79.82254,22.86879],[79.76726,22.84232],[79.78327,22.87691],[79.75037,22.91822],[79.58613,22.94213],[79.6276,22.87329],[79.54282,22.81479],[79.51846,22.72054],[79.41356,22.71922],[79.3381,22.63571],[79.32727,22.60898],[79.3768,22.59371],[79.32324,22.54058],[79.3475,22.48145],[79.23572,22.47139],[79.19681,22.43025],[79.22083,22.40858],[79.23687,22.44339],[79.33668,22.44097],[79.28486,22.37112],[79.32087,22.39233],[79.35407,22.35096],[79.28784,22.31323],[79.36589,22.26387],[79.36839,22.21762],[79.3274,22.22049],[79.40858,22.03917],[79.27658,21.83217],[79.28704,21.77724],[79.23131,21.75437],[79.23937,21.71258]]]}},
{"type":"Feature","properties":{"shapeID":"76128533B71271011331008","shapeName":"Khandwa (East Nimar)"},"geometry":{"type":"Polygon","coordinates":[[[77.22082,21.90384],[77.14014,21.99206],[76.98152,21.99106],[76.9075,21.95929],[76.91069,21.9928],[76.84295,22.05481],[76.86868,22.1303],[76.82859,22.15471],[76.8455,22.25205],[76.89723,22.29423],[76.78333,22.34185],[76.74447,22.28962],[76.68512,22.29414],[76.60455,22.40366],[76.49674,22.40915],[76.44589,22.38049],[76.44675,22.34048],[76.30948,22.2919],[76.25399,22.28748],[76.2107,22.32691],[76.16415,22.25603],[76.01494,22.20938],[76.08499,22.18328],[76.15603,22.21068],[76.11959,22.15664],[76.1408,22.10772],[76.09776,22.09056],[76.09828,22.05117],[76.15403,22.06297],[76.13631,22.09519],[76.17616,22.11983],[76.2268,22.07429],[76.14495,21.97548],[76.17177,21.88367],[76.10302,21.85274],[76.09519,21.76784],[76.12922,21.75794],[76.10392,21.72806],[76.15861,21.72957],[76.17493,21.68146],[76.11023,21.68884],[76.06178,21.64614],[76.08064,21.54654],[76.12355,21.51514],[76.28011,21.57381],[76.34964,21.54852],[76.39709,21.58285],[76.51032,21.54513],[76.7847,21.55365],[76.79822,21.59557],[76.90418,21.59887],[77.02435,21.69044],[77.01638,21.71791],[77.06289,21.70739],[77.10198,21.78283],[77.20339,21.78752],[77.16459,21.85555],[77.21463,21.86682],[77.22082,21.90384]]]}},
{"type":"Feature","properties":{"shapeID":"76128533B4466876522971","shapeName":"Umaria"},"geometry":{"type":"Polygon","coordinates":[[[80.5443,23.35119],[80.71082,23.36671],[80.76267,23.33586],[80.7222,23.27076],[80.777306,23.216816],[80.81092,23.24169],[80.86587,23.20819],[80.94243,23.27482],[81.03212,23.19283],[81.08365,23.1872],[81.13193,23.20331],[81.13255,23.30409],[81.16576,23.31742],[81.16745,23.28068],[81.25022,23.20687],[81.31852,23.23027],[81.36011,23.30652],[81.30545,23.40482],[81.29218,23.54959],[81.25001,23.56529],[81.21858,23.64011],[81.23657,23.72341],[81.16981,23.81329],[81.25483,23.85401],[81.15668,23.89062],[81.11877,23.97667],[81.06148,23.97183],[80.99521,24.08859],[80.89704,24.0337],[80.9123,24.0074],[80.83854,23.9473],[80.84693,23.90356],[80.88401,23.89476],[80.86475,23.87383],[80.90271,23.85842],[80.90707,23.67535],[80.82414,23.66751],[80.72627,23.74795],[80.69413,23.73322],[80.62599,23.59076],[80.55014,23.54177],[80.56824,23.46444],[80.53043,23.40323],[80.5443,23.35119]]]}},
{"type":"Feature","properties":{"shapeID":"76128533B90551733723251","shapeName":"Gwalior"},"geometry":{"type":"Polygon","coordinates":[[[77.68318,25.91021],[77.86855,25.80497],[77.87656,25.73569],[78.00032,25.76261],[78.02526,25.71383],[78.16169,25.71669],[78.32233,25.79019],[78.33082,25.83075],[78.39153,25.8351],[78.47506,25.9085],[78.48647,25.96119],[78.54427,25.9706],[78.64723,26.05888],[78.61104,26.12683],[78.64672,26.1176],[78.65446,26.12371],[78.62095,26.21463],[78.5485,26.18754],[78.5008,26.26183],[78.44235,26.25761],[78.42334,26.32819],[78.00713,26.32298],[77.99748,26.23938],[77.91454,26.24913],[77.85896,26.20878],[77.81862,26.25275],[77.7837,26.21673],[77.74264,26.12094],[77.77479,26.1125],[77.77803,26.04639],[77.73081,26.04371],[77.67987,25.98172],[77.68318,25.91021]]]}},
{"type":"Feature","properties":{"shapeID":"76128533B44250373880839","shapeName":"Damoh"},"geometry":{"type":"Polygon","coordinates":[[[79.962,23.60405],[79.98311,23.68006],[79.82992,23.69294],[79.81752,23.73789],[79.87081,23.81778],[79.87322,23.89817],[79.83413,23.93945],[79.84599,24.02004],[79.73675,24.05689],[79.84328,24.21723],[79.80657,24.26406],[79.85975,24.29443],[79.80154,24.31476],[79.82304,24.3476],[79.75047,24.4127],[79.70533,24.37496],[79.62653,24.3698],[79.62331,24.41568],[79.57136,24.44291],[79.56056,24.38079],[79.4438,24.40947],[79.39943,24.38587],[79.38434,24.19271],[79.30254,24.17796],[79.31685,24.13472],[79.16,24.11959],[79.18902,24.00635],[79.05701,23.91755],[79.09581,23.91685],[79.15179,23.84478],[79.25258,23.82321],[79.22163,23.78112],[79.29503,23.74526],[79.30339,23.67417],[79.35328,23.66199],[79.33846,23.62823],[79.30239,23.6296],[79.30111,23.55959],[79.33326,23.52143],[79.18279,23.42342],[79.19376,23.36326],[79.24076,23.33778],[79.17682,23.22274],[79.2298,23.22333],[79.23454,23.24983],[79.26953,23.21488],[79.30723,23.23079],[79.35164,23.15256],[79.49027,23.26156],[79.53409,23.25714],[79.67647,23.33575],[79.72632,23.42291],[79.79096,23.44398],[79.81872,23.51071],[79.84977,23.5014],[79.90549,23.58328],[79.962,23.60405]]]}},
{"type":"Feature","properties":{"shapeID":"76128533B42880544505675","shapeName":"Dhar"},"geometry":{"type":"Polygon","coordinates":[[[75.24464,23.13276],[75.24041,23.08332],[75.00891,23.10707],[75.00568,22.91067],[74.95282,22.80498],[74.89787,22.74586],[74.76345,22.74887],[74.79886,22.65637],[74.7849,22.57821],[74.73043,22.54994],[74.70849,22.47474],[74.75057,22.43519],[74.69259,22.41353],[74.6842,22.35862],[74.63388,22.36365],[74.65153,22.27188],[74.51466,22.2179],[74.51939,22.11647],[74.4739,22.11108],[74.51761,22.09789],[74.50478,22.04232],[74.59467,22.01997],[74.78023,22.07624],[75.11513,22.09186],[75.52306,22.17091],[75.53548,22.26103],[75.52117,22.32389],[75.49254,22.32402],[75.51101,22.37135],[75.56711,22.37349],[75.54266,22.40924],[75.5769,22.45068],[75.55981,22.5128],[75.60077,22.51748],[75.59823,22.5647],[75.70136,22.59118],[75.71583,22.61835],[75.70907,22.6592],[75.68138,22.65582],[75.69883,22.62405],[75.60725,22.62816],[75.58635,22.65814],[75.53827,22.62776],[75.52286,22.65718],[75.49675,22.64249],[75.51733,22.70684],[75.4804,22.73087],[75.4924,22.76143],[75.44068,22.77123],[75.4445,22.86475],[75.3328,22.83758],[75.3041,23.04023],[75.34918,23.06739],[75.30324,23.12468],[75.24464,23.13276]]]}},
{"type":"Feature","properties":{"shapeID":"76128533B16674973717653","shapeName":"Katni"},"geometry":{"type":"Polygon","coordinates":[[[79.9797,23.56752],[80.13244,23.58529],[80.17114,23.57728],[80.17602,23.54267],[80.18898,23.58181],[80.21993,23.58728],[80.19937,23.55443],[80.22388,23.58088],[80.26033,23.5574],[80.21886,23.5261],[80.21416,23.4743],[80.26037,23.47471],[80.26546,23.43412],[80.31449,23.40275],[80.30159,23.29566],[80.37036,23.30238],[80.3977,23.34818],[80.46236,23.34139],[80.48791,23.38937],[80.546,23.38955],[80.53047,23.40865],[80.56824,23.46444],[80.5504,23.54243],[80.62599,23.59076],[80.69531,23.73417],[80.72627,23.74795],[80.82414,23.66751],[80.90707,23.67535],[80.90271,23.85842],[80.86475,23.87383],[80.88401,23.89476],[80.84693,23.90356],[80.83854,23.9473],[80.94817,24.06369],[80.86157,24.07598],[80.79162,24.0131],[80.79602,23.96739],[80.74716,24.02319],[80.79607,24.058],[80.71423,24.06233],[80.6976,24.08123],[80.74698,24.11434],[80.71805,24.12527],[80.67526,24.10236],[80.68489,24.07114],[80.63844,24.08242],[80.65127,24.05082],[80.64805,24.04066],[80.62834,24.0729],[80.54543,24.02863],[80.52005,24.06755],[80.52822,24.01893],[80.35654,23.96714],[80.33329,23.90439],[80.23395,23.94351],[80.23464,23.97955],[80.18372,24.00237],[80.1486,23.93495],[80.09945,23.98055],[80.01789,23.97431],[79.94819,23.81994],[79.86534,23.82653],[79.81752,23.73789],[79.82992,23.69294],[79.98311,23.68006],[79.962,23.60405],[80.01374,23.60861],[79.9797,23.56752]]]}},
{"type":"Feature","properties":{"shapeID":"76128533B53791014455989","shapeName":"Sidhi"},"geometry":{"type":"Polygon","coordinates":[[[81.31226,24.30744],[81.34976,24.24622],[81.48595,24.27118],[81.47183,24.18079],[81.49881,24.17297],[81.50349,24.09985],[81.54517,24.09024],[81.47611,24.054],[81.55213,23.96216],[81.55026,23.9065],[81.60548,23.88218],[81.66947,23.9239],[81.72719,23.83729],[81.79292,23.8068],[81.92306,23.86837],[82.00857,23.8618],[82.07063,23.81479],[82.17511,23.81563],[82.23127,23.89873],[82.17864,23.96224],[82.18336,24.00372],[82.11641,23.99018],[82.04396,24.02859],[81.92743,24.03117],[81.83931,24.13654],[81.92026,24.26682],[81.96565,24.24364],[81.9997,24.30985],[82.076,24.32572],[82.07629,24.36015],[82.13095,24.36857],[82.12175,24.39455],[82.1586,24.39256],[82.16558,24.42519],[82.37133,24.55114],[82.18702,24.61368],[81.95507,24.54296],[81.93087,24.56777],[81.89852,24.52447],[81.72999,24.50836],[81.53746,24.43448],[81.31226,24.30744]]]}},
{"type":"Feature","properties":{"shapeID":"76128533B35167844027544","shapeName":"Alirajpur"},"geometry":{"type":"Polygon","coordinates":[[[74.50478,22.04232],[74.51761,22.09789],[74.4739,22.11108],[74.51939,22.11647],[74.51466,22.2179],[74.65153,22.27188],[74.63388,22.36365],[74.6842,22.35862],[74.69259,22.41353],[74.75057,22.43519],[74.70849,22.47474],[74.75289,22.56227],[74.73641,22.58779],[74.67004,22.59615],[74.59955,22.53303],[74.50517,22.57049],[74.44915,22.52576],[74.37927,22.63691],[74.27613,22.64603],[74.15074,22.51599],[74.04176,22.54082],[74.03416,22.49023],[74.08254,22.50579],[74.07522,22.46433],[74.12022,22.41946],[74.14156,22.45531],[74.1841,22.44271],[74.19026,22.47512],[74.20207,22.43571],[74.29183,22.39293],[74.20419,22.3662],[74.18833,22.32054],[74.10687,22.37089],[74.06898,22.35898],[74.0726,22.22066],[74.11973,22.21162],[74.1271,22.09649],[74.17769,22.08533],[74.09957,21.99699],[74.15124,21.98586],[74.14461,21.9532],[74.20248,21.92424],[74.28777,21.93474],[74.39396,22.02223],[74.50478,22.04232]]]}},
{"type":"Feature","properties":{"shapeID":"76128533B50014751336341","shapeName":"Singrauli"},"geometry":{"type":"Polygon","coordinates":[[[82.30784,24.59056],[82.3671,24.54428],[82.16558,24.42519],[82.1586,24.39256],[82.12175,24.39455],[82.13095,24.36857],[82.07629,24.36015],[82.076,24.32572],[81.9997,24.30985],[81.96565,24.24364],[81.92026,24.26682],[81.83941,24.13455],[81.92743,24.03117],[82.04396,24.02859],[82.11641,23.99018],[82.18336,24.00372],[82.17864,23.96224],[82.23111,23.90371],[82.20707,23.8308],[82.23393,23.80587],[82.55309,23.78811],[82.53799,23.82008],[82.63728,23.83506],[82.66319,23.9051],[82.75357,23.9171],[82.8049,23.95921],[82.76869,24.04757],[82.66462,24.12555],[82.67634,24.15118],[82.72971,24.13255],[82.77203,24.2912],[82.771,24.36809],[82.71512,24.38378],[82.74458,24.49826],[82.72082,24.54984],[82.80923,24.54631],[82.80491,24.59445],[82.7671,24.59313],[82.77599,24.63915],[82.70834,24.63363],[82.67369,24.69805],[82.54129,24.64521],[82.43112,24.69994],[82.40788,24.67847],[82.4213,24.59169],[82.3405,24.62136],[82.30784,24.59056]]]}},
{"type":"Feature","properties":{"shapeID":"76128533B22439249004073","shapeName":"Bhopal"},"geometry":{"type":"Polygon","coordinates":[[[77.49157,23.41414],[77.50834,23.56619],[77.55683,23.5885],[77.57593,23.64522],[77.63201,23.65547],[77.65028,23.71051],[77.57566,23.76435],[77.45635,23.75876],[77.37944,23.88157],[77.22866,23.89037],[77.16894,23.67206],[77.29795,23.57164],[77.30041,23.46539],[77.27304,23.39945],[77.23593,23.40117],[77.25562,23.37503],[77.21984,23.31805],[77.18357,23.35104],[77.17101,23.31332],[77.21693,23.28289],[77.17957,23.21996],[77.21157,23.2175],[77.27347,23.09161],[77.38167,23.07004],[77.56359,23.13515],[77.58811,23.28542],[77.62917,23.33708],[77.58314,23.33891],[77.55712,23.41327],[77.49157,23.41414]]]}},
{"type":"Feature","properties":{"shapeID":"76128533B28521131010314","shapeName":"Rajgarh"},"geometry":{"type":"Polygon","coordinates":[[[77.12886,23.61421],[77.22738,23.82227],[77.22866,23.89037],[77.19177,23.89037],[77.16779,23.94477],[77.18491,24.07668],[77.02783,24.08065],[76.97353,24.04217],[76.88134,24.13426],[76.80576,24.11684],[76.77351,24.16057],[76.67873,24.18933],[76.69762,24.28088],[76.59248,24.24546],[76.5841,24.17662],[76.53571,24.15943],[76.47421,24.22734],[76.41859,24.2034],[76.33907,24.24996],[76.21494,24.2074],[76.240329966000047,24.131771207000043],[76.22956,24.08411],[76.19313,24.08629],[76.20565,24.03658],[76.25707,24.03742],[76.25797,23.97868],[76.30555,23.95846],[76.30092,23.89529],[76.3841,23.80765],[76.40415,23.6742],[76.46369,23.59857],[76.44078,23.60318],[76.43867,23.5431],[76.48543,23.50998],[76.52884,23.57357],[76.65386,23.53844],[76.65588,23.49857],[76.69531,23.48374],[76.76194,23.49437],[76.79529,23.45488],[76.89044,23.52046],[76.93581,23.4696],[76.96965,23.50387],[77.03919,23.46058],[77.14095,23.54526],[77.12886,23.61421]]]}},
{"type":"Feature","properties":{"shapeID":"76128533B79087524886024","shapeName":"Mandla"},"geometry":{"type":"Polygon","coordinates":[[[79.96687,22.85057],[80.03149,22.82925],[80.01868,22.79281],[80.06511,22.7567],[80.18161,22.76052],[80.22002,22.79809],[80.28255,22.7825],[80.29081,22.72403],[80.24087,22.71254],[80.20373,22.60101],[80.11486,22.6241],[79.95474,22.5559],[80.03865,22.5384],[80.02481,22.50331],[80.09451,22.4211],[80.0849,22.34238],[80.16175,22.34388],[80.23694,22.29918],[80.32467,22.34374],[80.33766,22.29656],[80.40134,22.30208],[80.41739,22.24182],[80.50972,22.27332],[80.53407,22.23821],[80.70809,22.19981],[80.73039,22.21792],[80.70579,22.26814],[80.78984,22.31156],[80.79882,22.39918],[80.86735,22.37687],[80.88319,22.33143],[80.9312,22.33125],[80.91668,22.27676],[81.00823,22.2814],[81.07992,22.24186],[81.12003,22.29332],[81.11227,22.43266],[81.16014,22.46466],[81.13471,22.4683],[81.09004,22.58565],[80.99154,22.51614],[80.93979,22.56901],[80.90596,22.54412],[80.94642,22.59177],[80.90607,22.60694],[80.9444,22.64931],[80.91667,22.69465],[80.93627,22.72698],[80.86848,22.74614],[80.86235,22.83969],[80.72896,22.80644],[80.71738,22.85869],[80.67163,22.83649],[80.53616,22.88256],[80.55038,22.92648],[80.52346,22.95519],[80.55282,22.96463],[80.52731,22.97712],[80.58226,22.978],[80.56009,23.06432],[80.41315,23.16955],[80.33105,23.09451],[80.27799,23.14352],[80.1875,23.12551],[80.18809,23.01972],[80.10006,23.07684],[79.99487,23.02663],[80.0075,22.97691],[79.95329,22.94356],[79.96687,22.85057]]]}},
{"type":"Feature","properties":{"shapeID":"76128533B30477486088156","shapeName":"Shajapur"},"geometry":{"type":"Polygon","coordinates":[[[77.05203,23.46459],[76.96965,23.50387],[76.93581,23.4696],[76.89044,23.52046],[76.79529,23.45488],[76.76194,23.49437],[76.69531,23.48374],[76.65588,23.49857],[76.65386,23.53844],[76.52837,23.57361],[76.48581,23.50984],[76.43867,23.5431],[76.44078,23.60318],[76.46424,23.59664],[76.408109678000073,23.703695612000047],[76.20244810500003,23.70590375200004],[76.236103201000049,23.568770655000037],[76.17381842900005,23.582171780000067],[76.161407161000056,23.568161514000053],[76.151280175000068,23.568846798000038],[76.146735927000066,23.565720648000024],[76.17964,23.55528],[76.16444,23.50359],[76.20173,23.49851],[76.21859,23.52963],[76.25568,23.51262],[76.19963,23.46298],[76.21535,23.38235],[76.26055,23.39315],[76.26773,23.34987],[76.20817,23.34168],[76.18443,23.26676],[76.13543,23.27895],[76.12268,23.24061],[76.38497,23.22734],[76.51367,23.17806],[76.58812,23.11006],[76.6306,23.13633],[76.63243,23.1952],[76.6804,23.1948],[76.70048,23.15528],[76.74515,23.13892],[76.75413,23.18014],[76.86392,23.10635],[76.89784,23.13406],[76.9039,23.22474],[76.98976,23.28337],[76.99038,23.39428],[77.05203,23.46459]]]}},
{"type":"Feature","properties":{"shapeID":"76128533B66335428496945","shapeName":"Shivpuri"},"geometry":{"type":"Polygon","coordinates":[[[78.17491,24.84254],[78.17855,24.87592],[78.33468,24.99483],[78.33498,25.08397],[78.40638,25.13079],[78.45025,25.12396],[78.42562,25.14867],[78.45447,25.16446],[78.39271,25.1903],[78.40513,25.21287],[78.31544,25.30603],[78.33872,25.33175],[78.30166,25.36263],[78.35514,25.44979],[78.42836,25.47257],[78.41762,25.53263],[78.4709,25.58163],[78.40434,25.56399],[78.37873,25.65547],[78.32487,25.66691],[78.31069,25.70506],[78.25094,25.71926],[78.2533,25.68597],[78.21878,25.6914],[78.23058,25.72547],[78.28645,25.74855],[78.27793,25.77955],[78.21527,25.73436],[78.05592,25.70592],[77.9993,25.73667],[78.00341,25.76227],[77.87656,25.73569],[77.86855,25.80497],[77.76624,25.84371],[77.75125,25.8811],[77.70555,25.87583],[77.68818,25.90935],[77.64671,25.89804],[77.63934,25.86307],[77.58245,25.86042],[77.56061,25.80824],[77.42569,25.88949],[77.41102,25.80891],[77.4456,25.77137],[77.33175,25.78809],[77.32076,25.72855],[77.27897,25.71682],[77.32829,25.66513],[77.25561,25.65319],[77.28611,25.6265],[77.25957,25.5803],[77.30184,25.53147],[77.18114,25.509],[77.18778,25.46394],[77.14109,25.45058],[77.15505,25.41731],[77.10077,25.3772],[77.01885,25.38109],[77.0141,25.34827],[77.21149,25.30655],[77.22667,25.36852],[77.27639,25.40407],[77.42445,25.18816],[77.39711,25.18334],[77.40489,25.10846],[77.30966,25.07937],[77.33898,24.9897],[77.37358,24.92255],[77.40755,24.94778],[77.46662,24.92807],[77.48083,24.87413],[77.58942,24.8852],[77.54368,24.91125],[77.59076,24.96331],[77.59691,24.92417],[77.6783,24.86068],[77.74123,24.8546],[77.83357,24.99831],[77.89014,25.00465],[78.02094,24.95301],[77.97929,24.84547],[78.17491,24.84254]]]}},
{"type":"Feature","properties":{"shapeID":"76128533B80958502091898","shapeName":"Datia"},"geometry":{"type":"Polygon","coordinates":[[[78.62876,26.15455],[78.65446,26.12371],[78.61776,26.13088],[78.60831,26.09863],[78.64723,26.05888],[78.54427,25.9706],[78.48647,25.96119],[78.47506,25.9085],[78.39153,25.8351],[78.32057,25.82354],[78.32878,25.79526],[78.2167,25.70055],[78.2533,25.68597],[78.26662,25.71839],[78.37613,25.6583],[78.40468,25.56384],[78.44372,25.59427],[78.4709,25.58163],[78.45687,25.54764],[78.49405,25.57711],[78.6565,25.56056],[78.81323,25.61948],[78.81942,25.66936],[78.75492,25.74391],[78.82871,25.79421],[78.81949,25.8249],[78.87015,25.79401],[78.85491,25.85527],[78.89553,25.89372],[78.78031,25.96814],[78.7865,26.03788],[78.81928,26.0399],[78.79282,26.05162],[78.83186,26.06592],[78.80226,26.08341],[78.84742,26.10911],[78.80086,26.16355],[78.83736,26.19906],[78.79205,26.22068],[78.826,26.28149],[78.79243,26.2877],[78.74238,26.22103],[78.6978,26.2123],[78.69658,26.16052],[78.62876,26.15455]]]}},
{"type":"Feature","properties":{"shapeID":"76128533B37096001761063","shapeName":"Burhanpur"},"geometry":{"type":"Polygon","coordinates":[[[75.9927,21.37428],[76.05358,21.35091],[76.09999,21.37212],[76.17411,21.18665],[76.11506,21.1628],[76.16997,21.08428],[76.37815,21.0758],[76.45466,21.11333],[76.49324,21.19621],[76.62573,21.19107],[76.66353,21.28074],[76.62695,21.33337],[76.78696,21.46466],[76.76571,21.52075],[76.79066,21.53822],[76.74689,21.57107],[76.51032,21.54513],[76.39709,21.58285],[76.34605,21.54783],[76.27919,21.57359],[76.14952,21.51266],[76.07878,21.56973],[75.96111,21.55168],[75.95012,21.48676],[76.01184,21.45943],[75.9927,21.37428]]]}},
{"type":"Feature","properties":{"shapeID":"76128533B25468964623139","shapeName":"Anuppur"},"geometry":{"type":"Polygon","coordinates":[[[81.6856,22.68058],[81.75325,22.64156],[81.77421,22.66618],[81.7541,22.72652],[81.79578,22.76446],[81.76357,22.828],[81.77693,22.87335],[81.86399,22.88776],[81.94894,22.95817],[81.92319,23.03836],[81.94415,23.07642],[81.99993,23.06067],[82.0767,23.11465],[82.13582,23.11194],[82.19348,23.32496],[82.11849,23.35307],[82.10613,23.39708],[82.0574,23.37436],[82.02233,23.38715],[82.02364,23.42279],[81.96717,23.41602],[81.96576,23.35134],[81.92155,23.36699],[81.89791,23.27715],[81.80238,23.28827],[81.87151,23.22526],[81.78032,23.2291],[81.74056,23.18506],[81.64289,23.16915],[81.61041,23.17477],[81.62439,23.20492],[81.55977,23.18859],[81.5808,23.14562],[81.52899,23.10567],[81.5983,23.02472],[81.54511,23.0019],[81.52786,23.05734],[81.38065,23.04478],[81.31905,23.08575],[81.32608,23.13065],[81.26439,23.20574],[81.16745,23.28068],[81.17198,23.31498],[81.13381,23.30632],[81.13657,23.17604],[81.26076,23.04111],[81.18283,22.89442],[81.4153,22.81203],[81.46075,22.73176],[81.67881,22.75046],[81.6856,22.68058]]]}},
{"type":"Feature","properties":{"shapeID":"76128533B79303776608295","shapeName":"Shahdol"},"geometry":{"type":"Polygon","coordinates":[[[80.99521,24.08859],[81.06148,23.97183],[81.11877,23.97667],[81.15668,23.89062],[81.25709,23.8479],[81.16981,23.81329],[81.23657,23.72341],[81.21858,23.64011],[81.25001,23.56529],[81.29218,23.54959],[81.30545,23.40482],[81.36011,23.30652],[81.31852,23.23027],[81.26477,23.20039],[81.32608,23.13065],[81.31905,23.08575],[81.38065,23.04478],[81.52786,23.05734],[81.54511,23.0019],[81.5983,23.02472],[81.52899,23.10567],[81.5808,23.14562],[81.55977,23.18859],[81.62439,23.20492],[81.61041,23.17477],[81.64289,23.16915],[81.74056,23.18506],[81.78032,23.2291],[81.87151,23.22526],[81.80238,23.28827],[81.89791,23.27715],[81.92155,23.36699],[81.96576,23.35134],[81.98548,23.4321],[81.92147,23.53279],[81.83812,23.50842],[81.74846,23.56728],[81.63594,23.48921],[81.61167,23.5531],[81.58479,23.55359],[81.62099,23.65958],[81.65581,23.65991],[81.69765,23.71884],[81.60573,23.84949],[81.62271,23.87109],[81.54383,23.91256],[81.55213,23.96216],[81.47611,24.054],[81.54517,24.09024],[81.50349,24.09985],[81.49881,24.17297],[81.47183,24.18079],[81.48432,24.27383],[81.38925,24.26083],[81.36267,24.19315],[81.28256,24.18785],[81.2047,24.1072],[81.12404,24.13031],[80.99521,24.08859]]]}},
{"type":"Feature","properties":{"shapeID":"76128533B64834018186186","shapeName":"Vidisha"},"geometry":{"type":"Polygon","coordinates":[[[77.65221,24.31155],[77.55713,24.24388],[77.4998,24.26362],[77.44602,24.23464],[77.40264,24.26936],[77.41025,24.32699],[77.35601,24.33892],[77.32371,24.28506],[77.34824,24.1799],[77.3034,24.16491],[77.29965,24.08149],[77.26192,24.06548],[77.3144,24.00475],[77.29914,23.92316],[77.31938,23.88813],[77.37944,23.88157],[77.45635,23.75876],[77.57566,23.76435],[77.65028,23.71051],[77.63201,23.65547],[77.57593,23.64522],[77.55683,23.5885],[77.50834,23.56619],[77.52124,23.50137],[77.6265,23.46262],[77.65225,23.4822],[77.62822,23.55009],[77.67906,23.51605],[77.73812,23.53433],[77.81369,23.45317],[77.96024,23.4201],[77.96049,23.37052],[78.02626,23.34199],[78.05996,23.38428],[77.99951,23.41117],[78.00272,23.46459],[78.08687,23.4479],[78.14749,23.47168],[78.13193,23.52473],[78.22487,23.52548],[78.27932,23.6064],[78.29605,23.67201],[78.27182,23.72344],[78.24036,23.72148],[78.26103,23.78921],[78.29072,23.78122],[78.26464,23.81374],[78.30167,23.82541],[78.26175,23.85592],[78.29697,23.90736],[78.26409,23.9412],[78.28869,23.95999],[78.28015,24.02631],[78.21696,24.06792],[78.18553,24.0078],[78.07798,24.04353],[78.09421,24.06614],[78.11947,24.04378],[78.13915,24.11879],[78.09851,24.15339],[78.148,24.19935],[78.06208,24.22636],[78.10273,24.24225],[78.04154,24.28052],[78.01719,24.23384],[77.95237,24.22687],[77.88637,24.27474],[77.89584,24.30876],[77.65221,24.31155]]]}},
{"type":"Feature","properties":{"shapeID":"76128533B75262864015847","shapeName":"Una"},"geometry":{"type":"Polygon","coordinates":[[[76.29208,31.30711],[76.35148,31.35013],[76.33075,31.39959],[76.37816,31.43852],[76.3966,31.40773],[76.48845,31.43983],[76.39516,31.61981],[76.31468,31.72139],[76.29044,31.68628],[76.04835,31.8612],[75.95982,31.85588],[75.98699,31.81282],[75.9373,31.81554],[76.16835,31.41149],[76.15432,31.35057],[76.18748,31.30409],[76.29208,31.30711]]]}},
{"type":"Feature","properties":{"shapeID":"76128533B58569599021232","shapeName":"Solan"},"geometry":{"type":"Polygon","coordinates":[[[77.01323,30.80895],[77.02939,30.74751],[77.08202,30.79006],[77.11992,30.85329],[77.17789,30.84574],[77.21531,30.87606],[77.2527,30.94738],[77.18709,31.00881],[77.06839,31.0503],[77.07754,31.08568],[77.03988,31.06805],[77.0474,31.11577],[76.99352,31.11144],[77.03464,31.15864],[77.00478,31.18761],[77.0146,31.27847],[76.90255,31.36402],[76.87779,31.33285],[76.92875,31.30187],[76.87264,31.25662],[76.88423,31.22356],[76.73336,31.2399],[76.60503,31.17952],[76.60387,31.12423],[76.64028,31.1067],[76.61339,31.05],[76.62675,30.99844],[76.77808,30.9068],[76.82297,30.92833],[76.86989,30.87283],[76.91746,30.90046],[76.94318,30.8172],[77.01323,30.80895]]]}},
{"type":"Feature","properties":{"shapeID":"76128533B11802210119774","shapeName":"Sirmaur"},"geometry":{"type":"Polygon","coordinates":[[[77.11992,30.85329],[77.0275,30.73672],[77.09422,30.74208],[77.16211,30.69048],[77.17447,30.60031],[77.12242,30.56267],[77.19567,30.52235],[77.21418,30.4682],[77.35424,30.46052],[77.41019,30.40956],[77.45967,30.45786],[77.42447,30.41052],[77.44463,30.39601],[77.49938,30.40533],[77.52055,30.44531],[77.58843,30.37763],[77.59535,30.42353],[77.82955,30.52557],[77.74451,30.589],[77.79854,30.61063],[77.73662,30.7318],[77.65845,30.80576],[77.58783,30.77602],[77.4936,30.79386],[77.49369,30.84067],[77.43278,30.8719],[77.41199,30.92615],[77.44144,30.97558],[77.37441,31.02197],[77.17789,30.84574],[77.11992,30.85329]]]}},
{"type":"Feature","properties":{"shapeID":"76128533B50011981829203","shapeName":"Kinnaur"},"geometry":{"type":"Polygon","coordinates":[[[78.67403,32.07914],[78.44467,32.05242],[78.42065,31.98921],[78.45356,31.93764],[78.37194,31.96001],[78.30331,31.92661],[78.20186,31.93273],[78.18974,31.87181],[78.09055,31.85804],[78.08408,31.78717],[78.03382,31.76063],[77.94612,31.78443],[77.92174,31.74778],[77.86743,31.783],[77.84972,31.75443],[77.76356,31.76171],[77.75138,31.71351],[77.82553,31.63776],[77.84151,31.50666],[77.96425,31.4022],[78.10418,31.41947],[78.16381,31.38346],[78.16479,31.34431],[78.29245,31.32347],[78.31338,31.27927],[78.38526,31.27927],[78.48608,31.1956],[78.58826,31.21855],[78.81084,31.19448],[78.88465,31.09564],[78.99901,31.10623],[78.98679,31.16993],[78.84497,31.32485],[78.85025,31.36714],[78.7925,31.39595],[78.81165,31.4475],[78.73279,31.47969],[78.73755,31.53579],[78.84766,31.61472],[78.79625,31.68477],[78.75097,31.68693],[78.7081,31.7884],[78.78822,31.99498],[78.67403,32.07914]]]}},
{"type":"Feature","properties":{"shapeID":"76128533B97425778881707","shapeName":"Kullu"},"geometry":{"type":"Polygon","coordinates":[[[77.86743,31.783],[77.83982,31.8483],[77.86962,31.88234],[77.78452,31.91486],[77.77027,31.94283],[77.80166,31.98544],[77.74527,32.09124],[77.54611,32.22238],[77.52564,32.19952],[77.47458,32.22767],[77.42917,32.19359],[77.37072,32.22234],[77.32704,32.32119],[77.19694,32.40096],[77.07537,32.39656],[77.03142,32.30636],[77.05311,32.22562],[76.99568,32.18648],[76.98938,32.11051],[76.9469,32.11198],[76.94468,32.04428],[77.06023,31.83452],[77.1799,31.84068],[77.21814,31.72065],[77.30651,31.66149],[77.30261,31.55713],[77.38732,31.36103],[77.5263,31.35094],[77.55484,31.38622],[77.63061,31.39067],[77.62881,31.44571],[77.70924,31.50123],[77.65676,31.57801],[77.64938,31.66013],[77.68649,31.70319],[77.75138,31.71351],[77.76356,31.76171],[77.84972,31.75443],[77.86743,31.783]]]}},
{"type":"Feature","properties":{"shapeID":"76128533B58537895532859","shapeName":"Chamba"},"geometry":{"type":"Polygon","coordinates":[[[75.92775,32.4083],[75.99224,32.37521],[76.03193,32.27009],[76.12063,32.25642],[76.12344,32.22801],[76.18255,32.22699],[76.16728,32.35339],[76.22406,32.39512],[76.50521,32.23292],[76.67414,32.1786],[76.76159,32.20673],[76.78644,32.31624],[76.75481,32.35791],[76.86607,32.46073],[76.88395,32.51953],[76.74041,32.56029],[76.71566,32.53775],[76.70628,32.57284],[76.63066,32.57376],[76.5944,32.64204],[76.44348,32.65914],[76.37223,32.81428],[76.44466,32.85332],[76.47416,32.80487],[76.51403,32.80272],[76.61318,32.85379],[76.67166,32.84531],[76.71991,32.92238],[76.77442,32.93721],[76.78789,32.9879],[76.73666,33.08259],[76.7485,33.17809],[76.64556,33.1613],[76.5661,33.20855],[76.41019,33.18596],[76.29326,33.10336],[76.25538,33.03193],[76.11162,33.00441],[76.00509,32.90023],[75.9514,32.88404],[75.88479,32.93015],[75.82558,32.92985],[75.81215,32.87021],[75.92981,32.75671],[75.901,32.66027],[75.92173,32.66663],[75.94663,32.64335],[75.85185,32.5181],[75.92108,32.45521],[75.92775,32.4083]]]}},
{"type":"Feature","properties":{"shapeID":"76128533B77537928419507","shapeName":"Shimla"},"geometry":{"type":"Polygon","coordinates":[[[77.2469,30.91849],[77.37441,31.02197],[77.44144,30.97558],[77.41199,30.92615],[77.43278,30.8719],[77.49369,30.84067],[77.4936,30.79386],[77.58783,30.77602],[77.65845,30.80576],[77.70911,30.75931],[77.76318,30.82247],[77.76467,30.87647],[77.80769,30.84938],[77.81567,30.91773],[77.76495,30.91464],[77.75584,30.9601],[77.84022,30.95024],[77.81642,30.95817],[77.84531,30.99147],[77.81387,31.05563],[77.90254,31.14647],[77.9702,31.16914],[78.03036,31.14673],[78.16104,31.22157],[78.24687,31.22596],[78.30971,31.25741],[78.30233,31.31482],[78.16479,31.34431],[78.16381,31.38346],[78.10418,31.41947],[77.97734,31.40125],[77.92869,31.42412],[77.84151,31.50666],[77.81278,31.66287],[77.75138,31.71351],[77.68649,31.70319],[77.64888,31.60539],[77.70924,31.50123],[77.62881,31.44571],[77.63061,31.39067],[77.55484,31.38622],[77.5263,31.35094],[77.36485,31.35611],[77.30623,31.27099],[77.16246,31.23049],[77.00378,31.29751],[77.00478,31.18761],[77.03464,31.15864],[76.99352,31.11144],[77.0474,31.11577],[77.03988,31.06805],[77.07658,31.08619],[77.06839,31.0503],[77.18709,31.00881],[77.2527,30.94738],[77.2469,30.91849]]]}},
{"type":"Feature","properties":{"shapeID":"76128533B85695392289827","shapeName":"Bilaspur"},"geometry":{"type":"Polygon","coordinates":[[[76.3966,31.40773],[76.46308,31.30289],[76.44591,31.27976],[76.48153,31.30708],[76.53286,31.25907],[76.55196,31.28069],[76.5497,31.25208],[76.58412,31.27414],[76.6156,31.24711],[76.59532,31.21296],[76.73336,31.2399],[76.87463,31.21823],[76.87264,31.25662],[76.92875,31.30187],[76.87779,31.33285],[76.88132,31.41153],[76.80487,31.42233],[76.79052,31.50317],[76.73854,31.51979],[76.70614,31.59866],[76.61754,31.5654],[76.61499,31.41839],[76.45975,31.48572],[76.48845,31.43983],[76.3966,31.40773]]]}},
{"type":"Feature","properties":{"shapeID":"76128533B13697452453823","shapeName":"Kangra"},"geometry":{"type":"Polygon","coordinates":[[[76.31468,31.72139],[76.30208,31.78758],[76.41352,31.78438],[76.59282,31.89579],[76.67895,31.87309],[76.68044,32.04776],[76.73142,32.02886],[76.79101,32.07377],[76.81809,32.0476],[76.94459,32.06624],[76.9469,32.11198],[76.98938,32.11051],[76.99568,32.18648],[77.05311,32.22562],[77.03142,32.30636],[77.0792,32.41691],[76.95329,32.4028],[76.89218,32.4384],[76.90205,32.4698],[76.82489,32.43668],[76.75481,32.35791],[76.78644,32.31624],[76.77205,32.22081],[76.6832,32.17929],[76.42531,32.26409],[76.25553,32.39392],[76.16728,32.35339],[76.18176,32.2266],[76.03193,32.27009],[75.99224,32.37521],[75.92775,32.4083],[75.75267,32.27305],[75.64056,32.23581],[75.63622,32.18527],[75.67783,32.16398],[75.59453,32.08107],[75.61432,32.06534],[75.66519,32.0764],[75.93558,31.94233],[75.95982,31.85588],[76.04835,31.8612],[76.29044,31.68628],[76.31468,31.72139]]]}},
{"type":"Feature","properties":{"shapeID":"76128533B75359793481950","shapeName":"Lahul & Spiti"},"geometry":{"type":"Polygon","coordinates":[[[78.67403,32.07914],[78.66523,32.10247],[78.5921,32.15314],[78.61045,32.21413],[78.557,32.2455],[78.45676,32.24206],[78.48182,32.3479],[78.53668,32.41421],[78.45606,32.45219],[78.46307,32.49374],[78.41246,32.52443],[78.32835,32.47183],[78.29652,32.50389],[78.31476,32.57352],[78.40708,32.61923],[78.38988,32.758],[78.30612,32.73402],[78.31414,32.70897],[78.23124,32.66538],[78.17081,32.67527],[78.1397,32.63858],[78.1116,32.65843],[78.08346,32.62055],[78.05204,32.63192],[78.05385,32.58821],[78.00059,32.58283],[77.92144,32.68959],[77.93349,32.76263],[77.78619,32.8553],[77.80874,32.90228],[77.68956,32.98336],[77.47356,32.85892],[77.40584,32.88284],[77.34608,32.81717],[77.1922,32.92878],[77.1645,32.91169],[77.15482,32.97822],[77.01685,32.98754],[76.93594,33.03185],[76.89578,33.11257],[76.82208,33.15421],[76.84716,33.24499],[76.78236,33.25305],[76.7365,33.09651],[76.78789,32.9879],[76.77442,32.93721],[76.71991,32.92238],[76.67166,32.84531],[76.61318,32.85379],[76.51403,32.80272],[76.47416,32.80487],[76.44466,32.85332],[76.37229,32.81468],[76.44348,32.65914],[76.5944,32.64204],[76.63066,32.57376],[76.70628,32.57284],[76.71566,32.53775],[76.74041,32.56029],[76.8741,32.53112],[76.8565,32.46915],[76.90955,32.46679],[76.89218,32.4384],[76.95329,32.4028],[77.05948,32.42877],[77.07537,32.39656],[77.19694,32.40096],[77.32704,32.32119],[77.37072,32.22234],[77.42917,32.19359],[77.47458,32.22767],[77.52564,32.19952],[77.54611,32.22238],[77.74527,32.09124],[77.80166,31.98544],[77.77402,31.93432],[77.86962,31.88234],[77.84147,31.85502],[77.84893,31.8054],[77.89979,31.75269],[77.93724,31.74839],[77.94612,31.78443],[78.02663,31.75995],[78.08408,31.78717],[78.09055,31.85804],[78.18974,31.87181],[78.20186,31.93273],[78.30331,31.92661],[78.37194,31.96001],[78.45748,31.93926],[78.42065,31.98921],[78.44975,32.05477],[78.67403,32.07914]]]}},
{"type":"Feature","properties":{"shapeID":"76128533B23735146933631","shapeName":"Mandi"},"geometry":{"type":"Polygon","coordinates":[[[76.92163,31.36672],[77.14001,31.22813],[77.33737,31.29789],[77.39435,31.37203],[77.32694,31.47034],[77.30651,31.66149],[77.21814,31.72065],[77.1799,31.84068],[77.06023,31.83452],[76.93919,32.06534],[76.81809,32.0476],[76.79101,32.07377],[76.73142,32.02886],[76.68053,32.0478],[76.69483,31.93224],[76.67895,31.87309],[76.63716,31.86839],[76.62619,31.77525],[76.72844,31.66454],[76.73756,31.52181],[76.79052,31.50317],[76.80487,31.42233],[76.88132,31.41153],[76.87653,31.35346],[76.92163,31.36672]]]}},
{"type":"Feature","properties":{"shapeID":"76128533B35956162202704","shapeName":"Hamirpur"},"geometry":{"type":"Polygon","coordinates":[[[76.45975,31.48572],[76.61499,31.41839],[76.62271,31.5732],[76.73027,31.58607],[76.72844,31.66454],[76.6375,31.74943],[76.64146,31.8743],[76.6068,31.89366],[76.41352,31.78438],[76.30208,31.78758],[76.32382,31.70213],[76.45975,31.48572]]]}},
{"type":"Feature","properties":{"shapeID":"76128533B2782141712775","shapeName":"DATA NOT AVAILABLE"},"geometry":{"type":"Polygon","coordinates":[[[77.83719,35.50223],[77.77341,35.49465],[77.7342,35.52386],[77.72357,35.47484],[77.5131,35.48792],[77.44549,35.46064],[77.34935,35.493],[77.3211,35.53327],[77.34606,35.54613],[77.48724,35.53132],[77.42779,35.60983],[77.4317,35.65387],[77.3591,35.71701],[77.22887,35.71177],[77.11636,35.79706],[76.93594,35.78333],[76.81253,35.84407],[76.72352,35.95269],[76.8085,36.01792],[76.80259,36.04711],[76.72038,36.08246],[76.64521,36.18328],[76.56375,36.1723],[76.43404,36.25039],[76.4328,36.30739],[76.35321,36.3591],[76.25558,36.34703],[76.07813,36.47348],[75.92423,36.50166],[75.77025,36.57255],[75.61739,36.76079],[75.47514,36.80993],[75.44497,36.88641],[75.41513,36.89107],[75.42686,36.95492],[75.35561,36.97697],[75.33384,37.05443],[75.20993,37.03596],[75.09694,36.94196],[75.01974,36.97555],[74.92318,36.90526],[74.84108,37.02146],[74.75107,37.0109],[74.69698,37.0773],[74.5829,37.0426],[74.57975,36.94776],[74.43361,37.00944],[74.30255,36.91699],[74.17692,36.91433],[74.12532,36.83851],[73.98587,36.83054],[73.89388,36.8784],[73.88389,36.91223],[73.80035,36.88862],[73.67327,36.91358],[73.90148,36.8589],[73.90948,36.77777],[73.7631,36.79443],[73.69457,36.75998],[73.44284,36.80797],[73.08848,36.76154],[73.0511,36.59703],[72.98714,36.57249],[72.9471,36.51093],[72.88061,36.50807],[72.86672,36.4305],[72.80271,36.40964],[72.77422,36.35611],[72.65501,36.29278],[72.55127,36.28233],[72.52141,36.23435],[72.52685,36.07995],[72.56999,36.03206],[72.52346,35.96482],[72.53378,35.93284],[72.64504,35.87885],[72.7812,35.87664],[72.82779,35.9097],[72.90756,35.88067],[73.07763,35.90605],[73.14169,35.88679],[73.15001,35.76767],[73.25833,35.67652],[73.44974,35.5835],[73.78813,35.5427],[73.79662,35.49494],[73.71754,35.41942],[73.75362,35.26352],[73.93343,35.2502],[74.11796,35.15632],[74.11114,35.05441],[73.99361,34.85423],[73.7513,34.8089],[73.6718,34.70695],[73.64895,34.59922],[73.57841,34.62204],[73.44692,34.58066],[73.40204,34.42588],[73.48502,34.27515],[73.51081,34.00263],[73.55598,33.90838],[73.55593,33.69929],[73.58969,33.55854],[73.55756,33.39349],[73.61088,33.13627],[73.80162,33.03313],[73.82379,32.98237],[73.86721,33.01981],[73.98645,32.989],[74.0377,32.93582],[74.28784,32.8457],[74.37225,32.7652],[74.46074,32.7877],[74.41602,32.89684],[74.31285,32.93222],[74.33873,32.95453],[74.3248,33.03129],[74.1709,33.07339],[74.15579,33.13665],[74.00758,33.22156],[74.01562,33.2685],[74.1308,33.30564],[74.19711,33.39834],[74.15732,33.54406],[74.02891,33.58596],[73.9593,33.71809],[74.05592,33.81976],[74.21777,33.86399],[74.26391,33.98897],[74.19534,34.04347],[73.92316,34.02487],[73.90438,34.10603],[74.01002,34.19292],[74.00611,34.24395],[73.90752,34.35532],[73.84853,34.32214],[73.76762,34.34027],[73.77578,34.39843],[73.88747,34.45942],[73.89021,34.52738],[73.94116,34.56256],[73.95829,34.61556],[73.9368,34.64157],[73.98613,34.71095],[74.14531,34.65925],[74.28671,34.77935],[74.46883,34.76361],[74.50947,34.78791],[74.605,34.76735],[74.64797,34.70868],[74.74527,34.68138],[74.9404,34.67337],[75.02717,34.63099],[75.09254,34.66005],[75.25944,34.63788],[75.35972,34.54542],[75.76265,34.51341],[75.96754,34.59489],[76.03413,34.68636],[76.16212,34.63344],[76.29645,34.72158],[76.42075,34.7387],[76.47411,34.79398],[76.68782,34.75204],[76.74967,34.83548],[76.7544,34.93059],[76.89366,34.96475],[76.98497,34.9459],[77.01593,35.03401],[77.08901,35.08568],[77.29043,35.14407],[77.83719,35.50223]]]}},
{"type":"Feature","properties":{"shapeID":"76128533B6393836306469","shapeName":"Anantnag"},"geometry":{"type":"Polygon","coordinates":[[[75.10915,34.13964],[75.23902,34.0135],[75.23687,33.93245],[75.15675,33.85194],[75.06494,33.82514],[75.13899,33.75072],[75.10922,33.73198],[75.14693,33.67499],[75.11883,33.61401],[75.14782,33.56711],[75.1885,33.56634],[75.15194,33.5051],[75.24345,33.46975],[75.36358,33.36546],[75.45283,33.36763],[75.4884,33.39375],[75.48031,33.48559],[75.54282,33.59272],[75.51126,33.6206],[75.52321,33.70978],[75.47916,33.74707],[75.49134,33.77438],[75.40306,33.92956],[75.45493,34.03247],[75.52923,34.04718],[75.5433,34.12408],[75.60374,34.19616],[75.50685,34.2314],[75.46381,34.20129],[75.41211,34.22621],[75.33799,34.19721],[75.25905,34.24104],[75.10915,34.13964]]]}},
{"type":"Feature","properties":{"shapeID":"76128533B15567489974292","shapeName":"Baramula"},"geometry":{"type":"Polygon","coordinates":[[[74.2655,33.94654],[74.3427,33.96492],[74.31559,33.93664],[74.47579,33.86081],[74.53336,33.90813],[74.52232,33.9487],[74.55202,33.98555],[74.63225,34.05249],[74.71933,34.07605],[74.7271,34.10847],[74.58732,34.1337],[74.60846,34.18031],[74.54457,34.17446],[74.5735,34.23135],[74.51013,34.23877],[74.52404,34.32738],[74.46957,34.36669],[74.37299,34.34647],[74.33378,34.26954],[74.19539,34.24449],[74.1688,34.19049],[74.00459,34.19609],[73.90438,34.10603],[73.92316,34.02487],[74.19749,34.04307],[74.24986,34.01512],[74.2655,33.94654]]]}},
{"type":"Feature","properties":{"shapeID":"76128533B87327155385261","shapeName":"Kulgam"},"geometry":{"type":"Polygon","coordinates":[[[75.08104,33.81024],[75.03723,33.72715],[74.96672,33.71755],[74.97688,33.66686],[74.8867,33.60774],[74.79771,33.61929],[74.80604,33.65017],[74.62137,33.6382],[74.56165,33.66525],[74.5783,33.62618],[74.54593,33.50369],[74.61816,33.46057],[74.71364,33.49244],[74.81042,33.43658],[74.92608,33.47185],[75.01524,33.45012],[75.09982,33.47347],[75.07906,33.51799],[75.11665,33.56555],[75.15967,33.53016],[75.1885,33.56634],[75.12407,33.597],[75.12192,33.66495],[75.14693,33.67499],[75.10922,33.73198],[75.13899,33.75072],[75.08104,33.81024]]]}},
{"type":"Feature","properties":{"shapeID":"76128533B37825396764028","shapeName":"Shupiyan"},"geometry":{"type":"Polygon","coordinates":[[[75.05948,33.7866],[74.8939,33.75743],[74.86666,33.7813],[74.84223,33.75003],[74.72163,33.76716],[74.59335,33.64651],[74.80541,33.65026],[74.79771,33.61929],[74.8867,33.60774],[74.97688,33.66686],[74.96672,33.71755],[75.03723,33.72715],[75.05948,33.7866]]]}},
{"type":"Feature","properties":{"shapeID":"76128533B50784044604286","shapeName":"Reasi"},"geometry":{"type":"Polygon","coordinates":[[[74.63911,33.46389],[74.61484,33.41255],[74.67702,33.38577],[74.68915,33.32432],[74.65436,33.28707],[74.68705,33.18239],[74.53131,33.16366],[74.55104,33.1275],[74.63333,33.10832],[74.63616,33.0586],[74.56529,33.04375],[74.56852,33.0133],[74.61055,32.992],[74.61362,32.93634],[74.65054,32.96077],[74.62422,33.01225],[74.74154,33.0389],[74.89858,32.91669],[74.93142,32.97662],[75.0488,33.04666],[75.01897,33.11239],[75.14024,33.21632],[75.13004,33.2967],[75.04923,33.35329],[75.02046,33.39266],[75.04454,33.41888],[75.02876,33.45105],[74.98646,33.46734],[74.81042,33.43658],[74.71364,33.49244],[74.63911,33.46389]]]}},
{"type":"Feature","properties":{"shapeID":"76128533B45655211862788","shapeName":"Rajouri"},"geometry":{"type":"Polygon","coordinates":[[[74.3248,33.03129],[74.37328,32.94001],[74.47478,32.98425],[74.55772,32.95898],[74.58473,32.98682],[74.56529,33.04375],[74.63616,33.0586],[74.63294,33.10902],[74.52469,33.15136],[74.68519,33.17572],[74.65436,33.28707],[74.68915,33.32432],[74.67702,33.38577],[74.61484,33.41255],[74.63911,33.46389],[74.59235,33.47555],[74.55431,33.42532],[74.40823,33.53631],[74.26841,33.51032],[74.21853,33.3789],[74.1308,33.30564],[74.01379,33.2663],[74.02038,33.20227],[74.13221,33.15745],[74.18304,33.09586],[74.1709,33.07339],[74.3248,33.03129]]]}},
{"type":"Feature","properties":{"shapeID":"76128533B3371867518692","shapeName":"Jammu"},"geometry":{"type":"Polygon","coordinates":[[[74.46074,32.7877],[74.52472,32.74616],[74.63755,32.75143],[74.65872,32.78742],[74.63291,32.80892],[74.70523,32.84193],[74.65109,32.69635],[74.69539,32.6614],[74.63844,32.61335],[74.69023,32.53423],[74.68149,32.4927],[74.72711,32.47586],[74.86787,32.48521],[74.91516,32.5209],[74.90147,32.55088],[74.95227,32.56665],[74.92661,32.61089],[74.87683,32.61338],[74.88627,32.65316],[74.95209,32.6512],[74.96183,32.70117],[74.88342,32.72989],[74.87466,32.77307],[74.95522,32.77241],[74.98382,32.80528],[75.02397,32.76974],[75.00714,32.73976],[75.08334,32.7252],[75.15299,32.76631],[74.95764,32.92262],[74.92023,32.88741],[74.72745,33.04064],[74.62422,33.01225],[74.65054,32.96077],[74.61362,32.93634],[74.59739,33.00982],[74.55772,32.95898],[74.47478,32.98425],[74.37328,32.94001],[74.33364,32.97294],[74.31285,32.93222],[74.41602,32.89684],[74.46074,32.7877]]]}},
{"type":"Feature","properties":{"shapeID":"76128533B57183548666997","shapeName":"Leh(Ladakh)"},"geometry":{"type":"Polygon","coordinates":[[[78.32835,32.47183],[78.53624,32.60821],[78.62141,32.59629],[78.6628,32.65359],[78.7696,32.69661],[78.79757,32.59794],[78.77724,32.55793],[78.82769,32.4383],[78.98586,32.33762],[79.03418,32.3855],[79.11552,32.38381],[79.13784,32.47653],[79.23821,32.50544],[79.32114,32.59231],[79.39492,32.57188],[79.40663,32.5297],[79.44852,32.53211],[79.62725,32.73709],[79.42269,32.96108],[79.33237,33.01161],[79.39415,33.03571],[79.37778,33.08426],[79.45381,33.25991],[79.09775,33.29411],[78.99041,33.33237],[78.95411,33.38062],[78.91716,33.63181],[79.1075,33.61637],[79.09159,33.68647],[79.02096,33.70521],[79.0607,33.77978],[79.01719,33.77817],[78.90555,33.97137],[78.95246,34.02831],[79.02281,34.05035],[79.113,34.01916],[79.17165,34.07231],[79.42695,34.01687],[79.42073,34.07757],[79.49511,34.13531],[79.50759,34.20523],[79.58609,34.24387],[79.56157,34.40942],[79.5285,34.4174],[79.50887,34.47368],[79.5936,34.50022],[79.79436,34.48446],[79.81061,34.5307],[79.75879,34.55411],[79.79334,34.58904],[79.77624,34.62699],[79.86098,34.68813],[80.06933,34.71416],[80.07343,34.8278],[80.17672,35.0091],[80.18381,35.16608],[80.27118,35.34355],[80.28133,35.44017],[80.32889,35.4719],[80.29175,35.60671],[80.10838,35.68022],[79.99947,35.83703],[79.8714,35.78231],[79.73787,35.8013],[79.42244,35.89579],[79.37845,35.99456],[79.21586,35.97804],[79.19445,35.88619],[79.13295,35.83549],[79.02207,35.84802],[78.96094,35.89186],[78.82421,35.8551],[78.66543,35.85666],[78.52177,35.76305],[78.42373,35.78459],[78.38662,35.73479],[78.27388,35.72124],[78.25561,35.64493],[78.20021,35.66845],[78.13787,35.53817],[77.95306,35.60627],[77.96714,35.57044],[77.93181,35.51505],[77.98312,35.45518],[77.83719,35.50223],[77.29043,35.14407],[77.08901,35.08568],[77.01593,35.03401],[76.98497,34.9459],[76.89366,34.96475],[76.7544,34.93059],[76.74967,34.83548],[76.68782,34.75204],[76.47806,34.79385],[76.43684,34.76456],[76.49341,34.66115],[76.47361,34.60259],[76.57996,34.596],[76.58621,34.43922],[76.73911,34.34445],[76.68981,34.23348],[76.70164,34.0821],[76.60755,34.06182],[76.59673,34.00692],[76.55136,33.99781],[76.53029,33.84498],[76.57815,33.82107],[76.66075,33.86116],[76.73948,33.79353],[76.90208,33.78288],[76.9503,33.71809],[77.15324,33.6896],[77.24482,33.61366],[77.30627,33.50024],[77.44257,33.51331],[77.4778,33.43726],[77.52199,33.42407],[77.51223,33.38026],[77.55204,33.36742],[77.46986,33.28165],[77.52527,33.1551],[77.4435,33.20998],[77.40834,33.19878],[77.39513,33.08138],[77.32632,33.08014],[77.32737,33.0422],[77.28346,33.02794],[77.32743,32.89605],[77.27661,32.87383],[77.36661,32.81847],[77.40584,32.88284],[77.47356,32.85892],[77.68956,32.98336],[77.80874,32.90228],[77.78619,32.8553],[77.93349,32.76263],[77.92144,32.68959],[78.00059,32.58283],[78.05385,32.58821],[78.05204,32.63192],[78.08346,32.62055],[78.1116,32.65843],[78.1397,32.63858],[78.17081,32.67527],[78.23124,32.66538],[78.31414,32.70897],[78.30612,32.73402],[78.38988,32.758],[78.40708,32.61923],[78.31476,32.57352],[78.29652,32.50389],[78.32835,32.47183]]]}},
{"type":"Feature","properties":{"shapeID":"76128533B32249045995424","shapeName":"Srinagar"},"geometry":{"type":"Polygon","coordinates":[[[75.11631,34.13252],[75.02485,34.13201],[74.92957,34.18524],[74.91754,34.15406],[74.80284,34.16327],[74.75846,34.1233],[74.78422,34.10151],[74.72681,34.10886],[74.7157,34.08432],[74.77738,34.05932],[74.74524,34.00504],[74.77018,33.97536],[74.81057,33.97241],[74.82481,34.01876],[74.96847,33.98967],[75.08,34.07719],[75.15631,34.07072],[75.11631,34.13252]]]}},
{"type":"Feature","properties":{"shapeID":"76128533B48708628358161","shapeName":"Doda"},"geometry":{"type":"Polygon","coordinates":[[[76.2186,33.02742],[76.22986,33.08345],[76.14816,33.16418],[76.01634,33.10309],[75.80062,33.1467],[75.70235,33.24358],[75.60692,33.26858],[75.54911,33.36208],[75.48841,33.3978],[75.39561,33.35013],[75.38275,33.24647],[75.32543,33.16582],[75.46847,32.9618],[75.56743,32.96678],[75.68749,32.87134],[75.80742,32.89404],[75.85154,32.93463],[75.96339,32.88485],[76.10006,32.96835],[76.11162,33.00441],[76.2186,33.02742]]]}},
{"type":"Feature","properties":{"shapeID":"76128533B74958462315105","shapeName":"Pulwama"},"geometry":{"type":"Polygon","coordinates":[[[75.15631,34.07072],[75.08,34.07719],[74.96952,33.99015],[74.92946,33.99044],[74.82016,33.79019],[74.73784,33.75427],[75.05218,33.78308],[75.07053,33.83034],[75.2061,33.88323],[75.24155,34.00832],[75.15631,34.07072]]]}},
{"type":"Feature","properties":{"shapeID":"76128533B92985585225784","shapeName":"Ramban"},"geometry":{"type":"Polygon","coordinates":[[[75.15396,33.50234],[75.11842,33.56663],[75.07865,33.5155],[75.10364,33.47652],[75.02705,33.45814],[75.04454,33.41888],[75.02163,33.39042],[75.13004,33.2967],[75.14024,33.21632],[75.10419,33.18467],[75.37452,33.06826],[75.36018,33.14968],[75.32543,33.16582],[75.38275,33.24647],[75.39851,33.35367],[75.15396,33.50234]]]}},
{"type":"Feature","properties":{"shapeID":"76128533B20504715877560","shapeName":"Ganderbal"},"geometry":{"type":"Polygon","coordinates":[[[75.49183,34.22735],[75.45973,34.27469],[75.39036,34.27682],[75.3533,34.38324],[75.29666,34.34922],[75.18744,34.36607],[75.13459,34.3291],[74.91544,34.4428],[74.87158,34.41178],[74.87942,34.35064],[74.7585,34.2784],[74.65714,34.32227],[74.66848,34.22569],[74.69365,34.21459],[74.6504,34.19354],[74.71131,34.11883],[74.78061,34.10016],[74.76402,34.14018],[74.83274,34.16959],[74.91754,34.15406],[74.93001,34.18526],[75.02485,34.13201],[75.11044,34.13149],[75.25905,34.24104],[75.35113,34.19608],[75.49183,34.22735]]]}},
{"type":"Feature","properties":{"shapeID":"76128533B31127900859310","shapeName":"Udhampur"},"geometry":{"type":"Polygon","coordinates":[[[74.89858,32.91669],[74.93544,32.88391],[74.95764,32.92262],[75.14218,32.78928],[75.14749,32.75727],[75.08612,32.72281],[75.12203,32.6938],[75.2733,32.64347],[75.3745,32.66916],[75.38826,32.70141],[75.46297,32.67345],[75.50827,32.77566],[75.59102,32.75553],[75.69449,32.8113],[75.66114,32.91539],[75.56577,32.96719],[75.48076,32.95308],[75.41727,33.05252],[75.10623,33.18404],[75.02426,33.126],[75.04184,33.03769],[74.93142,32.97662],[74.89858,32.91669]]]}},
{"type":"Feature","properties":{"shapeID":"76128533B88214376170788","shapeName":"Badgam"},"geometry":{"type":"Polygon","coordinates":[[[74.53336,33.90813],[74.46107,33.82305],[74.51759,33.75446],[74.51416,33.7081],[74.59335,33.64651],[74.71885,33.7663],[74.81905,33.78903],[74.94136,33.98437],[74.87608,34.02217],[74.77018,33.97536],[74.74524,34.00504],[74.77738,34.05932],[74.70446,34.07636],[74.55202,33.98555],[74.52232,33.9487],[74.53336,33.90813]]]}},
{"type":"Feature","properties":{"shapeID":"76128533B32998994032811","shapeName":"Punch"},"geometry":{"type":"Polygon","coordinates":[[[74.17233,33.35415],[74.25716,33.4385],[74.24337,33.49776],[74.34157,33.52844],[74.45029,33.52311],[74.55431,33.42532],[74.58555,33.44742],[74.58545,33.48693],[74.54362,33.51064],[74.57686,33.64124],[74.47138,33.79482],[74.47579,33.86081],[74.31559,33.93664],[74.3427,33.96492],[74.2655,33.94654],[74.24496,33.88885],[74.16073,33.83262],[74.05592,33.81976],[73.95938,33.71869],[74.02891,33.58596],[74.15732,33.54406],[74.19711,33.39834],[74.17233,33.35415]]]}},
{"type":"Feature","properties":{"shapeID":"76128533B68195849750399","shapeName":"Kupwara"},"geometry":{"type":"Polygon","coordinates":[[[74.00459,34.19609],[74.1688,34.19049],[74.19539,34.24449],[74.33378,34.26954],[74.37197,34.34569],[74.41259,34.3459],[74.41279,34.39613],[74.44363,34.39431],[74.43936,34.42298],[74.50171,34.46419],[74.51439,34.78485],[74.46883,34.76361],[74.29216,34.78124],[74.14531,34.65925],[73.98613,34.71095],[73.9368,34.64157],[73.95829,34.61556],[73.94116,34.56256],[73.89021,34.52738],[73.88747,34.45942],[73.77578,34.39843],[73.76762,34.34027],[73.84853,34.32214],[73.90752,34.35532],[74.00408,34.24779],[74.00459,34.19609]]]}},
{"type":"Feature","properties":{"shapeID":"76128533B49429513424897","shapeName":"Samba"},"geometry":{"type":"Polygon","coordinates":[[[74.87943,32.49287],[74.95003,32.44667],[75.00561,32.45762],[75.02664,32.49735],[75.11344,32.45825],[75.19628,32.55838],[75.3436,32.59404],[75.28646,32.64488],[75.01614,32.73427],[75.02397,32.76974],[74.98313,32.80522],[74.95522,32.77241],[74.8715,32.76883],[74.88342,32.72989],[74.96196,32.69955],[74.95209,32.6512],[74.88555,32.65157],[74.87712,32.61177],[74.92661,32.61089],[74.95276,32.56864],[74.90114,32.55056],[74.91517,32.52092],[74.87943,32.49287]]]}},
{"type":"Feature","properties":{"shapeID":"76128533B41744580856133","shapeName":"Bandipore"},"geometry":{"type":"Polygon","coordinates":[[[74.51527,34.78244],[74.50171,34.46419],[74.43936,34.42298],[74.44363,34.39431],[74.41279,34.39613],[74.41415,34.34897],[74.47119,34.36658],[74.51912,34.33618],[74.50824,34.24266],[74.5703,34.23642],[74.54457,34.17446],[74.60846,34.18031],[74.58732,34.1337],[74.70656,34.12382],[74.6504,34.19354],[74.69365,34.21459],[74.66848,34.22569],[74.65714,34.32227],[74.7585,34.2784],[74.87942,34.35064],[74.87158,34.41178],[74.91475,34.44277],[75.13459,34.3291],[75.18744,34.36607],[75.29666,34.34922],[75.3533,34.38324],[75.30794,34.43452],[75.33803,34.5214],[75.16663,34.62397],[75.16665,34.65694],[75.02717,34.63099],[74.9404,34.67337],[74.74527,34.68138],[74.64797,34.70868],[74.605,34.76735],[74.51527,34.78244]]]}},
{"type":"Feature","properties":{"shapeID":"76128533B79652855441225","shapeName":"Kathua"},"geometry":{"type":"Polygon","coordinates":[[[75.80496,32.89337],[75.69767,32.88448],[75.69201,32.80693],[75.59144,32.75562],[75.50827,32.77566],[75.46297,32.67345],[75.38826,32.70141],[75.3745,32.66916],[75.28744,32.64443],[75.34299,32.59086],[75.18914,32.55375],[75.11344,32.45825],[75.13292,32.40896],[75.19164,32.4262],[75.19348,32.40063],[75.3256,32.33517],[75.4885,32.34002],[75.5151,32.27515],[75.56148,32.36066],[75.72808,32.41771],[75.76262,32.47591],[75.87196,32.53292],[75.94663,32.64335],[75.901,32.66027],[75.92981,32.75671],[75.80496,32.89337]]]}},
{"type":"Feature","properties":{"shapeID":"76128533B47664895117076","shapeName":"Kargil"},"geometry":{"type":"Polygon","coordinates":[[[77.25712,32.86263],[77.32743,32.89605],[77.28346,33.02794],[77.32737,33.0422],[77.32632,33.08014],[77.39513,33.08138],[77.40834,33.19878],[77.4435,33.20998],[77.52527,33.1551],[77.46986,33.28165],[77.55204,33.36742],[77.51223,33.38026],[77.52199,33.42407],[77.4778,33.43726],[77.44257,33.51331],[77.30627,33.50024],[77.24482,33.61366],[77.15324,33.6896],[76.9503,33.71809],[76.90208,33.78288],[76.73948,33.79353],[76.66075,33.86116],[76.57815,33.82107],[76.53029,33.84498],[76.55136,33.99781],[76.59673,34.00692],[76.60755,34.06182],[76.70164,34.0821],[76.68981,34.23348],[76.73911,34.34445],[76.58621,34.43922],[76.57996,34.596],[76.47361,34.60259],[76.49341,34.66115],[76.43889,34.76373],[76.29645,34.72158],[76.16212,34.63344],[76.03413,34.68636],[75.96754,34.59489],[75.76082,34.51305],[75.35972,34.54542],[75.26468,34.63608],[75.16445,34.62958],[75.33803,34.5214],[75.30794,34.43452],[75.34966,34.40251],[75.39036,34.27682],[75.45973,34.27469],[75.49183,34.22735],[75.60374,34.19616],[75.70304,34.20197],[75.68666,34.13859],[75.7482,34.04996],[75.83574,34.00566],[75.84013,33.9559],[76.02505,33.97712],[76.03121,33.91625],[76.13271,33.87181],[76.15627,33.79045],[76.26456,33.7286],[76.27778,33.63784],[76.21989,33.6067],[76.21166,33.5202],[76.29889,33.545],[76.30224,33.58483],[76.34812,33.58244],[76.40862,33.51068],[76.44472,33.53793],[76.56641,33.43955],[76.574,33.39783],[76.62117,33.41331],[76.74365,33.23748],[76.84716,33.24499],[76.82208,33.15421],[76.89578,33.11257],[76.93594,33.03185],[77.01685,32.98754],[77.15482,32.97822],[77.1645,32.91169],[77.1922,32.92878],[77.25712,32.86263]]]}},
{"type":"Feature","properties":{"shapeID":"76128533B20458430922604","shapeName":"Kishtwar"},"geometry":{"type":"Polygon","coordinates":[[[76.7485,33.17809],[76.78114,33.23824],[76.74365,33.23748],[76.62117,33.41331],[76.574,33.39783],[76.56641,33.43955],[76.44472,33.53793],[76.40862,33.51068],[76.34812,33.58244],[76.30224,33.58483],[76.29889,33.545],[76.21166,33.5202],[76.21989,33.6067],[76.27778,33.63784],[76.26358,33.73156],[76.15627,33.79045],[76.13271,33.87181],[76.03121,33.91625],[76.02505,33.97712],[75.83871,33.95702],[75.83574,34.00566],[75.7482,34.04996],[75.68666,34.13859],[75.70304,34.20197],[75.60374,34.19616],[75.5433,34.12408],[75.52923,34.04718],[75.45407,34.03129],[75.40535,33.89874],[75.52321,33.70978],[75.51126,33.6206],[75.54282,33.59272],[75.48031,33.48559],[75.48841,33.3978],[75.54911,33.36208],[75.60692,33.26858],[75.70235,33.24358],[75.80062,33.1467],[75.99683,33.10508],[76.14816,33.16418],[76.22986,33.08345],[76.2186,33.02742],[76.41019,33.18596],[76.5661,33.20855],[76.64556,33.1613],[76.7485,33.17809]]]}},
{"type":"Feature","properties":{"shapeID":"76128533B15180319517641","shapeName":"Daman"},"geometry":{"type":"Polygon","coordinates":[[[72.77823,20.33765],[72.89726,20.37568],[72.91816,20.42293],[72.89364,20.46911],[72.83444,20.45033],[72.82164,20.36889],[72.77823,20.33765]]]}},
{"type":"Feature","properties":{"shapeID":"76128533B56857410767766","shapeName":"Diu"},"geometry":{"type":"Polygon","coordinates":[[[71.00806,20.73809],[70.91995,20.74447],[70.86941,20.71223],[70.9764,20.70207],[71.00806,20.73809]]]}},
{"type":"Feature","properties":{"shapeID":"76128533B93450974047240","shapeName":"Bhavnagar"},"geometry":{"type":"Polygon","coordinates":[[[71.67964,21.00055],[72.1223,21.20073],[72.13922,21.34525],[72.2361,21.4555],[72.30479,21.62165],[72.23402,21.92572],[72.16588,21.95878],[72.17821,21.99386],[72.13348,22.05255],[72.08025,22.05987],[72.03321,22.12411],[72.02043,22.10411],[71.90753,22.12524],[71.8999,22.08667],[71.82939,22.06021],[71.86666,22.04747],[71.86727,22.01155],[71.73483,22.012],[71.67636,21.94368],[71.68513,21.87252],[71.6024,21.81467],[71.5999,21.78344],[71.63645,21.77746],[71.61272,21.74517],[71.64035,21.7047],[71.59163,21.69957],[71.58721,21.67373],[71.622,21.62963],[71.55869,21.62468],[71.54772,21.56075],[71.50081,21.54344],[71.47947,21.48378],[71.53163,21.44485],[71.61454,21.44074],[71.63224,21.34154],[71.53377,21.29117],[71.5164,21.17764],[71.6059,21.13237],[71.63124,21.0899],[71.61196,21.05535],[71.67964,21.00055]]]}},
{"type":"Feature","properties":{"shapeID":"76128533B93113981386565","shapeName":"Ahmadabad"},"geometry":{"type":"MultiPolygon","coordinates":[[[[72.22152,21.94548],[72.22597,22.04327],[72.28664,22.08182],[72.36916,22.24086],[72.35937,22.32174],[72.40534,22.34912],[72.34308,22.38587],[72.36169,22.45013],[72.43937,22.50025],[72.42735,22.57226],[72.53813,22.62605],[72.52482,22.79797],[72.61085,22.81502],[72.60968,22.88562],[72.79273,22.9082],[72.84374,22.9805],[72.76722,23.09395],[72.65233,23.11548],[72.60248,23.08985],[72.61731,23.11789],[72.53019,23.16988],[72.48572,23.14469],[72.48616,23.08733],[72.44745,23.04487],[72.38969,23.05251],[72.33734,23.10765],[72.29505,23.04053],[72.23965,23.11755],[72.16429,23.1038],[72.18846,23.14403],[72.17969,23.27451],[72.29956,23.41374],[72.26354,23.46049],[72.18891,23.413],[72.09961,23.45914],[72.05434,23.44392],[72.02725,23.50798],[71.97075,23.46725],[71.96055,23.39374],[71.87575,23.38385],[71.8968,23.33325],[71.87598,23.22788],[71.92932,23.26985],[71.94886,23.24248],[72.00027,23.24978],[71.99165,23.21609],[71.91134,23.18125],[71.90208,23.11087],[71.95095,23.03998],[71.9826,23.06906],[72.01707,23.05664],[71.98469,22.87012],[72.00219,22.70613],[72.10768,22.72091],[72.09108,22.67598],[72.02809,22.67962],[72.06644,22.59431],[72.1176,22.59919],[72.18873,22.5447],[72.1441,22.51465],[72.16249,22.47989],[72.0857,22.43769],[72.05156,22.44487],[72.0324,22.50679],[71.93556,22.53801],[71.90811,22.48348],[71.96247,22.46988],[71.9243,22.4498],[71.93484,22.38126],[71.88364,22.41799],[71.84029,22.33252],[71.85683,22.26101],[71.9374,22.27742],[72.12866,22.19938],[72.11122,22.15864],[72.16131,22.14815],[72.05972,22.09585],[72.08025,22.05987],[72.13348,22.05255],[72.17821,21.99386],[72.16588,21.95878],[72.22152,21.94548]]],[[[72.34642,21.80337],[72.40638,21.94039],[72.37951,22.00151],[72.29618,21.95279],[72.31795,21.81995],[72.34642,21.80337]]],[[[72.35328,21.59396],[72.3603,21.59805],[72.34855,21.60953],[72.35328,21.59396]]]]}},
{"type":"Feature","properties":{"shapeID":"76128533B69417260894674","shapeName":"Chhota Udaipur"},"geometry":{"type":"Polygon","coordinates":[[[74.06398,22.54956],[74.02135,22.57125],[73.88601,22.50333],[73.80584,22.54914],[73.74324,22.5353],[73.734,22.41358],[73.77208,22.38249],[73.73195,22.2904],[73.63562,22.30072],[73.7055,22.34844],[73.64499,22.38481],[73.61466,22.34415],[73.63168,22.3231],[73.54578,22.32933],[73.54466,22.26836],[73.48172,22.21794],[73.51995,22.14208],[73.48777,22.06992],[73.53471,22.09233],[73.53508,22.04684],[73.61092,22.07976],[73.66948,22.06433],[73.698,21.9738],[73.78607,21.95974],[73.80959,21.9276],[73.86028,21.95039],[73.94507,21.86961],[74.14497,21.95286],[74.15323,21.98431],[74.09477,22.01255],[74.17769,22.08533],[74.1271,22.09649],[74.11973,22.21162],[74.0726,22.22066],[74.06898,22.35898],[74.10687,22.37089],[74.18833,22.32054],[74.20419,22.3662],[74.29183,22.39293],[74.20207,22.43571],[74.19026,22.47512],[74.16814,22.43217],[74.14156,22.45531],[74.10771,22.42787],[74.08254,22.50579],[74.03416,22.49023],[74.06398,22.54956]]]}},
{"type":"Feature","properties":{"shapeID":"76128533B48885555323596","shapeName":"Batod"},"geometry":{"type":"Polygon","coordinates":[[[72.06066,22.10118],[72.16163,22.14874],[72.11167,22.15798],[72.11503,22.21016],[71.9374,22.27742],[71.85683,22.26101],[71.82842,22.39343],[71.73541,22.36112],[71.70418,22.39661],[71.64423,22.39984],[71.62241,22.34359],[71.58856,22.35214],[71.5711,22.32053],[71.53105,22.34369],[71.44075,22.28947],[71.45893,22.23083],[71.42836,22.20888],[71.48008,22.18471],[71.50706,22.05564],[71.3929,21.9635],[71.46285,21.93056],[71.45939,21.89435],[71.42079,21.90749],[71.41783,21.8858],[71.45378,21.86585],[71.46988,21.79923],[71.61531,21.69317],[71.64035,21.7047],[71.61272,21.74517],[71.63645,21.77746],[71.5999,21.78344],[71.6024,21.81467],[71.68513,21.87252],[71.67636,21.94368],[71.73483,22.012],[71.86727,22.01155],[71.86666,22.04747],[71.82939,22.06021],[71.8999,22.08667],[71.90753,22.12524],[72.06066,22.10118]]]}},
{"type":"Feature","properties":{"shapeID":"76128533B33151011563565","shapeName":"Vadodara"},"geometry":{"type":"Polygon","coordinates":[[[73.56698,22.32715],[73.46717,22.35793],[73.42372,22.42695],[73.42168,22.54792],[73.37457,22.55353],[73.37084,22.64463],[73.41717,22.6595],[73.38757,22.73876],[73.42841,22.75868],[73.38759,22.80716],[73.38143,22.7571],[73.35233,22.78968],[73.26199,22.76747],[73.26695,22.66048],[73.09359,22.50723],[73.06168,22.30935],[72.97957,22.2482],[72.92673,22.30503],[72.90926,22.25991],[72.78808,22.2492],[72.75881,22.17333],[72.80252,22.1545],[72.8695,22.21943],[72.88814,22.17343],[72.92503,22.18944],[72.92827,22.16732],[72.86726,22.15086],[72.91371,22.04517],[72.98197,22.04773],[73.0266,21.99738],[73.0586,22.01105],[73.07691,22.00152],[73.05265,21.93899],[72.99925,21.91506],[73.09238,21.92902],[73.06435,21.88124],[73.21914,21.82096],[73.24993,21.84196],[73.24467,21.93035],[73.33836,21.87275],[73.36097,21.92586],[73.42582,21.90979],[73.45275,21.97651],[73.50164,21.96526],[73.50196,22.03796],[73.54189,22.08919],[73.48014,22.07957],[73.51995,22.14208],[73.48172,22.21794],[73.56698,22.32715]]]}},
{"type":"Feature","properties":{"shapeID":"76128533B62153454383166","shapeName":"Aravali"},"geometry":{"type":"Polygon","coordinates":[[[73.27427,23.06057],[73.37498,23.13878],[73.34482,23.20122],[73.37649,23.23756],[73.55658,23.31783],[73.63269,23.41754],[73.65585,23.50314],[73.63459,23.54707],[73.65836,23.62189],[73.57472,23.6545],[73.51507,23.61344],[73.50587,23.70259],[73.41771,23.77875],[73.37299,23.76617],[73.35704,23.85415],[73.38385,23.90525],[73.35832,23.9085],[73.34306,23.88178],[73.28217,23.88713],[73.27776,23.84327],[73.24614,23.90264],[73.21809,23.89624],[73.22309,23.84815],[73.14173,23.77599],[73.15072,23.73764],[73.11385,23.69794],[73.19974,23.6484],[73.20803,23.58784],[73.16058,23.53865],[73.17242,23.49935],[73.11963,23.46293],[73.1334,23.37828],[73.07317,23.37145],[73.10333,23.34708],[73.09215,23.27476],[73.0606,23.2547],[73.06222,23.28711],[73.01573,23.27807],[72.97455,23.16715],[73.03655,23.18375],[73.06991,23.1615],[73.13858,23.20562],[73.27427,23.06057]]]}},
{"type":"Feature","properties":{"shapeID":"76128533B35129325000613","shapeName":"Sabar Kantha"},"geometry":{"type":"Polygon","coordinates":[[[73.28876,23.89153],[73.42217,23.93046],[73.37117,24.12764],[73.24297,24.01048],[73.19821,24.05725],[73.22104,24.09803],[73.11118,24.13863],[73.0797,24.1851],[73.14235,24.30784],[73.17812,24.30141],[73.22922,24.36447],[73.16666,24.35083],[73.08237,24.3946],[73.10586,24.4264],[73.09198,24.49485],[73.04849,24.46548],[73.01017,24.48271],[72.96126,24.39262],[72.98855,24.3643],[72.96239,24.35151],[72.9698,24.30351],[73.02926,24.26779],[72.91847,24.03743],[72.85597,24.0094],[72.80335,23.91297],[72.79633,23.75449],[72.84182,23.60615],[72.80695,23.57667],[72.82724,23.49704],[72.80033,23.4955],[72.80321,23.40296],[72.77467,23.41274],[72.72749,23.38646],[72.80838,23.35181],[72.80425,23.31754],[72.91364,23.31928],[72.88536,23.29099],[72.92097,23.28695],[72.9429,23.23925],[73.00108,23.29674],[73.06222,23.28711],[73.0606,23.2547],[73.09215,23.27476],[73.10333,23.34708],[73.07317,23.37145],[73.13734,23.38485],[73.11963,23.46293],[73.17242,23.49935],[73.16058,23.53865],[73.1977,23.55437],[73.21041,23.60949],[73.19974,23.6484],[73.11385,23.69794],[73.15072,23.73764],[73.14173,23.77599],[73.22309,23.84815],[73.21809,23.89624],[73.24614,23.90264],[73.27776,23.84327],[73.28876,23.89153]]]}},
{"type":"Feature","properties":{"shapeID":"76128533B52902360321344","shapeName":"Banas Kantha"},"geometry":{"type":"Polygon","coordinates":[[[72.96239,24.35151],[72.92076,24.32681],[72.86488,24.36644],[72.72891,24.36223],[72.69372,24.45828],[72.54071,24.50833],[72.49646,24.45188],[72.50353,24.41148],[72.46038,24.40879],[72.43833,24.506],[72.3862,24.50075],[72.35363,24.55452],[72.2906,24.54061],[72.24645,24.58248],[72.34962,24.62014],[72.16067,24.61708],[72.08001,24.65558],[72.08048,24.69986],[72.04762,24.70875],[71.93882,24.63004],[71.87101,24.67865],[71.85271,24.6077],[71.80598,24.6255],[71.79328,24.67426],[71.65534,24.63744],[71.61032,24.67503],[71.48166,24.67865],[71.3736,24.62653],[71.34389,24.6585],[71.29031,24.61308],[71.31286,24.55895],[71.26795,24.54578],[71.26102,24.51227],[71.35072,24.51794],[71.33179,24.39556],[71.38377,24.39359],[71.39647,24.34945],[71.32324,24.32215],[71.31354,24.25512],[71.29104,24.26089],[71.33998,24.1828],[71.37311,24.19017],[71.32454,24.14857],[71.27768,24.16211],[71.28019,24.13408],[71.34479,24.11912],[71.28923,23.99085],[71.39647,23.96283],[71.41514,23.9266],[71.479,24.02353],[71.49292,23.9708],[71.58889,23.97693],[71.60923,23.94207],[71.68062,23.96967],[71.71801,23.92659],[71.7169,23.87017],[71.76833,23.83163],[71.97364,23.89244],[71.92814,24.01035],[72.0024,23.96757],[72.03732,23.98282],[72.03207,24.05538],[72.1017,24.02154],[72.09925,24.04813],[72.16567,24.07494],[72.15516,24.11469],[72.10278,24.10975],[72.10237,24.12618],[72.15795,24.13821],[72.18831,24.10416],[72.20595,24.14101],[72.23502,24.11801],[72.22393,24.07391],[72.35541,24.02534],[72.36874,23.96744],[72.42837,23.97921],[72.47958,23.93054],[72.5735,23.93311],[72.59278,23.97687],[72.6462,23.98973],[72.64212,24.06741],[72.79335,24.09377],[72.8324,24.03102],[72.91847,24.03743],[73.03113,24.28093],[72.9698,24.30351],[72.96239,24.35151]]]}},
{"type":"Feature","properties":{"shapeID":"76128533B7851306475665","shapeName":"Surendranagar"},"geometry":{"type":"Polygon","coordinates":[[[72.00101,23.50401],[71.9528,23.52586],[71.79961,23.40064],[71.76434,23.40972],[71.7796,23.45802],[71.72875,23.4955],[71.53395,23.48187],[71.59613,23.4375],[71.58587,23.3634],[71.6261,23.35786],[71.63483,23.30846],[71.67057,23.29408],[71.62734,23.20486],[71.71577,23.1774],[71.71111,23.15075],[71.64389,23.17447],[71.59517,23.13781],[71.53515,23.16634],[71.4541,23.14542],[71.30419,23.1722],[71.35849,23.12211],[71.29101,23.07071],[71.31564,22.98971],[71.25413,22.8393],[71.18439,22.83219],[71.14637,22.86902],[71.09886,22.82653],[71.16831,22.70061],[71.06314,22.53795],[71.09589,22.51205],[71.1324,22.54511],[71.16423,22.48247],[71.13245,22.4787],[71.09635,22.40084],[71.03668,22.43979],[70.98358,22.41244],[71.03521,22.39461],[71.02357,22.32975],[71.15958,22.18206],[71.12514,22.12293],[71.21198,22.18626],[71.29082,22.1641],[71.27783,22.21768],[71.21529,22.22301],[71.23338,22.27717],[71.30325,22.25265],[71.30813,22.28151],[71.34329,22.25974],[71.36744,22.2945],[71.40149,22.22417],[71.44075,22.28947],[71.52448,22.34039],[71.5711,22.32053],[71.58856,22.35214],[71.62241,22.34359],[71.64423,22.39984],[71.70418,22.39661],[71.73541,22.36112],[71.82842,22.39343],[71.83311,22.35624],[71.89189,22.41932],[71.93484,22.38126],[71.9243,22.4498],[71.95859,22.48991],[71.90811,22.48348],[71.94027,22.53974],[72.0324,22.50679],[72.05508,22.44279],[72.16249,22.47989],[72.1441,22.51465],[72.18728,22.55039],[72.1176,22.59919],[72.06644,22.59431],[72.02809,22.67962],[72.09108,22.67598],[72.10768,22.72091],[72.00219,22.70613],[71.98469,22.87012],[72.01707,23.05664],[71.9826,23.06906],[71.95095,23.03998],[71.90208,23.11087],[71.91134,23.18125],[71.99165,23.21609],[72.00027,23.24978],[71.94886,23.24248],[71.92932,23.26985],[71.87598,23.22788],[71.8968,23.33325],[71.87575,23.38385],[71.96055,23.39374],[72.00101,23.50401]]]}},
{"type":"Feature","properties":{"shapeID":"76128533B69438085511257","shapeName":"Anand"},"geometry":{"type":"Polygon","coordinates":[[[72.39628,22.36471],[72.38858,22.31196],[72.46767,22.25871],[72.63246,22.28679],[72.75726,22.23183],[72.84243,22.27349],[72.90926,22.25991],[72.92673,22.30503],[72.97957,22.2482],[73.06405,22.31387],[73.05081,22.36513],[73.09359,22.50723],[73.23113,22.63438],[73.13562,22.72023],[73.03089,22.73325],[72.91501,22.59034],[72.86904,22.58311],[72.86888,22.61887],[72.83024,22.59373],[72.83211,22.62295],[72.78661,22.64135],[72.68552,22.62862],[72.70998,22.58929],[72.64752,22.54582],[72.67015,22.51978],[72.65328,22.50095],[72.57696,22.50414],[72.50833,22.61352],[72.42735,22.57226],[72.43937,22.50025],[72.36169,22.45013],[72.34308,22.38587],[72.39628,22.36471]]]}},
{"type":"Feature","properties":{"shapeID":"76128533B46866455993508","shapeName":"Narmada"},"geometry":{"type":"Polygon","coordinates":[[[73.61092,22.07976],[73.50196,22.03796],[73.50164,21.96526],[73.45275,21.97651],[73.4345,21.9145],[73.36792,21.92819],[73.34936,21.87497],[73.30124,21.88996],[73.30286,21.83281],[73.33524,21.83452],[73.40989,21.74722],[73.39556,21.71822],[73.46789,21.71925],[73.50561,21.67813],[73.4523,21.52311],[73.55721,21.47167],[73.67762,21.47315],[73.70149,21.39536],[73.81924,21.40029],[73.88595,21.45085],[73.9725,21.46087],[73.98633,21.52157],[73.96199,21.53829],[73.85609,21.49518],[73.78281,21.62444],[73.89371,21.66651],[73.8064,21.82347],[73.93231,21.86225],[73.93442,21.88918],[73.86028,21.95039],[73.80959,21.9276],[73.78607,21.95974],[73.698,21.9738],[73.66948,22.06433],[73.61092,22.07976]]]}},
{"type":"Feature","properties":{"shapeID":"76128533B43737470294384","shapeName":"Amreli"},"geometry":{"type":"MultiPolygon","coordinates":[[[[71.622,21.62963],[71.59824,21.72663],[71.46988,21.79923],[71.45378,21.86585],[71.41896,21.8778],[71.42079,21.90749],[71.45939,21.89435],[71.45655,21.9386],[71.34554,21.98523],[71.3034,22.04304],[71.27381,22.0106],[71.29467,21.96045],[71.25838,21.96043],[71.24888,22.0097],[71.18577,22.0101],[71.19861,21.96876],[71.06009,21.90373],[71.03583,21.86515],[71.11022,21.85362],[71.0484,21.82344],[71.02912,21.73823],[70.98537,21.72593],[70.90094,21.76677],[70.88658,21.73498],[70.82,21.74336],[70.77053,21.70919],[70.80871,21.711],[70.79465,21.66576],[70.89395,21.54293],[70.80847,21.49581],[70.83316,21.4568],[70.92501,21.46257],[70.94931,21.39748],[70.87077,21.37497],[70.86731,21.31564],[70.9251,21.34686],[70.94299,21.312],[70.8051,21.23225],[70.85585,21.16779],[71.00147,21.17056],[71.13313,21.07085],[71.12792,20.9643],[71.22526,20.95762],[71.18215,20.9202],[71.2246,20.82449],[71.20931,20.80139],[71.38107,20.87529],[71.43918,20.86929],[71.51991,20.9192],[71.51941,20.95095],[71.67919,20.99715],[71.61196,21.05535],[71.63124,21.0899],[71.6059,21.13237],[71.5164,21.17764],[71.53377,21.29117],[71.63224,21.34154],[71.61342,21.44225],[71.53163,21.44485],[71.47947,21.48378],[71.50081,21.54344],[71.54772,21.56075],[71.55869,21.62468],[71.622,21.62963]]],[[[71.57383,20.90611],[71.62723,20.91632],[71.61892,20.93935],[71.57383,20.90611]]],[[[71.54197,20.86015],[71.57332,20.86907],[71.56142,20.88059],[71.54197,20.86015]]],[[[71.52101,20.90514],[71.50902,20.90434],[71.52987,20.90401],[71.52101,20.90514]]]]}},
{"type":"Feature","properties":{"shapeID":"76128533B70576899889534","shapeName":"Dohad"},"geometry":{"type":"Polygon","coordinates":[[[74.36938,22.97818],[74.24458,23.18647],[74.15343,23.15608],[74.12073,23.18995],[74.13214,23.26779],[74.00089,23.33482],[73.98811,23.22072],[73.96183,23.21151],[73.99235,23.14526],[73.97457,23.12282],[74.02104,23.0883],[73.96046,23.11035],[73.90768,23.07698],[73.90504,22.99021],[73.93166,22.97865],[73.89076,22.94863],[73.87289,22.84625],[73.84144,22.84452],[73.8528,22.78913],[73.81855,22.78868],[73.85326,22.74156],[73.80284,22.68486],[73.8333,22.6428],[73.80406,22.61238],[73.84803,22.61107],[73.87017,22.57009],[73.81093,22.54782],[73.88601,22.50333],[74.03805,22.57052],[74.15074,22.51599],[74.26325,22.64322],[74.37927,22.63691],[74.47764,22.85671],[74.45021,22.92207],[74.39894,22.89751],[74.36053,22.93125],[74.34013,22.96287],[74.36938,22.97818]]]}},
{"type":"Feature","properties":{"shapeID":"76128533B74992405432705","shapeName":"Rajkot"},"geometry":{"type":"Polygon","coordinates":[[[71.4348,22.26146],[71.39018,22.223],[71.36744,22.2945],[71.34329,22.25974],[71.30813,22.28151],[71.30325,22.25265],[71.23338,22.27717],[71.21529,22.22301],[71.27783,22.21768],[71.29082,22.1641],[71.21198,22.18626],[71.12514,22.12293],[71.15958,22.18206],[71.02357,22.32975],[71.03521,22.39461],[70.87373,22.45594],[70.84768,22.51172],[70.74217,22.38471],[70.6234,22.51328],[70.63886,22.57905],[70.56386,22.59782],[70.55407,22.54701],[70.60291,22.52998],[70.52769,22.5125],[70.58731,22.48648],[70.5358,22.4574],[70.50287,22.48906],[70.50075,22.45354],[70.46736,22.46772],[70.44688,22.42863],[70.505,22.42708],[70.47538,22.37611],[70.52928,22.34076],[70.47229,22.31186],[70.61321,22.19435],[70.56277,22.14367],[70.58789,22.11307],[70.55106,22.08108],[70.56933,22.02958],[70.50424,21.99618],[70.52291,22.04836],[70.3303,22.04901],[70.3038,21.99419],[70.26566,22.00279],[70.25307,21.96805],[70.20792,21.96217],[70.19653,21.89344],[70.1461,21.94123],[70.09257,21.83591],[70.11071,21.82427],[70.03164,21.79173],[70.09077,21.70348],[70.14595,21.68164],[70.14033,21.61257],[70.22827,21.63673],[70.26352,21.61342],[70.25998,21.52657],[70.30291,21.58749],[70.36763,21.59819],[70.36875,21.63732],[70.44599,21.674],[70.49265,21.64811],[70.54669,21.67439],[70.56365,21.6202],[70.64249,21.651],[70.722,21.61101],[70.79704,21.66926],[70.80871,21.711],[70.77053,21.70919],[70.78768,21.73466],[70.88658,21.73498],[70.90094,21.76677],[70.98537,21.72593],[71.03321,21.74154],[71.0484,21.82344],[71.11022,21.85362],[71.03232,21.87208],[71.19861,21.96876],[71.18577,22.0101],[71.24888,22.0097],[71.26582,21.95736],[71.29467,21.96045],[71.27381,22.0106],[71.3034,22.04304],[71.35115,21.98284],[71.45047,21.99624],[71.45561,22.03072],[71.50706,22.05564],[71.48008,22.18471],[71.42836,22.20888],[71.45893,22.23083],[71.4348,22.26146]]]}},
{"type":"Feature","properties":{"shapeID":"76128533B91881382098572","shapeName":"Kachchh"},"geometry":{"type":"MultiPolygon","coordinates":[[[[71.29031,24.61308],[71.09727,24.68884],[71.02467,24.63928],[70.98809,24.59568],[71.00005,24.44786],[71.10353,24.43713],[71.12385,24.405],[71.04224,24.34962],[70.94795,24.34728],[70.87576,24.29457],[70.90903,24.25881],[70.80578,24.2194],[70.57034,24.25074],[70.56015,24.35403],[70.59481,24.40579],[70.56437,24.41984],[70.11712,24.29592],[70.02537,24.16955],[69.73102,24.16966],[69.59364,24.29101],[69.49639,24.26656],[69.31275,24.27986],[69.19417,24.23483],[69.09633,24.27175],[69.00518,24.22155],[68.94509,24.30034],[68.86591,24.21212],[68.82915,24.31412],[68.80666,24.31261],[68.76606,24.2878],[68.75334,23.97114],[68.60864,23.96783],[68.58584,23.92214],[68.4847,23.99968],[68.35002,23.97786],[68.33099,23.92387],[68.28296,23.9313],[68.20972,23.8768],[68.17939,23.74108],[68.24867,23.68252],[68.30773,23.70842],[68.27319,23.65593],[68.20306,23.64437],[68.19576,23.59984],[68.31401,23.57465],[68.41373,23.71296],[68.50375,23.73036],[68.58928,23.84164],[68.78627,23.88287],[68.77111,23.83676],[68.67842,23.81719],[68.70601,23.79159],[68.65045,23.80502],[68.61193,23.72414],[68.55191,23.72295],[68.4889,23.60689],[68.48161,23.54644],[68.56337,23.40885],[68.55314,23.36151],[68.67688,23.30177],[68.62934,23.29571],[68.66847,23.27326],[68.58594,23.22181],[68.76264,23.07806],[69.19469,22.83976],[69.3814,22.81684],[69.41218,22.80609],[69.4544,22.7767],[69.46134,22.77376],[69.54769,22.7867],[69.54967,22.75296],[69.56831,22.74519],[69.5729,22.76849],[69.71452,22.73485],[69.74858,22.81179],[69.81735,22.84821],[70.10617,22.91005],[70.2315,22.98405],[70.35647,22.93185],[70.38994,22.95576],[70.40068,23.02869],[70.43512,23.06117],[70.49138,23.08002],[70.43315,22.97847],[70.54207,22.95964],[70.56485,23.03147],[70.76572,23.16685],[70.81792,23.16195],[70.82562,23.07913],[70.85767,23.12873],[70.82641,23.15533],[70.87635,23.12135],[70.90268,23.1332],[70.89145,23.15952],[70.93039,23.16029],[70.94654,23.13165],[70.95736,23.17328],[71.13978,23.20935],[71.22269,23.1486],[71.3192,23.18804],[71.4541,23.14542],[71.53515,23.16634],[71.59517,23.13781],[71.64389,23.17447],[71.71111,23.15075],[71.71577,23.1774],[71.62734,23.20486],[71.67057,23.29408],[71.63483,23.30846],[71.6261,23.35786],[71.58587,23.3634],[71.58777,23.45287],[71.50999,23.47586],[71.51952,23.52864],[71.44975,23.4725],[71.47147,23.55774],[71.42324,23.56766],[71.42324,23.62801],[71.39485,23.60423],[71.37924,23.65014],[71.24788,23.6553],[71.29688,23.74326],[71.25742,23.74276],[71.25485,23.7789],[71.19548,23.72961],[71.11193,23.74534],[71.19225,23.69215],[71.09228,23.71238],[71.11797,23.67009],[71.14731,23.68595],[71.14047,23.62662],[71.10287,23.64825],[71.07895,23.60113],[71.04461,23.6425],[71.09273,23.68403],[71.06111,23.70207],[71.04432,23.79849],[71.09768,23.89557],[71.30038,23.92917],[71.31753,23.98197],[71.28759,23.99875],[71.34479,24.11912],[71.28019,24.13408],[71.27768,24.16211],[71.32454,24.14857],[71.37243,24.17908],[71.29037,24.25741],[71.31354,24.25512],[71.32324,24.32215],[71.39647,24.34945],[71.38377,24.39359],[71.33179,24.39556],[71.35072,24.51794],[71.26102,24.51227],[71.26795,24.54578],[71.31286,24.55895],[71.29031,24.61308]]],[[[70.53774,22.92384],[70.43324,22.96012],[70.27657,22.73644],[70.32305,22.75709],[70.32525,22.71265],[70.37764,22.69802],[70.38696,22.80673],[70.47521,22.86693],[70.47089,22.83805],[70.53774,22.92384]]],[[[70.41582,22.98846],[70.43675,23.01652],[70.48254,23.0658],[70.42469,23.0429],[70.41582,22.98846]]],[[[68.41505,23.50019],[68.42101,23.53918],[68.39988,23.54648],[68.39143,23.52127],[68.41505,23.50019]]],[[[68.54133,23.32002],[68.56699,23.3429],[68.5414,23.33693],[68.54133,23.32002]]]]}},
{"type":"Feature","properties":{"shapeID":"76128533B16271917438029","shapeName":"The Dangs"},"geometry":{"type":"Polygon","coordinates":[[[73.49432,20.91294],[73.49329,20.75844],[73.46081,20.75643],[73.49152,20.6536],[73.58463,20.64518],[73.65945,20.56284],[73.83257,20.61558],[73.81695,20.69362],[73.94431,20.74195],[73.91518,20.91082],[73.75174,21.00426],[73.66096,21.0062],[73.6402,20.97167],[73.61204,20.99415],[73.59752,20.95971],[73.59472,20.9977],[73.54962,21.00885],[73.53225,20.93659],[73.49432,20.91294]]]}},
{"type":"Feature","properties":{"shapeID":"76128533B81661995166840","shapeName":"Mahesana"},"geometry":{"type":"Polygon","coordinates":[[[72.29505,23.04053],[72.35516,23.12506],[72.36949,23.09585],[72.42835,23.14337],[72.3836,23.16574],[72.41885,23.20864],[72.44822,23.19713],[72.4257,23.24412],[72.44568,23.25556],[72.41209,23.28013],[72.43697,23.30973],[72.47502,23.30137],[72.47245,23.34403],[72.52087,23.34904],[72.50386,23.38286],[72.53889,23.45423],[72.58988,23.45906],[72.59752,23.52082],[72.63367,23.50733],[72.63988,23.55858],[72.69026,23.55386],[72.70226,23.5198],[72.78179,23.53892],[72.7749,23.50641],[72.82724,23.49704],[72.80656,23.56837],[72.84193,23.60285],[72.83468,23.66996],[72.78931,23.83345],[72.86638,24.01658],[72.79335,24.09377],[72.64212,24.06741],[72.6462,23.98973],[72.59278,23.97687],[72.58037,23.93487],[72.47958,23.93054],[72.4696,23.89406],[72.44034,23.91108],[72.3769,23.86916],[72.32638,23.88698],[72.2904,23.85156],[72.32134,23.76196],[72.28162,23.72631],[72.27539,23.67618],[72.30832,23.66908],[72.28504,23.61295],[72.23843,23.64295],[72.06232,23.56646],[72.05779,23.61763],[72.01414,23.63178],[71.94263,23.58892],[71.984,23.51126],[72.03375,23.50857],[72.05434,23.44392],[72.09961,23.45914],[72.18891,23.413],[72.25782,23.4592],[72.28341,23.44308],[72.29956,23.41374],[72.26547,23.34634],[72.17698,23.26736],[72.18846,23.14403],[72.15809,23.10956],[72.23965,23.11755],[72.29505,23.04053]]]}},
{"type":"Feature","properties":{"shapeID":"76128533B42839853072341","shapeName":"Patan"},"geometry":{"type":"Polygon","coordinates":[[[71.31753,23.98197],[71.29635,23.927],[71.09768,23.89557],[71.04432,23.79849],[71.06111,23.70207],[71.09275,23.68468],[71.04431,23.66296],[71.06489,23.61107],[71.10287,23.64825],[71.14047,23.62662],[71.14731,23.68595],[71.11797,23.67009],[71.09296,23.71316],[71.19212,23.69131],[71.17949,23.72005],[71.12036,23.72663],[71.11234,23.74582],[71.19548,23.72961],[71.25485,23.7789],[71.25742,23.74276],[71.29688,23.74326],[71.24788,23.6553],[71.37924,23.65014],[71.39485,23.60423],[71.42324,23.62801],[71.42324,23.56766],[71.47147,23.55774],[71.44975,23.4725],[71.51927,23.52868],[71.50999,23.47586],[71.59617,23.50468],[71.72875,23.4955],[71.7796,23.45802],[71.76434,23.40972],[71.79961,23.40064],[71.97092,23.53186],[71.94208,23.58493],[71.98181,23.62338],[72.05601,23.61914],[72.0702,23.56605],[72.23843,23.64295],[72.28504,23.61295],[72.30832,23.66908],[72.27539,23.67618],[72.28162,23.72631],[72.32134,23.76196],[72.29055,23.85248],[72.32638,23.88698],[72.3769,23.86916],[72.44034,23.91108],[72.4696,23.89406],[72.47958,23.93054],[72.46712,23.96511],[72.36874,23.96744],[72.35541,24.02534],[72.23203,24.06564],[72.23502,24.11801],[72.20595,24.14101],[72.18831,24.10416],[72.15795,24.13821],[72.10237,24.12618],[72.15516,24.11469],[72.16567,24.07494],[72.09925,24.04813],[72.1017,24.02154],[72.03207,24.05538],[72.03732,23.98282],[72.0024,23.96757],[71.92814,24.01035],[71.97364,23.89244],[71.76833,23.83163],[71.7169,23.87017],[71.71801,23.92659],[71.68062,23.96967],[71.60923,23.94207],[71.58889,23.97693],[71.49292,23.9708],[71.479,24.02353],[71.41514,23.9266],[71.39647,23.96283],[71.31753,23.98197]]]}},
{"type":"Feature","properties":{"shapeID":"76128533B63599385776584","shapeName":"Bharuch"},"geometry":{"type":"MultiPolygon","coordinates":[[[[72.80252,22.1545],[72.59982,22.21627],[72.5125,22.04451],[72.51915,21.83234],[72.5866,21.91976],[72.62756,21.90755],[72.53634,21.78433],[72.51515,21.66234],[72.73796,21.69067],[72.76612,21.66725],[72.74525,21.6426],[72.63868,21.61857],[72.61011,21.58232],[72.66675,21.51378],[72.64578,21.43557],[72.71129,21.47665],[72.69653,21.43547],[72.74,21.47051],[72.81742,21.40216],[72.8514,21.41113],[72.85591,21.45021],[72.9258,21.42156],[72.94375,21.51108],[72.98705,21.53583],[73.05467,21.48119],[73.05673,21.56518],[73.12217,21.48239],[73.19672,21.5045],[73.33229,21.48773],[73.4523,21.52311],[73.50561,21.67813],[73.46789,21.71925],[73.39556,21.71822],[73.39524,21.77367],[73.30286,21.83281],[73.2688,21.93029],[73.22795,21.91656],[73.25325,21.86286],[73.21914,21.82096],[73.06435,21.88124],[73.09238,21.92902],[72.99634,21.92399],[73.05265,21.93899],[73.07445,22.00478],[72.91371,22.04517],[72.87799,22.10855],[72.86951,22.15613],[72.92827,22.16732],[72.92503,22.18944],[72.88814,22.17343],[72.8695,22.21943],[72.80252,22.1545]]],[[[72.72336,21.64421],[72.74773,21.65772],[72.71084,21.65888],[72.72336,21.64421]]]]}},
{"type":"Feature","properties":{"shapeID":"76128533B45037556977273","shapeName":"Gir Somnath"},"geometry":{"type":"MultiPolygon","coordinates":[[[[71.00806,20.73809],[71.20656,20.79331],[71.22575,20.81854],[71.18215,20.9202],[71.22526,20.95762],[71.12792,20.9643],[71.13313,21.07085],[71.00147,21.17056],[70.8356,21.18888],[70.75108,21.13448],[70.72203,21.23211],[70.68753,21.20069],[70.65783,21.26768],[70.57031,21.28562],[70.576,21.25851],[70.52961,21.26964],[70.57482,21.19663],[70.50236,21.1917],[70.44915,21.04091],[70.40782,21.05861],[70.37547,21.01292],[70.35174,21.03891],[70.22955,20.99993],[70.44841,20.84874],[70.82318,20.69127],[70.91995,20.74447],[71.00806,20.73809]]],[[[71.15064,20.75947],[71.15185,20.76375],[71.15049,20.76278],[71.15064,20.75947]]]]}},
{"type":"Feature","properties":{"shapeID":"76128533B40923846274136","shapeName":"Junagadh"},"geometry":{"type":"Polygon","coordinates":[[[70.79465,21.66576],[70.70291,21.60588],[70.65497,21.64898],[70.56365,21.6202],[70.54669,21.67439],[70.49265,21.64811],[70.44599,21.674],[70.36875,21.63732],[70.36763,21.59819],[70.30291,21.58749],[70.25998,21.52657],[70.26495,21.61059],[70.23009,21.6361],[70.14033,21.61257],[70.14937,21.66215],[70.12339,21.67947],[70.10754,21.64484],[70.04374,21.64879],[70.06991,21.58646],[69.96776,21.58715],[70.00461,21.54357],[69.9826,21.53085],[69.99725,21.47822],[70.05255,21.45071],[69.94684,21.39487],[69.97876,21.29378],[70.02975,21.27559],[69.98249,21.22687],[70.22698,20.99922],[70.35174,21.03891],[70.37547,21.01292],[70.40782,21.05861],[70.44915,21.04091],[70.50236,21.1917],[70.57482,21.19663],[70.52961,21.26964],[70.576,21.25851],[70.57031,21.28562],[70.65783,21.26768],[70.68753,21.20069],[70.72203,21.23211],[70.74978,21.13501],[70.785,21.1673],[70.81189,21.15029],[70.8356,21.18888],[70.8062,21.24478],[70.94299,21.312],[70.9251,21.34686],[70.86731,21.31564],[70.87077,21.37497],[70.94931,21.39748],[70.92501,21.46257],[70.83316,21.4568],[70.80847,21.49581],[70.895,21.53529],[70.79465,21.66576]]]}},
{"type":"Feature","properties":{"shapeID":"76128533B74381554567803","shapeName":"Devbhumi Dwarka"},"geometry":{"type":"MultiPolygon","coordinates":[[[[69.69918,22.42093],[69.61157,22.33302],[69.57624,22.36807],[69.554,22.34569],[69.55154,22.40205],[69.512,22.42618],[69.52585,22.38278],[69.48815,22.33738],[69.33368,22.32824],[69.31997,22.29069],[69.2266,22.25714],[69.15693,22.31468],[69.19577,22.4219],[69.06487,22.39437],[69.04391,22.4368],[69.07461,22.45337],[69.06783,22.47884],[68.97692,22.40195],[68.9375,22.30468],[68.95834,22.23744],[69.35338,21.83912],[69.37997,21.82896],[69.42291,21.88901],[69.45059,21.8513],[69.49115,21.85533],[69.48962,21.89417],[69.53407,21.88891],[69.58256,21.94531],[69.65347,21.92009],[69.65327,21.95494],[69.69647,21.97799],[69.72498,21.938],[69.6689,21.92282],[69.6607,21.87126],[69.61724,21.86819],[69.61148,21.83036],[69.61994,21.80207],[69.65498,21.83702],[69.71563,21.79339],[69.74152,21.83189],[69.89361,21.837],[69.9362,21.89907],[69.9325,21.96536],[69.85225,22.02452],[69.89341,22.1337],[69.80823,22.1359],[69.80755,22.20865],[69.75584,22.24026],[69.73069,22.31226],[69.73955,22.42388],[69.69918,22.42093]]],[[[69.29303,22.48059],[69.28849,22.44416],[69.25962,22.44327],[69.27858,22.41409],[69.32644,22.4561],[69.29303,22.48059]]],[[[69.63114,22.45753],[69.58921,22.43347],[69.63563,22.40643],[69.656,22.42657],[69.63114,22.45753]]],[[[69.24661,22.45328],[69.20418,22.49405],[69.21103,22.46458],[69.24661,22.45328]]],[[[69.1422,22.47724],[69.09302,22.46172],[69.08412,22.42233],[69.11467,22.46682],[69.14448,22.44704],[69.1422,22.47724]]],[[[69.36564,22.50548],[69.34971,22.52613],[69.31617,22.52364],[69.33598,22.50746],[69.36564,22.50548]]],[[[69.32843,22.37482],[69.33848,22.38673],[69.32449,22.38291],[69.32843,22.37482]]],[[[69.45849,22.35193],[69.44246,22.35668],[69.43859,22.35441],[69.45849,22.35193]]],[[[69.48016,22.39086],[69.48879,22.39286],[69.48321,22.39809],[69.48016,22.39086]]],[[[69.25543,22.38149],[69.25654,22.38896],[69.2502,22.38358],[69.25543,22.38149]]],[[[69.19067,22.36921],[69.19646,22.3738],[69.19493,22.37406],[69.19067,22.36921]]],[[[69.08494,22.48511],[69.08921,22.48901],[69.08944,22.48996],[69.08494,22.48511]]],[[[69.31042,22.3033],[69.31096,22.30584],[69.30993,22.30567],[69.31042,22.3033]]],[[[69.32766,22.33603],[69.32901,22.33693],[69.32787,22.33768],[69.32766,22.33603]]]]}},
{"type":"Feature","properties":{"shapeID":"76128533B6397758882978","shapeName":"Navsari"},"geometry":{"type":"Polygon","coordinates":[[[73.50028,20.81875],[73.3859,20.8251],[73.31643,20.88375],[73.30383,20.81738],[73.25873,20.81799],[73.16863,20.90041],[73.12674,20.89763],[73.00836,21.02297],[73.01074,21.06738],[72.81495,21.02446],[72.80153,21.04513],[72.77651,21.02452],[72.7703,21.0625],[72.7235,21.05846],[72.84002,20.73864],[73.01464,20.72312],[73.0762,20.65214],[73.07557,20.60055],[73.26142,20.58179],[73.39503,20.61776],[73.46826,20.72184],[73.46081,20.75643],[73.49329,20.75844],[73.50028,20.81875]]]}},
{"type":"Feature","properties":{"shapeID":"76128533B97372652494648","shapeName":"Surat"},"geometry":{"type":"Polygon","coordinates":[[[73.4523,21.52311],[73.33229,21.48773],[73.19672,21.5045],[73.12217,21.48239],[73.05673,21.56518],[73.05467,21.48119],[72.99053,21.53731],[72.94375,21.51108],[72.9258,21.42156],[72.85591,21.45021],[72.8514,21.41113],[72.81742,21.40216],[72.74,21.47051],[72.69653,21.43547],[72.7035,21.47565],[72.599,21.30699],[72.61388,21.08989],[72.65626,21.06033],[72.65755,21.09141],[72.7703,21.0625],[72.77651,21.02452],[73.01074,21.06738],[73.00836,21.02297],[73.12674,20.89763],[73.30383,20.81738],[73.31702,20.9016],[73.21287,20.95785],[73.24332,20.99211],[73.21151,21.01244],[73.20494,21.07436],[73.25519,21.09175],[73.2278,21.13426],[73.27391,21.13129],[73.2844,21.19388],[73.36686,21.2209],[73.37383,21.27016],[73.44531,21.26856],[73.45718,21.38403],[73.52673,21.34974],[73.70091,21.39554],[73.67762,21.47315],[73.55721,21.47167],[73.4523,21.52311]]]}},
{"type":"Feature","properties":{"shapeID":"76128533B35205406647638","shapeName":"Jamnagar"},"geometry":{"type":"MultiPolygon","coordinates":[[[[70.55407,22.54701],[70.6455,22.70495],[70.61625,22.76505],[70.66348,22.83176],[70.54911,22.92837],[70.49737,22.90394],[70.47028,22.83758],[70.47521,22.86693],[70.38738,22.8073],[70.37764,22.69802],[70.32525,22.71265],[70.32305,22.75709],[70.24911,22.72867],[70.2566,22.69159],[70.16813,22.55256],[70.06154,22.54673],[70.04481,22.57183],[70.00073,22.52585],[70.00137,22.55283],[69.98376,22.52389],[69.96712,22.54471],[69.91374,22.45606],[69.83502,22.4523],[69.83617,22.47431],[69.8343,22.47517],[69.79879,22.39351],[69.71216,22.46815],[69.69918,22.42093],[69.73955,22.42388],[69.75438,22.24324],[69.80755,22.20865],[69.82085,22.12555],[69.89341,22.1337],[69.85225,22.02452],[69.93309,21.96399],[69.90836,21.84622],[69.81507,21.82773],[69.81916,21.74077],[69.86181,21.73286],[69.87142,21.78048],[69.99203,21.80853],[70.02268,21.70832],[70.05187,21.69863],[70.07658,21.73283],[70.03164,21.79173],[70.11071,21.82427],[70.09257,21.83591],[70.1461,21.94123],[70.19653,21.89344],[70.20792,21.96217],[70.25307,21.96805],[70.26566,22.00279],[70.3038,21.99419],[70.3303,22.04901],[70.52291,22.04836],[70.50424,21.99618],[70.56933,22.02958],[70.55106,22.08108],[70.58789,22.11307],[70.56277,22.14367],[70.61321,22.19435],[70.47229,22.31186],[70.52928,22.34076],[70.47538,22.37611],[70.505,22.42708],[70.44688,22.42863],[70.46736,22.46772],[70.50075,22.45354],[70.50287,22.48906],[70.5358,22.4574],[70.58731,22.48648],[70.52769,22.5125],[70.60291,22.52998],[70.55407,22.54701]]],[[[69.95549,22.56384],[70.02929,22.57693],[70.00863,22.59506],[69.95549,22.56384]]],[[[69.90806,22.54968],[69.89426,22.52561],[69.85187,22.53195],[69.89931,22.51177],[69.94307,22.51964],[69.90806,22.54968]]],[[[69.93921,22.53962],[69.95798,22.54478],[69.94166,22.54958],[69.93921,22.53962]]],[[[69.9612,22.60135],[69.95035,22.59905],[69.95776,22.59541],[69.9612,22.60135]]]]}},
{"type":"Feature","properties":{"shapeID":"76128533B12519626815499","shapeName":"Tapi"},"geometry":{"type":"Polygon","coordinates":[[[73.81924,21.40029],[73.52673,21.34974],[73.45718,21.38403],[73.44531,21.26856],[73.37383,21.27016],[73.36686,21.2209],[73.2844,21.19388],[73.27391,21.13129],[73.2278,21.13426],[73.25519,21.09175],[73.20494,21.07436],[73.21151,21.01244],[73.24332,20.99211],[73.21394,20.9558],[73.29135,20.92979],[73.37241,20.83236],[73.45584,20.81334],[73.50028,20.81875],[73.49432,20.91294],[73.55763,21.01167],[73.59472,20.9977],[73.59752,20.95971],[73.61204,20.99415],[73.64306,20.97196],[73.66096,21.0062],[73.71565,21.00762],[73.89114,20.93259],[73.90605,20.97499],[73.79728,21.04555],[73.8124,21.08434],[73.76485,21.0679],[73.73489,21.08455],[73.7471,21.11375],[73.65412,21.10815],[73.58229,21.16773],[73.60726,21.17586],[73.63053,21.13245],[73.81735,21.17147],[73.82709,21.26696],[73.94385,21.2969],[73.94833,21.40167],[74.04434,21.41862],[74.06309,21.48107],[74.10502,21.44712],[74.3026,21.4783],[74.33236,21.53907],[74.30676,21.56618],[74.20166,21.52819],[74.17822,21.56075],[74.02024,21.55138],[73.97752,21.53896],[73.9725,21.46087],[73.88595,21.45085],[73.81924,21.40029]]]}},
{"type":"Feature","properties":{"shapeID":"76128533B84417945851362","shapeName":"Porbandar"},"geometry":{"type":"Polygon","coordinates":[[[70.07658,21.73283],[70.02643,21.7045],[69.99203,21.80853],[69.87142,21.78048],[69.84805,21.7309],[69.81916,21.74077],[69.8168,21.82296],[69.74152,21.83189],[69.71563,21.79339],[69.64691,21.83676],[69.61796,21.80313],[69.61282,21.86384],[69.65907,21.86961],[69.6689,21.92282],[69.72498,21.938],[69.69647,21.97799],[69.65327,21.95494],[69.65347,21.92009],[69.56704,21.94072],[69.53407,21.88891],[69.48962,21.89417],[69.49115,21.85533],[69.45059,21.8513],[69.41778,21.88808],[69.37467,21.82797],[69.70668,21.53671],[69.98249,21.22687],[70.02975,21.27559],[69.97876,21.29378],[69.94684,21.39487],[70.05255,21.45071],[69.99725,21.47822],[69.9826,21.53085],[70.00461,21.54357],[69.96884,21.59239],[70.06495,21.5841],[70.04374,21.64879],[70.10754,21.64484],[70.12121,21.67951],[70.14937,21.66215],[70.07658,21.73283]]]}},
{"type":"Feature","properties":{"shapeID":"76128533B60261306484775","shapeName":"Valsad"},"geometry":{"type":"MultiPolygon","coordinates":[[[[72.77823,20.33765],[72.7278,20.12949],[72.82519,20.14593],[72.86465,20.22701],[72.95974,20.21197],[72.91496,20.27977],[72.9747,20.2727],[73.01065,20.31835],[73.03505,20.29204],[73.09861,20.36152],[73.10406,20.30577],[73.15279,20.31794],[73.17097,20.2906],[73.0678,20.23071],[73.06331,20.16441],[73.11911,20.15799],[73.13337,20.20522],[73.17153,20.20939],[73.22067,20.18502],[73.19201,20.13049],[73.25105,20.12539],[73.30301,20.20782],[73.42227,20.2067],[73.41589,20.3525],[73.38374,20.39062],[73.49371,20.54047],[73.40869,20.62646],[73.27165,20.58253],[73.07557,20.60055],[73.0762,20.65214],[73.01464,20.72312],[72.85159,20.73232],[72.89715,20.57849],[72.85179,20.46453],[72.8934,20.4693],[72.91704,20.41594],[72.88462,20.36565],[72.77823,20.33765]]],[[[73.00305,20.21929],[72.97797,20.23206],[72.98246,20.21596],[73.00305,20.21929]]]]}},
{"type":"Feature","properties":{"shapeID":"76128533B7606365706860","shapeName":"Gandhinagar"},"geometry":{"type":"Polygon","coordinates":[[[72.84205,22.99343],[72.92941,23.07756],[72.97979,23.05253],[73.01241,23.08707],[72.98841,23.13172],[73.03217,23.13696],[72.97455,23.16715],[73.01955,23.27904],[73.00108,23.29674],[72.9429,23.23925],[72.92097,23.28695],[72.88536,23.29099],[72.91364,23.31928],[72.80425,23.31754],[72.80838,23.35181],[72.72749,23.38646],[72.80491,23.40539],[72.81831,23.47094],[72.774,23.50725],[72.78179,23.53892],[72.70226,23.5198],[72.65401,23.56754],[72.63367,23.50733],[72.59752,23.52082],[72.58396,23.45313],[72.53889,23.45423],[72.50386,23.38286],[72.52087,23.34904],[72.47245,23.34403],[72.47502,23.30137],[72.43697,23.30973],[72.41209,23.28013],[72.44568,23.25556],[72.4257,23.24412],[72.44822,23.19713],[72.41885,23.20864],[72.3836,23.16574],[72.42835,23.14337],[72.36949,23.09585],[72.35516,23.12506],[72.33596,23.10748],[72.38969,23.05251],[72.44745,23.04487],[72.48616,23.08733],[72.48572,23.14469],[72.53019,23.16988],[72.61731,23.11789],[72.60248,23.08985],[72.65233,23.11548],[72.76722,23.09395],[72.76733,23.05823],[72.84205,22.99343]]]}},
{"type":"Feature","properties":{"shapeID":"76128533B49615943426842","shapeName":"Mahisagar"},"geometry":{"type":"Polygon","coordinates":[[[73.37498,23.13878],[73.24329,23.01633],[73.27739,22.97438],[73.25839,22.92746],[73.35132,22.9222],[73.44991,22.96234],[73.43712,23.02991],[73.47818,22.98126],[73.6491,23.01365],[73.63049,23.03741],[73.67129,23.09911],[73.71789,23.05377],[73.80657,23.10807],[73.90745,23.04736],[73.94667,23.10678],[74.00657,23.07938],[73.96183,23.21151],[73.98811,23.22072],[74.00089,23.33482],[73.96053,23.37995],[73.93685,23.34002],[73.89209,23.3358],[73.82994,23.44549],[73.78074,23.43344],[73.76238,23.45742],[73.72362,23.41158],[73.7017,23.45473],[73.63002,23.45146],[73.62213,23.39888],[73.52732,23.28587],[73.37649,23.23756],[73.34482,23.20122],[73.37498,23.13878]]]}},
{"type":"Feature","properties":{"shapeID":"76128533B2080752988715","shapeName":"Morbi"},"geometry":{"type":"Polygon","coordinates":[[[71.35849,23.12211],[71.30094,23.18403],[71.28523,23.15506],[71.2159,23.14966],[71.13978,23.20935],[70.95736,23.17328],[70.94654,23.13165],[70.90462,23.16162],[70.87635,23.12135],[70.83013,23.15681],[70.85767,23.12873],[70.82562,23.07913],[70.81792,23.16195],[70.76572,23.16685],[70.56485,23.03147],[70.54207,22.95964],[70.43315,22.97847],[70.47123,22.9401],[70.58082,22.91542],[70.66277,22.83483],[70.61625,22.76505],[70.6455,22.70495],[70.56386,22.59782],[70.63886,22.57905],[70.6234,22.51328],[70.721,22.39806],[70.74884,22.38255],[70.74957,22.41243],[70.80583,22.43784],[70.79273,22.47405],[70.84768,22.51172],[70.89082,22.44561],[70.98358,22.41244],[71.05473,22.43665],[71.08957,22.39969],[71.13245,22.4787],[71.16423,22.48247],[71.1324,22.54511],[71.09589,22.51205],[71.06314,22.53795],[71.16831,22.70061],[71.09886,22.82653],[71.14637,22.86902],[71.18439,22.83219],[71.25413,22.8393],[71.31564,22.98971],[71.29101,23.07071],[71.35849,23.12211]]]}},
{"type":"Feature","properties":{"shapeID":"76128533B16476001647323","shapeName":"Panch Mahals"},"geometry":{"type":"Polygon","coordinates":[[[73.73338,22.51547],[73.87017,22.57009],[73.84803,22.61107],[73.80406,22.61238],[73.8333,22.6428],[73.80284,22.68486],[73.85326,22.74156],[73.81855,22.78868],[73.8528,22.78913],[73.84144,22.84452],[73.87289,22.84625],[73.89076,22.94863],[73.93166,22.97865],[73.90504,22.99021],[73.90745,23.04736],[73.80657,23.10807],[73.71789,23.05377],[73.67129,23.09911],[73.63049,23.03741],[73.65273,23.01676],[73.58489,22.98425],[73.47818,22.98126],[73.43712,23.02991],[73.45299,22.96864],[73.37317,22.89978],[73.38834,22.85177],[73.35233,22.78968],[73.38143,22.7571],[73.4085,22.80941],[73.4282,22.77433],[73.38757,22.73876],[73.41717,22.6595],[73.36626,22.62787],[73.39053,22.61404],[73.37457,22.55353],[73.42168,22.54792],[73.42372,22.42695],[73.46717,22.35793],[73.63168,22.3231],[73.61466,22.34415],[73.64499,22.38481],[73.7055,22.34844],[73.63562,22.30072],[73.73195,22.2904],[73.77221,22.38667],[73.73932,22.38997],[73.73338,22.51547]]]}},
{"type":"Feature","properties":{"shapeID":"76128533B39046535416628","shapeName":"Kheda"},"geometry":{"type":"Polygon","coordinates":[[[72.50833,22.61352],[72.57696,22.50414],[72.65328,22.50095],[72.64752,22.54582],[72.70998,22.58929],[72.68552,22.62862],[72.78661,22.64135],[72.83211,22.62295],[72.83024,22.59373],[72.86888,22.61887],[72.86904,22.58311],[72.91501,22.59034],[73.03089,22.73325],[73.13562,22.72023],[73.23113,22.63438],[73.2691,22.66406],[73.26199,22.76747],[73.36387,22.7957],[73.38875,22.85461],[73.3707,22.89503],[73.42082,22.93657],[73.38635,22.95544],[73.35132,22.9222],[73.26123,22.92457],[73.25158,22.9629],[73.27739,22.97438],[73.24329,23.01633],[73.27427,23.06057],[73.20726,23.14498],[73.17122,23.14534],[73.13858,23.20562],[73.06991,23.1615],[73.03617,23.18374],[73.02728,23.1312],[72.98841,23.13172],[73.01241,23.08707],[72.97979,23.05253],[72.92941,23.07756],[72.89847,23.02139],[72.848,23.01176],[72.79273,22.9082],[72.60968,22.88562],[72.61085,22.81502],[72.52482,22.79797],[72.52046,22.70142],[72.55092,22.66492],[72.50833,22.61352]]]}},
{"type":"Feature","properties":{"shapeID":"76128533B43252171579976","shapeName":"Dadra & Nagar Haveli"},"geometry":{"type":"Polygon","coordinates":[[[72.96092,20.2134],[72.96417,20.13145],[73.00806,20.13599],[73.04347,20.06868],[73.05138,20.10005],[73.17261,20.05259],[73.2105,20.09827],[73.20138,20.19809],[73.13695,20.2078],[73.11911,20.15799],[73.06331,20.16441],[73.0678,20.23071],[73.17097,20.2906],[73.15279,20.31794],[73.10406,20.30577],[73.09861,20.36152],[73.03505,20.29204],[73.01065,20.31835],[72.9747,20.2727],[72.91496,20.27977],[72.96092,20.2134]],[[72.97797,20.23206],[73.00305,20.21929],[72.98246,20.21596],[72.97797,20.23206]]]}},
{"type":"Feature","properties":{"shapeID":"76128533B95075104846315","shapeName":"Prakasam"},"geometry":{"type":"Polygon","coordinates":[[[80.05238,15.01997],[80.10965,15.3447],[80.20466,15.47196],[80.28507,15.68912],[80.43924,15.80861],[80.43456,15.85628],[80.48184,15.89855],[80.399,15.90532],[80.37896,15.98692],[80.42227,16.00178],[80.34015,16.01604],[80.30638,16.05447],[80.18757,16.02588],[80.14673,16.04505],[80.1022,16.00987],[80.07099,16.09195],[80.04364,16.09035],[80.05088,16.12632],[79.88636,16.16658],[79.871,16.12452],[79.92189,16.07086],[79.87018,16.01634],[79.92511,15.96563],[79.88769,15.92079],[79.80277,15.93991],[79.76034,15.82522],[79.70497,15.89956],[79.56968,15.94778],[79.58556,16.02752],[79.53514,16.07979],[79.56641,16.09188],[79.57546,16.1975],[79.54751,16.31348],[79.46421,16.31159],[79.22593,16.18207],[79.21479,16.2297],[79.03908,16.25346],[78.91609,16.19864],[78.92159,16.00082],[78.81317,15.87569],[78.77558,15.67972],[78.75048,15.18335],[78.92368,15.19737],[78.95001,15.23808],[78.97106,15.17326],[79.06852,15.17726],[79.07681,15.05568],[79.12402,15.10408],[79.29946,15.09168],[79.32491,15.11794],[79.33273,15.09011],[79.35331,15.11198],[79.42172,15.05735],[79.55266,15.02408],[79.74427,15.03273],[79.79042,15.06193],[79.7824,14.97668],[79.85841,14.95484],[79.94753,15.02078],[80.0005,14.98802],[80.05238,15.01997]]]}},
{"type":"Feature","properties":{"shapeID":"76128533B4481773749911","shapeName":"Krishna"},"geometry":{"type":"MultiPolygon","coordinates":[[[[80.86795,17.06003],[80.84159,17.03489],[80.73475,17.07355],[80.64858,17.06395],[80.66563,17.09655],[80.56904,17.14657],[80.50497,17.11636],[80.45514,17.02562],[80.4039,17.08597],[80.3758,17.06496],[80.39756,17.02258],[80.36713,16.97917],[80.49683,16.92629],[80.50028,16.95698],[80.59323,16.93551],[80.56372,16.83392],[80.61329,16.79704],[80.57199,16.77209],[80.4655,16.79907],[80.40872,16.85858],[80.38196,16.81997],[80.27095,17.01895],[80.20998,17.02136],[80.19081,17.05307],[80.14411,16.99635],[80.0545,16.97337],[80.00035,16.87141],[80.07846,16.82199],[80.12063,16.82949],[80.15466,16.65774],[80.22346,16.62228],[80.48386,16.5978],[80.67309,16.47159],[80.80984,16.28567],[80.86947,16.14334],[80.90643,15.92432],[80.84127,15.7822],[80.87746,15.78981],[80.9395,15.71636],[81.0046,15.75476],[80.99959,15.83357],[81.14347,15.9752],[81.26517,16.27721],[81.32767,16.31701],[81.39497,16.34218],[81.55562,16.36846],[81.40822,16.43325],[81.37156,16.51],[81.33097,16.52038],[81.35275,16.60624],[81.31576,16.69217],[81.27577,16.63341],[81.23463,16.62926],[81.23291,16.5809],[81.19828,16.62908],[81.24868,16.69048],[81.21775,16.70115],[81.15853,16.66243],[81.1808,16.62412],[81.15052,16.59834],[81.0927,16.61276],[81.01099,16.56212],[80.95536,16.66515],[81.01095,16.64494],[80.98353,16.71763],[81.03644,16.817],[80.93672,16.95727],[80.96056,17.04892],[80.86795,17.06003]]],[[[81.35292,16.32239],[81.37307,16.32576],[81.37451,16.32791],[81.35292,16.32239]]]]}},
{"type":"Feature","properties":{"shapeID":"76128533B29138015770556","shapeName":"East Godavari"},"geometry":{"type":"MultiPolygon","coordinates":[[[[82.54839,17.2524],[82.5312,17.31661],[82.60422,17.46351],[82.55732,17.52593],[82.48994,17.50741],[82.4707,17.53896],[82.45599,17.48781],[82.41165,17.47351],[82.3779,17.4858],[82.40729,17.521],[82.34523,17.5073],[82.34444,17.58531],[82.26822,17.62351],[82.21737,17.63883],[82.17849,17.61151],[82.12825,17.65509],[82.01677,17.62691],[82.04086,17.70309],[82.01758,17.76058],[81.86785,17.7505],[81.98822,17.85017],[82.02105,17.84603],[82.00339,17.88647],[82.03148,17.93762],[81.9817,18.01455],[81.80971,17.94487],[81.76698,17.90217],[81.79109,17.84092],[81.58542,17.73499],[81.51181,17.59895],[81.53269,17.57887],[81.50713,17.49927],[81.61312,17.42616],[81.61773,17.35941],[81.65902,17.32247],[81.65001,17.25948],[81.77069,17.05906],[81.78223,16.96296],[81.77529,16.9039],[81.73753,16.8982],[81.74883,16.81417],[81.86775,16.59451],[81.85439,16.52691],[81.76413,16.44142],[81.71266,16.45984],[81.70687,16.31572],[82.3169,16.5716],[82.21822,16.72585],[82.26747,16.75219],[82.34132,16.7373],[82.35791,16.8508],[82.27047,16.87425],[82.24837,16.93525],[82.32124,17.06055],[82.54839,17.2524]]],[[[82.31755,16.60479],[82.36774,16.71685],[82.36152,16.734],[82.30945,16.70127],[82.26708,16.71586],[82.31755,16.60479]]]]}},
{"type":"Feature","properties":{"shapeID":"76128533B71485440235524","shapeName":"Visakhapatnam"},"geometry":{"type":"Polygon","coordinates":[[[82.54839,17.2524],[83.21302,17.59102],[83.48842,17.92471],[83.42862,17.94192],[83.38415,17.91373],[83.4176,18.0071],[83.40519,18.04862],[83.35907,18.05703],[83.31041,17.98407],[83.23337,17.94617],[83.25523,17.9125],[83.23082,17.86969],[83.15591,17.83083],[83.10506,17.93239],[83.00926,17.96923],[82.99999,18.00084],[83.10142,18.13387],[83.15241,18.15501],[83.10738,18.15701],[83.101,18.21793],[83.13794,18.22664],[83.13781,18.26122],[83.20758,18.19216],[83.27167,18.21744],[83.22704,18.33496],[83.17285,18.31019],[83.10216,18.3597],[83.08192,18.31789],[83.0724,18.37476],[83.10144,18.41568],[82.94096,18.36077],[82.90012,18.37619],[82.89286,18.42196],[82.80742,18.44845],[82.77538,18.34032],[82.6672,18.2958],[82.6353,18.23802],[82.58914,18.27923],[82.61963,18.35547],[82.54064,18.40227],[82.56207,18.44639],[82.53847,18.44303],[82.53141,18.5125],[82.48987,18.54691],[82.36944,18.41846],[82.39281,18.37779],[82.34286,18.32584],[82.40143,18.31525],[82.31459,18.20459],[82.37368,18.14879],[82.34191,18.15146],[82.34492,18.05654],[82.27554,18.05746],[82.27589,17.99576],[82.25035,17.98906],[82.12186,18.06679],[82.01525,18.05804],[81.9817,18.01455],[82.03148,17.93762],[82.00339,17.88647],[82.0195,17.84272],[81.98822,17.85017],[81.86697,17.75294],[82.01758,17.76058],[82.04086,17.70309],[82.01677,17.62691],[82.12825,17.65509],[82.17849,17.61151],[82.21737,17.63883],[82.26822,17.62351],[82.34444,17.58531],[82.34523,17.5073],[82.40729,17.521],[82.3779,17.4858],[82.41165,17.47351],[82.45599,17.48781],[82.4707,17.53896],[82.48994,17.50741],[82.55732,17.52593],[82.60422,17.46351],[82.5312,17.31661],[82.54839,17.2524]]]}},
{"type":"Feature","properties":{"shapeID":"76128533B55622097933343","shapeName":"Sri Potti Sriramulu Nellore"},"geometry":{"type":"Polygon","coordinates":[[[79.07681,15.05568],[79.07346,14.96272],[79.17734,14.71483],[79.17982,14.62277],[79.23666,14.58891],[79.29586,14.48069],[79.34705,14.4653],[79.32785,14.4311],[79.41837,14.28729],[79.45319,14.10429],[79.44486,13.88997],[79.58947,13.91963],[79.61598,13.84973],[79.67086,13.83552],[79.68226,13.92388],[79.72653,13.90638],[79.76267,13.80895],[79.83234,13.7803],[79.88082,13.81442],[79.8533,13.76815],[79.87188,13.70858],[79.95901,13.70787],[79.96888,13.65342],[80.04698,13.57649],[80.04233,13.53762],[80.08559,13.54802],[80.08079,13.49217],[80.12657,13.50832],[80.24211,13.46904],[80.26847,13.56335],[80.23398,13.65604],[80.25322,13.78086],[80.14672,14.043],[80.12733,14.17341],[80.19506,14.57665],[80.09919,14.77499],[80.05238,15.01997],[80.0005,14.98802],[79.94753,15.02078],[79.85841,14.95484],[79.7824,14.97668],[79.79042,15.06193],[79.74427,15.03273],[79.55266,15.02408],[79.42172,15.05735],[79.35331,15.11198],[79.33273,15.09011],[79.32491,15.11794],[79.29946,15.09168],[79.12402,15.10408],[79.07681,15.05568]]]}},
{"type":"Feature","properties":{"shapeID":"76128533B22471914548132","shapeName":"Chittoor"},"geometry":{"type":"Polygon","coordinates":[[[79.43656,14.03485],[79.37925,14.04772],[79.40982,13.99576],[79.38523,13.95222],[79.42918,13.95575],[79.40208,13.91722],[79.41969,13.76194],[79.31173,13.72445],[79.29549,13.75837],[79.22751,13.75765],[79.19239,13.79402],[79.21866,13.8108],[79.15101,13.86096],[79.10147,13.84922],[79.00679,13.90821],[78.80012,13.87982],[78.77953,13.82856],[78.72463,13.8872],[78.64553,13.86905],[78.65741,13.90714],[78.5889,13.91168],[78.5991,13.95909],[78.54647,13.99122],[78.49652,13.93973],[78.47166,13.99383],[78.27607,13.89633],[78.24201,13.78437],[78.12783,13.78667],[78.09451,13.74325],[78.1151,13.69425],[78.07225,13.69537],[78.09048,13.6452],[78.16564,13.6587],[78.20395,13.62627],[78.19335,13.56654],[78.23782,13.59743],[78.40122,13.58865],[78.36598,13.36595],[78.40825,13.3432],[78.37785,13.33087],[78.48282,13.31897],[78.53204,13.26681],[78.5669,13.31067],[78.58879,13.27338],[78.55235,13.1986],[78.58057,13.16792],[78.52021,13.13095],[78.53948,13.10879],[78.51614,13.06419],[78.46307,13.04288],[78.46954,12.97467],[78.43419,12.97996],[78.41266,12.94411],[78.46788,12.90427],[78.46605,12.86472],[78.44753,12.91212],[78.38994,12.90654],[78.35691,12.9393],[78.31464,12.85844],[78.25251,12.85852],[78.24049,12.73141],[78.20145,12.69248],[78.27616,12.70317],[78.38043,12.62347],[78.46705,12.62385],[78.46984,12.67403],[78.52201,12.71063],[78.49643,12.74653],[78.55997,12.69755],[78.65877,12.93091],[78.62554,12.99064],[78.66299,13.02971],[78.70574,13.01628],[78.71435,13.068],[78.88818,13.09834],[78.8942,13.03205],[78.93703,13.03096],[78.90571,13.04738],[78.92662,13.08005],[78.9919,13.08893],[79.08162,13.02684],[79.16541,13.02018],[79.23087,13.14841],[79.28002,13.15416],[79.32068,13.11002],[79.36734,13.14294],[79.36045,13.17613],[79.43653,13.2007],[79.45821,13.23003],[79.42353,13.22533],[79.43763,13.29445],[79.38708,13.316],[79.43499,13.34146],[79.54845,13.32437],[79.59308,13.25887],[79.68139,13.29556],[79.7023,13.22424],[79.73584,13.23568],[79.75747,13.20883],[79.79799,13.23744],[79.73473,13.2795],[79.76697,13.31657],[79.79278,13.29594],[79.93854,13.35004],[79.97473,13.46528],[80.05005,13.50692],[80.00298,13.52406],[80.05254,13.55952],[79.96888,13.65342],[79.9743,13.69101],[79.87188,13.70858],[79.8533,13.76815],[79.88082,13.81442],[79.83234,13.7803],[79.76267,13.80895],[79.73189,13.90237],[79.68226,13.92388],[79.67086,13.83552],[79.61598,13.84973],[79.58947,13.91963],[79.44486,13.88997],[79.43656,14.03485]]]}},
{"type":"Feature","properties":{"shapeID":"76128533B59405966069108","shapeName":"Srikakulam"},"geometry":{"type":"Polygon","coordinates":[[[83.67454,18.08341],[84.12736,18.31345],[84.15349,18.37617],[84.35599,18.55681],[84.76409,19.07511],[84.70441,19.11835],[84.71206,19.15847],[84.59878,19.13327],[84.67149,19.0759],[84.61966,19.06443],[84.5971,19.02305],[84.57311,19.07458],[84.47874,18.99086],[84.42225,19.02338],[84.43652,18.92346],[84.37253,18.90599],[84.39483,18.88746],[84.35867,18.89295],[84.36964,18.86089],[84.34326,18.87648],[84.35135,18.82184],[84.31616,18.78837],[84.22406,18.7971],[84.08925,18.75444],[84.03455,18.81182],[83.89445,18.81488],[83.79585,19.01676],[83.74865,18.99282],[83.82365,18.83357],[83.77028,18.8251],[83.7481,18.77554],[83.6721,18.80527],[83.52579,18.70035],[83.52299,18.55364],[83.60941,18.56127],[83.6094,18.52053],[83.55935,18.49845],[83.59237,18.46799],[83.56717,18.44701],[83.60119,18.39081],[83.58949,18.34178],[83.70429,18.28715],[83.66312,18.26509],[83.65273,18.20316],[83.60077,18.20039],[83.61909,18.12764],[83.67454,18.08341]]]}},
{"type":"Feature","properties":{"shapeID":"76128533B28294794137747","shapeName":"Kurnool"},"geometry":{"type":"Polygon","coordinates":[[[78.92144,16.11658],[78.89715,16.10629],[78.84579,16.16429],[78.82957,16.06987],[78.76188,16.02864],[78.62466,16.10619],[78.56672,16.06363],[78.42828,16.08985],[78.26374,16.03812],[78.2451,15.93601],[78.11656,15.83408],[78.07055,15.85138],[78.04305,15.90877],[78.00861,15.86592],[77.89414,15.90239],[77.80548,15.8717],[77.43314,15.94758],[77.1481,15.94595],[77.08131,15.91504],[77.02672,15.8371],[77.06846,15.82855],[77.04781,15.73996],[77.12582,15.64291],[77.03388,15.63935],[77.03137,15.50574],[76.97501,15.49661],[77.03223,15.44101],[77.06662,15.32789],[77.11485,15.33336],[77.16955,15.2653],[77.12876,15.23954],[77.16996,15.17483],[77.14081,15.14238],[77.19815,15.15943],[77.29448,15.13133],[77.3665,15.22224],[77.52732,15.22382],[77.6131,15.1825],[77.66998,15.23234],[77.79028,15.10586],[77.81932,15.14125],[77.87676,15.13492],[77.89542,15.17748],[77.97001,15.12466],[77.99869,15.13634],[78.02615,15.10363],[77.99663,15.04744],[78.14482,14.94627],[78.23776,14.95545],[78.29689,15.07376],[78.39565,15.05511],[78.34988,15.00132],[78.40761,14.96235],[78.4307,15.03488],[78.49574,15.03818],[78.51145,15.06897],[78.5266,15.00135],[78.48305,14.90129],[78.54799,14.96125],[78.55624,14.9269],[78.60947,14.95001],[78.67176,14.92959],[78.76996,15.06576],[78.74401,15.30637],[78.77418,15.40726],[78.77558,15.67972],[78.81317,15.87569],[78.92159,16.00082],[78.92144,16.11658]]]}},
{"type":"Feature","properties":{"shapeID":"76128533B72541188260561","shapeName":"Guntur"},"geometry":{"type":"Polygon","coordinates":[[[80.43924,15.80861],[80.59517,15.86774],[80.72673,15.87791],[80.77262,15.85767],[80.82244,15.71484],[80.92365,15.7222],[80.87746,15.78981],[80.84127,15.7822],[80.90643,15.92432],[80.86947,16.14334],[80.80984,16.28567],[80.66896,16.47587],[80.48386,16.5978],[80.22346,16.62228],[80.15466,16.65774],[80.12063,16.82949],[80.08747,16.83206],[80.05673,16.75363],[79.95142,16.64115],[79.78348,16.73759],[79.43492,16.59029],[79.27426,16.56903],[79.2386,16.52685],[79.23346,16.25809],[79.20039,16.23072],[79.22593,16.18207],[79.46421,16.31159],[79.54751,16.31348],[79.57546,16.1975],[79.56641,16.09188],[79.53514,16.07979],[79.58556,16.02752],[79.56968,15.94778],[79.70497,15.89956],[79.7238,15.84243],[79.7808,15.82825],[79.76066,15.8636],[79.80277,15.93991],[79.88045,15.91975],[79.91981,15.9533],[79.90557,16.00749],[79.87018,16.01634],[79.92189,16.07086],[79.871,16.12452],[79.88636,16.16658],[80.05088,16.12632],[80.04364,16.09035],[80.07099,16.09195],[80.1022,16.00987],[80.14673,16.04505],[80.18757,16.02588],[80.30638,16.05447],[80.34015,16.01604],[80.42227,16.00178],[80.37896,15.98692],[80.399,15.90532],[80.48184,15.89855],[80.43456,15.85628],[80.43924,15.80861]]]}},
{"type":"Feature","properties":{"shapeID":"76128533B36164606132718","shapeName":"Vizianagaram"},"geometry":{"type":"Polygon","coordinates":[[[83.48842,17.92471],[83.67454,18.08341],[83.61909,18.12764],[83.60077,18.20039],[83.65273,18.20316],[83.66312,18.26509],[83.70469,18.28437],[83.58949,18.34178],[83.60119,18.39081],[83.56717,18.44701],[83.59237,18.46799],[83.55935,18.49845],[83.6094,18.52053],[83.60941,18.56127],[83.52299,18.55364],[83.52706,18.70551],[83.6721,18.80527],[83.7481,18.77554],[83.77028,18.8251],[83.82365,18.83357],[83.63083,19.1621],[83.5864,19.05843],[83.55407,19.08239],[83.53906,19.01411],[83.50309,19.01973],[83.51305,19.0733],[83.46708,19.07814],[83.48565,19.02978],[83.45622,19.00824],[83.46321,18.95433],[83.41658,19.00476],[83.31306,18.99815],[83.33682,18.92556],[83.35354,18.96568],[83.38802,18.93198],[83.35439,18.93552],[83.41913,18.86821],[83.40412,18.83961],[83.28739,18.79847],[83.27402,18.76593],[83.22732,18.77467],[83.21302,18.7248],[83.18977,18.76922],[83.14092,18.7812],[83.01776,18.64541],[83.01614,18.5974],[83.06204,18.59551],[83.04059,18.55699],[83.09743,18.5471],[83.02359,18.45372],[83.068,18.438],[83.07403,18.40262],[83.10144,18.41568],[83.07927,18.3187],[83.10216,18.3597],[83.17285,18.31019],[83.22704,18.33496],[83.27398,18.22578],[83.21238,18.1909],[83.15867,18.2532],[83.13781,18.26122],[83.13794,18.22664],[83.101,18.21793],[83.10738,18.15701],[83.15241,18.15501],[83.04254,18.06998],[83.00926,17.96923],[83.10506,17.93239],[83.15591,17.83083],[83.23082,17.86969],[83.25523,17.9125],[83.23337,17.94617],[83.31041,17.98407],[83.35907,18.05703],[83.40519,18.04862],[83.4176,18.0071],[83.38415,17.91373],[83.42862,17.94192],[83.48842,17.92471]]]}},
{"type":"Feature","properties":{"shapeID":"76128533B52664671961643","shapeName":"Anantapur"},"geometry":{"type":"Polygon","coordinates":[[[78.47166,13.99383],[78.44309,14.02993],[78.46563,14.11402],[78.41057,14.20872],[78.42627,14.28035],[78.15187,14.37476],[77.94786,14.56773],[77.96729,14.58451],[77.98806,14.54153],[78.04772,14.5396],[78.0981,14.62638],[78.13456,14.6294],[78.14469,14.6853],[78.07484,14.72185],[78.08601,14.7565],[78.05683,14.77778],[78.11193,14.82692],[78.10027,14.87379],[78.14506,14.94909],[77.99663,15.04744],[78.02615,15.10363],[77.99869,15.13634],[77.97001,15.12466],[77.89542,15.17748],[77.87676,15.13492],[77.81932,15.14125],[77.79419,15.10475],[77.6769,15.23046],[77.6131,15.1825],[77.52732,15.22382],[77.3665,15.22224],[77.29448,15.13133],[77.16193,15.14624],[77.08419,15.00647],[77.04633,15.01187],[77.05084,15.03534],[76.88153,15.0348],[76.80148,15.09667],[76.7787,15.07731],[76.76833,14.97589],[76.86933,14.97019],[76.87038,14.94381],[76.85375,14.81036],[76.78518,14.78552],[76.803,14.74093],[76.7659,14.60272],[76.87567,14.4752],[76.97916,14.48518],[76.94734,14.40647],[76.88869,14.39696],[76.88475,14.35329],[76.95604,14.3011],[76.9438,14.24721],[77.11156,14.22069],[77.15859,14.34509],[77.23867,14.31858],[77.28795,14.33868],[77.28647,14.28372],[77.36635,14.27711],[77.39105,14.19973],[77.42301,14.2199],[77.39275,14.33262],[77.50683,14.26854],[77.50806,14.15912],[77.41708,14.1777],[77.355,14.13226],[77.35186,14.10403],[77.40287,14.11148],[77.33355,14.03094],[77.3909,14.01548],[77.38321,13.9773],[77.43834,13.97703],[77.40476,13.88882],[77.35592,13.90472],[77.36125,13.99042],[77.32081,14.0328],[77.15424,13.99935],[77.12786,14.04981],[77.03017,14.06072],[77.02612,14.18002],[76.94769,14.19648],[76.89737,14.16612],[76.88963,14.13817],[76.93306,14.13442],[76.98131,14.07263],[76.93734,14.03007],[77.04252,13.93322],[76.97505,13.82201],[77.00075,13.74924],[77.03324,13.7792],[77.06705,13.74671],[77.17389,13.76268],[77.16945,13.82868],[77.13095,13.85724],[77.16962,13.86489],[77.18415,13.92523],[77.18599,13.86777],[77.24113,13.90291],[77.25785,13.84755],[77.4324,13.84352],[77.41655,13.80765],[77.46548,13.80554],[77.45297,13.70434],[77.48474,13.68627],[77.49558,13.71544],[77.52988,13.69661],[77.52793,13.75252],[77.56448,13.72522],[77.60406,13.75239],[77.6298,13.73627],[77.61895,13.76426],[77.65763,13.78471],[77.7175,13.74178],[77.72153,13.79949],[77.83657,13.86972],[77.82699,13.94388],[77.89586,13.9403],[77.92059,13.90646],[77.97544,13.95981],[77.98715,13.9027],[77.95154,13.88953],[77.95376,13.82935],[77.99435,13.87107],[78.04714,13.86236],[78.05041,13.8962],[78.1155,13.86319],[78.12783,13.78667],[78.23026,13.78124],[78.26302,13.79826],[78.24479,13.8478],[78.27607,13.89633],[78.47166,13.99383]]]}},
{"type":"Feature","properties":{"shapeID":"76128533B19792346411952","shapeName":"West Godavari"},"geometry":{"type":"Polygon","coordinates":[[[81.54114,16.34927],[81.71538,16.31808],[81.71266,16.45984],[81.76413,16.44142],[81.85439,16.52691],[81.86775,16.59451],[81.74883,16.81417],[81.73753,16.8982],[81.77529,16.9039],[81.78223,16.96296],[81.77069,17.05906],[81.65001,17.25948],[81.65902,17.32247],[81.61773,17.35941],[81.61312,17.42616],[81.50713,17.49927],[81.42469,17.37103],[81.3337,17.39986],[81.27621,17.32926],[81.19055,17.33135],[81.17185,17.24186],[81.00032,17.18883],[80.92284,17.21421],[80.92235,17.15502],[80.87934,17.15529],[80.8641,17.12043],[80.86795,17.06003],[80.96056,17.04892],[80.93672,16.95727],[81.03644,16.817],[80.98353,16.71763],[81.01095,16.64494],[80.95536,16.66515],[81.01099,16.56212],[81.0927,16.61276],[81.15052,16.59834],[81.1808,16.62412],[81.15853,16.66243],[81.21775,16.70115],[81.24868,16.69048],[81.19828,16.62908],[81.23291,16.5809],[81.23463,16.62926],[81.27577,16.63341],[81.31576,16.69217],[81.35275,16.60624],[81.33097,16.52038],[81.37156,16.51],[81.37918,16.46278],[81.4378,16.41422],[81.54735,16.38922],[81.54114,16.34927]]]}},
{"type":"Feature","properties":{"shapeID":"76128533B72109128179340","shapeName":"Kadapa(YSR)"},"geometry":{"type":"Polygon","coordinates":[[[78.77008,15.18667],[78.76326,15.03923],[78.72034,15.02223],[78.7192,14.9664],[78.67176,14.92959],[78.60947,14.95001],[78.55624,14.9269],[78.54799,14.96125],[78.48305,14.90129],[78.52276,15.0668],[78.4307,15.03488],[78.40761,14.96235],[78.34988,15.00132],[78.39565,15.05511],[78.28945,15.06881],[78.23776,14.95545],[78.11942,14.92821],[78.11193,14.82692],[78.05683,14.77778],[78.08601,14.7565],[78.07484,14.72185],[78.14083,14.69503],[78.13456,14.6294],[78.0981,14.62638],[78.04772,14.5396],[77.98806,14.54153],[77.96729,14.58451],[77.94786,14.56773],[78.15187,14.37476],[78.42627,14.28035],[78.41057,14.20872],[78.46563,14.11402],[78.44364,14.02388],[78.47707,14.01074],[78.49218,13.94035],[78.54647,13.99122],[78.58408,13.98401],[78.5889,13.91168],[78.65741,13.90714],[78.64553,13.86905],[78.72463,13.8872],[78.77284,13.82879],[78.80012,13.87982],[79.00679,13.90821],[79.10147,13.84922],[79.15101,13.86096],[79.21866,13.8108],[79.19239,13.79402],[79.22751,13.75765],[79.29549,13.75837],[79.31173,13.72445],[79.41969,13.76194],[79.40208,13.91722],[79.42918,13.95575],[79.38523,13.95222],[79.40982,13.99576],[79.37925,14.04772],[79.43656,14.03485],[79.45046,14.08016],[79.42948,14.24977],[79.32785,14.4311],[79.34705,14.4653],[79.29586,14.48069],[79.23666,14.58891],[79.17982,14.62277],[79.17734,14.71483],[79.07346,14.96272],[79.06852,15.17726],[78.97106,15.17326],[78.95001,15.23808],[78.92368,15.19737],[78.77008,15.18667]]]}},
{"type":"Feature","properties":{"shapeID":"76128533B17261532861377","shapeName":"Jamtara"},"geometry":{"type":"Polygon","coordinates":[[[86.88336,23.81502],[86.90145,23.88143],[87.12891,23.7973],[87.17117,23.82182],[87.13571,23.86912],[87.2409,23.85528],[87.22322,23.83303],[87.24738,23.82841],[87.24901,23.90254],[87.27506,23.87513],[87.29722,23.89232],[87.29649,23.95779],[87.23744,24.02656],[87.1359,24.04574],[87.10098,24.10627],[87.02489,24.14587],[86.9815,24.12577],[86.94299,24.04493],[86.88145,24.07517],[86.83278,24.05682],[86.80784,24.08943],[86.7675,24.07182],[86.77965,24.14192],[86.68104,24.18066],[86.56827,24.18293],[86.45703,24.02266],[86.57928,23.99947],[86.81578,23.81566],[86.87767,23.84571],[86.88336,23.81502]]]}},
{"type":"Feature","properties":{"shapeID":"76128533B50275440439236","shapeName":"Saraikela-Kharsawan"},"geometry":{"type":"Polygon","coordinates":[[[86.23977,22.99647],[86.18098,23.01605],[86.13279,23.09199],[86.05349,23.11152],[86.04245,23.14641],[85.9271,23.12869],[85.88805,23.15519],[85.79874,23.05953],[85.87548,22.93027],[85.863,22.88758],[85.73079,22.94244],[85.62167,22.91672],[85.60673,22.93608],[85.58004,22.86641],[85.53028,22.86412],[85.51649,22.80897],[85.64847,22.84982],[85.70162,22.80784],[85.71808,22.75487],[85.6831,22.72938],[85.7039,22.69616],[85.85321,22.72374],[85.86731,22.62174],[85.90988,22.60387],[85.87374,22.56434],[85.96618,22.48241],[86.15669,22.63709],[86.1743,22.78862],[86.14537,22.80902],[86.16033,22.83746],[86.19632,22.81981],[86.2195,22.89074],[86.18829,22.94805],[86.23977,22.99647]]]}},
{"type":"Feature","properties":{"shapeID":"76128533B15601995412161","shapeName":"Simdega"},"geometry":{"type":"Polygon","coordinates":[[[84.29447,22.77315],[84.23215,22.73743],[84.22737,22.67127],[84.08723,22.63885],[84.00629,22.5419],[84.14171,22.47356],[84.14266,22.42338],[84.20085,22.37465],[84.2959,22.34028],[84.43268,22.35187],[84.53317,22.42304],[84.75025,22.41794],[84.75908,22.44515],[84.81415,22.45003],[84.91399,22.42293],[85.07586,22.49206],[85.05867,22.73521],[85.00561,22.78483],[84.93292,22.79089],[84.88341,22.74218],[84.84718,22.76978],[84.85778,22.72348],[84.81938,22.7458],[84.81455,22.7091],[84.7815,22.79103],[84.7323,22.8016],[84.69608,22.7422],[84.59314,22.71264],[84.45924,22.79422],[84.3509,22.74649],[84.29447,22.77315]]]}},
{"type":"Feature","properties":{"shapeID":"76128533B35143550659673","shapeName":"Latehar"},"geometry":{"type":"Polygon","coordinates":[[[84.00799,23.63334],[84.02978,23.54509],[83.97663,23.45635],[83.97398,23.37529],[84.01358,23.35392],[84.05044,23.37514],[84.07727,23.3312],[84.24364,23.34888],[84.2518,23.45169],[84.32673,23.49478],[84.319,23.57896],[84.3988,23.60456],[84.39569,23.638],[84.4868,23.68442],[84.57915,23.65115],[84.61898,23.69456],[84.73532,23.63869],[84.78488,23.54588],[84.79762,23.5777],[84.8535,23.5335],[84.90564,23.5818],[84.91603,23.54321],[84.94524,23.608],[84.92276,23.66967],[84.9653,23.70702],[84.90269,23.77541],[84.94467,23.80294],[84.9349,23.93513],[84.6789,24.01123],[84.58402,23.98641],[84.56724,23.9273],[84.49609,23.89565],[84.46887,23.95552],[84.34846,23.9499],[84.33928,23.87633],[84.30937,23.86346],[84.13558,23.94684],[84.13189,23.9025],[84.06257,23.85699],[83.98878,23.73471],[84.05696,23.68465],[84.00799,23.63334]]]}},
{"type":"Feature","properties":{"shapeID":"76128533B27414563922025","shapeName":"Khunti"},"geometry":{"type":"Polygon","coordinates":[[[85.60322,22.89585],[85.55236,22.93003],[85.60537,22.96288],[85.59943,23.00023],[85.65894,23.00489],[85.63173,23.06679],[85.57998,23.05108],[85.61785,23.06726],[85.61266,23.09858],[85.48238,23.10741],[85.46532,23.16575],[85.3349,23.19642],[85.322,23.16774],[85.2732,23.21616],[85.23194,23.19002],[85.22613,23.25808],[85.15641,23.27793],[85.06995,23.21413],[85.05978,23.11437],[84.94244,22.99516],[84.95984,22.83043],[85.05867,22.73521],[85.0433,22.68083],[85.0799,22.57103],[85.16194,22.83275],[85.19572,22.81278],[85.34222,22.88538],[85.45765,22.80208],[85.50432,22.80092],[85.53373,22.86887],[85.60322,22.89585]]]}},
{"type":"Feature","properties":{"shapeID":"76128533B60893804631193","shapeName":"Pashchimi Singhbhum"},"geometry":{"type":"Polygon","coordinates":[[[85.64847,22.84982],[85.45765,22.80208],[85.34222,22.88538],[85.19572,22.81278],[85.15833,22.82955],[85.06667,22.53835],[85.0802,22.35211],[85.12056,22.29413],[85.07664,22.27581],[85.02989,22.11587],[84.98612,22.08854],[85.10154,22.10341],[85.21674,22.04731],[85.23692,22.00449],[85.30601,22.11114],[85.36725,22.12554],[85.36909,22.1586],[85.59677,22.07875],[85.65026,22.09459],[85.6871,22.05318],[85.80757,22.11518],[85.83621,22.08139],[85.79343,22.08158],[85.76627,21.99426],[85.91081,21.97128],[86.03202,22.18955],[85.97515,22.24764],[86.0486,22.31032],[85.99825,22.34221],[86.02659,22.37905],[86.0141,22.42824],[85.87374,22.56434],[85.90988,22.60387],[85.86731,22.62174],[85.8583,22.71986],[85.7039,22.69616],[85.6831,22.72938],[85.71808,22.75487],[85.70162,22.80784],[85.64847,22.84982]]]}},
{"type":"Feature","properties":{"shapeID":"76128533B1222571856670","shapeName":"Hazaribagh"},"geometry":{"type":"MultiPolygon","coordinates":[[[[85.84769,24.27551],[85.8182,24.25606],[85.81728,24.28271],[85.75892,24.29595],[85.68844,24.28356],[85.6541,24.32704],[85.57039,24.34686],[85.48219,24.30204],[85.41731,24.34709],[85.2908,24.18544],[85.15103,24.21424],[85.16709,24.10473],[85.23187,24.02741],[85.14384,23.93104],[85.03822,23.98018],[85.05907,23.68908],[85.16534,23.66679],[85.18849,23.71014],[85.22981,23.6848],[85.24662,23.71303],[85.448,23.65118],[85.43385,23.70375],[85.47829,23.75978],[85.43227,23.79044],[85.56082,23.86718],[85.63016,23.97979],[85.65277,23.97289],[85.63196,23.94203],[85.69915,23.96318],[85.72311,23.90433],[85.7673,23.92691],[85.83813,23.8299],[85.88812,23.8963],[85.8873,23.94978],[85.91931,23.95616],[85.81387,24.04237],[85.68113,24.062],[85.66938,24.08549],[85.69655,24.08258],[85.71204,24.12423],[85.66946,24.15643],[85.79705,24.22923],[85.85652,24.2196],[85.84769,24.27551]]],[[[85.33416,24.29816],[85.34343,24.47525],[85.30337,24.46584],[85.30282,24.49494],[85.15973,24.46459],[85.17617,24.42997],[85.08748,24.38127],[85.10096,24.31763],[85.15772,24.34421],[85.33416,24.29816]]]]}},
{"type":"Feature","properties":{"shapeID":"76128533B44632955875385","shapeName":"Chatra"},"geometry":{"type":"Polygon","coordinates":[[[84.90269,23.77541],[85.00688,23.67865],[85.05795,23.70962],[85.04152,23.98514],[85.14384,23.93104],[85.22746,24.01521],[85.23263,24.04628],[85.16622,24.10676],[85.14631,24.20924],[85.2908,24.18544],[85.34771,24.27407],[85.28133,24.32418],[85.18208,24.31962],[85.15772,24.34421],[85.09374,24.32073],[85.08304,24.44029],[84.99731,24.41263],[84.97548,24.37638],[84.90497,24.37252],[84.88719,24.46306],[84.84143,24.45276],[84.83969,24.51164],[84.80243,24.52961],[84.68604,24.45647],[84.66537,24.39393],[84.57967,24.41245],[84.52871,24.37637],[84.50946,24.29474],[84.44459,24.24394],[84.4884,24.20162],[84.53631,24.2033],[84.57996,24.14179],[84.55359,24.10363],[84.57032,23.98516],[84.6789,24.01123],[84.75898,23.96735],[84.82518,23.98362],[84.83008,23.95776],[84.92279,23.95093],[84.94467,23.80294],[84.90269,23.77541]]]}},
{"type":"Feature","properties":{"shapeID":"76128533B18931932305748","shapeName":"Purbi Singhbhum"},"geometry":{"type":"Polygon","coordinates":[[[86.06715,22.55227],[86.11261,22.48876],[86.28491,22.44952],[86.35775,22.3496],[86.43828,22.30583],[86.50478,22.34521],[86.65583,22.23767],[86.75239,22.21251],[86.78045,22.23605],[86.80463,22.21817],[86.79482,22.26725],[86.80413,22.24546],[86.81639,22.26839],[86.89012,22.25661],[86.88958,22.30112],[86.83371,22.32895],[86.84845,22.40032],[86.75611,22.45481],[86.75291,22.48275],[86.80373,22.49165],[86.76459,22.57638],[86.65646,22.5797],[86.6227,22.67713],[86.54418,22.7243],[86.51155,22.70518],[86.42121,22.78002],[86.46809,22.89998],[86.4379,22.92669],[86.52338,22.94762],[86.54528,22.99047],[86.39818,22.97744],[86.30277,23.01637],[86.19717,22.96944],[86.19169,22.90423],[86.2195,22.89074],[86.19632,22.81981],[86.16033,22.83746],[86.14469,22.80453],[86.1743,22.78862],[86.16902,22.67096],[86.06715,22.55227]]]}},
{"type":"Feature","properties":{"shapeID":"76128533B43180268042348","shapeName":"Kodarma"},"geometry":{"type":"Polygon","coordinates":[[[85.8182,24.25606],[85.87095,24.30539],[85.83133,24.44682],[85.86545,24.50054],[85.73062,24.57935],[85.79511,24.67013],[85.84063,24.67075],[85.82196,24.73003],[85.911,24.76184],[85.88427,24.80079],[85.74162,24.82177],[85.70322,24.71397],[85.65612,24.68753],[85.67121,24.58256],[85.58316,24.60356],[85.5249,24.52516],[85.4931,24.55131],[85.28928,24.52715],[85.30337,24.46584],[85.31804,24.47988],[85.33247,24.47511],[85.3374,24.47717],[85.34343,24.47525],[85.3462,24.27416],[85.41812,24.34714],[85.48219,24.30204],[85.57039,24.34686],[85.6541,24.32704],[85.68844,24.28356],[85.75892,24.29595],[85.81728,24.28271],[85.8182,24.25606]]]}},
{"type":"Feature","properties":{"shapeID":"76128533B75529869544465","shapeName":"Giridih"},"geometry":{"type":"Polygon","coordinates":[[[86.56827,24.18293],[86.48932,24.18847],[86.51234,24.26417],[86.45788,24.36993],[86.28507,24.46311],[86.32882,24.58508],[86.13943,24.6044],[86.13065,24.70591],[86.09284,24.74701],[86.04538,24.74197],[86.0569,24.78016],[85.97249,24.73291],[85.911,24.76184],[85.82984,24.73534],[85.84063,24.67075],[85.75061,24.62702],[85.73062,24.57935],[85.86545,24.50054],[85.83133,24.44682],[85.86946,24.2951],[85.83278,24.26417],[85.85652,24.2196],[85.79705,24.22923],[85.67828,24.18317],[85.66946,24.15643],[85.71204,24.12423],[85.66944,24.07742],[85.77414,24.02975],[85.81387,24.04237],[85.95958,23.8991],[86.11197,23.89107],[86.13681,23.93682],[86.19743,23.94872],[86.2923,23.91457],[86.33622,24.05267],[86.45703,24.02266],[86.56827,24.18293]]]}},
{"type":"Feature","properties":{"shapeID":"76128533B35439951183692","shapeName":"Lohardaga"},"geometry":{"type":"Polygon","coordinates":[[[84.36458,23.60787],[84.43113,23.54048],[84.45286,23.32999],[84.56828,23.28246],[84.71698,23.28993],[84.77402,23.25937],[84.88877,23.29943],[84.8863,23.40573],[84.94502,23.50091],[84.88605,23.5579],[84.8535,23.5335],[84.79762,23.5777],[84.78488,23.54588],[84.73532,23.63869],[84.61894,23.69457],[84.57915,23.65115],[84.4868,23.68442],[84.39569,23.638],[84.3988,23.60456],[84.36458,23.60787]]]}},
{"type":"Feature","properties":{"shapeID":"76128533B49805675626253","shapeName":"Sahibganj"},"geometry":{"type":"Polygon","coordinates":[[[87.90163,24.85554],[87.97109,24.88247],[87.97459,24.9247],[87.77763,25.10003],[87.79268,25.22132],[87.84162,25.20011],[87.82778,25.23516],[87.56225,25.33303],[87.54508,25.28233],[87.49548,25.30587],[87.4784,25.23223],[87.50801,25.20504],[87.52658,25.06284],[87.47228,25.0041],[87.45942,24.89171],[87.49795,24.8052],[87.54568,24.82736],[87.71095,24.73465],[87.73478,24.77494],[87.7988,24.71833],[87.83833,24.78911],[87.83985,24.7645],[87.86999,24.77559],[87.90163,24.85554]]]}},
{"type":"Feature","properties":{"shapeID":"76128533B58697472287618","shapeName":"Godda"},"geometry":{"type":"Polygon","coordinates":[[[87.4784,25.23223],[87.47297,25.19392],[87.39722,25.22823],[87.33594,25.21778],[87.29655,25.09009],[87.21685,25.09039],[87.15107,25.0252],[87.16351,24.88662],[87.08399,24.82328],[87.10208,24.80254],[87.04972,24.62526],[87.31375,24.59686],[87.38762,24.50266],[87.39143,24.54573],[87.46554,24.57004],[87.4486,24.62594],[87.47222,24.68632],[87.43665,24.75763],[87.51141,24.79831],[87.46056,24.93909],[87.48407,24.95442],[87.47228,25.0041],[87.52658,25.06284],[87.50801,25.20504],[87.4784,25.23223]]]}},
{"type":"Feature","properties":{"shapeID":"76128533B6050540865870","shapeName":"Palamu"},"geometry":{"type":"Polygon","coordinates":[[[84.58402,23.98641],[84.55378,24.01657],[84.57996,24.14179],[84.53631,24.2033],[84.4884,24.20162],[84.44459,24.24394],[84.48844,24.26449],[84.508,24.33268],[84.42466,24.33145],[84.42979,24.35921],[84.34318,24.39577],[84.29263,24.46573],[84.33302,24.49651],[84.30485,24.56284],[84.26456,24.53046],[84.19577,24.55494],[84.18671,24.51009],[84.15356,24.5399],[84.11725,24.48106],[84.05432,24.61173],[83.99983,24.63739],[83.93607,24.54734],[83.86591,24.53668],[83.81902,24.29707],[83.97301,24.15426],[83.9827,24.10849],[83.88252,24.07938],[83.82715,23.96784],[83.88885,23.99604],[83.93662,23.93808],[83.92065,23.90413],[83.99951,23.81661],[84.03857,23.79449],[84.06257,23.85699],[84.13189,23.9025],[84.13558,23.94684],[84.30937,23.86346],[84.33928,23.87633],[84.34846,23.9499],[84.46887,23.95552],[84.49609,23.89565],[84.56724,23.9273],[84.58402,23.98641]]]}},
{"type":"Feature","properties":{"shapeID":"76128533B94847743365739","shapeName":"Dhanbad"},"geometry":{"type":"Polygon","coordinates":[[[86.57928,23.99947],[86.33622,24.05267],[86.2923,23.91457],[86.22195,23.94652],[86.13681,23.93682],[86.11429,23.88902],[86.18603,23.76853],[86.17148,23.7284],[86.37195,23.70197],[86.44425,23.62204],[86.69898,23.69679],[86.79705,23.68968],[86.82345,23.77645],[86.77283,23.87286],[86.57928,23.99947]]]}},
{"type":"Feature","properties":{"shapeID":"76128533B18802630191461","shapeName":"Dumka"},"geometry":{"type":"Polygon","coordinates":[[[87.1359,24.04574],[87.33702,24.03302],[87.32802,23.99923],[87.46248,23.9835],[87.43837,24.01037],[87.51529,24.04162],[87.49814,24.11714],[87.5806,24.08724],[87.61203,24.13087],[87.57387,24.15755],[87.69394,24.15176],[87.69694,24.18805],[87.64218,24.21342],[87.6462,24.25166],[87.58381,24.25875],[87.57362,24.50547],[87.48391,24.52872],[87.38762,24.50266],[87.31375,24.59686],[87.2188,24.58796],[87.0647,24.64271],[87.05578,24.60802],[87.01555,24.6075],[86.93555,24.644],[86.88491,24.42835],[86.94124,24.41978],[86.92507,24.38352],[86.9619,24.31751],[87.0249,24.32622],[87.07066,24.25333],[87.04604,24.19565],[86.97389,24.21752],[86.93399,24.13898],[86.97899,24.10976],[87.02646,24.14529],[87.10098,24.10627],[87.1359,24.04574]]]}},
{"type":"Feature","properties":{"shapeID":"76128533B30016122738302","shapeName":"Bokaro"},"geometry":{"type":"Polygon","coordinates":[[[85.63196,23.94203],[85.5723,23.80599],[85.62943,23.77557],[85.58001,23.63656],[85.65498,23.5912],[85.76392,23.67377],[85.84071,23.55411],[85.83901,23.50389],[85.88337,23.47808],[85.94963,23.45691],[86.05288,23.49592],[86.01646,23.55383],[86.05254,23.58602],[86.15036,23.57],[86.15108,23.47543],[86.24421,23.47209],[86.24863,23.42206],[86.28389,23.44358],[86.30539,23.42256],[86.37731,23.48511],[86.38631,23.58667],[86.44498,23.61139],[86.37195,23.70197],[86.17148,23.7284],[86.18603,23.76853],[86.11872,23.89431],[85.95958,23.8991],[85.89317,23.9548],[85.83813,23.8299],[85.7673,23.92691],[85.71955,23.90595],[85.67891,23.96891],[85.63196,23.94203]]]}},
{"type":"Feature","properties":{"shapeID":"76128533B90068096507942","shapeName":"Deoghar"},"geometry":{"type":"Polygon","coordinates":[[[86.97899,24.10976],[86.93399,24.13898],[86.94104,24.17094],[86.97892,24.22028],[87.04604,24.19565],[87.07066,24.25333],[87.0249,24.32622],[86.9619,24.31751],[86.92507,24.38352],[86.94124,24.41978],[86.88491,24.42835],[86.91289,24.49513],[86.89853,24.5561],[86.8058,24.56581],[86.78269,24.6209],[86.67405,24.56181],[86.61502,24.60851],[86.51149,24.51885],[86.45788,24.36993],[86.51234,24.26417],[86.48932,24.18847],[86.68104,24.18066],[86.77965,24.14192],[86.75554,24.08624],[86.80784,24.08943],[86.83278,24.05682],[86.88145,24.07517],[86.95109,24.04575],[86.97899,24.10976]]]}},
{"type":"Feature","properties":{"shapeID":"76128533B80916614857890","shapeName":"Gumla"},"geometry":{"type":"Polygon","coordinates":[[[84.97869,22.78552],[84.9433,23.02513],[84.86906,23.09434],[84.95091,23.21991],[84.89924,23.26141],[84.91067,23.32718],[84.85821,23.27431],[84.77402,23.25937],[84.71698,23.28993],[84.56828,23.28246],[84.45286,23.32999],[84.43113,23.54048],[84.35911,23.60909],[84.319,23.57896],[84.32673,23.49478],[84.2518,23.45169],[84.24364,23.34888],[84.07727,23.3312],[84.03612,23.15509],[84.13628,23.08318],[84.15489,22.9657],[84.1968,23.02549],[84.2239,22.97835],[84.37729,22.97707],[84.39577,22.94081],[84.38268,22.87579],[84.32706,22.85157],[84.29447,22.77315],[84.3509,22.74649],[84.45924,22.79422],[84.59314,22.71264],[84.69608,22.7422],[84.7323,22.8016],[84.7815,22.79103],[84.81455,22.7091],[84.81938,22.7458],[84.85778,22.72348],[84.84718,22.76978],[84.88341,22.74218],[84.93292,22.79089],[84.97869,22.78552]]]}},
{"type":"Feature","properties":{"shapeID":"76128533B79263581040575","shapeName":"Ramgarh"},"geometry":{"type":"Polygon","coordinates":[[[85.24583,23.71304],[85.20402,23.63368],[85.26802,23.58058],[85.44582,23.54968],[85.52214,23.57732],[85.52434,23.537],[85.67478,23.45129],[85.81629,23.45416],[85.84573,23.4211],[85.88885,23.48307],[85.83901,23.50389],[85.84071,23.55411],[85.76392,23.67377],[85.65498,23.5912],[85.58001,23.63656],[85.62943,23.77557],[85.5723,23.80599],[85.64029,23.9798],[85.59362,23.95465],[85.5271,23.83576],[85.43227,23.79044],[85.47829,23.75978],[85.43385,23.70375],[85.44813,23.65127],[85.38997,23.65481],[85.34001,23.70056],[85.30919,23.68198],[85.24583,23.71304]]]}},
{"type":"Feature","properties":{"shapeID":"76128533B12294379827032","shapeName":"Garhwa"},"geometry":{"type":"Polygon","coordinates":[[[84.02449,23.7988],[83.92065,23.90413],[83.93662,23.93808],[83.88885,23.99604],[83.82715,23.96784],[83.88252,24.07938],[83.9827,24.10849],[83.97301,24.15426],[83.81902,24.29707],[83.86591,24.53668],[83.72437,24.50426],[83.50273,24.52843],[83.40326,24.50285],[83.4079,24.40784],[83.45909,24.36402],[83.38361,24.31368],[83.40957,24.26535],[83.33119,24.10083],[83.43296,24.08337],[83.45514,24.04208],[83.51716,24.02516],[83.55032,23.8982],[83.58361,23.88439],[83.56866,23.86298],[83.70275,23.82086],[83.73673,23.75501],[83.72204,23.68294],[83.8077,23.5838],[83.94244,23.5638],[83.94507,23.62311],[84.05169,23.6695],[83.98885,23.72938],[84.02449,23.7988]]]}},
{"type":"Feature","properties":{"shapeID":"76128533B71439508543442","shapeName":"Ranchi"},"geometry":{"type":"Polygon","coordinates":[[[85.89483,23.15446],[85.83728,23.19773],[85.8321,23.26563],[85.8837,23.32616],[85.87202,23.36723],[85.9014,23.37297],[85.86667,23.43046],[85.63212,23.46909],[85.52434,23.537],[85.52214,23.57732],[85.44582,23.54968],[85.26802,23.58058],[85.20875,23.62238],[85.23767,23.68607],[85.19865,23.70828],[85.16534,23.66679],[85.10721,23.66433],[85.05907,23.68908],[85.06814,23.71186],[85.00688,23.67865],[84.96835,23.71538],[84.92276,23.66967],[84.93439,23.55044],[84.91145,23.54335],[84.90564,23.5818],[84.88536,23.5522],[84.94502,23.50091],[84.88412,23.37596],[84.92612,23.3113],[84.89924,23.26141],[84.95161,23.22539],[84.86906,23.09434],[84.9458,23.00689],[85.05978,23.11437],[85.06995,23.21413],[85.15641,23.27793],[85.22613,23.25808],[85.23194,23.19002],[85.2732,23.21616],[85.322,23.16774],[85.3349,23.19642],[85.46532,23.16575],[85.48238,23.10741],[85.61266,23.09858],[85.61785,23.06726],[85.57998,23.05108],[85.63173,23.06679],[85.65894,23.00489],[85.59943,23.00023],[85.60537,22.96288],[85.55236,22.93003],[85.581,22.90673],[85.60673,22.93608],[85.62167,22.91672],[85.73079,22.94244],[85.85862,22.88446],[85.87548,22.93027],[85.79874,23.05953],[85.89483,23.15446]]]}},
{"type":"Feature","properties":{"shapeID":"76128533B45381195840581","shapeName":"Pakur"},"geometry":{"type":"Polygon","coordinates":[[[87.54568,24.82736],[87.43813,24.76159],[87.47222,24.68632],[87.4486,24.62594],[87.46838,24.57479],[87.39143,24.54573],[87.39006,24.51892],[87.56418,24.52108],[87.58381,24.25875],[87.66149,24.2372],[87.76066,24.30534],[87.8144,24.40826],[87.78919,24.41617],[87.82732,24.49595],[87.79959,24.4926],[87.81083,24.54669],[87.77396,24.58321],[87.85266,24.55254],[87.90986,24.58526],[87.91255,24.60961],[87.87721,24.61214],[87.90606,24.61401],[87.90781,24.716],[87.83674,24.74688],[87.79047,24.71912],[87.73478,24.77494],[87.70257,24.73635],[87.54568,24.82736]]]}},
{"type":"Feature","properties":{"shapeID":"76128533B45623818137574","shapeName":"Arwal"},"geometry":{"type":"Polygon","coordinates":[[[84.46483,25.1422],[84.48299,25.10618],[84.58464,25.13897],[84.59759,25.09409],[84.62873,25.12698],[84.64703,25.09139],[84.69811,25.11537],[84.79275,25.05746],[84.88879,25.08691],[84.83868,25.14401],[84.87306,25.25242],[84.7512,25.22588],[84.81918,25.26709],[84.71604,25.27673],[84.76038,25.30512],[84.73225,25.33325],[84.64472,25.23292],[84.5292,25.19925],[84.46483,25.1422]]]}},
{"type":"Feature","properties":{"shapeID":"76128533B83462627230182","shapeName":"Bhagalpur"},"geometry":{"type":"Polygon","coordinates":[[[87.55282,25.33161],[87.44179,25.36358],[87.36565,25.42447],[87.2922,25.39949],[87.28154,25.36701],[87.26282,25.35141],[87.27648,25.37167],[87.19957,25.41634],[87.22596,25.45362],[87.08238,25.44294],[87.09774,25.51584],[87.00853,25.4305],[87.00561,25.45643],[86.96317,25.43301],[86.90167,25.47751],[86.90469,25.45229],[86.80568,25.43444],[86.84416,25.35724],[86.77437,25.32252],[86.76399,25.26958],[86.63646,25.23138],[86.716,25.18816],[86.667,25.14981],[86.67456,25.11443],[87.03171,25.09649],[87.15961,25.04316],[87.25606,25.10664],[87.29655,25.09009],[87.33594,25.21778],[87.47703,25.19537],[87.48691,25.29585],[87.54508,25.28233],[87.55282,25.33161]]]}},
{"type":"Feature","properties":{"shapeID":"76128533B32499449492865","shapeName":"Purnia"},"geometry":{"type":"Polygon","coordinates":[[[87.22596,25.45362],[87.21702,25.50023],[87.28355,25.56172],[87.25794,25.6153],[87.28619,25.64115],[87.24949,25.69721],[87.50828,25.65735],[87.54373,25.67868],[87.57369,25.65353],[87.56133,25.68195],[87.6594,25.69003],[87.71099,25.76739],[87.80065,25.77102],[87.82102,25.80564],[87.79112,25.84159],[87.8356,25.9357],[87.80629,25.99156],[87.83947,26.00794],[87.86271,26.10749],[87.69988,26.14114],[87.66669,26.08801],[87.62873,26.08616],[87.62904,26.02956],[87.51785,25.97895],[87.42753,25.99002],[87.39294,25.94716],[87.35458,25.97204],[87.29627,25.94648],[87.28004,25.9712],[87.2403,25.92888],[87.00527,25.91848],[87.05644,25.82301],[87.02098,25.72021],[87.06158,25.6737],[87.06826,25.52514],[87.10057,25.52024],[87.08238,25.44294],[87.22596,25.45362]]]}},
{"type":"Feature","properties":{"shapeID":"76128533B29293163114565","shapeName":"Madhepura"},"geometry":{"type":"Polygon","coordinates":[[[87.09774,25.51584],[87.06826,25.52514],[87.06158,25.6737],[87.02106,25.71941],[87.05816,25.80993],[87.04737,25.86417],[87.00517,25.91776],[87.07032,25.92368],[87.06024,26.00549],[87.08625,25.99216],[87.12332,26.04425],[86.73442,26.11043],[86.67717,26.0241],[86.61006,25.99534],[86.60144,25.94204],[86.62036,25.91789],[86.66211,25.93704],[86.68549,25.87177],[86.81498,25.87777],[86.85015,25.82522],[86.82109,25.75254],[86.85081,25.7388],[86.84792,25.69993],[86.77235,25.6737],[86.83029,25.56252],[86.78895,25.4444],[86.87139,25.43836],[86.92703,25.4765],[86.96317,25.43301],[87.00561,25.45643],[87.00853,25.4305],[87.09774,25.51584]]]}},
{"type":"Feature","properties":{"shapeID":"76128533B65773363805797","shapeName":"Kishanganj"},"geometry":{"type":"Polygon","coordinates":[[[87.82958,25.94669],[87.84788,26.04466],[87.91868,26.09114],[87.93685,26.06914],[87.97786,26.08504],[87.96983,26.15212],[88.01877,26.14104],[88.07551,26.17588],[88.29758,26.35401],[88.24335,26.37546],[88.27369,26.42181],[88.18498,26.49058],[88.23716,26.55196],[88.15139,26.51096],[88.1024,26.542],[88.09615,26.4321],[88.02986,26.36497],[87.93119,26.41838],[87.88809,26.4868],[87.84865,26.43657],[87.78892,26.46933],[87.76029,26.41042],[87.67709,26.43557],[87.65184,26.39358],[87.58713,26.38221],[87.64203,26.33411],[87.68764,26.22069],[87.67002,26.12948],[87.86271,26.10749],[87.83841,26.05835],[87.83947,26.00794],[87.80629,25.99156],[87.82958,25.94669]]]}},
{"type":"Feature","properties":{"shapeID":"76128533B91871300208785","shapeName":"Gaya"},"geometry":{"type":"Polygon","coordinates":[[[85.28872,24.4977],[85.28928,24.52715],[85.41963,24.54472],[85.32895,24.56788],[85.31243,24.64696],[85.33316,24.66229],[85.30697,24.68759],[85.33465,24.68272],[85.33882,24.74642],[85.28801,24.76562],[85.34257,24.89998],[85.39133,24.91632],[85.38866,25.01052],[85.28021,25.05787],[85.26163,25.02518],[85.24923,25.07446],[85.20753,25.05465],[85.1985,25.09232],[85.14385,25.07125],[85.10917,25.00769],[85.05586,25.04975],[84.95584,25.00304],[84.94804,25.06867],[84.83807,25.08559],[84.72457,25.04978],[84.76908,25.01082],[84.76044,24.96624],[84.73379,24.96121],[84.72782,24.90702],[84.6654,24.88771],[84.75558,24.7985],[84.74157,24.70563],[84.62098,24.65489],[84.57098,24.52444],[84.51334,24.51161],[84.43067,24.57834],[84.39955,24.51542],[84.29263,24.46573],[84.34318,24.39577],[84.42979,24.35921],[84.42466,24.33145],[84.508,24.33268],[84.5007,24.28724],[84.52871,24.37637],[84.57967,24.41245],[84.66537,24.39393],[84.68604,24.45647],[84.80243,24.52961],[84.83969,24.51164],[84.84143,24.45276],[84.88719,24.46306],[84.90497,24.37252],[84.97548,24.37638],[84.99731,24.41263],[85.08304,24.44029],[85.07232,24.38725],[85.09625,24.37971],[85.17617,24.42997],[85.15749,24.46332],[85.28872,24.4977]]]}},
{"type":"Feature","properties":{"shapeID":"76128533B54517225652088","shapeName":"Banka"},"geometry":{"type":"Polygon","coordinates":[[[87.1749,25.05117],[87.03171,25.09649],[86.68165,25.12316],[86.63486,25.04931],[86.66034,25.00288],[86.62533,24.95527],[86.58619,24.93347],[86.53044,24.94405],[86.52791,24.97647],[86.48499,24.95858],[86.47717,24.90593],[86.53344,24.84649],[86.52311,24.77697],[86.48281,24.7558],[86.54487,24.75985],[86.55985,24.68916],[86.61755,24.64593],[86.60643,24.60194],[86.65142,24.56837],[86.73717,24.57698],[86.78269,24.6209],[86.8058,24.56581],[86.91659,24.53996],[86.90352,24.58776],[86.93555,24.644],[87.05578,24.60802],[87.10208,24.80254],[87.08399,24.82328],[87.15635,24.85944],[87.14971,25.01881],[87.1749,25.05117]]]}},
{"type":"Feature","properties":{"shapeID":"76128533B21485639457044","shapeName":"Aurangabad"},"geometry":{"type":"Polygon","coordinates":[[[84.32907,24.48956],[84.39955,24.51542],[84.43107,24.57841],[84.51334,24.51161],[84.57098,24.52444],[84.62098,24.65489],[84.74157,24.70563],[84.75558,24.7985],[84.66527,24.88605],[84.72782,24.90702],[84.73379,24.96121],[84.76044,24.96624],[84.76908,25.01082],[84.72334,25.04333],[84.75944,25.0729],[84.73295,25.09677],[84.66842,25.12053],[84.64642,25.09156],[84.62873,25.12698],[84.61583,25.09672],[84.59759,25.09409],[84.58464,25.13897],[84.48299,25.10618],[84.45649,25.14799],[84.41794,25.07417],[84.30355,25.00989],[84.04615,24.71673],[84.00514,24.63597],[84.05432,24.61173],[84.1084,24.48754],[84.15356,24.5399],[84.18671,24.51009],[84.19577,24.55494],[84.26456,24.53046],[84.30039,24.56568],[84.32907,24.48956]]]}},
{"type":"Feature","properties":{"shapeID":"76128533B36625800127334","shapeName":"Nawada"},"geometry":{"type":"Polygon","coordinates":[[[85.87053,24.80592],[85.96729,24.73236],[86.03627,24.77222],[85.95882,24.86105],[85.88905,24.8612],[85.86404,24.92068],[85.8355,24.88947],[85.81778,24.92602],[85.85873,24.94671],[85.83239,24.99635],[85.80173,24.97703],[85.74804,25.02786],[85.78328,25.02771],[85.79059,25.11239],[85.69669,25.14067],[85.64839,25.13343],[85.66896,25.08966],[85.6168,25.0525],[85.56256,25.05651],[85.57817,25.00597],[85.54349,25.04866],[85.38629,24.97413],[85.39133,24.91632],[85.34257,24.89998],[85.28801,24.76562],[85.33882,24.74642],[85.33465,24.68272],[85.30697,24.68759],[85.33316,24.66229],[85.31243,24.64696],[85.32895,24.56788],[85.5249,24.52516],[85.57648,24.60077],[85.67683,24.58872],[85.65612,24.68753],[85.70322,24.71397],[85.74336,24.82304],[85.87053,24.80592]]]}},
{"type":"Feature","properties":{"shapeID":"76128533B4745348385341","shapeName":"Araria"},"geometry":{"type":"Polygon","coordinates":[[[87.66669,26.08801],[87.68764,26.22069],[87.58744,26.39295],[87.46616,26.44039],[87.36868,26.40815],[87.34097,26.34784],[87.26588,26.37396],[87.25626,26.41122],[87.13749,26.4161],[87.09151,26.45043],[87.08017,26.52179],[87.07278,26.54186],[87.08433,26.40134],[87.03944,26.31458],[87.0754,26.29474],[87.08138,26.19057],[87.11265,26.18518],[87.06743,26.11432],[87.11519,26.10113],[87.09043,26.07019],[87.12732,26.04697],[87.09265,26.03457],[87.08625,25.99216],[87.06024,26.00549],[87.07745,25.93839],[87.23941,25.92874],[87.27961,25.97116],[87.29627,25.94648],[87.35458,25.97204],[87.39294,25.94716],[87.42478,25.98953],[87.51785,25.97895],[87.62904,26.02956],[87.62595,26.08178],[87.66669,26.08801]]]}},
{"type":"Feature","properties":{"shapeID":"76128533B17762399278073","shapeName":"Pashchim Champaran"},"geometry":{"type":"Polygon","coordinates":[[[84.78266,27.01386],[84.64278,27.04651],[84.69098,27.21504],[84.62111,27.33906],[84.29215,27.38489],[84.25421,27.45218],[84.20856,27.44265],[84.14583,27.51888],[84.09788,27.51727],[84.02722,27.43371],[83.86747,27.42761],[83.90622,27.38198],[83.83788,27.3196],[83.93351,27.31325],[83.90783,27.25627],[83.99485,27.17871],[83.94909,27.08997],[84.03035,27.09252],[84.00038,27.06562],[84.05039,27.04177],[84.03436,26.93987],[84.0614,26.88891],[84.1502,26.88487],[84.16658,26.83369],[84.21852,26.86833],[84.25491,26.8561],[84.24314,26.737],[84.30718,26.75072],[84.33471,26.68184],[84.41125,26.66887],[84.43207,26.60686],[84.41141,26.56519],[84.45684,26.62766],[84.49978,26.60974],[84.52702,26.66309],[84.59828,26.70523],[84.65113,26.68726],[84.73255,26.74835],[84.75201,26.8172],[84.69905,26.93241],[84.78266,27.01386]]]}},
{"type":"Feature","properties":{"shapeID":"76128533B88481188307630","shapeName":"Muzaffarpur"},"geometry":{"type":"Polygon","coordinates":[[[85.62324,26.01741],[85.7448,26.15588],[85.69423,26.24519],[85.71505,26.30613],[85.63198,26.32727],[85.5806,26.37112],[85.58985,26.39462],[85.50991,26.38524],[85.42565,26.27812],[85.39028,26.28346],[85.41568,26.31595],[85.37566,26.31527],[85.36857,26.34538],[85.33641,26.32619],[85.22083,26.36878],[85.20717,26.34597],[85.27134,26.333],[85.25053,26.29653],[85.19232,26.28435],[85.17379,26.33368],[85.11578,26.30616],[85.02914,26.33123],[84.88544,26.30143],[84.8432,26.24338],[84.87606,26.22161],[84.88412,26.14039],[84.93359,26.10349],[84.91795,26.03967],[84.95678,25.99585],[84.98509,26.015],[85.07342,25.97823],[85.10291,26.00597],[85.25871,26.02212],[85.28513,26.00816],[85.27913,25.95821],[85.46232,25.94583],[85.50211,25.91822],[85.62893,25.9399],[85.62324,26.01741]]]}},
{"type":"Feature","properties":{"shapeID":"76128533B19903856317609","shapeName":"Saran"},"geometry":{"type":"Polygon","coordinates":[[[84.87606,26.22161],[84.72562,26.19156],[84.65648,26.08135],[84.57058,26.09076],[84.54241,26.04098],[84.38702,26.04327],[84.43754,26.00361],[84.45398,25.88819],[84.53684,25.87618],[84.53514,25.8328],[84.62832,25.79267],[84.6086,25.75924],[84.652,25.71833],[84.68395,25.72253],[84.68805,25.77268],[84.73207,25.75607],[84.73131,25.71824],[84.74177,25.74253],[84.79986,25.71074],[84.99057,25.74351],[85.00644,25.70905],[85.09142,25.69651],[85.09706,25.65783],[85.14095,25.65012],[85.13157,25.62587],[85.23331,25.60274],[85.24665,25.63139],[85.18799,25.68781],[85.15536,25.84292],[85.09628,25.86874],[85.11281,25.90348],[85.04709,25.94057],[85.04897,25.99175],[84.92497,26.01811],[84.93359,26.10349],[84.88412,26.14039],[84.87606,26.22161]]]}},
{"type":"Feature","properties":{"shapeID":"76128533B29672216830072","shapeName":"Sheikhpura"},"geometry":{"type":"Polygon","coordinates":[[[85.80101,24.97733],[85.95615,24.98461],[85.93707,25.1011],[85.9751,25.2282],[85.95582,25.19389],[85.91053,25.23831],[85.80997,25.19732],[85.80859,25.22715],[85.73828,25.25692],[85.71583,25.24308],[85.74856,25.18398],[85.70928,25.1259],[85.79032,25.11269],[85.78351,25.02817],[85.75266,25.03517],[85.74804,25.02786],[85.7916,25.01396],[85.80101,24.97733]]]}},
{"type":"Feature","properties":{"shapeID":"76128533B24101991435637","shapeName":"Jehanabad"},"geometry":{"type":"Polygon","coordinates":[[[84.88414,25.07508],[84.94804,25.06867],[84.95584,25.00304],[85.05586,25.04975],[85.10917,25.00769],[85.14437,25.07166],[85.22405,25.08222],[85.20472,25.12026],[85.17091,25.10515],[85.1936,25.15485],[85.16585,25.17219],[85.16346,25.24156],[85.21332,25.26765],[85.14868,25.30701],[85.12821,25.26256],[85.03861,25.25888],[85.02439,25.30947],[84.9598,25.26996],[84.91673,25.28123],[84.90141,25.23388],[84.87453,25.24963],[84.84908,25.21558],[84.8617,25.15946],[84.83868,25.14401],[84.8891,25.11262],[84.88414,25.07508]]]}},
{"type":"Feature","properties":{"shapeID":"76128533B24755983727265","shapeName":"Saharsa"},"geometry":{"type":"Polygon","coordinates":[[[86.63968,26.01109],[86.53376,26.02924],[86.50699,25.99291],[86.4963,26.04741],[86.42805,26.05914],[86.3675,26.03133],[86.38646,25.9293],[86.35274,25.93994],[86.30467,25.8693],[86.38823,25.81696],[86.40967,25.73456],[86.3842,25.72584],[86.44176,25.70508],[86.45949,25.64534],[86.53256,25.59375],[86.62773,25.64656],[86.64442,25.62132],[86.70004,25.6798],[86.7501,25.63936],[86.84809,25.70039],[86.85081,25.7388],[86.82109,25.75254],[86.8466,25.83247],[86.81438,25.87792],[86.68493,25.87199],[86.66141,25.93756],[86.6149,25.91954],[86.6002,25.97393],[86.63968,26.01109]]]}},
{"type":"Feature","properties":{"shapeID":"76128533B93214480696409","shapeName":"Gopalganj"},"geometry":{"type":"Polygon","coordinates":[[[84.41931,26.63116],[84.28122,26.59696],[84.0909,26.64028],[84.05637,26.54135],[83.91131,26.51545],[83.9113,26.44767],[84.01989,26.44573],[84.07042,26.38769],[84.1802,26.37168],[84.25302,26.3055],[84.29826,26.32038],[84.34195,26.29399],[84.33671,26.35476],[84.45566,26.35245],[84.4578,26.32366],[84.5925,26.28941],[84.61797,26.22666],[84.70869,26.18379],[84.8455,26.20239],[84.63437,26.45326],[84.56347,26.43524],[84.55456,26.48306],[84.51885,26.47333],[84.48084,26.61142],[84.45684,26.62766],[84.41141,26.56519],[84.41931,26.63116]]]}},
{"type":"Feature","properties":{"shapeID":"76128533B91445917652173","shapeName":"Vaishali"},"geometry":{"type":"Polygon","coordinates":[[[85.04897,25.99175],[85.04445,25.94478],[85.11163,25.90544],[85.09844,25.86621],[85.15536,25.84292],[85.18799,25.68781],[85.2928,25.524],[85.42396,25.50358],[85.55839,25.55675],[85.53156,25.60563],[85.62729,25.77795],[85.59482,25.86115],[85.62893,25.9399],[85.50211,25.91822],[85.46232,25.94583],[85.2799,25.95794],[85.28513,26.00816],[85.25871,26.02212],[85.04897,25.99175]]]}},
{"type":"Feature","properties":{"shapeID":"76128533B14033116794334","shapeName":"Siwan"},"geometry":{"type":"Polygon","coordinates":[[[84.72005,26.18231],[84.61888,26.22586],[84.5925,26.28941],[84.4578,26.32366],[84.45566,26.35245],[84.33671,26.35476],[84.33843,26.29359],[84.29826,26.32038],[84.25211,26.30574],[84.18118,26.36149],[84.16806,26.2437],[84.12171,26.25967],[84.08241,26.21879],[84.02929,26.23933],[84.01085,26.18787],[84.0577,26.09755],[84.1758,26.02348],[84.17473,25.98954],[84.2103,25.99862],[84.30471,25.94517],[84.35976,25.95755],[84.4535,25.88815],[84.43754,26.00361],[84.38702,26.04327],[84.54241,26.04098],[84.57058,26.09076],[84.65648,26.08135],[84.72005,26.18231]]]}},
{"type":"Feature","properties":{"shapeID":"76128533B74961596993088","shapeName":"Sheohar"},"geometry":{"type":"Polygon","coordinates":[[[85.37961,26.33365],[85.38754,26.40513],[85.35121,26.42722],[85.3899,26.45358],[85.37846,26.49237],[85.42571,26.48326],[85.3828,26.5307],[85.413,26.55409],[85.37697,26.5665],[85.37938,26.63617],[85.28443,26.64119],[85.2792,26.5797],[85.22221,26.53533],[85.23311,26.49863],[85.16903,26.48908],[85.2047,26.42649],[85.28619,26.39066],[85.27924,26.345],[85.37961,26.33365]]]}},
{"type":"Feature","properties":{"shapeID":"76128533B12244320360965","shapeName":"Buxar"},"geometry":{"type":"Polygon","coordinates":[[[84.25883,25.35496],[84.34239,25.45125],[84.29668,25.53012],[84.30194,25.64515],[84.21112,25.66801],[84.16378,25.72422],[84.0912,25.71093],[84.07526,25.6337],[83.92925,25.55999],[83.85935,25.47203],[83.81846,25.4642],[83.84659,25.43522],[83.76199,25.38899],[83.89752,25.29278],[84.01505,25.26183],[84.05902,25.30081],[84.04518,25.375],[84.25883,25.35496]]]}},
{"type":"Feature","properties":{"shapeID":"76128533B90384580518633","shapeName":"Madhubani"},"geometry":{"type":"Polygon","coordinates":[[[86.37673,26.03957],[86.53979,26.15079],[86.42227,26.15828],[86.40487,26.20215],[86.51493,26.21885],[86.50662,26.27212],[86.5352,26.30314],[86.70282,26.36805],[86.72021,26.41369],[86.74192,26.41555],[86.74067,26.42147],[86.7483,26.42614],[86.74714,26.4291],[86.34433,26.61708],[86.25216,26.61713],[86.21729,26.58849],[86.02757,26.66681],[85.95999,26.65151],[85.94799,26.61356],[85.85853,26.56895],[85.851,26.60858],[85.81962,26.60254],[85.82397,26.53095],[85.76033,26.49056],[85.81616,26.4732],[85.7519,26.46695],[85.76059,26.39943],[85.82058,26.40866],[85.84006,26.3817],[85.81609,26.29457],[85.88242,26.27437],[85.99183,26.32171],[86.04436,26.19081],[86.07462,26.2134],[86.10993,26.19246],[86.14943,26.236],[86.25171,26.22406],[86.24494,26.19504],[86.32963,26.1555],[86.3258,26.10256],[86.37673,26.03957]]]}},
{"type":"Feature","properties":{"shapeID":"76128533B62794162648247","shapeName":"Supaul"},"geometry":{"type":"Polygon","coordinates":[[[87.12332,26.04425],[87.09043,26.07019],[87.11519,26.10113],[87.06743,26.11432],[87.11265,26.18518],[87.08138,26.19057],[87.0754,26.29474],[87.03936,26.31533],[87.08433,26.40134],[87.07278,26.54186],[87.04478,26.55523],[87.07178,26.58585],[86.84825,26.44059],[86.76547,26.45904],[86.70282,26.36805],[86.5352,26.30314],[86.50662,26.27212],[86.51995,26.22229],[86.40487,26.20215],[86.42227,26.15828],[86.53979,26.15079],[86.42813,26.0609],[86.4963,26.04741],[86.50699,25.99291],[86.53376,26.02924],[86.66367,26.01526],[86.74095,26.11187],[87.12332,26.04425]]]}},
{"type":"Feature","properties":{"shapeID":"76128533B60721316645780","shapeName":"Patna"},"geometry":{"type":"Polygon","coordinates":[[[84.75801,25.22397],[84.90064,25.23329],[84.91673,25.28123],[84.9598,25.26996],[85.02386,25.30947],[85.03861,25.25888],[85.12821,25.26256],[85.14568,25.30688],[85.18574,25.31444],[85.17364,25.39215],[85.36021,25.38168],[85.39551,25.43384],[85.57536,25.39035],[85.64762,25.2858],[85.70126,25.33659],[85.74718,25.33629],[85.74417,25.29802],[85.89389,25.24924],[85.8996,25.31666],[85.9872,25.28236],[86.05674,25.3123],[86.0226,25.36893],[85.99677,25.3396],[85.89132,25.40684],[85.86652,25.3946],[85.86724,25.44807],[85.89528,25.43938],[85.87601,25.47849],[85.79362,25.53758],[85.68615,25.47951],[85.6433,25.49806],[85.63563,25.44818],[85.59589,25.48742],[85.54137,25.48635],[85.53301,25.54937],[85.42396,25.50358],[85.30903,25.51595],[85.22273,25.61051],[85.13157,25.62587],[85.14095,25.65012],[85.09755,25.6574],[85.06863,25.70875],[85.00644,25.70905],[84.99057,25.74351],[84.94019,25.72123],[84.87654,25.74347],[84.82591,25.73146],[84.81948,25.58678],[84.76604,25.54629],[84.75221,25.49729],[84.78308,25.44854],[84.72651,25.3335],[84.76038,25.30512],[84.71525,25.2781],[84.81633,25.27298],[84.74758,25.23885],[84.75801,25.22397]]]}},
{"type":"Feature","properties":{"shapeID":"76128533B66426066081507","shapeName":"Bhojpur"},"geometry":{"type":"Polygon","coordinates":[[[84.64472,25.23292],[84.78289,25.44774],[84.75221,25.49729],[84.81921,25.58605],[84.83597,25.65703],[84.8041,25.65041],[84.84023,25.67637],[84.83833,25.72364],[84.79986,25.71074],[84.74177,25.74253],[84.73288,25.71763],[84.73203,25.75612],[84.68659,25.77251],[84.68365,25.72225],[84.56369,25.735],[84.56036,25.68267],[84.54394,25.72508],[84.50709,25.676],[84.45327,25.71146],[84.41002,25.698],[84.3882,25.74713],[84.3395,25.74298],[84.32673,25.67041],[84.28717,25.66006],[84.30082,25.51379],[84.34225,25.45044],[84.25883,25.35496],[84.33599,25.29716],[84.32064,25.21332],[84.43172,25.18839],[84.46483,25.1422],[84.5292,25.19925],[84.64472,25.23292]]]}},
{"type":"Feature","properties":{"shapeID":"76128533B12694285477701","shapeName":"Darbhanga"},"geometry":{"type":"Polygon","coordinates":[[[85.70478,26.09192],[85.71972,26.04577],[85.83366,26.04672],[85.85293,25.99422],[85.91792,25.96],[86.02629,25.94693],[86.14988,25.88531],[86.21762,25.89652],[86.21272,25.78908],[86.4076,25.72955],[86.38823,25.81696],[86.30467,25.8693],[86.35274,25.93994],[86.38646,25.9293],[86.36056,25.9621],[86.3675,26.03133],[86.38945,26.03066],[86.39232,26.03455],[86.33063,26.09207],[86.32526,26.16112],[86.24473,26.19523],[86.25171,26.22406],[86.14943,26.236],[86.10993,26.19246],[86.07462,26.2134],[86.02861,26.19416],[86.04476,26.23518],[86.00122,26.26404],[85.99183,26.32171],[85.89124,26.27613],[85.83333,26.2824],[85.83771,26.38578],[85.76059,26.39943],[85.7677,26.42472],[85.7295,26.43979],[85.69912,26.40093],[85.72536,26.35329],[85.6867,26.34982],[85.74172,26.33863],[85.70142,26.321],[85.69437,26.24463],[85.74481,26.15625],[85.70478,26.09192]]]}},
{"type":"Feature","properties":{"shapeID":"76128533B66790149147330","shapeName":"Samastipur"},"geometry":{"type":"Polygon","coordinates":[[[85.62324,26.01741],[85.59482,25.86115],[85.62729,25.77795],[85.53709,25.62825],[85.55865,25.55733],[85.52268,25.52242],[85.62912,25.44812],[85.64296,25.49779],[85.68615,25.47951],[85.77513,25.58923],[85.8403,25.57588],[85.82715,25.62077],[85.87443,25.67022],[85.99323,25.59698],[85.99698,25.71669],[86.12884,25.74162],[86.10818,25.78097],[86.14975,25.76696],[86.13901,25.71496],[86.17334,25.71918],[86.18054,25.66335],[86.26909,25.63217],[86.39386,25.72103],[86.31695,25.74558],[86.29354,25.78468],[86.25653,25.76525],[86.20495,25.79674],[86.2277,25.80627],[86.21762,25.89652],[86.14988,25.88531],[86.02629,25.94693],[85.91792,25.96],[85.85293,25.99422],[85.83366,26.04672],[85.71972,26.04577],[85.70868,26.09122],[85.62324,26.01741]]]}},
{"type":"Feature","properties":{"shapeID":"76128533B78904410352326","shapeName":"Kaimur (Bhabua)"},"geometry":{"type":"Polygon","coordinates":[[[83.76199,25.38899],[83.70283,25.39435],[83.65072,25.3394],[83.54291,25.31342],[83.34409,25.18176],[83.36555,25.12246],[83.32421,25.0257],[83.352,25.00887],[83.36202,24.86917],[83.39839,24.83172],[83.39476,24.78291],[83.48775,24.73665],[83.52157,24.68008],[83.50538,24.65061],[83.54923,24.62519],[83.52554,24.54327],[83.74135,24.56889],[83.7303,24.67042],[83.78555,24.75971],[83.71567,24.83591],[83.83938,25.00126],[83.80445,25.21686],[83.85747,25.24805],[83.83255,25.28427],[83.87347,25.31483],[83.76199,25.38899]]]}},
{"type":"Feature","properties":{"shapeID":"76128533B33458049385696","shapeName":"Rohtas"},"geometry":{"type":"Polygon","coordinates":[[[83.93607,24.54734],[84.08803,24.77441],[84.30355,25.00989],[84.41794,25.07417],[84.46346,25.16083],[84.32064,25.21332],[84.33639,25.29622],[84.27476,25.35966],[84.04518,25.375],[84.05902,25.30081],[84.01705,25.26197],[83.88078,25.31333],[83.84078,25.29507],[83.83014,25.2636],[83.85747,25.24805],[83.80438,25.21094],[83.83938,25.00126],[83.71567,24.83591],[83.78555,24.75971],[83.7303,24.67042],[83.74135,24.56889],[83.50099,24.53516],[83.72437,24.50426],[83.87566,24.53228],[83.93607,24.54734]]]}},
{"type":"Feature","properties":{"shapeID":"76128533B78970756356546","shapeName":"Khagaria"},"geometry":{"type":"Polygon","coordinates":[[[86.84416,25.35724],[86.78503,25.45889],[86.83029,25.56252],[86.77266,25.65314],[86.7501,25.63936],[86.70004,25.6798],[86.64442,25.62132],[86.62773,25.64656],[86.53256,25.59375],[86.40948,25.72231],[86.28285,25.65292],[86.27436,25.54025],[86.31468,25.48525],[86.40654,25.49497],[86.48408,25.41395],[86.55898,25.48642],[86.63221,25.3891],[86.61589,25.35684],[86.65,25.2689],[86.71447,25.25211],[86.77185,25.27503],[86.75113,25.28444],[86.77338,25.32143],[86.84416,25.35724]]]}},
{"type":"Feature","properties":{"shapeID":"76128533B40868676647207","shapeName":"Munger"},"geometry":{"type":"Polygon","coordinates":[[[86.71447,25.25211],[86.63723,25.2825],[86.63216,25.38921],[86.5412,25.48783],[86.49158,25.4384],[86.49419,25.3995],[86.36933,25.37077],[86.24521,25.26074],[86.3414,25.28191],[86.3766,25.21391],[86.35667,25.13572],[86.40303,25.12436],[86.37417,25.04729],[86.43057,25.03925],[86.43463,24.98835],[86.52859,24.9763],[86.53044,24.94405],[86.58619,24.93347],[86.66012,25.00204],[86.63486,25.04931],[86.67911,25.10461],[86.667,25.14981],[86.716,25.18816],[86.6753,25.19135],[86.63602,25.24562],[86.71447,25.25211]]]}},
{"type":"Feature","properties":{"shapeID":"76128533B21922686388534","shapeName":"Sitamarhi"},"geometry":{"type":"Polygon","coordinates":[[[85.63198,26.32727],[85.74172,26.33863],[85.68706,26.34842],[85.72536,26.35329],[85.70162,26.41249],[85.7295,26.43979],[85.7677,26.42472],[85.75485,26.47209],[85.80488,26.45922],[85.76158,26.49724],[85.82575,26.53568],[85.81962,26.60254],[85.72356,26.67417],[85.72124,26.82011],[85.62394,26.87373],[85.45366,26.78155],[85.40771,26.79129],[85.33432,26.74153],[85.26878,26.75446],[85.29018,26.68315],[85.26027,26.64013],[85.37938,26.63617],[85.37697,26.5665],[85.41318,26.55348],[85.3828,26.5307],[85.42571,26.48326],[85.37846,26.49237],[85.3899,26.45358],[85.35121,26.42722],[85.38754,26.40513],[85.3747,26.31614],[85.41568,26.31595],[85.39028,26.28346],[85.43623,26.28178],[85.5124,26.38643],[85.58985,26.39462],[85.5806,26.37112],[85.63198,26.32727]]]}},
{"type":"Feature","properties":{"shapeID":"76128533B49017555803526","shapeName":"Purba Champaran"},"geometry":{"type":"Polygon","coordinates":[[[84.48137,26.6104],[84.51885,26.47333],[84.55456,26.48306],[84.56347,26.43524],[84.63353,26.45393],[84.7604,26.27641],[84.83892,26.21923],[84.88544,26.30143],[85.04415,26.33269],[85.11578,26.30616],[85.17176,26.33384],[85.19377,26.28418],[85.25531,26.29879],[85.27133,26.33239],[85.20443,26.35992],[85.29664,26.35431],[85.16888,26.48958],[85.23311,26.49863],[85.22239,26.53579],[85.29912,26.62575],[85.25871,26.64364],[85.29018,26.68315],[85.26878,26.75446],[85.21178,26.75795],[85.18012,26.7962],[85.19155,26.86895],[85.02203,26.85493],[85.05295,26.88915],[84.82559,27.02097],[84.77705,27.01201],[84.69905,26.93241],[84.75201,26.8172],[84.73255,26.74835],[84.64975,26.68674],[84.59828,26.70523],[84.48137,26.6104]]]}},
{"type":"Feature","properties":{"shapeID":"76128533B98985252129882","shapeName":"Lakhisarai"},"geometry":{"type":"Polygon","coordinates":[[[85.95615,24.98461],[86.10402,24.97046],[86.14234,25.04266],[86.20484,24.97963],[86.22891,24.99009],[86.2322,25.04946],[86.30336,25.06787],[86.35667,25.13572],[86.3766,25.21391],[86.34155,25.28176],[86.1745,25.22103],[86.13532,25.27556],[86.05225,25.30899],[85.9872,25.28236],[85.89925,25.31645],[85.88653,25.26866],[85.93418,25.20279],[85.97533,25.2272],[85.93707,25.1011],[85.95615,24.98461]]]}},
{"type":"Feature","properties":{"shapeID":"76128533B16781044866906","shapeName":"Jamui"},"geometry":{"type":"Polygon","coordinates":[[[86.45788,24.36993],[86.51149,24.51885],[86.58888,24.57389],[86.61755,24.64593],[86.55985,24.68916],[86.54487,24.75985],[86.48281,24.7558],[86.52311,24.77697],[86.53267,24.85631],[86.47717,24.90593],[86.50092,24.97117],[86.43434,24.98855],[86.42974,25.03981],[86.37417,25.04729],[86.40298,25.1245],[86.34538,25.1314],[86.30336,25.06787],[86.23439,25.05169],[86.20716,24.97933],[86.14234,25.04266],[86.10402,24.97046],[85.83746,24.98564],[85.85873,24.94671],[85.81778,24.92602],[85.83559,24.88938],[85.86404,24.92068],[85.88905,24.8612],[85.95882,24.86105],[86.0166,24.78669],[86.0569,24.78016],[86.04538,24.74197],[86.11178,24.73667],[86.13943,24.6044],[86.32882,24.58508],[86.28507,24.46311],[86.45788,24.36993]]]}},
{"type":"Feature","properties":{"shapeID":"76128533B5855800361016","shapeName":"Begusarai"},"geometry":{"type":"Polygon","coordinates":[[[86.05225,25.30899],[86.19615,25.22352],[86.36888,25.37051],[86.49694,25.40423],[86.40654,25.49497],[86.31468,25.48525],[86.27386,25.54327],[86.28981,25.63946],[86.18079,25.66313],[86.12957,25.7797],[86.10356,25.7775],[86.12884,25.74162],[85.99698,25.71669],[85.99323,25.59698],[85.8748,25.67034],[85.82715,25.62077],[85.8403,25.57588],[85.77513,25.58923],[85.72674,25.52155],[85.80042,25.53439],[85.89504,25.44064],[85.86724,25.44807],[85.86652,25.3946],[85.89132,25.40684],[85.99677,25.3396],[86.02322,25.36865],[86.05225,25.30899]]]}},
{"type":"Feature","properties":{"shapeID":"76128533B51363853289247","shapeName":"Nalanda"},"geometry":{"type":"Polygon","coordinates":[[[85.39957,24.98453],[85.54349,25.04866],[85.57817,25.00597],[85.56256,25.05651],[85.6168,25.0525],[85.66896,25.08966],[85.64839,25.13343],[85.70885,25.13532],[85.74574,25.17588],[85.72318,25.25044],[85.83906,25.19706],[85.90803,25.22878],[85.9096,25.25879],[85.74455,25.29782],[85.74718,25.33629],[85.62666,25.28994],[85.64872,25.31794],[85.57536,25.39035],[85.39947,25.43357],[85.36021,25.38168],[85.17364,25.39215],[85.17229,25.279],[85.21358,25.26378],[85.16335,25.24131],[85.16588,25.17202],[85.1936,25.15485],[85.17072,25.10547],[85.21663,25.11423],[85.20666,25.05532],[85.24903,25.07466],[85.26163,25.02518],[85.28021,25.05787],[85.36806,25.03672],[85.39957,24.98453]]]}},
{"type":"Feature","properties":{"shapeID":"76128533B27432148084533","shapeName":"Katihar"},"geometry":{"type":"Polygon","coordinates":[[[87.82778,25.23516],[87.85833,25.29015],[87.78911,25.33315],[87.76432,25.40569],[87.78658,25.44527],[87.86865,25.46601],[87.88443,25.51655],[87.93122,25.53679],[88.0754,25.48115],[88.02617,25.58749],[88.05602,25.68628],[87.90391,25.77016],[87.91598,25.81516],[87.8889,25.82896],[87.91641,25.85208],[87.8099,25.87895],[87.79114,25.84086],[87.8208,25.79263],[87.78293,25.753],[87.71099,25.76739],[87.6594,25.69003],[87.56133,25.68195],[87.57369,25.65353],[87.54373,25.67868],[87.50828,25.65735],[87.2491,25.69697],[87.28619,25.64115],[87.25794,25.6153],[87.28355,25.56172],[87.21702,25.50023],[87.2416,25.45756],[87.19957,25.41634],[87.2296,25.37658],[87.26867,25.35317],[87.2922,25.39949],[87.36565,25.42447],[87.44179,25.36358],[87.82778,25.23516]]]}},
{"type":"Feature","properties":{"shapeID":"76128533B67580812983244","shapeName":"Gurgaon"},"geometry":{"type":"Polygon","coordinates":[[[77.11945677600005,28.488950577000026],[77.00712,28.54144],[77.01049,28.51459],[76.82467,28.50415],[76.79325,28.46592],[76.70629,28.49296],[76.73343,28.36824],[76.66966,28.37898],[76.65106,28.30765],[76.68624,28.31378],[76.67799,28.26443],[76.78189,28.22337],[76.79741,28.25579],[76.89624,28.25623],[76.9016,28.30272],[76.97976,28.33352],[77.05735,28.22195],[77.1755,28.20561],[77.24201,28.27901],[77.1581,28.3164],[77.17523,28.40447],[77.11945677600005,28.488950577000026]]]}},
{"type":"Feature","properties":{"shapeID":"76128533B23956636471502","shapeName":"Yamunanagar"},"geometry":{"type":"Polygon","coordinates":[[[77.21315,30.49659],[77.16979,30.44131],[77.18823,30.38244],[77.16247,30.35594],[77.19281,30.31206],[77.13387,30.26766],[77.16394,30.23352],[77.0783,30.21679],[77.11074,30.1785],[77.06597,30.14218],[77.09191,30.11167],[77.069,30.0725],[77.13216,29.9657],[77.20895,29.93487],[77.27833,30.00002],[77.27845,30.04162],[77.4248,30.10253],[77.40408,30.11033],[77.42634,30.15792],[77.48118,30.18402],[77.5934,30.35732],[77.52096,30.44517],[77.49938,30.40533],[77.44603,30.39576],[77.42447,30.41052],[77.45967,30.45786],[77.40789,30.40973],[77.35424,30.46052],[77.21418,30.4682],[77.21315,30.49659]]]}},
{"type":"Feature","properties":{"shapeID":"76128533B71088079535368","shapeName":"Palwal"},"geometry":{"type":"Polygon","coordinates":[[[77.17927,28.20995],[77.19309,28.18386],[77.13574,28.13085],[77.15895,27.94756],[77.28276,27.87254],[77.31264,27.88384],[77.33582,27.84741],[77.42251,27.85437],[77.42079,27.89043],[77.4759,27.88696],[77.47593,27.92924],[77.53417,27.92931],[77.54607,27.95945],[77.51756,27.97112],[77.54325,27.989],[77.48429,28.04043],[77.50188,28.0585],[77.47722,28.08796],[77.513,28.12526],[77.50273,28.16124],[77.54936,28.17626],[77.4975,28.20458],[77.53259,28.2],[77.54757,28.24745],[77.42128,28.19907],[77.24087,28.27596],[77.17927,28.20995]]]}},
{"type":"Feature","properties":{"shapeID":"76128533B58876508630362","shapeName":"Panchkula"},"geometry":{"type":"Polygon","coordinates":[[[76.77808,30.9068],[76.86088,30.78843],[76.82963,30.76194],[76.84966,30.72286],[76.82501,30.6809],[76.87441,30.66573],[76.87135,30.63648],[76.92721,30.59538],[76.89869,30.5361],[76.93371,30.52032],[76.91069,30.45965],[77.04134,30.48032],[77.0385,30.55023],[77.11474,30.55224],[77.17447,30.60031],[77.16255,30.68983],[77.09422,30.74208],[77.01821,30.74316],[77.01323,30.80895],[76.94318,30.8172],[76.91746,30.90046],[76.86989,30.87283],[76.82297,30.92833],[76.77808,30.9068]]]}},
{"type":"Feature","properties":{"shapeID":"76128533B80016894369263","shapeName":"Mewat"},"geometry":{"type":"Polygon","coordinates":[[[76.84916,28.23925],[76.97067,28.13812],[76.93151,27.99324],[76.94302,27.84261],[76.91429,27.8317],[76.89251,27.72866],[76.92565,27.70012],[76.89068,27.70205],[76.91173,27.65477],[76.98027,27.65365],[77.00196,27.73687],[77.08792,27.73786],[77.028,27.78032],[77.0455,27.82098],[77.13578,27.77533],[77.16065,27.81665],[77.19029,27.80899],[77.16978,27.7909],[77.17771,27.78547],[77.20398,27.82356],[77.24097,27.78358],[77.33709,27.83422],[77.31264,27.88384],[77.26631,27.8797],[77.14513,27.9629],[77.16785,27.97641],[77.13574,28.13085],[77.19049,28.21197],[77.05735,28.22195],[76.97976,28.33352],[76.9016,28.30272],[76.90973,28.26761],[76.84916,28.23925]]]}},
{"type":"Feature","properties":{"shapeID":"76128533B70554191137208","shapeName":"Jhajjar"},"geometry":{"type":"Polygon","coordinates":[[[76.954327764000084,28.661708141000076],[76.95113,28.81817],[76.91634,28.82416],[76.90903,28.86278],[76.85092,28.80814],[76.79424,28.81705],[76.81974,28.78662],[76.78361,28.74563],[76.75522,28.76937],[76.70572,28.73545],[76.70968,28.78705],[76.64416,28.83947],[76.6471,28.80493],[76.60495,28.79214],[76.5783,28.7339],[76.41612,28.72341],[76.4019,28.66635],[76.45004,28.6598],[76.46634,28.61379],[76.41066,28.54887],[76.4022,28.59528],[76.35776,28.61659],[76.37329,28.57972],[76.33584,28.57367],[76.3279,28.49582],[76.28434,28.47979],[76.33298,28.48105],[76.28564,28.43151],[76.33401,28.42002],[76.34455,28.45961],[76.40087,28.42608],[76.39949,28.47281],[76.45487,28.41802],[76.51487,28.43583],[76.56278,28.42863],[76.56162,28.40457],[76.59878,28.43381],[76.72597,28.35728],[76.70516,28.49237],[76.75938,28.46079],[76.82467,28.50415],[76.88625,28.50028],[76.83947,28.58267],[76.88927,28.6319],[76.93521,28.61837],[76.9248,28.64952],[76.954327764000084,28.661708141000076]]]}},
{"type":"Feature","properties":{"shapeID":"76128533B42646400584570","shapeName":"Bhiwani"},"geometry":{"type":"Polygon","coordinates":[[[76.46634,28.61379],[76.38034,28.70497],[76.40664,28.75644],[76.33434,28.81349],[76.29279,28.80659],[76.29868,28.90314],[76.23649,28.91148],[76.19112,29.05127],[76.06927,29.02263],[76.0448,29.06532],[75.98453,29.08119],[75.98019,28.99525],[75.91152,29.021],[75.84843,28.92085],[75.77064,28.89859],[75.68328,28.91084],[75.60248,28.98953],[75.47479,28.9239],[75.52115,28.8339],[75.50416,28.78245],[75.56241,28.61315],[75.62307,28.60165],[75.63436,28.54437],[75.78916,28.4535],[75.77765,28.40036],[75.89125,28.38303],[75.90439,28.43169],[75.98414,28.44491],[76.01437,28.43386],[76.01863,28.38581],[76.08295,28.39276],[76.11146,28.45002],[76.16034,28.46215],[76.18415,28.42956],[76.21881,28.46883],[76.28487,28.43086],[76.33298,28.48105],[76.28434,28.47979],[76.3279,28.49582],[76.33584,28.57367],[76.37329,28.57972],[76.35577,28.60349],[76.35776,28.61659],[76.4022,28.59528],[76.41066,28.54887],[76.46634,28.61379]]]}},
{"type":"Feature","properties":{"shapeID":"76128533B64596101949699","shapeName":"Kaithal"},"geometry":{"type":"Polygon","coordinates":[[[76.4967,29.51524],[76.54813,29.58038],[76.5226,29.61469],[76.70415,29.66838],[76.71322,29.69496],[76.66897,29.70961],[76.71775,29.81302],[76.67665,29.86408],[76.74959,29.92534],[76.61973,29.92149],[76.5801,29.87495],[76.53543,29.92536],[76.47898,29.90544],[76.48794,29.95521],[76.43869,29.97415],[76.42304,30.0299],[76.46667,30.09628],[76.43275,30.19392],[76.3937,30.17934],[76.40261,30.12358],[76.33846,30.14539],[76.36148,30.12376],[76.33539,30.10444],[76.2164,30.15523],[76.20308,30.1313],[76.26747,30.1008],[76.20319,30.01267],[76.21696,29.94296],[76.17835,29.92489],[76.19666,29.88476],[76.25406,29.86511],[76.21372,29.83741],[76.17045,29.68568],[76.2751,29.54815],[76.29864,29.58971],[76.35179,29.57978],[76.37394,29.52748],[76.46334,29.54871],[76.4967,29.51524]]]}},
{"type":"Feature","properties":{"shapeID":"76128533B69536039643660","shapeName":"Sonipat"},"geometry":{"type":"Polygon","coordinates":[[[76.91634,28.82416],[77.04013,28.83184],[77.08262,28.88355],[77.15736,28.83695],[77.20951,28.85845],[77.19808,28.88765],[77.22856,28.88113],[77.1898,29.02756],[77.13476,29.09496],[77.14398,29.16681],[76.91885,29.21922],[76.87631,29.19174],[76.81168,29.21801],[76.7802,29.28187],[76.71623,29.2507],[76.57858,29.28462],[76.60147,29.25746],[76.56241,29.2711],[76.5606,29.20831],[76.47531,29.23786],[76.51293,29.16313],[76.47827,29.09204],[76.72991,29.03872],[76.7716,28.93791],[76.82663,28.92033],[76.81085,28.86664],[76.90382,28.86528],[76.91634,28.82416]]]}},
{"type":"Feature","properties":{"shapeID":"76128533B6330405394721","shapeName":"Karnal"},"geometry":{"type":"Polygon","coordinates":[[[77.11808,29.99324],[77.09773,29.95078],[76.98348,29.95858],[76.88167,29.88032],[76.81054,29.90176],[76.75579,29.86665],[76.69583,29.89788],[76.67665,29.86408],[76.71775,29.81302],[76.66897,29.70961],[76.71322,29.69496],[76.70415,29.66838],[76.5226,29.61469],[76.55082,29.59071],[76.50373,29.48688],[76.5356,29.45632],[76.65551,29.49108],[76.79203,29.4657],[76.81902,29.51387],[76.97874,29.46135],[76.96339,29.44321],[77.06867,29.44075],[77.11842,29.46989],[77.09662,29.52391],[77.12717,29.55947],[77.08471,29.5893],[77.1566,29.69304],[77.12056,29.76201],[77.17285,29.8011],[77.20274,29.86848],[77.18613,29.90719],[77.2302,29.93945],[77.11808,29.99324]]]}},
{"type":"Feature","properties":{"shapeID":"76128533B94710820075529","shapeName":"Kurukshetra"},"geometry":{"type":"Polygon","coordinates":[[[77.06995,30.13106],[76.99088,30.16786],[76.9624,30.15244],[76.94011,30.17243],[76.96166,30.19296],[76.89817,30.1916],[76.86499,30.2494],[76.82679,30.25272],[76.81786,30.21714],[76.69457,30.19318],[76.6404,30.1508],[76.61609,30.0728],[76.57529,30.10075],[76.51371,30.07249],[76.46667,30.09628],[76.42304,30.0299],[76.43869,29.97415],[76.48794,29.95521],[76.47898,29.90544],[76.53543,29.92536],[76.53163,29.90123],[76.56136,29.91682],[76.58768,29.87564],[76.59455,29.91364],[76.71633,29.92957],[76.74959,29.92534],[76.73303,29.87212],[76.81054,29.90176],[76.88167,29.88032],[76.98348,29.95858],[77.11526,29.97074],[77.06995,30.13106]]]}},
{"type":"Feature","properties":{"shapeID":"76128533B45106682783501","shapeName":"Jind"},"geometry":{"type":"Polygon","coordinates":[[[76.21627,29.8407],[76.09072,29.80282],[76.05315,29.74508],[75.94698,29.72929],[75.96433,29.56299],[75.93404,29.49874],[76.01461,29.48054],[75.99688,29.447],[76.02791,29.42253],[76.07757,29.44132],[76.129,29.39271],[76.19237,29.40992],[76.20745,29.36441],[76.1791,29.34074],[76.21012,29.31919],[76.18752,29.28596],[76.2263,29.21854],[76.30094,29.18813],[76.30217,29.08585],[76.44419,29.05538],[76.5127,29.15904],[76.47531,29.23786],[76.5606,29.20831],[76.56241,29.2711],[76.60147,29.25746],[76.57858,29.28462],[76.67969,29.26468],[76.63746,29.29735],[76.65018,29.36652],[76.73531,29.38799],[76.7632,29.46563],[76.65551,29.49108],[76.5356,29.45632],[76.48572,29.54203],[76.37521,29.52707],[76.35179,29.57978],[76.29864,29.58971],[76.30185,29.5573],[76.27154,29.55003],[76.16924,29.68863],[76.21627,29.8407]]]}},
{"type":"Feature","properties":{"shapeID":"76128533B86048662040782","shapeName":"Panipat"},"geometry":{"type":"Polygon","coordinates":[[[77.14398,29.16681],[77.16187,29.3322],[77.12525,29.35131],[77.15807,29.38716],[77.13259,29.48487],[77.06867,29.44075],[76.96728,29.4427],[76.97874,29.46135],[76.81902,29.51387],[76.79616,29.46652],[76.75545,29.45796],[76.73531,29.38799],[76.65018,29.36652],[76.63746,29.29735],[76.7154,29.2508],[76.7802,29.28187],[76.81168,29.21801],[76.87631,29.19174],[76.91885,29.21922],[77.14398,29.16681]]]}},
{"type":"Feature","properties":{"shapeID":"76128533B64161607349718","shapeName":"Mahendragarh"},"geometry":{"type":"Polygon","coordinates":[[[76.28564,28.43151],[76.21881,28.46883],[76.16695,28.43133],[76.15362,28.4634],[76.10854,28.44744],[76.08295,28.39276],[76.01991,28.38557],[76.01437,28.43386],[75.98414,28.44491],[75.89871,28.42553],[75.90148,28.37173],[76.02717,28.27498],[76.01724,28.23685],[76.09673,28.14862],[76.03264,28.16781],[75.93948,28.0879],[75.98424,28.08131],[75.98747,28.04646],[76.02417,28.08597],[76.04164,28.07401],[76.00929,28.05852],[76.01726,28.03047],[75.97358,28.0236],[75.99639,28.00686],[75.96667,27.98358],[76.00023,27.97713],[75.97379,27.93215],[75.93189,27.93028],[75.98784,27.90371],[75.98799,27.84214],[76.08951,27.86064],[76.1758,27.79806],[76.21909,27.81664],[76.20335,27.89242],[76.17004,27.90326],[76.18848,27.96537],[76.16198,27.99752],[76.21799,28.0354],[76.18166,28.05416],[76.26178,28.06749],[76.29973,28.0225],[76.34665,28.03491],[76.35749,28.0706],[76.30332,28.09774],[76.36174,28.12479],[76.28257,28.16565],[76.34248,28.22423],[76.36872,28.33492],[76.29835,28.3827],[76.28564,28.43151]]]}},
{"type":"Feature","properties":{"shapeID":"76128533B10727492375508","shapeName":"Fatehabad"},"geometry":{"type":"Polygon","coordinates":[[[75.94698,29.72929],[75.87531,29.74891],[75.84805,29.81566],[75.72141,29.80914],[75.70886,29.75207],[75.63675,29.77022],[75.58008,29.73969],[75.45199,29.80155],[75.34634,29.69133],[75.36113,29.6567],[75.32866,29.66819],[75.29136,29.60763],[75.31563,29.58105],[75.2749,29.50909],[75.30224,29.43965],[75.22096,29.39758],[75.26445,29.35999],[75.2267,29.3258],[75.24613,29.25013],[75.28472,29.24988],[75.29125,29.30985],[75.39975,29.31776],[75.38601,29.36289],[75.42113,29.38186],[75.41535,29.41452],[75.51726,29.39793],[75.59488,29.33599],[75.63082,29.41581],[75.71734,29.42902],[75.729,29.47812],[75.78863,29.51875],[75.83939,29.50919],[75.85819,29.55003],[75.89427,29.53604],[75.93481,29.57993],[75.96408,29.56219],[75.94698,29.72929]]]}},
{"type":"Feature","properties":{"shapeID":"76128533B40638696154891","shapeName":"Faridabad"},"geometry":{"type":"Polygon","coordinates":[[[77.15833,28.31611],[77.42128,28.19907],[77.47677,28.20551],[77.50484,28.22825],[77.50755,28.3054],[77.47207,28.33486],[77.50527,28.36962],[77.37077,28.49966],[77.28782,28.49592],[77.23943,28.46767],[77.25022,28.42419],[77.15117,28.38058],[77.15833,28.31611]]]}},
{"type":"Feature","properties":{"shapeID":"76128533B84837672903805","shapeName":"Sirsa"},"geometry":{"type":"Polygon","coordinates":[[[75.30253,29.56059],[75.23409,29.54373],[75.23196,29.60417],[75.18407,29.62781],[75.1697,29.66716],[75.24199,29.74979],[75.19347,29.83659],[75.16504,29.77891],[75.10117,29.8047],[75.09598,29.91327],[75.07659,29.8772],[75.00072,29.85659],[74.92683,29.94769],[74.89629,29.93771],[74.8926,29.96698],[74.81225,29.9914],[74.70175,29.96837],[74.65771,29.90378],[74.53538,29.95101],[74.51957,29.9288],[74.56224,29.86967],[74.48563,29.81463],[74.47802,29.74521],[74.61671,29.7519],[74.57599,29.56417],[74.62293,29.52221],[74.58569,29.45835],[74.53569,29.44758],[74.60393,29.36478],[74.6003,29.32733],[74.65552,29.33281],[74.66,29.37099],[74.7632,29.35425],[74.85157,29.40346],[74.93926,29.3619],[74.96214,29.28046],[75.05097,29.28602],[75.08304,29.22788],[75.18896,29.26814],[75.23933,29.23012],[75.2267,29.3258],[75.26554,29.35074],[75.22096,29.39758],[75.30204,29.43912],[75.2749,29.50909],[75.30253,29.56059]]]}},
{"type":"Feature","properties":{"shapeID":"76128533B22732185131019","shapeName":"Hisar"},"geometry":{"type":"Polygon","coordinates":[[[76.22801,28.99106],[76.24555,29.0608],[76.28397,29.06413],[76.31888,29.11695],[76.30094,29.18813],[76.2263,29.21854],[76.18752,29.28596],[76.20394,29.39572],[76.15808,29.41988],[76.09443,29.40361],[76.07757,29.44132],[76.02467,29.42403],[75.99688,29.447],[76.01461,29.48054],[75.93404,29.49874],[75.96364,29.55374],[75.93958,29.5797],[75.89427,29.53604],[75.85819,29.55003],[75.83939,29.50919],[75.75885,29.49985],[75.71734,29.42902],[75.63082,29.41581],[75.59568,29.33632],[75.51726,29.39793],[75.41535,29.41452],[75.42113,29.38186],[75.38601,29.36289],[75.39975,29.31776],[75.27064,29.29701],[75.28414,29.27152],[75.34,29.28359],[75.35077,29.22365],[75.41161,29.25535],[75.4153,29.18419],[75.3721,29.13988],[75.40309,29.12777],[75.39218,29.0626],[75.44274,29.05741],[75.44664,29.00819],[75.5172,29.00793],[75.54892,28.96626],[75.61681,28.98554],[75.69608,28.90578],[75.8382,28.91252],[75.91152,29.021],[75.98019,28.99525],[75.98453,29.08119],[76.0448,29.06532],[76.06927,29.02263],[76.19112,29.05127],[76.22801,28.99106]]]}},
{"type":"Feature","properties":{"shapeID":"76128533B22722327711505","shapeName":"Rewari"},"geometry":{"type":"Polygon","coordinates":[[[76.66966,28.37898],[76.59403,28.43486],[76.56162,28.40457],[76.56278,28.42863],[76.51487,28.43583],[76.45487,28.41802],[76.39949,28.47281],[76.40148,28.42633],[76.34401,28.45955],[76.33423,28.42013],[76.28093,28.40675],[76.36872,28.33492],[76.3124,28.17802],[76.36711,28.13677],[76.42941,28.14144],[76.43125,28.1097],[76.43818,28.14867],[76.47652,28.14854],[76.50008,28.10019],[76.45095,28.08877],[76.50216,28.0599],[76.45545,28.04251],[76.5444,28.03388],[76.54548,27.96366],[76.66891,28.01381],[76.65791,28.08915],[76.79592,28.14841],[76.80928,28.21073],[76.8591,28.22759],[76.67799,28.26443],[76.68624,28.31378],[76.65106,28.30765],[76.66966,28.37898]]]}},
{"type":"Feature","properties":{"shapeID":"76128533B12244045944458","shapeName":"Rohtak"},"geometry":{"type":"Polygon","coordinates":[[[76.90198,28.86357],[76.81085,28.86664],[76.82663,28.92033],[76.7716,28.93791],[76.72991,29.03872],[76.56781,29.05869],[76.53864,29.09822],[76.44419,29.05538],[76.30021,29.08547],[76.24555,29.0608],[76.2475,29.00475],[76.21469,28.97262],[76.23665,28.91128],[76.29868,28.90314],[76.29279,28.80659],[76.33434,28.81349],[76.40664,28.75644],[76.38033,28.71061],[76.40667,28.68268],[76.44611,28.73604],[76.57967,28.73468],[76.60495,28.79214],[76.6471,28.80493],[76.64416,28.83947],[76.70968,28.78705],[76.69493,28.73767],[76.75522,28.76937],[76.7801,28.74347],[76.81974,28.78662],[76.79424,28.81705],[76.85092,28.80814],[76.90198,28.86357]]]}},
{"type":"Feature","properties":{"shapeID":"76128533B95049353851516","shapeName":"Ambala"},"geometry":{"type":"MultiPolygon","coordinates":[[[[77.12242,30.56267],[77.0385,30.55023],[77.0521,30.497],[77.01385,30.46627],[76.97285,30.48563],[76.91069,30.45965],[76.91728,30.40227],[76.94484,30.3926],[76.9111,30.35815],[76.84588,30.42954],[76.82184,30.40754],[76.77126,30.43464],[76.71341,30.3894],[76.75176,30.35539],[76.72835,30.32866],[76.56059,30.26083],[76.54542,30.22305],[76.60328,30.24997],[76.65182,30.2017],[76.6443,30.15004],[76.85169,30.25439],[76.88499,30.19809],[76.96166,30.19296],[76.94137,30.16531],[77.06335,30.12434],[77.07161,30.16883],[77.11074,30.1785],[77.0783,30.21679],[77.15088,30.21378],[77.13913,30.28142],[77.19281,30.31206],[77.16247,30.35594],[77.18823,30.38244],[77.16979,30.44131],[77.21315,30.49659],[77.12242,30.56267]]],[[[76.63818,30.14789],[76.57529,30.10075],[76.58825,30.06875],[76.64538,30.10188],[76.63818,30.14789]]]]}},
{"type":"Feature","properties":{"shapeID":"76128533B56050914259601","shapeName":"Chandigarh"},"geometry":{"type":"Polygon","coordinates":[[[76.84966,30.72286],[76.77158,30.79625],[76.70535,30.75582],[76.73975,30.69253],[76.81051,30.65649],[76.84966,30.72286]]]}},
{"type":"Feature","properties":{"shapeID":"76128533B1711704044407","shapeName":"North Goa"},"geometry":{"type":"Polygon","coordinates":[[[73.78798,15.46183],[73.9509,15.40375],[74.02307,15.30002],[74.10761,15.26414],[74.11065,15.35824],[74.07902,15.40711],[74.18171,15.43337],[74.27646,15.51619],[74.24965,15.65734],[74.20742,15.65215],[74.1842,15.68407],[74.16742,15.65516],[74.00014,15.60706],[73.93942,15.73946],[73.87628,15.7506],[73.85795,15.8005],[73.82382,15.73936],[73.67411,15.72842],[73.75607,15.61674],[73.73196,15.59072],[73.76494,15.49503],[73.81289,15.49481],[73.78798,15.46183]]]}},
{"type":"Feature","properties":{"shapeID":"76128533B63117839967753","shapeName":"South Goa"},"geometry":{"type":"MultiPolygon","coordinates":[[[[73.9509,15.40375],[73.78317,15.41063],[73.8924,15.33612],[73.94991,15.14304],[73.91211,15.08452],[74.02611,15.00726],[74.04719,14.9155],[74.16976,14.91251],[74.17474,14.95662],[74.20638,14.92502],[74.29725,15.04343],[74.2731,15.09942],[74.31685,15.18755],[74.2521,15.26103],[74.3366,15.29634],[74.2671,15.4685],[74.25319,15.48919],[74.18171,15.43337],[74.07944,15.40794],[74.11074,15.3577],[74.10317,15.26306],[74.02307,15.30002],[73.9509,15.40375]]],[[[73.7824,15.34895],[73.76718,15.35185],[73.76121,15.35323],[73.76524,15.35026],[73.7824,15.34895]]],[[[73.79305,15.37491],[73.79898,15.37792],[73.79393,15.37823],[73.79305,15.37491]]]]}},
{"type":"Feature","properties":{"shapeID":"76128533B28397307540277","shapeName":"North  & Middle Andaman"},"geometry":{"type":"MultiPolygon","coordinates":[[[[93.02911,13.57474],[93.01028,13.54147],[92.98887,13.57081],[92.98724,13.52547],[92.91731,13.5366],[92.93054,13.50204],[92.87236,13.47203],[92.88386,13.42795],[92.86597,13.3998],[92.84055,13.39456],[92.86725,13.38058],[92.8302,13.3683],[92.83901,13.28768],[92.81243,13.26897],[92.83306,13.26875],[92.85547,13.25615],[92.82527,13.23822],[92.83617,13.17306],[92.80962,13.15343],[92.84761,13.14105],[92.81001,13.12665],[92.82596,13.11458],[92.78823,13.01929],[92.82634,13.01615],[92.79477,12.9873],[92.79466,12.91387],[92.80261,12.89859],[92.82504,12.89655],[92.82957,12.88662],[92.84256,12.89228],[92.84403,12.8857],[92.83074,12.88432],[92.8031,12.89699],[92.78522,12.83389],[92.77093,12.86352],[92.76875,12.85088],[92.77569,12.84127],[92.77417,12.82986],[92.76089,12.85955],[92.73802,12.80944],[92.72443,12.82827],[92.74703,12.7227],[92.72764,12.69032],[92.76792,12.67163],[92.77706,12.71853],[92.78215,12.63608],[92.75255,12.67116],[92.68458,12.60887],[92.70768,12.59528],[92.71971,12.30035],[92.77101,12.31983],[92.89503,12.32064],[92.81557,12.43378],[92.89945,12.41612],[92.85067,12.45644],[92.84221,12.47237],[92.90966,12.42104],[92.91479,12.40622],[92.91421,12.44266],[92.95741,12.46729],[92.9304,12.48019],[92.96812,12.49661],[92.95362,12.62406],[92.98014,12.70864],[92.93392,12.77535],[92.94789,12.83658],[92.90495,12.88457],[92.92191,12.91256],[92.89772,12.92716],[92.89601,12.89788],[92.87117,12.89155],[92.85424,12.92627],[92.88629,12.92345],[92.89664,12.99573],[92.91162,12.94695],[92.93773,12.96987],[92.90373,13.00299],[92.91341,13.07064],[92.94186,13.0645],[92.97082,13.01255],[92.96514,13.03611],[93.00345,13.02832],[93.03468,13.08231],[93.06587,13.27249],[93.01217,13.27643],[93.00938,13.32041],[92.96438,13.32342],[92.95003,13.34303],[93.03233,13.345],[93.03709,13.37433],[93.06892,13.39676],[93.02061,13.431],[93.02911,13.57474]]],[[[92.88679,12.28593],[92.77159,12.31284],[92.78176,12.28483],[92.76439,12.26353],[92.75028,12.27415],[92.74207,12.24541],[92.77066,12.23117],[92.7643,12.21246],[92.76964,12.19868],[92.75926,12.14646],[92.73923,12.09757],[92.74203,12.07761],[92.75973,12.07568],[92.76448,12.0636],[92.81244,12.10764],[92.82222,12.16607],[92.85064,12.15757],[92.84601,12.19803],[92.88185,12.19888],[92.8588,12.2452],[92.88679,12.28593]]],[[[92.69526,12.99237],[92.64811,12.86187],[92.66758,12.78266],[92.69145,12.81534],[92.67313,12.83638],[92.7198,12.87438],[92.72018,12.97849],[92.69526,12.99237]]],[[[92.731,12.24194],[92.72326,12.18913],[92.72529,12.18849],[92.72965,12.19288],[92.73086,12.19294],[92.76373,12.18161],[92.76225,12.22926],[92.73299,12.21],[92.731,12.24194]]],[[[93.05765,13.37681],[93.03987,13.32247],[93.06592,13.30329],[93.08992,13.33583],[93.05765,13.37681]]],[[[93.01518,13.67634],[92.97968,13.66611],[92.97288,13.64339],[93.03049,13.62813],[93.01518,13.67634]]],[[[92.95574,12.41577],[92.93182,12.41682],[92.91936,12.36539],[92.93169,12.35898],[92.95574,12.41577]]],[[[92.71023,12.8286],[92.69462,12.7975],[92.71804,12.71909],[92.72509,12.75415],[92.71218,12.77725],[92.71023,12.8286]]],[[[92.92168,12.23129],[92.93416,12.31063],[92.92768,12.28078],[92.90256,12.28935],[92.92168,12.23129]]],[[[93.00648,12.99688],[92.97236,12.96941],[92.95938,12.98846],[92.97424,12.94554],[92.96064,12.9495],[92.95201,12.9408],[92.98204,12.93406],[93.00648,12.99688]]],[[[92.91329,12.22241],[92.88764,12.25209],[92.8867,12.23687],[92.87055,12.24413],[92.87843,12.20874],[92.91329,12.22241]]],[[[92.88949,12.40712],[92.84428,12.39539],[92.88395,12.37451],[92.88949,12.40712]]],[[[92.68926,12.55237],[92.66052,12.53327],[92.67836,12.50353],[92.68926,12.55237]]],[[[92.7239,12.29098],[92.70196,12.26594],[92.71085,12.23038],[92.71943,12.28307],[92.7239,12.29098]]],[[[93.84617,12.27431],[93.87658,12.28671],[93.85496,12.28888],[93.84617,12.27431]]],[[[94.27431,13.46199],[94.24964,13.44592],[94.25531,13.43221],[94.27365,13.43959],[94.27431,13.46199]]],[[[92.93974,13.02452],[92.92099,13.00035],[92.94171,12.99545],[92.93974,13.02452]]],[[[92.84515,13.44454],[92.8231,13.43727],[92.82194,13.41946],[92.83888,13.41914],[92.84515,13.44454]]],[[[92.90387,13.59664],[92.88353,13.59245],[92.88504,13.5728],[92.90387,13.59664]]],[[[92.80042,12.89763],[92.77412,12.91004],[92.79299,12.8922],[92.80042,12.89763]]],[[[92.72985,12.86109],[92.70791,12.83784],[92.70992,12.83383],[92.72985,12.86109]]],[[[92.71958,13.09866],[92.69548,13.09584],[92.70062,13.0711],[92.7069,13.07127],[92.71958,13.09866]]],[[[93.06622,13.64947],[93.04215,13.63765],[93.0466,13.62103],[93.06622,13.64947]]],[[[92.75299,12.27747],[92.76587,12.29239],[92.7626,12.29392],[92.75299,12.27747]]],[[[92.74853,12.28175],[92.73962,12.28183],[92.74004,12.27323],[92.73465,12.24775],[92.74853,12.28175]]],[[[92.93407,12.21224],[92.92753,12.22212],[92.93288,12.19549],[92.93407,12.21224]]],[[[92.80588,13.40482],[92.81911,13.41589],[92.81246,13.42192],[92.80588,13.40482]]],[[[92.87234,13.49676],[92.86898,13.51484],[92.86429,13.50013],[92.87234,13.49676]]],[[[93.02505,13.32647],[93.01487,13.30862],[93.02146,13.30248],[93.02505,13.32647]]],[[[92.83036,12.42066],[92.8415,12.42216],[92.82984,12.42618],[92.83036,12.42066]]],[[[92.72449,12.76638],[92.7173,12.78798],[92.72483,12.76121],[92.72449,12.76638]]],[[[92.90788,12.34144],[92.91853,12.35283],[92.9145,12.35548],[92.90788,12.34144]]],[[[92.79183,12.89133],[92.78169,12.88592],[92.78573,12.88214],[92.79183,12.89133]]],[[[92.86171,12.24253],[92.86977,12.24862],[92.8652,12.25073],[92.86171,12.24253]]],[[[92.81444,13.42544],[92.80665,13.427],[92.80749,13.41764],[92.81444,13.42544]]],[[[92.86097,12.41336],[92.86805,12.42069],[92.85924,12.41716],[92.86097,12.41336]]],[[[92.75774,12.90607],[92.75564,12.89963],[92.75368,12.88958],[92.75774,12.90607]]],[[[92.77614,12.92688],[92.76984,12.92885],[92.77268,12.91771],[92.77614,12.92688]]],[[[92.76494,12.86787],[92.76109,12.86783],[92.76607,12.855],[92.76494,12.86787]]],[[[92.91304,13.53338],[92.90638,13.5369],[92.90598,13.53],[92.91304,13.53338]]],[[[93.06742,13.42344],[93.07037,13.42237],[93.07259,13.43123],[93.06742,13.42344]]],[[[93.08708,13.41542],[93.09447,13.41731],[93.09151,13.41967],[93.08708,13.41542]]],[[[92.76329,12.17778],[92.75636,12.17976],[92.75892,12.16618],[92.76329,12.17778]]],[[[92.76647,12.92904],[92.76093,12.93023],[92.76378,12.92589],[92.76647,12.92904]]],[[[92.72971,12.73037],[92.72304,12.73734],[92.72818,12.72666],[92.72971,12.73037]]],[[[92.80109,13.08242],[92.79755,13.08976],[92.79554,13.08422],[92.80109,13.08242]]],[[[92.79163,13.16894],[92.79733,13.17068],[92.79288,13.173],[92.79163,13.16894]]],[[[93.102,13.43518],[93.09809,13.43111],[93.10376,13.43001],[93.102,13.43518]]],[[[93.07889,13.30048],[93.07406,13.30333],[93.07082,13.29968],[93.07889,13.30048]]],[[[92.76697,12.91933],[92.76243,12.9219],[92.76408,12.91783],[92.76697,12.91933]]],[[[92.8752,13.53442],[92.87759,13.53968],[92.87461,13.54088],[92.8752,13.53442]]],[[[92.90437,12.42315],[92.89926,12.42137],[92.9037,12.42052],[92.90437,12.42315]]],[[[92.91767,13.05902],[92.91377,13.06704],[92.91683,13.05773],[92.91767,13.05902]]],[[[92.75331,12.8932],[92.7489,12.89323],[92.75088,12.89056],[92.75331,12.8932]]],[[[93.0522,13.56432],[93.05664,13.5626],[93.05712,13.56671],[93.0522,13.56432]]],[[[92.72519,12.1854],[92.7313,12.18805],[92.73006,12.18941],[92.72519,12.1854]]],[[[92.7542,12.1458],[92.75883,12.14624],[92.75707,12.14991],[92.7542,12.1458]]],[[[92.93393,12.91376],[92.93645,12.91706],[92.93185,12.91846],[92.93393,12.91376]]],[[[92.76638,12.28922],[92.77149,12.2932],[92.77058,12.29495],[92.76638,12.28922]]],[[[92.73667,12.28212],[92.7377,12.29247],[92.73568,12.28115],[92.73667,12.28212]]],[[[92.84333,12.416],[92.84681,12.41609],[92.84385,12.41936],[92.84333,12.416]]],[[[92.73493,12.27008],[92.73804,12.27173],[92.73815,12.27553],[92.73493,12.27008]]],[[[92.88038,12.29562],[92.8771,12.29608],[92.87716,12.29365],[92.88038,12.29562]]],[[[92.72548,12.8356],[92.72746,12.83517],[92.72745,12.83821],[92.72548,12.8356]]],[[[92.72906,13.09065],[92.72829,13.0935],[92.72755,13.08976],[92.72906,13.09065]]],[[[92.94908,13.02427],[92.94538,13.02495],[92.94902,13.02107],[92.94908,13.02427]]],[[[92.8937,12.33607],[92.89412,12.33988],[92.89324,12.34051],[92.8937,12.33607]]],[[[92.87944,12.24857],[92.88152,12.24873],[92.8802,12.25017],[92.87944,12.24857]]],[[[93.07407,13.36461],[93.07583,13.36626],[93.07396,13.36495],[93.07407,13.36461]]],[[[93.06313,13.3839],[93.06105,13.3853],[93.06182,13.3827],[93.06313,13.3839]]],[[[92.89988,12.259],[92.9018,12.26027],[92.90071,12.2626],[92.89988,12.259]]],[[[92.84381,12.14948],[92.84676,12.1506],[92.84631,12.15116],[92.84381,12.14948]]],[[[92.89296,12.93672],[92.88952,12.93658],[92.88973,12.93484],[92.89296,12.93672]]],[[[92.86399,12.30404],[92.86674,12.30478],[92.86633,12.30579],[92.86399,12.30404]]],[[[92.93204,13.05235],[92.93409,13.05171],[92.93329,13.05305],[92.93204,13.05235]]],[[[92.89763,12.40853],[92.89894,12.41114],[92.89802,12.41161],[92.89763,12.40853]]],[[[92.71587,12.25809],[92.71792,12.25673],[92.71807,12.25925],[92.71587,12.25809]]],[[[92.65634,12.77309],[92.65487,12.77392],[92.65514,12.76913],[92.65634,12.77309]]],[[[92.75847,12.87794],[92.75723,12.87622],[92.76053,12.87765],[92.75847,12.87794]]],[[[92.86707,13.41288],[92.86476,13.41206],[92.86712,13.41155],[92.86707,13.41288]]],[[[92.9112,12.33303],[92.91274,12.33342],[92.91131,12.33516],[92.9112,12.33303]]],[[[92.89543,12.39349],[92.89699,12.39455],[92.89622,12.39535],[92.89543,12.39349]]],[[[92.90202,12.93913],[92.9019,12.9414],[92.90005,12.94163],[92.90202,12.93913]]],[[[92.76329,12.29702],[92.76571,12.29753],[92.76565,12.29907],[92.76329,12.29702]]],[[[92.75301,12.29423],[92.75441,12.29311],[92.75476,12.29394],[92.75301,12.29423]]],[[[92.90643,12.33918],[92.90449,12.34036],[92.90535,12.33818],[92.90643,12.33918]]],[[[92.89182,12.898],[92.89368,12.89879],[92.89239,12.89969],[92.89182,12.898]]],[[[92.71756,12.77629],[92.71577,12.77609],[92.71722,12.77488],[92.71756,12.77629]]],[[[92.73057,12.85483],[92.72993,12.85643],[92.72958,12.85505],[92.73057,12.85483]]],[[[92.75863,12.07377],[92.75714,12.07493],[92.75744,12.07342],[92.75863,12.07377]]],[[[92.71597,12.79883],[92.71718,12.79884],[92.71611,12.80095],[92.71597,12.79883]]],[[[92.77679,12.86518],[92.7778,12.8666],[92.77611,12.86559],[92.77679,12.86518]]],[[[92.71531,12.79671],[92.71639,12.79595],[92.71609,12.79727],[92.71531,12.79671]]],[[[93.08066,13.36808],[93.08284,13.36836],[93.08204,13.36935],[93.08066,13.36808]]],[[[92.71617,12.80357],[92.7175,12.80417],[92.71696,12.80451],[92.71617,12.80357]]],[[[92.72574,12.75237],[92.7268,12.75339],[92.72617,12.75374],[92.72574,12.75237]]],[[[92.76822,12.91753],[92.76697,12.91693],[92.76822,12.9161],[92.76822,12.91753]]],[[[92.73263,12.70298],[92.7314,12.70451],[92.73099,12.70277],[92.73263,12.70298]]],[[[92.73732,12.81175],[92.73831,12.81097],[92.738,12.81242],[92.73732,12.81175]]],[[[92.71688,12.78256],[92.71589,12.7834],[92.71634,12.78216],[92.71688,12.78256]]],[[[92.71674,12.77387],[92.7179,12.77425],[92.71705,12.77447],[92.71674,12.77387]]],[[[92.76507,12.85362],[92.76412,12.85314],[92.76498,12.85281],[92.76507,12.85362]]],[[[92.72086,12.19103],[92.72175,12.19047],[92.72108,12.19161],[92.72086,12.19103]]],[[[92.75792,12.91224],[92.75782,12.91375],[92.75757,12.91227],[92.75792,12.91224]]],[[[92.84281,12.39535],[92.8436,12.39572],[92.84328,12.39598],[92.84281,12.39535]]],[[[92.72984,12.19235],[92.73069,12.19265],[92.7301,12.19281],[92.72984,12.19235]]],[[[92.91699,13.04994],[92.91765,13.04999],[92.91734,13.05049],[92.91699,13.04994]]],[[[92.915,13.06748],[92.91411,13.06822],[92.91481,13.0673],[92.915,13.06748]]],[[[92.84149,12.40365],[92.84207,12.4038],[92.84181,12.40441],[92.84149,12.40365]]],[[[92.93997,12.99441],[92.94055,12.99493],[92.93994,12.99494],[92.93997,12.99441]]],[[[92.71757,12.78996],[92.71811,12.78972],[92.71767,12.79044],[92.71757,12.78996]]]]}},
{"type":"Feature","properties":{"shapeID":"76128533B22587307937261","shapeName":"South Andaman"},"geometry":{"type":"MultiPolygon","coordinates":[[[[92.6972,12.23937],[92.65478,12.18089],[92.66259,12.21596],[92.63652,12.11987],[92.62434,12.10235],[92.61125,11.87249],[92.56425,11.94984],[92.51379,11.84716],[92.54927,11.81657],[92.56099,11.69556],[92.58831,11.7169],[92.6082,11.63371],[92.64471,11.63673],[92.6089,11.6205],[92.60726,11.5942],[92.61895,11.58432],[92.62049,11.57556],[92.61784,11.56228],[92.6352,11.58954],[92.64691,11.52295],[92.7113,11.47788],[92.75641,11.66493],[92.72195,11.68836],[92.69176,11.59062],[92.66405,11.65264],[92.70761,11.66964],[92.68259,11.6988],[92.70796,11.73261],[92.71179,11.69545],[92.75518,11.70209],[92.78751,11.91875],[92.74564,11.93032],[92.73214,11.85596],[92.71615,11.82747],[92.72272,11.9808],[92.76691,11.99949],[92.73344,12.0309],[92.7819,12.0465],[92.73528,12.08494],[92.75722,12.17707],[92.70337,12.16355],[92.6972,12.23937]]],[[[92.51939,10.89962],[92.37352,10.78239],[92.38105,10.66709],[92.41969,10.61427],[92.38541,10.52987],[92.43266,10.5482],[92.51511,10.50943],[92.56818,10.57594],[92.54002,10.6126],[92.59818,10.67742],[92.58764,10.78704],[92.51939,10.89962]]],[[[92.63669,11.51523],[92.61148,11.45879],[92.62431,11.40761],[92.58707,11.40018],[92.59889,11.34717],[92.69166,11.37517],[92.64873,11.40637],[92.68545,11.43641],[92.63669,11.51523]]],[[[92.96963,12.03015],[92.92607,11.99587],[93.04363,11.88385],[93.00894,12.0195],[92.96963,12.03015]]],[[[93.07527,12.08395],[93.06729,12.21119],[93.03745,12.13655],[93.07527,12.08395]]],[[[92.2158,11.59437],[92.2147,11.52961],[92.27003,11.52281],[92.2701,11.58458],[92.2158,11.59437]]],[[[93.0449,12.04549],[93.02766,12.16601],[92.99836,12.11343],[93.0449,12.04549]]],[[[93.00543,12.10286],[92.95963,12.10678],[92.99403,12.0445],[93.00543,12.10286]]],[[[92.96147,12.15045],[92.96391,12.12172],[92.99816,12.11482],[92.99192,12.14356],[92.96147,12.15045]]],[[[93.07788,12.26095],[93.06365,12.22887],[93.10027,12.20413],[93.10508,12.2595],[93.08732,12.23692],[93.07788,12.26095]]],[[[93.0714,11.83468],[93.01259,11.84954],[93.05009,11.81333],[93.0714,11.83468]]],[[[92.56945,11.5886],[92.53217,11.59511],[92.53019,11.55452],[92.56945,11.5886]]],[[[92.76663,11.95504],[92.73622,11.95279],[92.7461,11.94492],[92.76663,11.95504]]],[[[92.5963,11.92954],[92.60298,11.96613],[92.58876,11.97576],[92.5963,11.92954]]],[[[92.7059,11.26406],[92.69269,11.28019],[92.68787,11.24231],[92.7059,11.26406]]],[[[92.58412,11.54868],[92.59706,11.56182],[92.5928,11.57762],[92.58412,11.54868]]],[[[92.61897,11.5772],[92.60034,11.56991],[92.61481,11.56218],[92.61897,11.5772]]],[[[92.61915,11.54366],[92.60184,11.55459],[92.61019,11.53122],[92.61915,11.54366]]],[[[92.56863,11.52758],[92.55282,11.53096],[92.56646,11.5172],[92.56863,11.52758]]],[[[92.70978,11.30118],[92.72248,11.33297],[92.69814,11.30894],[92.70978,11.30118]]],[[[93.12337,12.13998],[93.10962,12.14375],[93.11543,12.12975],[93.12337,12.13998]]],[[[92.22759,10.97559],[92.21458,10.97941],[92.21645,10.97237],[92.22759,10.97559]]],[[[92.95129,12.08435],[92.95758,12.10017],[92.94773,12.11598],[92.95003,12.10885],[92.94931,12.09631],[92.95129,12.08435]]],[[[92.61747,10.93514],[92.60583,10.93724],[92.62091,10.92974],[92.61747,10.93514]]],[[[92.66909,10.98604],[92.65993,10.99047],[92.6609,10.98229],[92.66909,10.98604]]],[[[92.73179,11.94478],[92.72693,11.95615],[92.7262,11.94136],[92.73179,11.94478]]],[[[92.60634,11.53266],[92.60057,11.52977],[92.60602,11.5215],[92.60634,11.53266]]],[[[93.08281,11.77994],[93.07944,11.78735],[93.0783,11.77948],[93.08281,11.77994]]],[[[92.59866,11.90659],[92.59558,11.91566],[92.59574,11.9052],[92.59866,11.90659]]],[[[92.68085,11.1812],[92.67322,11.18552],[92.67739,11.17686],[92.68085,11.1812]]],[[[92.7346,11.14517],[92.7275,11.14505],[92.73037,11.14192],[92.7346,11.14517]]],[[[92.55667,11.39027],[92.5586,11.39679],[92.55562,11.39156],[92.55667,11.39027]]],[[[92.76269,11.67062],[92.75985,11.67745],[92.76142,11.67012],[92.76269,11.67062]]],[[[93.02698,12.27431],[93.0244,12.27747],[93.02219,12.27485],[93.02698,12.27431]]],[[[92.77421,12.01294],[92.77468,12.01809],[92.77073,12.01633],[92.77421,12.01294]]],[[[92.54578,11.39591],[92.54986,11.39431],[92.55192,11.39698],[92.54578,11.39591]]],[[[92.69949,12.24705],[92.69577,12.24661],[92.69952,12.24353],[92.69949,12.24705]]],[[[93.06279,12.31527],[93.06762,12.31838],[93.06313,12.31632],[93.06279,12.31527]]],[[[92.60977,11.55586],[92.60731,11.56291],[92.60917,11.55554],[92.60977,11.55586]]],[[[92.57448,11.56254],[92.57645,11.57041],[92.57306,11.56251],[92.57448,11.56254]]],[[[92.58482,11.97713],[92.58147,11.97776],[92.58264,11.97608],[92.58482,11.97713]]],[[[92.62899,11.54385],[92.62761,11.54865],[92.62742,11.5421],[92.62899,11.54385]]],[[[92.58508,11.53949],[92.5834,11.54043],[92.58377,11.53485],[92.58508,11.53949]]],[[[93.09904,12.13607],[93.09596,12.1356],[93.09716,12.13332],[93.09904,12.13607]]],[[[92.72458,11.14093],[92.72309,11.14364],[92.72319,11.14102],[92.72458,11.14093]]],[[[92.56607,11.56748],[92.56522,11.56975],[92.56494,11.56756],[92.56607,11.56748]]],[[[92.57941,11.58264],[92.5771,11.58377],[92.57762,11.58176],[92.57941,11.58264]]],[[[92.72325,11.95113],[92.72437,11.95416],[92.72286,11.95136],[92.72325,11.95113]]],[[[92.74418,11.96581],[92.74229,11.96588],[92.74213,11.96508],[92.74418,11.96581]]],[[[92.60414,11.93349],[92.60556,11.93466],[92.604,11.93532],[92.60414,11.93349]]],[[[92.62879,12.11396],[92.63023,12.11333],[92.63016,12.11577],[92.62879,12.11396]]],[[[92.71983,12.1815],[92.72088,12.18105],[92.72081,12.18178],[92.71983,12.1815]]],[[[92.59333,11.58892],[92.59387,11.58985],[92.59318,11.59012],[92.59333,11.58892]]],[[[92.70625,12.19731],[92.70726,12.19704],[92.70701,12.1976],[92.70625,12.19731]]],[[[92.71341,12.16984],[92.71269,12.17044],[92.71254,12.1695],[92.71341,12.16984]]],[[[92.71897,12.17947],[92.7194,12.17914],[92.71963,12.17982],[92.71897,12.17947]]],[[[92.6309,12.11941],[92.63127,12.11958],[92.63123,12.11995],[92.6309,12.11941]]],[[[92.71314,12.16916],[92.71349,12.16927],[92.71324,12.16939],[92.71314,12.16916]]]]}},
{"type":"Feature","properties":{"shapeID":"76128533B33103505211400","shapeName":"Nicobars"},"geometry":{"type":"MultiPolygon","coordinates":[[[[93.88235,7.20367],[93.77693,7.21119],[93.79883,7.19827],[93.79313,7.18966],[93.76059,7.21432],[93.7616,7.18893],[93.68561,7.18928],[93.65656,7.12502],[93.68791,7.10933],[93.65897,7.09906],[93.66374,7.00807],[93.70667,7.0263],[93.70532,6.9918],[93.74666,6.98958],[93.75001,6.91205],[93.78732,6.90713],[93.77675,6.86375],[93.8083,6.85171],[93.7888,6.83104],[93.81455,6.82959],[93.82751,6.75649],[93.84745,6.81406],[93.90175,6.81401],[93.89619,6.90288],[93.94448,6.95513],[93.91346,7.00053],[93.94716,6.99969],[93.88762,7.08365],[93.88235,7.20367]]],[[[93.40157,8.00889],[93.33091,8.00963],[93.31976,7.93249],[93.35829,7.94242],[93.35515,7.89004],[93.42713,7.90661],[93.46174,7.87276],[93.4648,7.92915],[93.41185,7.95805],[93.40157,8.00889]]],[[[93.71212,7.44297],[93.71765,7.37954],[93.63313,7.37032],[93.6475,7.24431],[93.75566,7.35944],[93.71212,7.44297]]],[[[93.52127,8.23294],[93.45645,8.1735],[93.48557,8.05154],[93.51469,8.08318],[93.53772,8.07945],[93.4856,8.04414],[93.50151,7.99666],[93.52914,8.05026],[93.54965,8.03608],[93.54651,8.08719],[93.50102,8.14682],[93.54528,8.20175],[93.52127,8.23294]]],[[[92.77966,9.25231],[92.76789,9.21589],[92.72127,9.21258],[92.73255,9.12389],[92.82877,9.13977],[92.77966,9.25231]]],[[[93.12768,8.35441],[93.09543,8.33941],[93.08694,8.27111],[93.12083,8.22385],[93.20038,8.19551],[93.12725,8.27171],[93.12768,8.35441]]],[[[93.54715,8.02636],[93.55404,7.98805],[93.53183,8.02469],[93.50775,7.98426],[93.57695,7.92928],[93.5821,7.99178],[93.54715,8.02636]]],[[[93.61516,8.57258],[93.61095,8.54326],[93.62894,8.50017],[93.61868,8.47999],[93.62227,8.42226],[93.64173,8.46833],[93.61516,8.57258]]],[[[93.60065,8.04996],[93.56219,8.11916],[93.59264,8.0381],[93.60065,8.04996]]],[[[93.23262,8.26421],[93.22167,8.242],[93.24875,8.22355],[93.24918,8.24093],[93.23262,8.26421]]],[[[93.05716,8.43937],[93.04347,8.47033],[93.03373,8.45311],[93.05716,8.43937]]],[[[92.86224,8.82377],[92.85408,8.83309],[92.85383,8.82018],[92.86224,8.82377]]],[[[93.72104,7.21279],[93.70885,7.23053],[93.71899,7.20673],[93.72104,7.21279]]],[[[93.54028,7.51356],[93.54926,7.51806],[93.54257,7.52458],[93.54028,7.51356]]],[[[93.6943,7.39865],[93.68356,7.40549],[93.68871,7.3972],[93.6943,7.39865]]],[[[93.76918,7.39405],[93.76632,7.40242],[93.76265,7.39733],[93.76918,7.39405]]],[[[93.65158,7.47559],[93.64488,7.47151],[93.65147,7.47063],[93.65158,7.47559]]],[[[93.63248,7.47778],[93.63414,7.47809],[93.63405,7.47835],[93.63248,7.47778]]]]}},
{"type":"Feature","properties":{"shapeID":"76128533B6828791241172","shapeName":"Lohit"},"geometry":{"type":"Polygon","coordinates":[[[95.784269662000042,27.73420520600007],[95.859856021000041,27.734230800000034],[96.080005759000073,27.843986612000037],[96.236592831000053,27.864672608000035],[96.291470724000078,27.770030875000032],[96.277226874000064,27.656810538000059],[96.31639,27.56209],[96.37951,27.64332],[96.59111,27.65596],[96.64922,27.62824],[96.70412,27.6572],[96.71955,27.80994],[96.55475,27.98494],[96.41491,27.95408],[96.28773,28.06089],[96.347,28.1668],[96.29852,28.33367],[96.24865,28.29308],[96.2673,28.2447],[96.18601,28.17576],[96.07836,28.19172],[96.09044,28.10887],[96.00981,27.95864],[95.97719,27.96294],[95.784269662000042,27.73420520600007]]]}},
{"type":"Feature","properties":{"shapeID":"76128533B95764075909869","shapeName":"West Siang"},"geometry":{"type":"Polygon","coordinates":[[[94.416128874819918,28.320865481877036],[94.38046,28.29857],[94.40575,28.25593],[94.3613,28.19201],[94.38301,28.09509],[94.48751,28.00879],[94.517232462000038,28.013736702000074],[94.555631903000062,28.101217844000075],[94.648278915000049,28.099958206000053],[94.826864986000032,28.024253241000054],[94.919292498691931,28.061132089811604],[94.95121,28.11231],[94.87649,28.20201],[94.8844,28.23126],[94.94641,28.23587],[94.90492,28.39638],[94.77994,28.42157],[94.75257,28.55058],[94.512580724000031,28.433731862000059],[94.478556893000075,28.445619706000059],[94.406780397000034,28.347177054000042],[94.416128874819918,28.320865481877036]]]}},
{"type":"Feature","properties":{"shapeID":"76128533B84689409020934","shapeName":"Upper Subansiri"},"geometry":{"type":"Polygon","coordinates":[[[94.416128874819918,28.320865481877036],[94.32701,28.36575],[94.29417,28.43082],[94.14128,28.44285],[94.10234,28.48063],[94.10996,28.52465],[94.00002,28.5721],[93.93799,28.65984],[93.8575,28.70263],[93.78404,28.66184],[93.73623,28.68009],[93.58396,28.65018],[93.46785,28.68497],[93.45269,28.64849],[93.42942,28.67445],[93.33007,28.63929],[93.28151,28.50667],[93.18727,28.439],[93.22927,28.41132],[93.23052,28.35012],[93.34539,28.33587],[93.41339,28.27908],[93.57047,28.25789],[93.69148,28.31352],[93.823027473000081,28.25736815700003],[93.85736,28.23265],[93.895953604000056,28.102179276000072],[93.87649,28.05827],[93.912463789000071,28.009936658000072],[94.06399,27.95301],[94.07705,27.86551],[94.15256,27.88488],[94.3176,27.77265],[94.5921,27.88615],[94.46043,28.05222],[94.38358,28.09343],[94.3613,28.19201],[94.40575,28.25593],[94.38046,28.29857],[94.416128874819918,28.320865481877036]]]}},
{"type":"Feature","properties":{"shapeID":"76128533B9558749744242","shapeName":"Changlang"},"geometry":{"type":"Polygon","coordinates":[[[96.31516,27.5622],[96.1246,27.62414],[96.01557,27.55665],[95.88033,27.54701],[95.84811,27.42392],[95.88741,27.43761],[95.89172,27.3995],[95.91555,27.43663],[95.97642,27.42881],[96.01937,27.36433],[95.89648,27.25747],[95.80483,27.28518],[95.63564,27.23064],[95.68443,27.16867],[95.64438,27.00408],[95.6896,26.99014],[95.71599,26.90541],[95.74843,26.91927],[95.79315,27.03945],[95.87129,27.02416],[96.10724,27.24014],[96.31962,27.30676],[96.53206,27.29452],[96.61845,27.37329],[96.80043,27.34029],[96.88885,27.2536],[96.86158,27.19486],[96.98262,27.16476],[97.06667,27.10383],[97.13749,27.10871],[97.15749,27.14219],[96.90567,27.45673],[96.93443,27.5191],[96.90405,27.62493],[96.7945,27.65122],[96.7796,27.62755],[96.71431,27.6691],[96.64922,27.62824],[96.59111,27.65596],[96.41356,27.65036],[96.31516,27.5622]]]}},
{"type":"Feature","properties":{"shapeID":"76128533B22715430000002","shapeName":"Longding"},"geometry":{"type":"Polygon","coordinates":[[[95.17704,27.02113],[95.17385,26.97164],[95.24757,26.90507],[95.17577,26.85725],[95.2403,26.77096],[95.21028,26.72116],[95.23169,26.68379],[95.31239,26.66663],[95.49387,26.76431],[95.458039428000063,26.800035388000026],[95.475531219000061,26.856194885000036],[95.359800065000059,26.89539209000003],[95.393068403000086,27.046153502000038],[95.369965788000059,27.10552129000007],[95.25091,27.02617],[95.17704,27.02113]]]}},
{"type":"Feature","properties":{"shapeID":"76128533B90913053845537","shapeName":"Lower Subansiri"},"geometry":{"type":"Polygon","coordinates":[[[93.85488,27.45457],[94.024554391000038,27.519801161000032],[93.983996182000055,27.599695215000054],[93.908529208000061,27.611323933000051],[93.913829632000045,27.797926656000072],[93.784526548000031,27.796522646000028],[93.773034295000059,27.734455186000048],[93.69174,27.69586],[93.72742,27.6587],[93.68204387600008,27.682014008000067],[93.5432,27.61119],[93.63835,27.49324],[93.56584,27.42403],[93.67162,27.32461],[93.7732,27.34929],[93.8065,27.32783],[93.85488,27.45457]]]}},
{"type":"Feature","properties":{"shapeID":"76128533B76129461078086","shapeName":"East Kameng"},"geometry":{"type":"Polygon","coordinates":[[[93.30159,27.34719],[93.40621,27.38371],[93.40256,27.42719],[93.32852,27.46214],[93.30875,27.54146],[93.34627,27.57805],[93.2392,27.61705],[93.24151,27.66147],[93.20254,27.68557],[93.24491,27.81248],[93.22203,27.84402],[92.98372,27.82446],[92.94014,27.85916],[92.93057,27.91621],[92.73278,27.97407],[92.56721,27.83625],[92.49683,27.85276],[92.4475,27.81863],[92.43874,27.76138],[92.49801,27.74148],[92.52844,27.62127],[92.60407,27.60781],[92.68871,27.42667],[92.78248,27.46635],[92.8337,27.42475],[92.80233,27.36808],[92.85003,27.29885],[92.82179,27.27644],[92.83512,27.23406],[92.78597330100007,27.190904979000038],[92.84429037700005,27.140359455000066],[92.90181448800007,27.133631390000062],[93.041299399000081,27.189275014000032],[92.976329376000081,27.223404316000028],[92.979404173000034,27.252733154000055],[93.122418949000064,27.298111488000075],[93.145416864000083,27.360530337000057],[93.21337025400004,27.383559455000068],[93.30159,27.34719]]]}},
{"type":"Feature","properties":{"shapeID":"76128533B76058958071350","shapeName":"Upper Siang"},"geometry":{"type":"Polygon","coordinates":[[[94.76487,28.54229],[94.94294,28.56491],[94.99217,28.49972],[95.08757,28.51383],[95.1069,28.44985],[95.06962,28.40586],[95.10283,28.35595],[95.09457,28.26295],[95.20065,28.13964],[95.30826,28.19001],[95.351,28.2878],[95.41447,28.30727],[95.33917,28.4218],[95.35746,28.47269],[95.41991,28.50854],[95.3609,28.66589],[95.41885,28.74489],[95.34203,28.83878],[95.34777,28.92182],[95.26931,28.9418],[95.26067,29.09815],[95.12221,29.1082],[94.99691,29.16739],[95.02527,29.12282],[94.8781,29.17862],[94.80993,29.16675],[94.80688,29.21312],[94.64615,29.33817],[94.5611,29.22234],[94.44643,29.22449],[94.36716,29.15085],[94.30023,29.14983],[94.20408,29.06456],[94.18208,29.01085],[94.26778,29.01634],[94.34919,28.97777],[94.37328,28.88795],[94.57114,28.829],[94.72827,28.73096],[94.76487,28.54229]]]}},
{"type":"Feature","properties":{"shapeID":"76128533B55878637000592","shapeName":"Anjaw"},"geometry":{"type":"Polygon","coordinates":[[[96.71431,27.6691],[96.7796,27.62755],[96.7945,27.65122],[96.91488,27.62181],[96.99107,27.66815],[97.02953,27.73964],[97.09711,27.73651],[97.25235,27.88485],[97.31057,27.90052],[97.37587,27.8614],[97.3967,28.0165],[97.29973,28.07087],[97.33565,28.1088],[97.3152,28.14079],[97.36235,28.18775],[97.39681,28.18122],[97.37977,28.20655],[97.16735,28.27602],[97.0787,28.34003],[96.99398,28.30475],[96.89391,28.37587],[96.76495,28.36047],[96.64148,28.44318],[96.45233,28.40408],[96.38842,28.32071],[96.35851,28.37106],[96.31193,28.36195],[96.3057,28.23824],[96.34691,28.16537],[96.28594,28.06343],[96.41491,27.95408],[96.53346,27.98826],[96.60597,27.9523],[96.59764,27.91807],[96.71661,27.8214],[96.71431,27.6691]]]}},
{"type":"Feature","properties":{"shapeID":"76128533B95910687666425","shapeName":"Siang"},"geometry":{"type":"Polygon","coordinates":[[[94.919292498691931,28.061132089811604],[95.117114696000044,28.038834570000063],[95.217152398000053,28.079101318000028],[95.219123490715191,28.148755505496048],[95.11791,28.20634],[95.09629,28.2573],[95.10283,28.35595],[95.06962,28.40586],[95.1069,28.44985],[95.08757,28.51383],[95.00086,28.49743],[94.9467,28.56428],[94.87834,28.53838],[94.82708,28.56929],[94.76487,28.54229],[94.75813,28.44574],[94.90492,28.39638],[94.94641,28.23587],[94.87425,28.22358],[94.90277,28.14111],[94.9512,28.11292],[94.919292498691931,28.061132089811604]]]}},
{"type":"Feature","properties":{"shapeID":"76128533B11651252780045","shapeName":"Dibang Valley"},"geometry":{"type":"Polygon","coordinates":[[[95.4185,28.52117],[95.57266,28.47735],[95.55563,28.38606],[95.58274,28.35899],[95.67591,28.36087],[95.84403,28.28557],[95.88665,28.31665],[95.84461,28.35136],[95.94853,28.41339],[95.93042,28.44873],[96.01937,28.50781],[96.16632,28.499],[96.24385,28.55618],[96.26634,28.50725],[96.31733,28.49402],[96.482,28.61014],[96.4659,28.66442],[96.60216,28.72739],[96.61033,28.76437],[96.53399,28.86656],[96.51133,28.96177],[96.48512,28.94823],[96.46787,28.97398],[96.51532,29.0665],[96.3447,29.02242],[96.17848,28.8875],[96.15329,28.91705],[96.18835,28.97632],[96.12311,29.05832],[96.26085,29.14961],[96.35379,29.1664],[96.39163,29.23807],[96.37765,29.27354],[96.24459,29.22466],[96.06577,29.45135],[95.94665,29.37013],[95.86273,29.38078],[95.83033,29.3415],[95.76803,29.34328],[95.64289,29.24671],[95.57705,29.24421],[95.56952,29.20265],[95.5278,29.20325],[95.53657,29.1152],[95.48096,29.12542],[95.4539,29.03532],[95.26986,29.05143],[95.26931,28.9418],[95.34777,28.92182],[95.34203,28.83878],[95.41885,28.74489],[95.3609,28.66589],[95.4185,28.52117]]]}},
{"type":"Feature","properties":{"shapeID":"76128533B31405919461443","shapeName":"Kurung Kumey"},"geometry":{"type":"Polygon","coordinates":[[[93.23052,28.35012],[93.22331,28.32457],[93.02458,28.30484],[93.03233,28.26997],[92.99517,28.23092],[92.955,28.25297],[92.8466,28.17567],[92.81159,28.20308],[92.70103,28.13547],[92.67705,28.07684],[92.74096,28.03627],[92.7503,27.9556],[92.93057,27.91621],[92.97206,27.82912],[93.22203,27.84402],[93.24491,27.81248],[93.20238,27.68599],[93.24151,27.66147],[93.23939,27.61691],[93.35464,27.64841],[93.528452137000045,27.634883114000047],[93.522622892000072,27.734280922000039],[93.57248062900004,27.787341297000069],[93.654195253000069,27.774050316000057],[93.669483462000073,27.875114875000065],[93.718825379000066,27.915709453000034],[93.690606477000074,27.962466838000068],[93.600751215000059,27.981206775000032],[93.579939857000056,28.066595031000077],[93.481783745000087,28.137118847000067],[93.464000142000032,28.271960181000054],[93.34332,28.33659],[93.23052,28.35012]]]}},
{"type":"Feature","properties":{"shapeID":"76128533B61235952222315","shapeName":"West Kameng"},"geometry":{"type":"Polygon","coordinates":[[[92.49801,27.74148],[92.38909,27.74552],[92.3798,27.66514],[92.20841,27.63756],[92.18892,27.56501],[92.12912,27.5681],[92.06685,27.49319],[91.99705,27.47359],[92.04929,27.3264],[92.1149,27.26971],[92.01982,27.23451],[92.05763,27.20368],[92.01224,27.09413],[92.10341,27.00032],[92.10413,26.88634],[92.64718,26.9859],[92.65465,27.04606],[92.59219,27.09439],[92.60963,27.14736],[92.75076,27.20935],[92.81019,27.19376],[92.8353,27.23445],[92.82179,27.27644],[92.85228,27.31445],[92.80233,27.36808],[92.83324,27.42553],[92.78248,27.46635],[92.68871,27.42667],[92.60407,27.60781],[92.52844,27.62127],[92.49801,27.74148]]]}},
{"type":"Feature","properties":{"shapeID":"76128533B38784530776316","shapeName":"Lower Dibang Valley"},"geometry":{"type":"Polygon","coordinates":[[[96.24865,28.29308],[96.32355,28.37042],[96.26564,28.38634],[96.37703,28.46691],[96.32895,28.50652],[96.26863,28.50564],[96.24385,28.55618],[96.16632,28.499],[96.01937,28.50781],[95.93212,28.45042],[95.94917,28.41397],[95.84461,28.35136],[95.88665,28.31665],[95.84507,28.28568],[95.67591,28.36087],[95.58274,28.35899],[95.55563,28.38606],[95.57266,28.47735],[95.44369,28.53106],[95.35746,28.47269],[95.33919,28.4225],[95.36091,28.3616],[95.41447,28.30727],[95.4517,28.31098],[95.47792,28.2569],[95.54563,28.2871],[95.575016343000073,28.261054772000023],[95.56695,28.0526],[95.50679,27.95634],[95.52634,27.89313],[95.60688,27.95297],[96.00872,27.95745],[96.09044,28.10887],[96.07836,28.19172],[96.18601,28.17576],[96.2673,28.2447],[96.24865,28.29308]]]}},
{"type":"Feature","properties":{"shapeID":"76128533B18668117085772","shapeName":"Tawang"},"geometry":{"type":"Polygon","coordinates":[[[92.4475,27.81863],[92.30621,27.78916],[92.26884,27.86112],[92.22478,27.85858],[91.86033,27.70024],[91.81863,27.79493],[91.72078,27.78396],[91.57392,27.83108],[91.64024,27.75655],[91.5576,27.64368],[91.56049,27.57651],[91.63882,27.4754],[91.97079,27.4544],[92.02426,27.49827],[92.06685,27.49319],[92.127,27.56704],[92.18892,27.56501],[92.20841,27.63756],[92.3798,27.66514],[92.38909,27.74552],[92.4459,27.76919],[92.4475,27.81863]]]}},
{"type":"Feature","properties":{"shapeID":"76128533B17472905712757","shapeName":"Papum Pare"},"geometry":{"type":"Polygon","coordinates":[[[93.54349,27.61189],[93.44043,27.64916],[93.34708,27.64711],[93.28506,27.61103],[93.34679,27.57727],[93.30875,27.54146],[93.32852,27.46214],[93.40064,27.43139],[93.40649,27.3841],[93.30159,27.34719],[93.3079,27.31189],[93.24522,27.27132],[93.24574,27.22169],[93.2996,27.23436],[93.34182,27.19935],[93.25104,27.13836],[93.35866,27.10677],[93.42819,26.99231],[93.39152,26.95755],[93.46877,26.93629],[93.67625,26.96819],[93.77419,27.05941],[93.82871,27.06594],[93.80921,27.14884],[94.21112,27.49506],[94.18568,27.53394],[94.06135,27.47738],[93.9058,27.488],[93.82905,27.42093],[93.8065,27.32783],[93.77259,27.34927],[93.683,27.32202],[93.56584,27.42403],[93.63835,27.49324],[93.54349,27.61189]]]}},
{"type":"Feature","properties":{"shapeID":"76128533B91472319248603","shapeName":"Goalpara"},"geometry":{"type":"Polygon","coordinates":[[[90.65502,26.24158],[90.26009,26.16704],[90.1894,26.12026],[90.17948,25.9912],[90.12323,25.95788],[90.18565,25.94459],[90.368,26.01036],[90.43152,25.98906],[90.48018,26.01525],[90.53721,25.95799],[90.51524,25.89624],[90.58514,25.95973],[90.63162,25.93735],[90.62737,25.89883],[90.6886,25.95069],[90.74993,25.95717],[90.74479,25.91279],[90.78046,25.90812],[90.8123,25.95197],[90.94502,25.9473],[90.9696,25.88689],[91.03129,25.88771],[91.09072,26.02515],[90.93512,26.09783],[90.89372,26.05296],[90.86132,26.11325],[90.72115,26.132],[90.65502,26.24158]]]}},
{"type":"Feature","properties":{"shapeID":"76128533B40995085026980","shapeName":"Nalbari"},"geometry":{"type":"Polygon","coordinates":[[[91.29249,26.56195],[91.25257,26.53471],[91.2681,26.48729],[91.23434,26.42406],[91.25521,26.41757],[91.22324,26.38155],[91.26437,26.36112],[91.22923,26.28095],[91.23156,26.17723],[91.36116,26.18381],[91.43106,26.15044],[91.46704,26.31813],[91.53538,26.33374],[91.58685,26.56978],[91.38308,26.53055],[91.36555,26.46629],[91.29296,26.50087],[91.29249,26.56195]]]}},
{"type":"Feature","properties":{"shapeID":"76128533B25835998628545","shapeName":"Dhubri"},"geometry":{"type":"Polygon","coordinates":[[[90.37836,26.18166],[90.38087,26.22408],[90.48955,26.27165],[90.47607,26.33127],[90.41924,26.36288],[90.37557,26.32636],[90.35334,26.34092],[90.33424,26.37988],[90.35684,26.37457],[90.35675,26.41328],[90.28158,26.31999],[90.22045,26.32954],[90.2098,26.3626],[90.10146,26.32499],[90.16007,26.21852],[90.13291,26.19652],[90.04969,26.18825],[90.02149,26.2352],[89.90992,26.2071],[89.91775,26.15334],[89.8746,26.16388],[89.84739,26.25246],[89.90332,26.37686],[89.85806,26.42874],[89.83138,26.39658],[89.86031,26.38344],[89.7861,26.35341],[89.7627,26.28949],[89.72435,26.30829],[89.7415,26.27127],[89.70474,26.26102],[89.73279,26.23838],[89.70156,26.21614],[89.73601,26.21247],[89.7065,26.17733],[89.7381,26.17519],[89.72214,26.15931],[89.79709,26.08634],[89.77503,26.03827],[89.80867,26.04518],[89.82191,25.98826],[89.83926,26.0093],[89.85881,25.98225],[89.81437,25.94889],[89.88056,25.94461],[89.86319,25.8925],[90.083967163000068,26.047285774000045],[90.174524124000072,26.071451524000054],[90.1894,26.12026],[90.26009,26.16704],[90.37836,26.18166]]]}},
{"type":"Feature","properties":{"shapeID":"76128533B21722277889516","shapeName":"Sivasagar"},"geometry":{"type":"Polygon","coordinates":[[[94.832340656000042,27.094826134000073],[94.76015,27.13923],[94.77797,27.23877],[94.73858,27.20748],[94.74687,27.23538],[94.7136,27.24577],[94.4009,26.95179],[94.49649,26.87066],[94.58474,26.7258],[94.68545,26.72764],[94.80105,26.80096],[94.86859,26.90992],[94.948595029000046,26.968501697000079],[94.943137819000071,26.996040156000049],[94.84687572100006,26.936323834000063],[94.749935214000061,26.943348714000024],[94.825586674000078,27.008994965000056],[94.832340656000042,27.094826134000073]]]}},
{"type":"Feature","properties":{"shapeID":"76128533B23092176497025","shapeName":"Karimganj"},"geometry":{"type":"Polygon","coordinates":[[[92.4894,24.87591],[92.40013,24.84824],[92.29816,24.91599],[92.23523,24.90244],[92.29792,24.73639],[92.24914,24.65702],[92.22128,24.51369],[92.27195,24.38701],[92.21165,24.248],[92.4241,24.25045],[92.49588,24.35275],[92.52491,24.45612],[92.50617,24.70338],[92.58787,24.86226],[92.4894,24.87591]]]}},
{"type":"Feature","properties":{"shapeID":"76128533B8920527783032","shapeName":"Tinsukia"},"geometry":{"type":"Polygon","coordinates":[[[95.97719,27.96294],[95.57136,27.93761],[95.22182,27.64873],[95.27062,27.66107],[95.30384,27.60657],[95.21739,27.42049],[95.40372,27.39618],[95.44806,27.33645],[95.43873,27.36332],[95.4726,27.36449],[95.46622,27.30097],[95.4935,27.34234],[95.50538,27.34853],[95.51142,27.34949],[95.5194,27.31475],[95.44552,27.25247],[95.45642,27.23233],[95.47221,27.26303],[95.48983,27.24279],[95.53363,27.26464],[95.59784,27.22342],[95.80483,27.28518],[95.89648,27.25747],[96.01937,27.36433],[95.97642,27.42881],[95.91555,27.43663],[95.89172,27.3995],[95.88741,27.43761],[95.84811,27.42392],[95.88033,27.54701],[95.78635,27.61753],[95.79251,27.68654],[95.75772,27.72552],[95.97719,27.96294]]]}},
{"type":"Feature","properties":{"shapeID":"76128533B16749627383755","shapeName":"Hailakandi"},"geometry":{"type":"Polygon","coordinates":[[[92.42089,24.25144],[92.43585,24.14969],[92.46431,24.13304],[92.52796,24.17297],[92.54899,24.24401],[92.61135,24.25382],[92.6226,24.33062],[92.68994,24.35425],[92.77942,24.55992],[92.67557,24.5816],[92.67978,24.62912],[92.64929,24.61141],[92.64358,24.71879],[92.68342,24.80687],[92.62878,24.82235],[92.60089,24.87842],[92.50617,24.70338],[92.51342,24.39248],[92.42089,24.25144]]]}},
{"type":"Feature","properties":{"shapeID":"76128533B56012535339305","shapeName":"Chirang"},"geometry":{"type":"Polygon","coordinates":[[[90.95812,26.78353],[90.65286,26.77409],[90.44523,26.88276],[90.43041,26.73162],[90.36804,26.62202],[90.41706,26.49655],[90.45048,26.46668],[90.51882,26.4708],[90.53632,26.42576],[90.55628,26.47131],[90.58281,26.44804],[90.55749,26.49882],[90.62773,26.50165],[90.63209,26.55032],[90.74103,26.49511],[90.82696,26.52826],[90.84789,26.56065],[90.81923,26.56831],[90.87216,26.60254],[90.95812,26.78353]]]}},
{"type":"Feature","properties":{"shapeID":"76128533B50650763703739","shapeName":"Dhemaji"},"geometry":{"type":"Polygon","coordinates":[[[95.46773,27.86248],[95.38449,27.83742],[95.31684,27.86671],[94.86643,27.74177],[94.83987,27.69971],[94.46036,27.55429],[94.43178,27.59976],[94.36825,27.5735],[94.27694,27.59027],[94.25326,27.63795],[94.21213,27.60789],[94.30684,27.41191],[94.29868,27.38664],[94.24747,27.38997],[94.3042,27.31979],[94.39181,27.35944],[94.44857,27.31338],[94.51377,27.35311],[94.51532,27.24183],[94.54274,27.22254],[94.61282,27.32945],[94.66504,27.34914],[94.69175,27.41897],[94.74521,27.43506],[94.89522,27.58442],[95.22182,27.64873],[95.46773,27.86248]]]}},
{"type":"Feature","properties":{"shapeID":"76128533B17968019348564","shapeName":"Morigaon"},"geometry":{"type":"Polygon","coordinates":[[[92.44144,26.48476],[92.16394,26.41709],[92.0444,26.27564],[91.98319,26.27505],[91.95799,26.23166],[92.16919,26.16357],[92.18133,26.0671],[92.312982620000071,26.074505360000046],[92.40113,26.13838],[92.4013,26.13878],[92.401558229134224,26.139406279854249],[92.40217,26.14089],[92.4024,26.14145],[92.40319,26.1434],[92.40618,26.15057],[92.4314,26.23513],[92.43723,26.24318],[92.54544,26.27452],[92.53926,26.32419],[92.58243,26.37033],[92.44083,26.40527],[92.44144,26.48476]],[[92.401558229134224,26.139406279854249],[92.401503096000056,26.139396995000027],[92.406180089000031,26.15075310800006],[92.401558229134224,26.139406279854249]]]}},
{"type":"Feature","properties":{"shapeID":"76128533B38548995376745","shapeName":"Karbi Anglong East"},"geometry":{"type":"Polygon","coordinates":[[[93.68647,25.90571],[93.8053,25.98287],[93.79487,26.02065],[93.89834,26.32278],[93.89347,26.37251],[93.84066,26.39849],[93.77582,26.3841],[93.80126,26.41028],[93.73364,26.59371],[93.40173,26.55034],[93.36823,26.58157],[93.25264,26.5683],[93.23979,26.54935],[93.2778,26.54217],[93.27107,26.52746],[93.29392,26.51757],[93.29384,26.50251],[93.23615,26.53539],[93.21806,26.50739],[93.19624,26.5357],[93.16543,26.52186],[93.21262,26.55623],[93.18794,26.56766],[93.11973,26.52925],[93.04575,26.53561],[93.01119,26.4823],[93.09187,26.50023],[93.06665,26.4777],[93.10459,26.46008],[93.12722,26.49735],[93.11761,26.44076],[92.90399,26.39941],[92.88407,26.37955],[92.92766,26.38056],[92.91284,26.35746],[92.94282,26.32686],[92.88311,26.28573],[92.84897,26.30449],[92.82782,26.22375],[92.79831,26.22172],[92.94306,26.20098],[92.93297,26.14127],[93.107,26.07523],[93.09517,26.03221],[93.15888,25.99068],[93.249999408000065,25.807871309000063],[93.221641617000046,25.72552052900005],[93.14384,25.71317],[93.13208,25.68402],[93.19,25.62918],[93.17179,25.59558],[93.21361,25.54332],[93.32127,25.53],[93.42627,25.62807],[93.49862,25.65302],[93.57198,25.7572],[93.70416,25.84482],[93.68647,25.90571]]]}},
{"type":"Feature","properties":{"shapeID":"76128533B85627242103654","shapeName":"Lakhimpur"},"geometry":{"type":"Polygon","coordinates":[[[93.69876,26.9919],[93.7435,26.95846],[93.7491,26.89435],[93.78815,26.8848],[93.77484,26.79231],[93.96257,26.92615],[94.02557,26.9301],[94.0832,26.99918],[94.13391,26.96935],[94.18087,26.99725],[94.2661,27.09228],[94.31274,27.07006],[94.48339,27.13769],[94.50835,27.12047],[94.548027248000039,27.179148809000026],[94.51532,27.24183],[94.52721,27.33926],[94.44642,27.31362],[94.39181,27.35944],[94.3042,27.31979],[94.24747,27.38997],[94.30476,27.39618],[94.27958,27.50203],[94.19207,27.49324],[93.80921,27.14884],[93.83086,27.06812],[93.77419,27.05941],[93.69876,26.9919]]]}},
{"type":"Feature","properties":{"shapeID":"76128533B46490409917345","shapeName":"Bongaigaon"},"geometry":{"type":"Polygon","coordinates":[[[90.37836,26.18166],[90.73261,26.25771],[90.73327,26.29563],[90.80202,26.30606],[90.82051,26.36576],[90.86037,26.36181],[90.86134,26.43393],[90.81755,26.43186],[90.80634,26.47877],[90.85294,26.49904],[90.8457,26.54294],[90.74103,26.49511],[90.63209,26.55032],[90.62773,26.50165],[90.55749,26.49882],[90.58393,26.45622],[90.58281,26.44804],[90.55628,26.47131],[90.53632,26.42576],[90.51882,26.4708],[90.41352,26.44567],[90.42016,26.34216],[90.47506,26.33254],[90.48955,26.27165],[90.38087,26.22408],[90.37836,26.18166]]]}},
{"type":"Feature","properties":{"shapeID":"76128533B8221925175605","shapeName":"Baksa"},"geometry":{"type":"Polygon","coordinates":[[[91.38308,26.53055],[91.61076,26.57644],[91.61751,26.45772],[91.67901,26.44202],[91.7269,26.48747],[91.77859,26.46969],[91.78532,26.53666],[91.74152,26.60132],[91.70674,26.81108],[91.49551,26.78914],[91.40504,26.83458],[91.33924,26.77913],[91.09235,26.81806],[91.05723,26.7791],[90.95812,26.78353],[90.87537,26.64281],[90.92887,26.61589],[90.92046,26.54695],[90.98856,26.56881],[90.97427,26.51333],[91.01462,26.56461],[91.13423,26.55309],[91.13854,26.66016],[91.20002,26.60135],[91.26677,26.62014],[91.2415,26.58824],[91.29306,26.58021],[91.29296,26.50087],[91.36555,26.46629],[91.38308,26.53055]]]}},
{"type":"Feature","properties":{"shapeID":"76128533B13437137070957","shapeName":"Nagaon"},"geometry":{"type":"MultiPolygon","coordinates":[[[[93.29716,26.69854],[93.11417,26.57466],[92.95235,26.61862],[92.85206,26.58388],[92.825,26.54367],[92.77156,26.54903],[92.75437,26.51191],[92.72575,26.53535],[92.57973,26.5002],[92.42366,26.51694],[92.44083,26.40527],[92.58282,26.37282],[92.53926,26.32419],[92.54544,26.27452],[92.4314,26.23513],[92.404856679957163,26.117930801312735],[92.52171,26.15037],[92.52217,26.1019],[92.574502030000076,26.114002583000058],[92.594350636000058,26.025884111000039],[92.55909,25.96424],[92.669485092000059,26.028119676000074],[92.71274,26.01831],[92.739717993000056,26.090600421000033],[92.705994712000063,26.141714725000043],[92.765045979000035,26.147298546000059],[92.84897,26.30449],[92.88311,26.28573],[92.94282,26.32686],[92.91284,26.35746],[92.92766,26.38056],[92.88477,26.38198],[93.11761,26.44076],[93.12722,26.49735],[93.10459,26.46008],[93.06665,26.4777],[93.09187,26.50023],[93.01119,26.4823],[93.04575,26.53561],[93.11973,26.52925],[93.18794,26.56766],[93.21262,26.55623],[93.16543,26.52186],[93.19624,26.5357],[93.21806,26.50739],[93.23615,26.53539],[93.29829,26.50385],[93.23842,26.55185],[93.30509,26.58077],[93.28709,26.6351],[93.32038,26.67901],[93.29716,26.69854]]],[[[92.43064,26.11051],[92.430621059000032,26.110579217000065],[92.42517,26.115],[92.43064,26.11051]]]]}},
{"type":"Feature","properties":{"shapeID":"76128533B26964150246712","shapeName":"Cachar"},"geometry":{"type":"Polygon","coordinates":[[[92.4894,24.87591],[92.60089,24.87842],[92.62878,24.82235],[92.68342,24.80687],[92.64358,24.71879],[92.64929,24.61141],[92.67412,24.62675],[92.68375,24.62667],[92.66865,24.59142],[92.70366,24.56432],[92.73751,24.58705],[92.77908,24.56958],[92.75798,24.51889],[92.82708,24.37533],[92.90956,24.4103],[93.01386,24.39972],[93.037,24.40827],[93.05911,24.57193],[93.10491,24.58056],[93.07342,24.59329],[93.10275,24.67234],[93.07397,24.70746],[93.10796,24.80674],[93.19113,24.80307],[93.2614,24.96293],[93.06195,25.00229],[93.01638,25.06146],[93.04276,25.10324],[92.84006,25.05343],[92.73224,25.14318],[92.7249,25.11241],[92.48363,25.10617],[92.46526,25.05529],[92.40066,25.03586],[92.43131,25.02757],[92.41908,24.96734],[92.48855,24.94882],[92.4894,24.87591]]]}},
{"type":"Feature","properties":{"shapeID":"76128533B96719327593873","shapeName":"Darrang"},"geometry":{"type":"Polygon","coordinates":[[[92.44144,26.48476],[92.44172,26.52828],[92.37729,26.54361],[92.32875,26.62629],[92.27514,26.61865],[92.25715,26.57104],[92.18594,26.66711],[92.11129,26.63361],[92.06687,26.66249],[92.02492,26.60237],[92.05556,26.54932],[92.09586,26.55604],[92.08875,26.47662],[92.01888,26.55628],[91.93617,26.5717],[91.78349,26.4957],[91.82315,26.33211],[91.74899,26.21072],[91.87673,26.21579],[91.98319,26.27505],[92.03169,26.27002],[92.16394,26.41709],[92.44144,26.48476]]]}},
{"type":"Feature","properties":{"shapeID":"76128533B66682530790248","shapeName":"Kamrup"},"geometry":{"type":"Polygon","coordinates":[[[91.09964,26.00945],[91.00279,25.82195],[91.1983,25.85856],[91.18167,25.7759],[91.19366,25.72915],[91.2255,25.72297],[91.27723,25.74644],[91.33521,25.83828],[91.44589,25.84037],[91.52684,25.87216],[91.47626,25.87054],[91.5217,26.04826],[91.57378,26.0441],[91.59461,26.1302],[91.67826,26.11392],[91.63796,26.12826],[91.64377,26.18893],[91.75993,26.19989],[91.78556,26.30485],[91.82087,26.32501],[91.78349,26.4957],[91.77625,26.46637],[91.7269,26.48747],[91.64872,26.44297],[91.60592,26.47597],[91.61076,26.57644],[91.58608,26.56285],[91.53538,26.33374],[91.46704,26.31813],[91.43106,26.15044],[91.36116,26.18381],[91.23569,26.18237],[91.09288,26.16401],[90.93806,26.09399],[91.09964,26.00945]]]}},
{"type":"Feature","properties":{"shapeID":"76128533B57825981663822","shapeName":"Dibrugarh"},"geometry":{"type":"Polygon","coordinates":[[[95.37136,27.09577],[95.45972,27.13419],[95.45783,27.20834],[95.48983,27.24279],[95.44552,27.25247],[95.52008,27.3335],[95.4935,27.34234],[95.46622,27.30097],[95.4726,27.36449],[95.43873,27.36332],[95.44806,27.33645],[95.40372,27.39618],[95.21739,27.42049],[95.30384,27.60657],[95.27062,27.66107],[94.89522,27.58442],[94.74521,27.43506],[94.69175,27.41897],[94.66504,27.34914],[94.61282,27.32945],[94.54291,27.22264],[94.59448,27.13392],[94.70142,27.23988],[94.74687,27.23538],[94.73858,27.20748],[94.77385,27.2418],[94.75648,27.15106],[94.81913,27.1143],[94.81542,27.08679],[94.95263,27.20272],[94.98692,27.1369],[95.06766,27.12312],[95.23509,27.19546],[95.31458,27.19461],[95.357752540000035,27.167726807000065],[95.37136,27.09577]]]}},
{"type":"Feature","properties":{"shapeID":"76128533B47772746709007","shapeName":"Barpeta"},"geometry":{"type":"Polygon","coordinates":[[[90.89372,26.05296],[91.09288,26.16401],[91.24115,26.18093],[91.22684,26.26249],[91.26391,26.36787],[91.22324,26.38155],[91.25521,26.41757],[91.23434,26.42406],[91.2681,26.48729],[91.25257,26.53471],[91.29612,26.56943],[91.2415,26.58824],[91.26677,26.62014],[91.20002,26.60135],[91.13854,26.66016],[91.13423,26.55309],[91.01462,26.56461],[90.98435,26.51333],[90.98856,26.56881],[90.92046,26.54695],[90.93139,26.61001],[90.89946,26.63161],[90.81923,26.56831],[90.84789,26.56065],[90.85408,26.50197],[90.80864,26.4999],[90.81199,26.43914],[90.86134,26.43393],[90.86037,26.36181],[90.82051,26.36576],[90.80369,26.30701],[90.76163,26.31313],[90.72103,26.2821],[90.73511,26.25925],[90.65463,26.23663],[90.72115,26.132],[90.86132,26.11325],[90.89372,26.05296]]]}},
{"type":"Feature","properties":{"shapeID":"76128533B41005496708834","shapeName":"Sonitpur"},"geometry":{"type":"Polygon","coordinates":[[[92.36639,26.93141],[92.33383,26.83549],[92.3297,26.74103],[92.35829,26.72755],[92.33401,26.66963],[92.35921,26.6602],[92.37676,26.69925],[92.38921,26.65228],[92.41694,26.65002],[92.35695,26.57192],[92.46588,26.49771],[92.68649,26.50879],[92.72575,26.53535],[92.75437,26.51191],[92.77156,26.54903],[92.825,26.54367],[92.92811,26.61657],[93.11417,26.57466],[93.16077,26.59897],[93.089438028000075,26.721355270000061],[93.062438523000083,26.919727306000027],[93.02053,26.9148],[92.87392,27.00592],[92.66071,27.03699],[92.64718,26.9859],[92.58687,26.96079],[92.36639,26.93141]]]}},
{"type":"Feature","properties":{"shapeID":"76128533B20307518801538","shapeName":"Udalguri"},"geometry":{"type":"Polygon","coordinates":[[[92.10413,26.88634],[92.04772,26.8465],[91.86029,26.91317],[91.80445,26.85123],[91.70674,26.81108],[91.78742,26.50128],[91.85334,26.50857],[91.93617,26.5717],[92.01888,26.55628],[92.08875,26.47662],[92.09586,26.55604],[92.05556,26.54932],[92.02492,26.60237],[92.06687,26.66249],[92.11129,26.63361],[92.18594,26.66711],[92.25715,26.57104],[92.28254,26.62235],[92.32875,26.62629],[92.37223,26.58437],[92.41864,26.64379],[92.37676,26.69925],[92.35921,26.6602],[92.33401,26.66963],[92.35829,26.72755],[92.3297,26.74103],[92.33383,26.83549],[92.36639,26.93141],[92.10413,26.88634]]]}},
{"type":"Feature","properties":{"shapeID":"76128533B55519385298440","shapeName":"Golaghat"},"geometry":{"type":"Polygon","coordinates":[[[93.77179,25.96216],[93.79429,25.81035],[93.97783,25.91538],[93.95349,26.00315],[94.00359,26.16912],[94.10693,26.32217],[94.17813,26.34649],[94.13688,26.35013],[94.11715,26.39994],[94.1161,26.55611],[94.07766,26.57757],[94.09587,26.64544],[94.04885,26.67565],[94.04821,26.73932],[93.991239940000071,26.766400218000058],[93.87699,26.72305],[93.763444099000083,26.784036357000048],[93.64892,26.78594],[93.69383,26.73174],[93.68276,26.706],[93.50975,26.76054],[93.35803,26.73767],[93.30792,26.6983],[93.29965,26.57402],[93.3913,26.57801],[93.40173,26.55034],[93.73364,26.59371],[93.80126,26.41028],[93.77582,26.3841],[93.84066,26.39849],[93.89347,26.37251],[93.8053,25.98287],[93.77179,25.96216]]]}},
{"type":"Feature","properties":{"shapeID":"76128533B38230828972906","shapeName":"Kamrup Metropolitan"},"geometry":{"type":"Polygon","coordinates":[[[91.95482,26.25392],[91.7306,26.18169],[91.64377,26.18893],[91.63796,26.12826],[91.67826,26.11392],[91.59461,26.1302],[91.57378,26.0441],[91.5217,26.04826],[91.48731,25.89214],[91.53282,25.92298],[91.50316,25.92004],[91.57744,26.03229],[91.63367,26.02157],[91.61256,25.93911],[91.67062,25.90452],[91.72149,25.95315],[91.73269,26.05829],[91.82072,26.11774],[91.8771,26.09666],[91.8716,26.05113],[91.92321,25.9984],[92.17923,26.07811],[92.16919,26.16357],[92.04734,26.21358],[91.99874,26.20465],[91.95482,26.25392]]]}},
{"type":"Feature","properties":{"shapeID":"76128533B66125202864966","shapeName":"Dima Hasao"},"geometry":{"type":"Polygon","coordinates":[[[93.13782,25.66912],[93.1077,25.77446],[93.009721167000066,25.791782549000061],[92.9914,25.82352],[92.969710770000063,25.784277920000079],[92.96192,25.81723],[92.92088,25.771],[92.82107,25.74019],[92.74955,25.60041],[92.66037,25.57972],[92.56702,25.46547],[92.59776,25.4696],[92.60862,25.41448],[92.65376,25.43321],[92.78362,25.3299],[92.76377,25.24702],[92.80346,25.21692],[92.66606,25.17488],[92.62078,25.11559],[92.52398,25.13807],[92.54218,25.09762],[92.7249,25.11241],[92.73224,25.14318],[92.84006,25.05343],[93.04276,25.10324],[93.01638,25.06146],[93.06195,25.00229],[93.25106,24.9719],[93.24706,25.01556],[93.33398,25.09245],[93.38702,25.24247],[93.4723,25.30567],[93.45024,25.34064],[93.47658,25.37629],[93.45534,25.43843],[93.39449,25.46072],[93.35105,25.53426],[93.21145,25.54428],[93.17179,25.59558],[93.19,25.62918],[93.13782,25.66912]]]}},
{"type":"Feature","properties":{"shapeID":"76128533B91480770176940","shapeName":"Kokrajhar"},"geometry":{"type":"Polygon","coordinates":[[[90.41924,26.36288],[90.41263,26.44377],[90.45335,26.46281],[90.36804,26.62202],[90.43041,26.73162],[90.42628,26.89804],[90.3593,26.896],[90.30575,26.84815],[90.21916,26.85364],[90.19299,26.77054],[90.13214,26.74902],[89.86298,26.73126],[89.88184,26.58429],[89.85806,26.42874],[89.90368,26.36171],[89.84739,26.25246],[89.8746,26.16388],[89.91775,26.15334],[89.90992,26.2071],[90.02149,26.2352],[90.04969,26.18825],[90.15027,26.20763],[90.10146,26.32499],[90.14253,26.34958],[90.2098,26.3626],[90.22045,26.32954],[90.28158,26.31999],[90.35076,26.41377],[90.35805,26.37691],[90.33415,26.37707],[90.36428,26.3322],[90.41924,26.36288]]]}},
{"type":"Feature","properties":{"shapeID":"76128533B334793883930","shapeName":"Jorhat"},"geometry":{"type":"MultiPolygon","coordinates":[[[[94.402420590000077,26.947745206000036],[94.296578647000047,26.871672034000028],[94.018362762000038,26.832062379000035],[93.990366961000063,26.777944956000056],[94.04821,26.73932],[94.04885,26.67565],[94.09587,26.64544],[94.07243,26.59692],[94.1161,26.55611],[94.09813,26.49173],[94.13688,26.35013],[94.16652,26.349],[94.18556,26.45626],[94.28133,26.5592],[94.31535,26.45843],[94.39832,26.52773],[94.40685,26.60981],[94.46145,26.63086],[94.46353,26.66294],[94.60359,26.71241],[94.49649,26.87066],[94.402420590000077,26.947745206000036]]],[[[94.419802574000073,26.969845517000067],[94.402045244000078,26.960211360000073],[94.401403932000051,26.959309175000044],[94.40201,26.96009],[94.419802574000073,26.969845517000067]]]]}},
{"type":"Feature","properties":{"shapeID":"76128533B83105693975079","shapeName":"Yanam"},"geometry":{"type":"Polygon","coordinates":[[[82.31896,16.58735],[82.26708,16.71586],[82.30945,16.70127],[82.30903,16.74259],[82.24027,16.7422],[82.21822,16.72585],[82.31896,16.58735]]]}},
{"type":"Feature","properties":{"shapeID":"76128533B62624361588317","shapeName":"Karaikal"},"geometry":{"type":"Polygon","coordinates":[[[79.8549,10.98524],[79.8008,10.98848],[79.79268,10.89594],[79.8365,10.87966],[79.81475,10.8638],[79.84308,10.82476],[79.8549,10.98524]]]}},
{"type":"Feature","properties":{"shapeID":"76128533B29873478326363","shapeName":"Puducherry"},"geometry":{"type":"MultiPolygon","coordinates":[[[[79.84052,11.95621],[79.81604,11.98698],[79.75719,11.94681],[79.7264,11.97544],[79.76371,11.99692],[79.74535,12.00856],[79.69447,11.95559],[79.74064,11.90902],[79.71489,11.89443],[79.69949,11.92197],[79.69094,11.89456],[79.71877,11.85646],[79.76217,11.87587],[79.76573,11.83968],[79.77955,11.8563],[79.80896,11.83676],[79.84052,11.95621]],[[79.77215,11.88405],[79.79636,11.8981],[79.78486,11.86312],[79.77215,11.88405]]],[[[79.80128,10.98859],[79.76761,11.00808],[79.77704,10.95996],[79.7322,10.97364],[79.76722,10.8966],[79.81072,10.90737],[79.80128,10.98859]]],[[[79.8073,11.83132],[79.73713,11.84377],[79.71819,11.79071],[79.79694,11.78889],[79.8073,11.83132]]],[[[79.63639,12.0263],[79.61596,11.98593],[79.62866,11.90046],[79.6707,11.92904],[79.64275,11.94349],[79.63639,12.0263]]],[[[79.88599,12.06463],[79.84569,12.07517],[79.83485,12.02047],[79.8623,12.0171],[79.88599,12.06463]]],[[[79.69781,12.03343],[79.65887,12.01161],[79.65684,11.99016],[79.71781,11.99074],[79.69781,12.03343]]],[[[79.62315,11.89007],[79.60242,11.85713],[79.65817,11.85231],[79.66237,11.86639],[79.62315,11.89007]]],[[[79.67181,11.82249],[79.64108,11.82314],[79.66366,11.81197],[79.67181,11.82249]]],[[[79.68707,11.96765],[79.66205,11.96796],[79.65267,11.95649],[79.67622,11.94802],[79.68707,11.96765]]],[[[79.67978,11.7968],[79.68842,11.81199],[79.67642,11.8139],[79.67978,11.7968]]],[[[79.77855,12.01761],[79.79351,12.02174],[79.77802,12.02832],[79.77855,12.01761]]],[[[79.70418,11.81389],[79.69498,11.82227],[79.69334,11.81424],[79.70418,11.81389]]]]}},
{"type":"Feature","properties":{"shapeID":"76128533B41246169049488","shapeName":"Mahe"},"geometry":{"type":"MultiPolygon","coordinates":[[[[75.55577,11.72131],[75.53355,11.75853],[75.53177,11.70822],[75.55577,11.72131]]],[[[75.52977,11.70186],[75.54459,11.70421],[75.5408,11.70927],[75.52977,11.70186]]]]}},
{"type":"Feature","properties":{"shapeID":"76128533B97836280165555","shapeName":"Lunglei"},"geometry":{"type":"Polygon","coordinates":[[[92.893440358000078,22.977703330000054],[92.81969,23.25102],[92.71386,23.25241],[92.69523,23.19802],[92.66204,23.37121],[92.57324,23.3927],[92.52984,23.36004],[92.44946,23.38876],[92.44878,23.29765],[92.35352,23.22898],[92.35786,23.10328],[92.39221,23.05647],[92.37143,22.9362],[92.45033,22.89402],[92.4738,22.74691],[92.57905,22.74349],[92.75874,22.50143],[92.79445,22.62075],[92.91169,22.54973],[92.93501,22.64316],[92.89835,22.7343],[92.90988,22.79069],[92.853315509000083,22.864740923000056],[92.893440358000078,22.977703330000054]]]}},
{"type":"Feature","properties":{"shapeID":"76128533B38141181853016","shapeName":"Kolasib"},"geometry":{"type":"Polygon","coordinates":[[[92.5119,24.17177],[92.5219,24.01393],[92.57121,24.06064],[92.61929,24.0174],[92.60409,23.9284],[92.6396,23.89942],[92.61705,23.87103],[92.63949,23.82808],[92.78985,23.8468],[92.80255,23.97755],[92.89657,24.19574],[92.8593,24.26045],[92.88976,24.39922],[92.82708,24.37533],[92.76351,24.51852],[92.68867,24.35235],[92.6226,24.33062],[92.60986,24.25134],[92.54899,24.24401],[92.5119,24.17177]]]}},
{"type":"Feature","properties":{"shapeID":"76128533B70210707786180","shapeName":"Lawngtlai"},"geometry":{"type":"MultiPolygon","coordinates":[[[[92.4938,22.74288],[92.59094,22.25484],[92.59999,22.15649],[92.56555,22.13338],[92.61417,21.98601],[92.67784,22.01722],[92.69201,22.1655],[92.84435,22.0699],[92.8177,22.33674],[92.85353,22.32277],[92.90766,22.3923],[92.93351,22.37047],[92.95061,22.38961],[92.92284,22.52636],[92.87952,22.57811],[92.79445,22.62075],[92.75874,22.50143],[92.57905,22.74349],[92.4938,22.74288]]],[[[92.92612,22.61995],[92.98104,22.58895],[93.03314,22.46397],[93.07017,22.54244],[93.10441,22.53752],[93.14128,22.59121],[93.08863,22.67998],[93.09458,22.78711],[93.06353,22.80777],[93.0386,22.75702],[93.00357,22.77923],[92.96821,22.75976],[92.90636,22.8014],[92.92612,22.61995]]]]}},
{"type":"Feature","properties":{"shapeID":"76128533B35468154415031","shapeName":"Saiha"},"geometry":{"type":"Polygon","coordinates":[[[92.91169,22.54973],[92.94667,22.37562],[92.90929,22.3932],[92.85353,22.32277],[92.81751,22.3359],[92.83598,22.09652],[92.9061,21.9601],[92.95068,22.0372],[93.00695,21.99365],[93.00373,22.10583],[93.05752,22.10848],[93.04321,22.19751],[93.1565,22.17317],[93.14101,22.2325],[93.1998,22.24705],[93.20374,22.28521],[93.18789,22.42036],[93.12558,22.46028],[93.10441,22.53752],[93.07017,22.54244],[93.03132,22.46345],[92.98104,22.58895],[92.93561,22.61915],[92.91169,22.54973]]]}},
{"type":"Feature","properties":{"shapeID":"76128533B39039541714099","shapeName":"Champhai"},"geometry":{"type":"MultiPolygon","coordinates":[[[[93.030868263000059,23.341135062000035],[92.98406,23.30183],[92.98919,23.26596],[93.14841,23.22589],[93.15975,23.09344],[93.21303,23.02091],[93.29288,23.00421],[93.35326,23.05604],[93.34849,23.1051],[93.37984,23.12975],[93.356984561000047,23.315733957000077],[93.270111200000031,23.328698459000066],[93.248875578000082,23.389739267000039],[93.200293224000063,23.333483468000054],[93.029110658000036,23.314861946000065],[93.030868263000059,23.341135062000035]]],[[[93.246531162000053,23.729651976000071],[93.274933321000049,23.452113829000041],[93.305206011000053,23.420336906000045],[93.382754841000065,23.421687157000065],[93.42703,23.65532],[93.38084,23.74179],[93.39042,23.90951],[93.346572422000065,23.920118356000046],[93.336666659000059,23.800252722000039],[93.246531162000053,23.729651976000071]]]]}},
{"type":"Feature","properties":{"shapeID":"76128533B49456368048033","shapeName":"Serchhip"},"geometry":{"type":"Polygon","coordinates":[[[92.85757,23.16523],[92.90614,23.19455],[92.94367,23.10573],[93.1151,23.00242],[93.12241,23.0553],[93.17829,23.05993],[93.13416,23.18432],[93.14841,23.22589],[93.01835,23.24037],[92.98134,23.28336],[93.03099,23.34129],[93.03545,23.46511],[92.93031,23.53689],[92.82218,23.5473],[92.77954,23.53592],[92.76368,23.47379],[92.81569,23.42684],[92.83042,23.34037],[92.78028,23.31733],[92.71136,23.33946],[92.67235,23.29167],[92.69523,23.19802],[92.71386,23.25241],[92.81969,23.25102],[92.85757,23.16523]]]}},
{"type":"Feature","properties":{"shapeID":"76128533B34203923268864","shapeName":"Aizawl"},"geometry":{"type":"Polygon","coordinates":[[[92.89242,24.39274],[92.8593,24.26045],[92.89657,24.19574],[92.80255,23.97755],[92.79425,23.852],[92.63949,23.82808],[92.60465,23.79289],[92.64518,23.69415],[92.61409,23.6444],[92.6554,23.59857],[92.62076,23.51048],[92.67663,23.31994],[92.83105,23.34149],[92.81569,23.42684],[92.76406,23.47052],[92.78746,23.54235],[92.93031,23.53689],[93.01153,23.48568],[93.03041,23.50344],[93.0133,23.74559],[92.969663793000052,23.873097446000031],[92.98890490000008,24.027007838000031],[92.95728,24.10971],[93.02273,24.18167],[93.01261,24.25897],[93.04271,24.31712],[93.00434,24.40913],[92.89242,24.39274]]]}},
{"type":"Feature","properties":{"shapeID":"76128533B77336742344288","shapeName":"Mamit"},"geometry":{"type":"Polygon","coordinates":[[[92.29999,24.25054],[92.32532,23.91087],[92.31294,23.86354],[92.26817,23.84635],[92.25496,23.76508],[92.29022,23.7028],[92.27324,23.64234],[92.31749,23.47157],[92.3804,23.3555],[92.36421,23.32301],[92.42243,23.25722],[92.45973,23.32023],[92.45059,23.38952],[92.52984,23.36004],[92.5681,23.39295],[92.65041,23.38083],[92.61981,23.52053],[92.6554,23.59857],[92.61409,23.6444],[92.64493,23.69684],[92.60465,23.79253],[92.63949,23.82808],[92.61705,23.87103],[92.6396,23.89942],[92.60409,23.9284],[92.61901,24.01802],[92.57121,24.06064],[92.5219,24.01393],[92.51444,24.17087],[92.46431,24.13304],[92.41744,24.19272],[92.42089,24.25144],[92.29999,24.25054]]]}},
{"type":"Feature","properties":{"shapeID":"76128533B59855617266389","shapeName":"Chandel"},"geometry":{"type":"Polygon","coordinates":[[[94.101844170000049,24.420780357000069],[93.96988,24.49019],[93.90109,24.3516],[93.92206,24.23542],[93.87701,24.23989],[93.87215,24.28981],[93.86827,24.21627],[93.77289,24.12517],[93.74344,24.00021],[93.80873,23.92586],[93.93616,23.95368],[94.04094,23.91449],[94.0497,23.88576],[94.09678,23.88858],[94.14207,23.83245],[94.265005193000036,24.09792380500005],[94.20228811000004,24.12765659400003],[94.202612966000061,24.250461357000063],[94.154559321000079,24.303339945000062],[94.150372271000037,24.36888170900005],[94.101844170000049,24.420780357000069]]]}},
{"type":"Feature","properties":{"shapeID":"76128533B11421856387892","shapeName":"Tamenglong"},"geometry":{"type":"Polygon","coordinates":[[[93.21237,24.85874],[93.23531,24.83405],[93.21335,24.78593],[93.16298,24.77326],[93.13203,24.70362],[93.251880010000036,24.66299960300006],[93.339996328000041,24.72434830900005],[93.322485270000072,24.739443943000026],[93.36047562300007,24.805962871000077],[93.412498860000085,24.831775714000059],[93.545039161000034,24.810266527000067],[93.57489780700007,24.842222001000039],[93.680258570000035,24.794534057000078],[93.72142,24.81729],[93.71291,24.91366],[93.77081,24.96668],[93.79152,25.08228],[93.7664,25.16788],[93.92791,25.29293],[93.88495,25.33442],[93.91829,25.3928],[93.80238,25.45833],[93.67022,25.32766],[93.59601,25.18842],[93.5394,25.23634],[93.48913,25.23327],[93.45347,25.29079],[93.42473,25.27754],[93.30278,25.04465],[93.24706,25.01556],[93.26052,24.9481],[93.21237,24.85874]]]}},
{"type":"Feature","properties":{"shapeID":"76128533B44190672061408","shapeName":"Ukhrul"},"geometry":{"type":"Polygon","coordinates":[[[94.68116,25.43172],[94.57064,25.50513],[94.56892,25.5968],[94.60425,25.6503],[94.57993,25.64785],[94.57654,25.68936],[94.48572,25.59947],[94.3142,25.26914],[94.21266,25.20996],[94.12185,25.1034],[94.168932161000043,24.926468357000033],[94.330567302000077,24.990846515000044],[94.507538281000052,25.015634908000038],[94.614970537000033,25.093184207000036],[94.739895515000057,25.109003335000068],[94.58535,25.2172],[94.64166,25.39658],[94.68116,25.43172]]]}},
{"type":"Feature","properties":{"shapeID":"76128533B14403163214152","shapeName":"Bishnupur"},"geometry":{"type":"Polygon","coordinates":[[[93.86213,24.31525],[93.86621,24.58466],[93.79641,24.6098],[93.79264,24.65506],[93.8713,24.65609],[93.88309,24.69137],[93.85205,24.72639],[93.75546,24.72785],[93.70888,24.4321],[93.74164,24.39784],[93.8152,24.40572],[93.79105,24.38804],[93.81423,24.35682],[93.83885,24.37054],[93.86213,24.31525]]]}},
{"type":"Feature","properties":{"shapeID":"76128533B50969226102213","shapeName":"Churachandpur"},"geometry":{"type":"MultiPolygon","coordinates":[[[[93.368217626000046,24.085408757000039],[93.36777,24.08574],[93.367621092000036,24.085340657000074],[93.368217626000046,24.085408757000039]]],[[[93.86827,24.21627],[93.83885,24.37054],[93.81423,24.35682],[93.79105,24.38804],[93.8152,24.40572],[93.74164,24.39784],[93.70888,24.4321],[93.73338,24.62727],[93.56833,24.58192],[93.42999,24.63405],[93.39814,24.60815],[93.412867510000069,24.516997864000075],[93.355927033000057,24.411483100000055],[93.495934251000051,24.381903506000072],[93.505007807000084,24.351158088000034],[93.495282060000079,24.277186785000026],[93.412784658000078,24.205146142000046],[93.383586552000054,24.08473508000003],[93.49144,23.93668],[93.55364,23.97588],[93.5849,23.95349],[93.62277,24.00501],[93.74276,23.99885],[93.77289,24.12517],[93.86827,24.21627]]]]}},
{"type":"Feature","properties":{"shapeID":"76128533B44197302080139","shapeName":"Thoubal"},"geometry":{"type":"Polygon","coordinates":[[[94.12965,24.62696],[94.1033,24.66489],[94.15931,24.72464],[94.12322,24.74533],[94.01334,24.66218],[94.01697,24.69038],[93.96347,24.68462],[93.9744,24.71891],[93.89925,24.69093],[93.93064,24.6418],[93.88749,24.60776],[93.947645186000045,24.534817917000055],[94.031648358000041,24.512717463000058],[94.04576,24.5459],[94.099,24.5183],[94.07342,24.56094],[94.12151,24.5522],[94.09861,24.64445],[94.12965,24.62696]]]}},
{"type":"Feature","properties":{"shapeID":"76128533B30779259886340","shapeName":"Imphal East"},"geometry":{"type":"Polygon","coordinates":[[[94.11418,24.71625],[94.14776,24.85267],[94.12405,24.78826],[94.12042,24.8192],[94.10369,24.79695],[94.11033,24.72175],[94.07201,24.71849],[94.08712,24.776],[94.06475,24.71328],[94.04058,24.70262],[94.10049,24.81223],[94.07515,24.84651],[94.09943,24.84219],[94.10477,24.88673],[94.12686,24.87138],[94.10562,24.88816],[94.13581,24.90528],[94.13474,24.96069],[94.05423,24.86994],[94.04791,24.90577],[94.07701,24.91576],[94.04582,24.93254],[94.09781,24.96222],[94.0343,24.94256],[94.04826,24.98552],[94.02267,24.99651],[94.05054,24.99583],[94.05568,25.00329],[94.02775,25.00065],[94.01546,25.02857],[94.08726,25.04559],[94.09046,25.07384],[94.00484,25.06639],[94.00672,25.03197],[93.9427,25.02044],[93.94066,24.99201],[94.00598,25.02452],[94.01108,24.99252],[93.97805,24.97747],[94.01607,24.98211],[93.99927,24.93629],[94.03113,24.9223],[94.02763,24.88945],[93.98326,24.87442],[94.00872,24.92193],[93.96977,24.95499],[93.98115,24.90952],[93.95273,24.93239],[93.9405,24.90878],[93.96579,24.88317],[93.93597,24.8635],[93.91525,24.91833],[93.89371,24.896],[93.91493,24.87588],[93.89427,24.84918],[93.93639,24.82642],[93.92922,24.71464],[93.95484,24.69602],[93.97593,24.71827],[93.96347,24.68462],[94.01697,24.69038],[94.00027,24.68025],[94.013,24.6621],[94.08782,24.69437],[94.11418,24.71625]],[[94.0096,24.85154],[94.02249,24.79509],[94.02501,24.82227],[94.04945,24.79857],[94.05103,24.85629],[94.07016,24.82312],[94.06164,24.76363],[94.01256,24.74164],[94.00895,24.70823],[94.00159,24.74903],[93.9757,24.74571],[94.0096,24.85154]]]}},
{"type":"Feature","properties":{"shapeID":"76128533B56326354019534","shapeName":"Kangpokpi"},"geometry":{"type":"MultiPolygon","coordinates":[[[[94.0096,24.85154],[93.9757,24.74571],[94.00159,24.74903],[94.00895,24.70823],[94.01256,24.74164],[94.06164,24.76363],[94.05403,24.78201],[94.07016,24.82312],[94.05103,24.85629],[94.04945,24.79857],[94.02501,24.82227],[94.02249,24.79509],[94.0096,24.85154]]],[[[93.680258570000035,24.794534057000078],[93.70684,24.62731],[93.73974,24.62766],[93.79508,24.85125],[93.87468,24.98549],[93.93788,25.06328],[93.99889,25.07173],[93.9061,25.00487],[93.8709,24.93647],[93.89315,24.91512],[93.91822,24.95003],[93.90828,24.89534],[93.94427,24.89054],[93.93787,24.86324],[93.96851,24.8914],[93.94116,24.89739],[93.95107,24.93187],[93.98115,24.90952],[93.95506,24.94402],[93.97086,24.95481],[94.00872,24.92193],[93.98441,24.89079],[94.00311,24.87652],[94.03113,24.9223],[93.99927,24.93629],[94.01347,24.98621],[93.98161,24.97487],[93.97805,24.97747],[94.01108,24.99252],[94.00633,25.02384],[93.94555,24.98484],[93.94225,25.01984],[94.00274,25.02804],[94.00484,25.06639],[94.09009,25.07398],[94.08726,25.04559],[94.01546,25.02857],[94.05568,25.00329],[94.02267,24.99651],[94.04826,24.98552],[94.0343,24.94256],[94.09781,24.96222],[94.04582,24.93254],[94.07701,24.91576],[94.04791,24.90577],[94.05423,24.86994],[94.13474,24.96069],[94.13581,24.90528],[94.10562,24.88816],[94.12686,24.87138],[94.10477,24.88673],[94.09943,24.84219],[94.07515,24.84651],[94.10049,24.81223],[94.04045,24.70291],[94.08712,24.776],[94.07201,24.71849],[94.11033,24.72175],[94.10369,24.79695],[94.12042,24.8192],[94.11276,24.79972],[94.12405,24.78826],[94.14872,24.85217],[94.11756,24.75107],[94.15932,24.72313],[94.10324,24.663],[94.12965,24.62696],[94.19069,24.62327],[94.11934,25.09838],[94.189959439000063,25.174026269000024],[94.001461229000085,25.17849258900003],[94.027842839000073,25.237911385000075],[93.979104414000062,25.278975675000027],[94.001478951000081,25.34366306000004],[93.980620440000052,25.376919309000073],[93.92006,25.38949],[93.88495,25.33442],[93.92791,25.29293],[93.76775,25.17108],[93.79316,25.10958],[93.7746,24.97881],[93.71291,24.91366],[93.72855,24.82586],[93.680258570000035,24.794534057000078]]],[[[93.857567237000069,25.42406],[93.85574,25.42476],[93.85731,25.42406],[93.857567237000069,25.42406]]]]}},
{"type":"Feature","properties":{"shapeID":"76128533B99807650893733","shapeName":"Imphal West"},"geometry":{"type":"Polygon","coordinates":[[[93.85997,24.45155],[93.88595,24.48747],[93.87116,24.54463],[93.90994,24.56522],[93.88749,24.60818],[93.93064,24.6418],[93.89763,24.68903],[93.93429,24.70783],[93.93709,24.81532],[93.89427,24.84918],[93.9184,24.94975],[93.89315,24.91512],[93.8709,24.9366],[93.9061,25.00487],[93.97814,25.03854],[93.99691,25.07267],[93.93788,25.06328],[93.87468,24.98549],[93.77784,24.79384],[93.76663,24.72485],[93.85205,24.72639],[93.88309,24.69137],[93.8713,24.65609],[93.82424,24.67371],[93.79264,24.65506],[93.79641,24.6098],[93.84804,24.57033],[93.86602,24.58532],[93.85997,24.45155]]]}},
{"type":"Feature","properties":{"shapeID":"76128533B23611090346849","shapeName":"Mon"},"geometry":{"type":"Polygon","coordinates":[[[95.17657,27.02142],[95.02013,26.92],[94.89343,26.93222],[94.80557,26.81615],[94.8403,26.7331],[94.78973,26.7189],[94.79475,26.64769],[94.90154,26.60806],[94.91219,26.35431],[94.97295,26.2899],[95.14727,26.3244],[95.14663,26.36847],[95.0774,26.4442],[95.16352,26.57513],[95.1555,26.60865],[95.23444,26.66691],[95.21028,26.72116],[95.2403,26.77096],[95.17577,26.85725],[95.24757,26.90507],[95.17385,26.97164],[95.17657,27.02142]]]}},
{"type":"Feature","properties":{"shapeID":"76128533B82052450002431","shapeName":"Tuensang"},"geometry":{"type":"Polygon","coordinates":[[[94.92033,26.38801],[94.78469,26.46618],[94.72767,26.46677],[94.66672,26.35147],[94.56754,26.30224],[94.56252,26.27129],[94.60589,26.19634],[94.67792,26.21078],[94.71511,26.17584],[94.67426,26.0255],[94.76373,26.02714],[94.78747,26.01093],[94.76416,25.99642],[94.82315,25.99631],[94.87009,25.95384],[94.85323,25.92271],[94.94646,25.93444],[94.99199,25.87044],[95.10228,25.92903],[95.19604,26.05178],[95.12137,26.07988],[95.14975,26.191],[95.12265,26.21116],[95.13879,26.32436],[94.97295,26.2899],[94.91463,26.34367],[94.92033,26.38801]]]}},
{"type":"Feature","properties":{"shapeID":"76128533B82793215586362","shapeName":"Mokokchung"},"geometry":{"type":"Polygon","coordinates":[[[94.59414,26.72513],[94.57361,26.68626],[94.54404,26.70621],[94.46353,26.66294],[94.46145,26.63086],[94.40685,26.60981],[94.39832,26.52773],[94.28231,26.45003],[94.35019,26.37195],[94.33524,26.34622],[94.37066,26.34569],[94.33845,26.24918],[94.38891,26.23811],[94.3809,26.20679],[94.44508,26.21011],[94.48271,26.30347],[94.52086,26.24962],[94.50612,26.22226],[94.58136,26.21479],[94.59832,26.23266],[94.56194,26.29691],[94.65954,26.3459],[94.71568,26.41615],[94.71238,26.52615],[94.74812,26.60876],[94.67652,26.66222],[94.76801,26.74155],[94.74463,26.77711],[94.68545,26.72764],[94.59414,26.72513]]]}},
{"type":"Feature","properties":{"shapeID":"76128533B66411945144923","shapeName":"Longleng"},"geometry":{"type":"Polygon","coordinates":[[[94.74463,26.77711],[94.76037,26.70944],[94.67652,26.66222],[94.74812,26.60876],[94.72002,26.47559],[94.92033,26.38801],[94.90154,26.60806],[94.79466,26.64804],[94.78973,26.7189],[94.81329,26.70776],[94.8403,26.7331],[94.79853,26.78196],[94.81691,26.80348],[94.74463,26.77711]]]}},
{"type":"Feature","properties":{"shapeID":"76128533B13733639953372","shapeName":"Phek"},"geometry":{"type":"Polygon","coordinates":[[[94.68116,25.43172],[94.76078,25.48292],[94.81373,25.48095],[94.84451,25.54415],[94.9101,25.55936],[94.86248,25.61324],[94.87049,25.70367],[94.83181,25.75694],[94.76382,25.77484],[94.73269,25.7189],[94.72452,25.75765],[94.61612,25.78325],[94.56063,25.73707],[94.5296,25.76172],[94.5442,25.82338],[94.42845,25.85901],[94.32246,25.82107],[94.29779,25.74377],[94.21462,25.68405],[94.19552,25.54843],[94.20826,25.50182],[94.24589,25.49924],[94.4012,25.53388],[94.43919,25.5978],[94.49261,25.60207],[94.58655,25.69077],[94.57993,25.64785],[94.60425,25.6503],[94.56892,25.5968],[94.57064,25.50513],[94.68116,25.43172]]]}},
{"type":"Feature","properties":{"shapeID":"76128533B53671786151110","shapeName":"Kohima"},"geometry":{"type":"Polygon","coordinates":[[[94.29126,25.76461],[94.27755,25.82184],[94.19989,25.87914],[94.29934,25.95081],[94.28841,26.01125],[94.03359,26.00207],[94.00676,25.99431],[94.02626,25.9576],[93.97251,25.87218],[94.00241,25.84562],[93.98654,25.76516],[93.89139,25.65494],[93.93895,25.55046],[94.03946,25.57773],[94.1392,25.51901],[94.20141,25.55729],[94.21462,25.68405],[94.29126,25.76461]]]}},
{"type":"Feature","properties":{"shapeID":"76128533B67210465807627","shapeName":"Wokha"},"geometry":{"type":"Polygon","coordinates":[[[93.95757,25.99827],[94.36014,26.01737],[94.39428,26.09867],[94.33106,26.19179],[94.38995,26.23454],[94.33854,26.24883],[94.3711,26.34437],[94.33524,26.34622],[94.35019,26.37195],[94.28184,26.44618],[94.28884,26.55977],[94.18556,26.45626],[94.17435,26.33988],[94.10693,26.32217],[94.04798,26.24603],[93.95757,25.99827]]]}},
{"type":"Feature","properties":{"shapeID":"76128533B58058152513003","shapeName":"Zunheboto"},"geometry":{"type":"Polygon","coordinates":[[[94.6201,26.19234],[94.50612,26.22226],[94.52086,26.24962],[94.48201,26.30343],[94.44508,26.21011],[94.33116,26.19199],[94.38625,26.13912],[94.39151,26.08761],[94.35943,26.01655],[94.28627,26.00949],[94.29934,25.95081],[94.19989,25.87914],[94.27755,25.82184],[94.29181,25.76422],[94.32294,25.82141],[94.42889,25.85902],[94.5442,25.82338],[94.5296,25.76172],[94.56063,25.73707],[94.61612,25.78325],[94.72452,25.75765],[94.698,25.80039],[94.62518,25.82093],[94.58185,25.89348],[94.67225,26.01271],[94.71511,26.17584],[94.67792,26.21078],[94.6201,26.19234]]]}},
{"type":"Feature","properties":{"shapeID":"76128533B49100243723360","shapeName":"Kiphire"},"geometry":{"type":"Polygon","coordinates":[[[94.67513,26.02489],[94.58204,25.89431],[94.61547,25.83146],[94.70506,25.79461],[94.72637,25.72072],[94.76382,25.77484],[94.83181,25.75694],[94.87049,25.70367],[94.86248,25.61324],[94.89295,25.57414],[94.9235,25.58518],[94.9501,25.65092],[95.05979,25.74181],[95.02649,25.87998],[94.9904,25.87059],[94.9385,25.93733],[94.85323,25.92271],[94.87009,25.95384],[94.82315,25.99631],[94.76416,25.99642],[94.78747,26.01093],[94.76373,26.02714],[94.67513,26.02489]]]}},
{"type":"Feature","properties":{"shapeID":"76128533B85747247216737","shapeName":"Dimapur"},"geometry":{"type":"Polygon","coordinates":[[[93.54226,25.69813],[93.64836,25.69348],[93.65695,25.66942],[93.72291,25.70762],[93.75338,25.68168],[93.86817,25.68925],[93.89295,25.66163],[93.98654,25.76516],[94.00241,25.84562],[93.97251,25.87218],[94.02626,25.9576],[94.00676,25.99431],[93.95757,25.99827],[93.97783,25.91538],[93.79429,25.81035],[93.77179,25.96216],[93.68647,25.90571],[93.70416,25.84482],[93.57198,25.7572],[93.54226,25.69813]]]}},
{"type":"Feature","properties":{"shapeID":"76128533B2970909480221","shapeName":"Peren"},"geometry":{"type":"Polygon","coordinates":[[[93.33052,25.54356],[93.39449,25.46072],[93.46032,25.43117],[93.46216,25.26697],[93.59107,25.18772],[93.67022,25.32766],[93.81038,25.46228],[93.80514,25.49452],[93.76537,25.49273],[93.7745,25.52324],[93.93895,25.55046],[93.94579,25.57363],[93.86949,25.68885],[93.75338,25.68168],[93.71901,25.70763],[93.65637,25.66942],[93.64836,25.69348],[93.53669,25.69963],[93.33052,25.54356]]]}},
{"type":"Feature","properties":{"shapeID":"76128533B67044589012853","shapeName":"Khowai"},"geometry":{"type":"Polygon","coordinates":[[[91.76152,24.14176],[91.68692,24.16069],[91.66436,24.2292],[91.63719,24.10227],[91.59322,24.09654],[91.59696,24.07172],[91.48063,24.07778],[91.55266,23.90548],[91.56306,23.7684],[91.71534,23.76859],[91.7586,23.68302],[91.79992,23.82132],[91.76152,24.14176]]]}},
{"type":"Feature","properties":{"shapeID":"76128533B43965372582859","shapeName":"Sipahijula"},"geometry":{"type":"Polygon","coordinates":[[[91.56173,23.78422],[91.46943,23.74079],[91.31803,23.76276],[91.3137,23.7214],[91.29446,23.74566],[91.16017,23.74173],[91.15674,23.6909],[91.21025,23.68505],[91.20593,23.65489],[91.15827,23.67045],[91.16083,23.61821],[91.27978,23.43038],[91.28734,23.36435],[91.32116,23.36133],[91.29156,23.31908],[91.31148,23.27595],[91.34556,23.27838],[91.43002,23.37811],[91.38531,23.44401],[91.40165,23.57785],[91.56335,23.71835],[91.56173,23.78422]]]}},
{"type":"Feature","properties":{"shapeID":"76128533B97225684979956","shapeName":"West Tripura"},"geometry":{"type":"Polygon","coordinates":[[[91.48897,24.09569],[91.37577,24.10809],[91.39776,24.04753],[91.38004,23.97593],[91.3031,23.99435],[91.27703,23.92182],[91.23747,23.9263],[91.25377,23.83992],[91.22494,23.74641],[91.3137,23.7214],[91.31803,23.76276],[91.46943,23.74079],[91.56173,23.78422],[91.48897,24.09569]]]}},
{"type":"Feature","properties":{"shapeID":"76128533B42970684683247","shapeName":"Dhalai"},"geometry":{"type":"Polygon","coordinates":[[[91.79776,23.90545],[91.76418,23.61627],[91.80325,23.50599],[91.86954,23.46094],[91.85756,23.43116],[91.92885,23.4347],[91.96714,23.48688],[91.94841,23.73368],[91.97846,23.73368],[92.026,23.66058],[92.17726,23.73957],[92.13626,23.91142],[92.09351,23.93409],[92.07805,24.10892],[92.00699,24.10284],[91.97227,24.06615],[91.87971,24.14053],[91.85083,24.22487],[91.81793,24.20845],[91.74995,24.24116],[91.76495,23.96197],[91.79776,23.90545]]]}},
{"type":"Feature","properties":{"shapeID":"76128533B4720703924950","shapeName":"Unokoti"},"geometry":{"type":"Polygon","coordinates":[[[92.09143,23.99046],[92.18865,24.17565],[92.067,24.27128],[92.07292,24.37408],[91.99726,24.39155],[91.97185,24.38262],[91.98759,24.33784],[91.96118,24.3583],[91.92211,24.33235],[91.94782,24.26417],[91.90422,24.13722],[91.97227,24.06615],[92.00699,24.10284],[92.07654,24.11031],[92.09143,23.99046]]]}},
{"type":"Feature","properties":{"shapeID":"76128533B77134386587213","shapeName":"North Tripura"},"geometry":{"type":"Polygon","coordinates":[[[92.22137,24.51285],[92.16233,24.52744],[92.16872,24.42272],[92.07292,24.37408],[92.06252,24.31196],[92.067,24.27128],[92.18865,24.17565],[92.09143,23.99046],[92.09351,23.93409],[92.13289,23.91906],[92.16179,23.77098],[92.21929,23.66466],[92.2636,23.72564],[92.26817,23.84635],[92.31294,23.86354],[92.32532,23.91087],[92.32179,24.19384],[92.29999,24.25054],[92.21165,24.248],[92.27195,24.38701],[92.22137,24.51285]]]}},
{"type":"Feature","properties":{"shapeID":"76128533B94126463611805","shapeName":"Gomati"},"geometry":{"type":"Polygon","coordinates":[[[91.56781,23.76265],[91.55206,23.70547],[91.40165,23.57785],[91.39871,23.40623],[91.46277,23.37369],[91.49294,23.40804],[91.64061,23.42384],[91.65963,23.36099],[91.69452,23.37066],[91.74103,23.31877],[91.72853,23.28338],[91.78569,23.15006],[91.75632,23.13956],[91.82106,23.08467],[91.75998,23.30034],[91.88627,23.43106],[91.80325,23.50599],[91.76418,23.61627],[91.77654,23.68873],[91.73678,23.70042],[91.71534,23.76859],[91.56781,23.76265]]]}},
{"type":"Feature","properties":{"shapeID":"76128533B67748245133340","shapeName":"South Tripura"},"geometry":{"type":"Polygon","coordinates":[[[91.31148,23.27595],[91.32529,23.15865],[91.39656,23.05746],[91.39028,23.24764],[91.40871,23.28664],[91.45492,23.26095],[91.47173,23.2274],[91.45067,23.21934],[91.5088,23.18438],[91.49269,23.15752],[91.54665,22.99463],[91.61775,22.93812],[91.64504,22.98515],[91.73771,22.99249],[91.78247,23.03709],[91.77328,23.06992],[91.82106,23.08467],[91.75632,23.13956],[91.78569,23.15006],[91.72853,23.28338],[91.74103,23.31877],[91.69452,23.37066],[91.65963,23.36099],[91.63929,23.42476],[91.476,23.4026],[91.31148,23.27595]]]}},
{"type":"Feature","properties":{"shapeID":"76128533B79750857313751","shapeName":"South Garo Hills"},"geometry":{"type":"Polygon","coordinates":[[[90.28582,25.19489],[90.4435,25.14578],[90.66409,25.19478],[90.66667,25.16575],[90.78264,25.1862],[90.84954,25.15791],[90.96458,25.17303],[90.96816,25.23154],[90.91706,25.28808],[90.86953,25.29179],[90.85147,25.35485],[90.77037,25.37925],[90.76411,25.44078],[90.80184,25.47022],[90.77955,25.54103],[90.62261,25.40691],[90.58695,25.43985],[90.27042,25.49308],[90.24379,25.40141],[90.29131,25.3448],[90.26939,25.29458],[90.29407,25.26831],[90.28582,25.19489]]]}},
{"type":"Feature","properties":{"shapeID":"76128533B70570208114113","shapeName":"Ribhoi"},"geometry":{"type":"Polygon","coordinates":[[[92.297531182807234,26.077508585983423],[91.99215,26.03984],[91.92321,25.9984],[91.8716,26.05113],[91.8771,26.09666],[91.82072,26.11774],[91.73269,26.05829],[91.72149,25.95315],[91.67062,25.90452],[91.61256,25.93911],[91.63367,26.02157],[91.57744,26.03229],[91.50316,25.92004],[91.53282,25.92298],[91.47626,25.87054],[91.5312,25.88894],[91.52684,25.87216],[91.34601,25.83887],[91.346,25.81417],[91.46992,25.77885],[91.61663,25.80824],[91.72516,25.79213],[91.75271,25.82167],[91.7898,25.79097],[91.77497,25.74565],[91.82287,25.7259],[91.79729,25.67816],[91.74845,25.67847],[91.81319,25.60657],[91.97354,25.6943],[91.99086,25.65452],[92.11876,25.6462],[92.16477,25.68342],[92.15368,25.81135],[92.22565,25.90015],[92.1644,25.91039],[92.157023704000039,25.943504719000032],[92.297531182807234,26.077508585983423]]]}},
{"type":"Feature","properties":{"shapeID":"76128533B49246671500878","shapeName":"East Khasi Hills"},"geometry":{"type":"Polygon","coordinates":[[[91.75268,25.67339],[91.72639,25.62841],[91.75129,25.56849],[91.60292,25.50414],[91.56104,25.37878],[91.5915,25.35544],[91.58498,25.3167],[91.44194,25.29471],[91.45734,25.27368],[91.38706,25.23643],[91.41142,25.17207],[91.46482,25.13624],[91.57168,25.17541],[91.61636,25.17378],[91.60185,25.14389],[91.64248,25.11797],[91.74839,25.17367],[91.96796,25.16338],[92.02637,25.18449],[91.98704,25.26594],[92.01417,25.31698],[92.06114,25.34387],[92.1193,25.32586],[92.09476,25.51365],[92.16477,25.68342],[92.11876,25.6462],[92.03061,25.64616],[91.97354,25.6943],[91.81319,25.60657],[91.75268,25.67339]]]}},
{"type":"Feature","properties":{"shapeID":"76128533B42153891534463","shapeName":"West Khasi Hills"},"geometry":{"type":"Polygon","coordinates":[[[91.00279,25.82195],[90.94994,25.77294],[90.99235,25.74935],[90.88812,25.60297],[90.77674,25.55141],[90.80184,25.47022],[90.76411,25.44078],[90.7662,25.38736],[90.85147,25.35485],[90.87276,25.28984],[90.93782,25.33458],[91.02247,25.30926],[91.14281,25.32633],[91.12623,25.35767],[91.17157,25.39461],[91.13728,25.4275],[91.19094,25.45934],[91.29609,25.44286],[91.43689,25.47216],[91.40804,25.42426],[91.44099,25.41581],[91.39856,25.38895],[91.41986,25.3729],[91.51683,25.44104],[91.48407,25.46594],[91.58712,25.43708],[91.60415,25.50641],[91.75129,25.56849],[91.72639,25.62841],[91.75652,25.64631],[91.74802,25.6816],[91.79729,25.67816],[91.82287,25.7259],[91.77497,25.74565],[91.7898,25.79097],[91.75271,25.82167],[91.72516,25.79213],[91.61663,25.80824],[91.46992,25.77885],[91.37429,25.79548],[91.33521,25.83828],[91.27723,25.74644],[91.2255,25.72297],[91.19366,25.72915],[91.18167,25.7759],[91.1983,25.85856],[91.00279,25.82195]]]}},
{"type":"Feature","properties":{"shapeID":"76128533B27102120636500","shapeName":"South West Khasi Hills"},"geometry":{"type":"Polygon","coordinates":[[[90.96458,25.17303],[91.26883,25.20877],[91.40998,25.16522],[91.38706,25.23643],[91.45734,25.27368],[91.44194,25.29471],[91.58498,25.3167],[91.5915,25.35544],[91.56104,25.37878],[91.59234,25.42896],[91.49652,25.47052],[91.48079,25.44595],[91.51683,25.44104],[91.41986,25.3729],[91.39856,25.38895],[91.44099,25.41581],[91.40804,25.42426],[91.43689,25.47216],[91.29609,25.44286],[91.19094,25.45934],[91.13728,25.4275],[91.17157,25.39461],[91.12623,25.35767],[91.14281,25.32633],[91.02247,25.30926],[90.93782,25.33458],[90.8813,25.28993],[90.96364,25.24745],[90.96458,25.17303]]]}},
{"type":"Feature","properties":{"shapeID":"76128533B96195300293897","shapeName":"West Garo Hills"},"geometry":{"type":"Polygon","coordinates":[[[90.12188,25.96142],[90.00802,25.87891],[90.01155,25.84707],[89.94785,25.82475],[89.95845,25.77475],[89.89585,25.73533],[90.02138,25.60874],[90.0113,25.5695],[90.08965,25.55911],[90.09553,25.52379],[90.12346,25.54313],[90.11279,25.49246],[90.05848,25.47765],[90.05157,25.42038],[90.00368,25.42532],[90.00813,25.35965],[89.96567,25.30446],[90.11778,25.22502],[90.28582,25.19489],[90.29407,25.26831],[90.26939,25.29458],[90.29131,25.3448],[90.24381,25.40108],[90.26523,25.48659],[90.34043,25.47357],[90.40862,25.53124],[90.44704,25.68629],[90.42182,25.78843],[90.3504,25.80296],[90.41004,25.85706],[90.38931,25.98019],[90.368,26.01036],[90.28963,25.964],[90.12188,25.96142]]]}},
{"type":"Feature","properties":{"shapeID":"76128533B52906466328910","shapeName":"South West Garo Hills"},"geometry":{"type":"Polygon","coordinates":[[[90.00507,25.58455],[89.86978,25.54002],[89.87849,25.49176],[89.82096,25.38019],[89.83337,25.29656],[89.96567,25.30446],[90.00813,25.35965],[90.00961,25.43371],[90.04269,25.41347],[90.05848,25.47765],[90.11279,25.49246],[90.12346,25.54313],[90.09426,25.52415],[90.09101,25.55836],[90.00507,25.58455]]]}},
{"type":"Feature","properties":{"shapeID":"76128533B70185077694103","shapeName":"East Jaintia Hills"},"geometry":{"type":"Polygon","coordinates":[[[92.54218,25.09762],[92.52398,25.13807],[92.62078,25.11559],[92.66606,25.17488],[92.80346,25.21692],[92.76377,25.24702],[92.78341,25.33012],[92.65376,25.43321],[92.60862,25.41448],[92.59776,25.4696],[92.56875,25.46278],[92.60732,25.51271],[92.54275,25.47791],[92.29663,25.45217],[92.25259,25.38827],[92.17004,25.35079],[92.24069,25.20533],[92.19346,25.1345],[92.20987,25.10824],[92.40066,25.03586],[92.46526,25.05529],[92.48363,25.10617],[92.54218,25.09762]]]}},
{"type":"Feature","properties":{"shapeID":"76128533B84622469201834","shapeName":"West Jaintia Hills"},"geometry":{"type":"Polygon","coordinates":[[[92.66037,25.57972],[92.57223,25.55842],[92.55745,25.61002],[92.501526516000069,25.621008054000072],[92.434367371000064,25.685751996000079],[92.43333066690758,25.729633082044121],[92.38533,25.75185],[92.22938,25.71471],[92.10874,25.57381],[92.1193,25.32586],[92.06114,25.34387],[92.01417,25.31698],[91.9996,25.22426],[92.02637,25.18449],[92.12329,25.16999],[92.18037,25.11583],[92.2407,25.20388],[92.19971,25.25263],[92.18289,25.36647],[92.2513,25.38724],[92.29663,25.45217],[92.55004,25.48079],[92.63726,25.52645],[92.66037,25.57972]]]}},
{"type":"Feature","properties":{"shapeID":"76128533B40535123096970","shapeName":"East Garo Hills"},"geometry":{"type":"Polygon","coordinates":[[[90.62261,25.40691],[90.79543,25.57985],[90.88812,25.60297],[90.98218,25.73764],[90.89315,25.72147],[90.70139,25.82906],[90.7058,25.86086],[90.66903,25.86084],[90.59391,25.78546],[90.51793,25.78492],[90.55681,25.85317],[90.45267,25.84259],[90.41025,25.79228],[90.44688,25.7023],[90.41924,25.54788],[90.34005,25.47231],[90.58695,25.43985],[90.62261,25.40691]]]}},
{"type":"Feature","properties":{"shapeID":"76128533B35759455556328","shapeName":"North Garo Hills"},"geometry":{"type":"Polygon","coordinates":[[[90.368,26.01036],[90.41013,25.85809],[90.35777,25.82963],[90.36574,25.79017],[90.41025,25.79228],[90.45419,25.84317],[90.55681,25.85317],[90.51793,25.78492],[90.59391,25.78546],[90.68132,25.86248],[90.90101,25.71819],[90.99235,25.74935],[90.94994,25.77294],[91.03129,25.88771],[90.9696,25.88689],[90.94502,25.9473],[90.8123,25.95197],[90.78046,25.90812],[90.74479,25.91279],[90.74993,25.95717],[90.6886,25.95069],[90.62737,25.89883],[90.63162,25.93735],[90.58514,25.95973],[90.51524,25.89624],[90.53721,25.95799],[90.50077,26.00363],[90.368,26.01036]]]}},
{"type":"Feature","properties":{"shapeID":"76128533B73736605657091","shapeName":"Bemetra"},"geometry":{"type":"Polygon","coordinates":[[[81.90512,21.78356],[81.84137,21.82368],[81.78807,21.81114],[81.71987,21.9154],[81.55053,21.96313],[81.55315,22.00693],[81.47157,22.01611],[81.45915,21.91652],[81.41883,21.91759],[81.39428,21.88125],[81.40437,21.83477],[81.32597,21.8266],[81.34281,21.76806],[81.22652,21.75424],[81.2325,21.71057],[81.17661,21.70364],[81.19268,21.63088],[81.14103,21.55069],[81.22149,21.50087],[81.25804,21.52631],[81.33399,21.4982],[81.36025,21.53023],[81.46783,21.50435],[81.43754,21.40617],[81.49431,21.41472],[81.49353,21.35834],[81.58584,21.33641],[81.63959,21.40474],[81.64568,21.5461],[81.69866,21.60394],[81.66048,21.65618],[81.72363,21.69483],[81.70228,21.75987],[81.90512,21.78356]]]}},
{"type":"Feature","properties":{"shapeID":"76128533B47840093719460","shapeName":"Bastar"},"geometry":{"type":"Polygon","coordinates":[[[82.093,18.73999],[82.09288,18.7659],[82.16926,18.7984],[82.18084,18.90262],[82.24765,18.91784],[82.20212,19.06725],[82.22012,19.09753],[82.16777,19.13333],[82.18676,19.16567],[82.15967,19.27203],[82.19108,19.3262],[82.14879,19.36906],[82.19092,19.42391],[82.12717,19.43012],[82.09989,19.51585],[82.00587,19.49326],[81.96585,19.53798],[81.85265,19.54744],[81.85787,19.47591],[81.82708,19.49782],[81.79963,19.45153],[81.80215,19.36934],[81.64694,19.36397],[81.63503,19.30917],[81.70018,19.27635],[81.63388,19.24507],[81.56873,19.28281],[81.51172,19.2266],[81.35688,19.28014],[81.35401,19.22608],[81.40201,19.19359],[81.50187,19.20464],[81.48189,19.11991],[81.49966,19.05042],[81.52984,19.03873],[81.47068,19.00508],[81.46732,18.94499],[81.55539,18.91178],[81.5844,18.8442],[81.6622,18.79893],[81.71212,18.83672],[81.80707,18.73694],[81.94315,18.76889],[81.96915,18.69336],[82.093,18.73999]]]}},
{"type":"Feature","properties":{"shapeID":"76128533B17292264941997","shapeName":"Mungeli"},"geometry":{"type":"Polygon","coordinates":[[[81.48173,22.49288],[81.49389,22.41263],[81.55678,22.33411],[81.52799,22.29798],[81.55204,22.24023],[81.50643,22.0081],[81.56643,21.99557],[81.55053,21.96313],[81.71987,21.9154],[81.78807,21.81114],[81.84137,21.82368],[81.96365,21.76411],[82.02697,21.77782],[81.82647,22.1],[81.74569,22.15419],[81.69167,22.24019],[81.81333,22.21934],[81.88546,22.25323],[81.90982,22.30074],[81.85591,22.41573],[81.77422,22.44962],[81.7777,22.50176],[81.68472,22.60821],[81.68607,22.64896],[81.62534,22.54086],[81.52651,22.54008],[81.48173,22.49288]]]}},
{"type":"Feature","properties":{"shapeID":"76128533B81964529079574","shapeName":"Bilaspur"},"geometry":{"type":"Polygon","coordinates":[[[81.68607,22.64896],[81.68472,22.60821],[81.7777,22.50176],[81.77422,22.44962],[81.85591,22.41573],[81.90982,22.30074],[81.88546,22.25323],[81.81333,22.21934],[81.69167,22.24019],[81.74569,22.15419],[81.82647,22.1],[82.02558,21.7794],[82.09299,21.79468],[82.22225,21.75675],[82.2482,21.68939],[82.33274,21.66825],[82.43767,21.68076],[82.3125,21.78669],[82.28633,21.86412],[82.30705,22.04625],[82.36105,22.11929],[82.43072,22.13053],[82.47223,22.20434],[82.39736,22.26262],[82.40782,22.2992],[82.3522,22.32567],[82.25987,22.29733],[82.25908,22.34311],[82.21705,22.3162],[82.14051,22.33129],[82.18412,22.41225],[82.14396,22.45757],[82.16686,22.53054],[82.149084531000085,22.601868232000072],[82.034374825000043,22.57514096500006],[81.954628810000031,22.617066556000054],[81.874136854000085,22.612807597000028],[81.803023193000058,22.56871321400007],[81.790278786000044,22.598172308000073],[81.749383686000044,22.593860316000075],[81.733012267000049,22.672322898000061],[81.68607,22.64896]]]}},
{"type":"Feature","properties":{"shapeID":"76128533B93063337202124","shapeName":"Gariaband"},"geometry":{"type":"Polygon","coordinates":[[[81.87814,20.96296],[81.92723,20.7492],[82.01486,20.67309],[81.99708,20.62808],[82.08319,20.41308],[82.08433,20.33022],[82.1748,20.2597],[82.10874,20.11144],[82.03536,20.09876],[82.02244,20.02444],[82.06554,20.0548],[82.18613,19.98328],[82.23828,20.00331],[82.34715,19.83564],[82.45005,19.90863],[82.60114,19.87044],[82.59274,19.77713],[82.65338,19.83141],[82.70608,19.83295],[82.71506,19.996],[82.60598,19.99131],[82.39847,20.06489],[82.38652,20.14975],[82.43678,20.28786],[82.40132,20.34029],[82.43668,20.43039],[82.33151,20.55817],[82.37571,20.62826],[82.3471,20.88074],[82.28443,20.93589],[82.19942,20.9413],[82.16111,21.01821],[81.99579,21.10726],[81.87814,20.96296]]]}},
{"type":"Feature","properties":{"shapeID":"76128533B48077510234542","shapeName":"Kabeerdham"},"geometry":{"type":"Polygon","coordinates":[[[81.19467,22.4886],[81.11227,22.43266],[81.12003,22.29332],[81.092,22.24687],[81.02677,22.22928],[81.02309,22.13294],[80.97905,22.12169],[81.00646,22.06182],[80.97068,22.05865],[80.9578,22.11319],[80.92394,22.11712],[80.86018,21.96695],[80.82825,21.95177],[80.84487,21.83065],[80.92722,21.82403],[80.99677,21.72611],[81.18343,21.70252],[81.2325,21.71057],[81.22652,21.75424],[81.34281,21.76806],[81.32597,21.8266],[81.40053,21.83142],[81.41883,21.91759],[81.45915,21.91652],[81.47157,22.01611],[81.50677,22.0116],[81.53526,22.07746],[81.5204,22.13556],[81.55204,22.24023],[81.52799,22.29798],[81.55678,22.33411],[81.49389,22.41263],[81.48173,22.49288],[81.4455,22.49403],[81.45546,22.46752],[81.43186,22.47934],[81.40396,22.44145],[81.38392,22.50749],[81.3305,22.52373],[81.324971683000058,22.489765764000026],[81.28294,22.49935],[81.23507,22.45004],[81.19467,22.4886]]]}},
{"type":"Feature","properties":{"shapeID":"76128533B53316015271969","shapeName":"Sukma"},"geometry":{"type":"Polygon","coordinates":[[[81.77353,18.75707],[81.74042,18.70491],[81.75369,18.67116],[81.66725,18.66815],[81.62398,18.75124],[81.58199,18.7433],[81.54917,18.70172],[81.57322,18.57919],[81.55277,18.62051],[81.45535,18.62635],[81.42777,18.59646],[81.43835,18.50163],[81.40314,18.50482],[81.3845,18.46092],[81.4246,18.41784],[81.34456,18.4375],[81.25905,18.54206],[81.18027,18.57229],[81.04712,18.55059],[80.99665,18.44972],[80.93644,18.40326],[81.06301,18.36412],[81.08182,18.32638],[81.05777,18.28906],[81.11154,18.2347],[80.95588,18.12408],[81.04104,17.79772],[81.08221,17.79435],[81.16816,17.86068],[81.39282,17.81195],[81.40247,17.89345],[81.44592,17.88435],[81.48591,17.97827],[81.53639,18.26684],[81.66707,18.31893],[81.66649,18.34706],[81.75332,18.35323],[81.77046,18.41908],[81.86626,18.52075],[81.91689,18.5719],[81.9552,18.56685],[81.96281,18.59439],[81.89361,18.65778],[81.95569,18.6364],[81.95841,18.75878],[81.80707,18.73694],[81.77353,18.75707]]]}},
{"type":"Feature","properties":{"shapeID":"76128533B26755490628656","shapeName":"Uttar Bastar Kanker"},"geometry":{"type":"Polygon","coordinates":[[[80.57007,20.18673],[80.52767,19.9342],[80.45094,19.95587],[80.41351,19.93568],[80.41493,19.90913],[80.48992,19.90223],[80.50482,19.87216],[80.40196,19.79799],[80.48541,19.77596],[80.46684,19.81479],[80.52512,19.83236],[80.58946,19.74181],[80.6729,19.69191],[80.72583,19.69854],[80.71861,19.7798],[80.82242,19.81988],[80.77913,19.83794],[80.73076,19.79977],[80.71145,19.80326],[80.85364,19.94936],[80.91488,19.92314],[80.95556,19.79094],[81.03743,19.76632],[81.06726,19.70641],[81.11943,19.68708],[81.15496,19.7166],[81.15244,19.79591],[81.20083,19.77982],[81.39388,19.83327],[81.3761,19.85126],[81.40111,19.88365],[81.3496,19.91041],[81.29351,20.01733],[81.38969,20.04652],[81.42149,20.15579],[81.5855,20.19523],[81.67991,20.12994],[81.81701,20.16971],[81.77767,20.23316],[81.80351,20.25888],[81.76324,20.2993],[81.79774,20.32998],[81.73946,20.42105],[81.73727,20.48274],[81.5865,20.51889],[81.52309,20.49346],[81.42543,20.51904],[81.41214,20.55282],[81.38472,20.53283],[81.3307,20.55623],[81.25682,20.49848],[81.2547,20.44427],[81.15373,20.37832],[81.0007,20.45923],[80.93792,20.43915],[80.8455,20.34724],[80.81309,20.35395],[80.82284,20.29748],[80.73072,20.2675],[80.72073,20.19269],[80.65734,20.22513],[80.61382,20.18267],[80.57007,20.18673]]]}},
{"type":"Feature","properties":{"shapeID":"76128533B14292125820380","shapeName":"Dakshin Bastar Dantewada"},"geometry":{"type":"Polygon","coordinates":[[[81.36043,19.22337],[81.38297,19.18143],[81.35324,19.14975],[81.29182,19.18784],[81.21201,19.17513],[81.19353,19.14329],[81.1853,18.99078],[81.21334,18.96],[81.15646,18.91713],[81.2108,18.90877],[81.20435,18.77484],[81.16383,18.58725],[81.2093,18.61046],[81.20112,18.56026],[81.25905,18.54206],[81.34456,18.4375],[81.41926,18.41707],[81.43384,18.43577],[81.3845,18.46092],[81.40314,18.50482],[81.43835,18.50163],[81.42777,18.59646],[81.45535,18.62635],[81.55277,18.62051],[81.57322,18.57919],[81.54917,18.70172],[81.58072,18.74212],[81.62398,18.75124],[81.66725,18.66815],[81.75625,18.67141],[81.74042,18.70491],[81.77676,18.76841],[81.71212,18.83672],[81.6622,18.79893],[81.61996,18.81995],[81.55584,18.87525],[81.55539,18.91178],[81.46732,18.94499],[81.47068,19.00508],[81.52984,19.03873],[81.49966,19.05042],[81.48189,19.11991],[81.50187,19.20464],[81.40693,19.19262],[81.36043,19.22337]]]}},
{"type":"Feature","properties":{"shapeID":"76128533B52487813780503","shapeName":"Surguja"},"geometry":{"type":"Polygon","coordinates":[[[82.57549,22.94303],[82.59667,22.89832],[82.55962,22.86195],[82.57334,22.83118],[82.65841,22.80971],[82.72314,22.83028],[82.77788,22.77002],[82.86824,22.74755],[83.014,22.64086],[83.11439,22.67729],[83.12193,22.72786],[83.22227,22.79114],[83.40093,22.73197],[83.38153,22.69478],[83.41141,22.64001],[83.43913,22.67505],[83.50728,22.6596],[83.5607,22.70026],[83.67419,22.62655],[83.68831,22.64766],[83.63374,22.70784],[83.64842,22.82304],[83.51171,22.94844],[83.55105,23.03071],[83.50211,23.06773],[83.56166,23.14383],[83.52972,23.24366],[83.49183,23.2559],[83.3709,23.25269],[83.39222,23.229],[83.35862,23.15828],[83.25823,23.21665],[83.20725,23.18531],[83.15454,23.21541],[83.13868,23.13676],[83.17139,23.08718],[83.12535,23.11663],[83.0417,23.11162],[82.98607,23.04624],[82.92307,23.11156],[82.83094,23.06829],[82.78472,23.19765],[82.69108,23.22831],[82.64406,23.14569],[82.58114,23.12651],[82.57166,23.07003],[82.61004,23.00353],[82.57549,22.94303]]]}},
{"type":"Feature","properties":{"shapeID":"76128533B14598081584747","shapeName":"Balrampur"},"geometry":{"type":"Polygon","coordinates":[[[82.49957,23.783],[82.60053,23.67913],[82.5817,23.54232],[82.65164,23.47381],[82.70751,23.46492],[82.80561,23.51599],[82.87409,23.47485],[82.96274,23.54698],[83.05236,23.56907],[83.0122,23.65389],[82.87557,23.68802],[82.83942,23.73488],[82.85494,23.80757],[82.96792,23.76466],[83.00543,23.81359],[83.08649,23.73414],[83.16443,23.70565],[83.21355,23.72398],[83.20917,23.55564],[83.28294,23.57448],[83.25689,23.51226],[83.36196,23.51443],[83.3356,23.48559],[83.38103,23.41763],[83.33323,23.41107],[83.34327,23.35853],[83.23898,23.39765],[83.2073,23.2476],[83.33132,23.15808],[83.36179,23.16091],[83.39154,23.2251],[83.3709,23.25269],[83.40629,23.2597],[83.5291,23.24448],[83.55683,23.17419],[83.62594,23.21694],[83.71818,23.20523],[83.79102,23.24564],[83.93126,23.14777],[84.06309,23.19781],[84.07727,23.3312],[84.05044,23.37514],[84.01358,23.35392],[83.97291,23.38226],[83.97663,23.45635],[84.02978,23.54509],[84.01418,23.63303],[83.94507,23.62311],[83.94244,23.5638],[83.78214,23.60008],[83.72204,23.68294],[83.73673,23.75501],[83.70275,23.82086],[83.56866,23.86298],[83.58361,23.88439],[83.55032,23.8982],[83.51716,24.02516],[83.39087,24.09943],[83.32429,24.10725],[83.19719,23.92072],[83.13503,23.88964],[82.95718,23.87247],[82.8064,23.96142],[82.75357,23.9171],[82.66319,23.9051],[82.63728,23.83506],[82.54983,23.82593],[82.55309,23.78811],[82.49957,23.783]]]}},
{"type":"Feature","properties":{"shapeID":"76128533B12144400448811","shapeName":"Kondagaon"},"geometry":{"type":"Polygon","coordinates":[[[82.03376,19.50792],[82.06757,19.78854],[81.98788,19.8011],[81.96807,19.85992],[81.85732,19.91302],[81.8814,20.0509],[81.84627,20.16529],[81.67991,20.12994],[81.5855,20.19523],[81.42149,20.15579],[81.38969,20.04652],[81.29351,20.01733],[81.3496,19.91041],[81.40365,19.87637],[81.34668,19.80636],[81.35318,19.74107],[81.45018,19.72331],[81.4548,19.75252],[81.46838,19.70347],[81.44374,19.68423],[81.51194,19.65993],[81.44235,19.6418],[81.4144,19.50275],[81.46516,19.47166],[81.46966,19.38298],[81.43628,19.37685],[81.41039,19.419],[81.35688,19.28014],[81.51172,19.2266],[81.56873,19.28281],[81.63388,19.24507],[81.70018,19.27635],[81.63503,19.30917],[81.64694,19.36397],[81.80215,19.36934],[81.79963,19.45153],[81.82708,19.49782],[81.85787,19.47591],[81.85265,19.54744],[81.96585,19.53798],[82.00587,19.49326],[82.03376,19.50792]]]}},
{"type":"Feature","properties":{"shapeID":"76128533B89979485471283","shapeName":"Narayanpur"},"geometry":{"type":"Polygon","coordinates":[[[80.6729,19.69191],[80.66493,19.61588],[80.83517,19.56704],[80.89251,19.51475],[80.88362,19.45257],[80.79552,19.43125],[80.85128,19.36892],[80.84393,19.33675],[80.96438,19.31039],[80.97015,19.22587],[81.06636,19.2288],[81.07319,19.27273],[81.1418,19.25606],[81.14312,19.29755],[81.17064,19.27034],[81.28838,19.33705],[81.36842,19.32182],[81.41482,19.37491],[81.41039,19.419],[81.43628,19.37685],[81.46966,19.38298],[81.46516,19.47166],[81.4144,19.50275],[81.44235,19.6418],[81.51194,19.65993],[81.44374,19.68423],[81.46838,19.70347],[81.4548,19.75252],[81.45018,19.72331],[81.35318,19.74107],[81.34668,19.80636],[81.39388,19.83327],[81.20083,19.77982],[81.16629,19.80325],[81.13406,19.76895],[81.146,19.69747],[81.08597,19.69176],[81.03743,19.76632],[80.94743,19.79914],[80.91488,19.92314],[80.85364,19.94936],[80.71145,19.80326],[80.77913,19.83794],[80.82239,19.8151],[80.72856,19.78931],[80.72583,19.69854],[80.6729,19.69191]]]}},
{"type":"Feature","properties":{"shapeID":"76128533B15993411864574","shapeName":"Durg"},"geometry":{"type":"Polygon","coordinates":[[[81.33399,21.4982],[81.15869,21.49739],[81.19901,21.335],[81.15181,21.21381],[81.19952,21.22013],[81.21676,21.15849],[81.2066,21.10324],[81.14647,21.07734],[81.18498,21.07489],[81.20779,21.02573],[81.21657,21.0488],[81.34808,21.03163],[81.39266,21.05564],[81.43323,20.9549],[81.38652,20.86385],[81.45577,20.84475],[81.61626,20.96732],[81.58802,21.04675],[81.60986,21.06192],[81.57844,21.09527],[81.62492,21.16244],[81.54646,21.24557],[81.55482,21.33564],[81.49353,21.35834],[81.49677,21.41295],[81.43754,21.40617],[81.46783,21.50435],[81.36025,21.53023],[81.33399,21.4982]]]}},
{"type":"Feature","properties":{"shapeID":"76128533B46979893461805","shapeName":"Surajpur"},"geometry":{"type":"Polygon","coordinates":[[[83.25465,23.21174],[83.2073,23.2476],[83.22815,23.36878],[83.24962,23.40006],[83.34936,23.36198],[83.33263,23.4101],[83.38094,23.41618],[83.3356,23.48559],[83.36196,23.51443],[83.25689,23.51226],[83.28294,23.57448],[83.20966,23.55491],[83.21355,23.72398],[83.16443,23.70565],[83.08649,23.73414],[83.00543,23.81359],[82.96792,23.76466],[82.85494,23.80757],[82.83942,23.73488],[82.87557,23.68802],[83.0122,23.65389],[83.05257,23.57046],[82.96274,23.54698],[82.87409,23.47485],[82.80561,23.51599],[82.72244,23.46441],[82.65164,23.47381],[82.65281,23.38462],[82.75679,23.3383],[82.75773,23.25557],[82.72838,23.22332],[82.78573,23.19641],[82.81225,23.08743],[82.84879,23.0654],[82.8736,23.10542],[82.92445,23.11125],[82.98226,23.04616],[83.0417,23.11162],[83.12535,23.11663],[83.15789,23.07927],[83.15351,23.21469],[83.20725,23.18531],[83.25465,23.21174]]]}},
{"type":"Feature","properties":{"shapeID":"76128533B66145460152555","shapeName":"Bijapur"},"geometry":{"type":"Polygon","coordinates":[[[81.35688,19.28014],[81.37573,19.31652],[81.28838,19.33705],[81.17064,19.27034],[81.14312,19.29755],[81.1418,19.25606],[81.07319,19.27273],[81.06636,19.2288],[80.97015,19.22587],[80.95495,19.31752],[80.83406,19.3528],[80.75687,19.29149],[80.70101,19.28709],[80.6868,19.32874],[80.6115,19.3163],[80.57531,19.40524],[80.3908,19.24352],[80.39413,19.1935],[80.3323,19.14602],[80.27164,18.94529],[80.3554,18.82105],[80.24838,18.75377],[80.34652,18.59371],[80.49127,18.63374],[80.64062,18.52487],[80.69907,18.42566],[80.73466,18.4153],[80.75276,18.30877],[80.79629,18.26079],[80.74145,18.22552],[80.75328,18.17168],[80.80618,18.17321],[80.83241,18.24041],[80.87574,18.2142],[80.87031,18.13975],[80.9625,18.17412],[80.98234,18.15612],[81.11085,18.22987],[81.05777,18.28906],[81.08182,18.32638],[81.06301,18.36412],[80.93644,18.40326],[80.99665,18.44972],[81.04712,18.55059],[81.21108,18.57071],[81.2093,18.61046],[81.16383,18.58725],[81.20435,18.77484],[81.2108,18.90877],[81.15646,18.91713],[81.21334,18.96],[81.1853,18.99078],[81.19353,19.14329],[81.21201,19.17513],[81.29182,19.18784],[81.35942,19.15371],[81.38297,19.18143],[81.35688,19.28014]]]}},
{"type":"Feature","properties":{"shapeID":"76128533B57691508962219","shapeName":"Raipur"},"geometry":{"type":"Polygon","coordinates":[[[81.55482,21.33564],[81.5455,21.24775],[81.62492,21.16244],[81.58432,21.12455],[81.58006,21.07671],[81.60986,21.06192],[81.58802,21.04675],[81.65979,20.99902],[81.75194,21.01076],[81.84279,20.93977],[81.99579,21.10726],[82.02772,21.23299],[82.20533,21.38398],[82.1239,21.36686],[82.1133,21.4096],[81.9256,21.49036],[81.91568,21.59053],[81.79352,21.59684],[81.78735,21.62306],[81.64568,21.5461],[81.63959,21.40474],[81.55482,21.33564]]]}},
{"type":"Feature","properties":{"shapeID":"76128533B54306414631532","shapeName":"Baloda Bazar"},"geometry":{"type":"Polygon","coordinates":[[[81.69237,21.59356],[81.75319,21.58316],[81.74401,21.60408],[81.78735,21.62306],[81.79352,21.59684],[81.91568,21.59053],[81.9256,21.49036],[82.1133,21.4096],[82.1239,21.36686],[82.20533,21.38398],[82.2508,21.43447],[82.27899,21.39356],[82.24618,21.31334],[82.28152,21.27287],[82.32573,21.29143],[82.38676,21.26213],[82.42629,21.30815],[82.45742,21.27673],[82.47582,21.32575],[82.69916,21.33046],[82.69024,21.4811],[82.77239,21.52001],[82.82817,21.50195],[82.82442,21.52899],[82.87586,21.55093],[82.92815,21.49083],[82.92695,21.5518],[82.98447,21.64228],[82.97753,21.66917],[82.80593,21.62598],[82.61806,21.68469],[82.56757,21.65651],[82.33274,21.66825],[82.2482,21.68939],[82.22225,21.75675],[82.09299,21.79468],[81.96365,21.76411],[81.70851,21.7638],[81.72363,21.69483],[81.66048,21.65618],[81.69237,21.59356]]]}},
{"type":"Feature","properties":{"shapeID":"76128533B90169585758701","shapeName":"Balod"},"geometry":{"type":"Polygon","coordinates":[[[81.38502,20.53282],[81.4564,20.56761],[81.4468,20.59021],[81.51774,20.59057],[81.47593,20.59543],[81.53095,20.62808],[81.49354,20.62023],[81.51766,20.7128],[81.48406,20.72691],[81.5193,20.82949],[81.47576,20.86528],[81.44664,20.84273],[81.38652,20.86385],[81.43323,20.9549],[81.39266,21.05564],[81.34808,21.03163],[81.21657,21.0488],[81.20779,21.02573],[81.18498,21.07489],[81.14647,21.07734],[81.09383,20.99646],[80.951,21.00234],[80.94366,20.95067],[80.99574,20.88647],[80.95263,20.84471],[80.98016,20.81356],[80.95751,20.8249],[80.93221,20.77734],[80.88399,20.80449],[80.8058,20.71716],[80.88731,20.65579],[80.94314,20.66778],[80.93826,20.63244],[80.98902,20.61068],[80.94456,20.50876],[80.98095,20.44868],[81.15373,20.37832],[81.2547,20.44427],[81.25682,20.49848],[81.32166,20.55551],[81.38502,20.53282]]]}},
{"type":"Feature","properties":{"shapeID":"76128533B1621599562140","shapeName":"Koriya"},"geometry":{"type":"Polygon","coordinates":[[[81.60695,23.88288],[81.69765,23.71884],[81.57841,23.58272],[81.62704,23.49254],[81.74846,23.56728],[81.83812,23.50842],[81.92147,23.53279],[81.98378,23.41237],[82.02364,23.42279],[82.02233,23.38715],[82.0574,23.37436],[82.10613,23.39708],[82.11849,23.35307],[82.19192,23.32645],[82.19707,23.28422],[82.15027,23.22505],[82.16165,23.15093],[82.12345,23.10362],[82.20257,22.95015],[82.26033,22.9387],[82.39048,22.99756],[82.45077,22.96685],[82.56725,22.97292],[82.58638,22.94426],[82.58075,22.98662],[82.61007,23.00509],[82.57166,23.07003],[82.58114,23.12651],[82.6396,23.1418],[82.67187,23.21022],[82.75773,23.25557],[82.75974,23.30813],[82.74504,23.3584],[82.65068,23.38816],[82.64714,23.4887],[82.5817,23.54232],[82.60053,23.67913],[82.54939,23.75358],[82.49897,23.76445],[82.47111,23.80857],[82.23419,23.80579],[82.21191,23.84771],[82.17511,23.81563],[82.08688,23.81295],[81.93219,23.8681],[81.79292,23.8068],[81.72719,23.83729],[81.66947,23.9239],[81.60695,23.88288]]]}},
{"type":"Feature","properties":{"shapeID":"76128533B71714250401862","shapeName":"Dhamtari"},"geometry":{"type":"Polygon","coordinates":[[[81.87814,20.96296],[81.83816,20.94037],[81.75194,21.01076],[81.65979,20.99902],[81.61311,21.02497],[81.61376,20.9628],[81.4763,20.87127],[81.52053,20.82522],[81.48338,20.77359],[81.48535,20.72455],[81.51766,20.7128],[81.49354,20.62023],[81.51703,20.63749],[81.53034,20.61846],[81.47593,20.59543],[81.51774,20.59057],[81.4468,20.59021],[81.41325,20.52789],[81.73727,20.48274],[81.73946,20.42105],[81.79774,20.32998],[81.76324,20.2993],[81.80351,20.25888],[81.77767,20.23316],[81.84816,20.16397],[81.8754,20.05558],[81.94897,20.10694],[82.01761,20.04966],[82.03536,20.09876],[82.10289,20.10481],[82.13617,20.14736],[82.1748,20.2597],[82.08433,20.33022],[82.08319,20.41308],[81.99708,20.62808],[82.01486,20.67309],[81.92723,20.7492],[81.87814,20.96296]]]}},
{"type":"Feature","properties":{"shapeID":"76128533B89438858641946","shapeName":"Korba"},"geometry":{"type":"Polygon","coordinates":[[[82.47223,22.20434],[82.62498,22.25313],[82.66008,22.18881],[82.63653,22.12413],[82.73237,22.03782],[82.73072,22.08674],[82.82329,22.15611],[82.87159,22.17196],[82.93609,22.12137],[82.96889,22.16286],[83.03047,22.16944],[83.05419,22.20511],[83.03596,22.2455],[83.11088,22.3651],[83.089,22.47415],[83.12442,22.66063],[83.014,22.64086],[82.86824,22.74755],[82.77788,22.77002],[82.72314,22.83028],[82.65841,22.80971],[82.57334,22.83118],[82.55962,22.86195],[82.59667,22.89832],[82.57301,22.97018],[82.37244,22.99727],[82.22418,22.94085],[82.14938,22.84258],[82.17648,22.66788],[82.24395,22.65612],[82.23552,22.59271],[82.15665,22.54228],[82.14396,22.45757],[82.18412,22.41225],[82.14051,22.33129],[82.21705,22.3162],[82.26559,22.34218],[82.25576,22.29997],[82.30262,22.2919],[82.35624,22.32487],[82.47223,22.20434]]]}},
{"type":"Feature","properties":{"shapeID":"76128533B67018657649043","shapeName":"Raigarh"},"geometry":{"type":"Polygon","coordinates":[[[83.12193,22.72786],[83.089,22.47415],[83.11088,22.3651],[83.03596,22.2455],[83.05291,22.1993],[82.94088,22.12252],[83.03317,22.05492],[83.00792,22.02859],[83.05018,22.00383],[83.00525,21.96599],[83.09354,21.97309],[83.12241,21.92803],[83.21775,21.90325],[83.18408,21.84566],[83.22455,21.83377],[83.21015,21.81227],[83.26139,21.72498],[83.31953,21.68111],[83.22981,21.66355],[83.13118,21.69526],[82.97753,21.66917],[82.93258,21.50184],[83.02831,21.45434],[83.03578,21.40101],[83.10974,21.40381],[83.12666,21.3466],[83.22474,21.38817],[83.40296,21.3466],[83.43144,21.39456],[83.35741,21.44769],[83.34174,21.49915],[83.3878,21.61618],[83.4483,21.6527],[83.45983,21.6087],[83.49159,21.62906],[83.42683,21.67837],[83.49118,21.74487],[83.47423,21.78596],[83.49797,21.81773],[83.54359,21.79719],[83.53828,21.83509],[83.59161,21.84716],[83.60748,21.91395],[83.54221,21.96646],[83.54541,22.05818],[83.60733,22.06835],[83.5643,22.10273],[83.65275,22.2272],[83.75975,22.24554],[83.80499,22.2965],[83.74094,22.37886],[83.658,22.3912],[83.5853,22.45593],[83.58961,22.54102],[83.49663,22.49337],[83.40316,22.55747],[83.44149,22.66141],[83.38788,22.65823],[83.38392,22.74313],[83.1909,22.78646],[83.12193,22.72786]]]}},
{"type":"Feature","properties":{"shapeID":"76128533B53609934827566","shapeName":"Jashpur"},"geometry":{"type":"Polygon","coordinates":[[[84.29447,22.77315],[84.32706,22.85157],[84.38364,22.87804],[84.37729,22.97707],[84.2239,22.97835],[84.1968,23.02549],[84.15489,22.9657],[84.13628,23.08318],[84.06843,23.11144],[84.02063,23.18795],[83.93126,23.14777],[83.79102,23.24564],[83.71818,23.20523],[83.6588,23.22512],[83.55511,23.17428],[83.56035,23.13326],[83.50211,23.06773],[83.55105,23.03071],[83.51171,22.94844],[83.64842,22.82304],[83.63374,22.70784],[83.68652,22.67895],[83.68595,22.64048],[83.5607,22.70026],[83.50728,22.6596],[83.43913,22.67505],[83.40316,22.55747],[83.49663,22.49337],[83.58961,22.54102],[83.5853,22.45593],[83.658,22.3912],[83.74094,22.37886],[83.82293,22.29386],[83.86792,22.34639],[84.01106,22.37034],[84.04839,22.46666],[83.98298,22.50465],[84.01193,22.57191],[84.08723,22.63885],[84.22155,22.66693],[84.23215,22.73743],[84.29447,22.77315]]]}},
{"type":"Feature","properties":{"shapeID":"76128533B9759621355294","shapeName":"Mahasamund"},"geometry":{"type":"Polygon","coordinates":[[[82.34934,20.8738],[82.46648,20.82777],[82.49307,20.90733],[82.62969,21.04029],[82.64329,21.15297],[82.79617,21.14297],[82.96334,21.17929],[83.12707,21.10517],[83.1973,21.13965],[83.22553,21.26403],[83.28171,21.28958],[83.27718,21.3788],[83.22474,21.38817],[83.12666,21.3466],[83.10974,21.40381],[83.03578,21.40101],[83.02831,21.45434],[82.92013,21.48841],[82.87586,21.55093],[82.82442,21.52899],[82.82817,21.50195],[82.77239,21.52001],[82.69024,21.4811],[82.69916,21.33046],[82.47582,21.32575],[82.45742,21.27673],[82.42629,21.30815],[82.38676,21.26213],[82.32573,21.29143],[82.28152,21.27287],[82.24618,21.31334],[82.27899,21.39356],[82.24164,21.4336],[82.16629,21.32813],[82.02772,21.23299],[81.99579,21.10726],[82.16111,21.01821],[82.19942,20.9413],[82.28443,20.93589],[82.34934,20.8738]]]}},
{"type":"Feature","properties":{"shapeID":"76128533B6310527412636","shapeName":"Janjgir-Champa"},"geometry":{"type":"Polygon","coordinates":[[[82.40197,21.66302],[82.56757,21.65651],[82.61806,21.68469],[82.80593,21.62598],[83.05251,21.68939],[83.22981,21.66355],[83.32077,21.69095],[83.2699,21.71282],[83.21015,21.81227],[83.22455,21.83377],[83.18408,21.84566],[83.21939,21.88368],[83.20204,21.91801],[83.15186,21.91196],[83.09354,21.97309],[83.00525,21.96599],[83.05018,22.00383],[83.00792,22.02859],[83.03317,22.05492],[83.01492,22.0743],[82.86474,22.17126],[82.76203,22.11968],[82.72735,22.03901],[82.69993,22.08867],[82.64938,22.09969],[82.64426,22.23826],[82.598,22.25941],[82.54924,22.20886],[82.53097,22.24084],[82.49621,22.22779],[82.43072,22.13053],[82.36105,22.11929],[82.30705,22.04625],[82.28633,21.86412],[82.3125,21.78669],[82.43312,21.7017],[82.40197,21.66302]]]}},
{"type":"Feature","properties":{"shapeID":"76128533B25020556592153","shapeName":"Rajnandgaon"},"geometry":{"type":"Polygon","coordinates":[[[80.66368,21.33189],[80.68009,21.29949],[80.63936,21.24853],[80.46436,21.17401],[80.43081,21.01099],[80.46616,20.92972],[80.54896,20.93557],[80.55266,20.7673],[80.58728,20.68574],[80.48872,20.61921],[80.51904,20.58731],[80.62951,20.60615],[80.59324,20.39812],[80.62501,20.33641],[80.51804,20.27233],[80.39337,20.24725],[80.42115,20.19298],[80.39172,20.16128],[80.54762,20.11287],[80.57007,20.18673],[80.61382,20.18267],[80.65734,20.22513],[80.7152,20.18837],[80.73072,20.2675],[80.82875,20.30375],[80.81535,20.35625],[80.8455,20.34724],[80.86297,20.38882],[80.98101,20.44615],[80.94456,20.50876],[80.98902,20.61068],[80.93826,20.63244],[80.94314,20.66778],[80.88731,20.65579],[80.80569,20.72078],[80.88399,20.80449],[80.93221,20.77734],[80.95751,20.8249],[80.98016,20.81356],[80.95263,20.84471],[80.99574,20.88647],[80.94366,20.95067],[80.951,21.00234],[81.09383,20.99646],[81.13394,21.02206],[81.16111,21.10183],[81.2066,21.10324],[81.19952,21.22013],[81.15181,21.21381],[81.19901,21.335],[81.15869,21.49739],[81.19605,21.51483],[81.14103,21.55069],[81.19268,21.63088],[81.17651,21.7038],[80.99677,21.72611],[80.92722,21.82403],[80.84489,21.83038],[80.82192,21.74622],[80.75785,21.75994],[80.71453,21.67222],[80.73741,21.47303],[80.66368,21.33189]]]}},
{"type":"Feature","properties":{"shapeID":"76128533B50374927918374","shapeName":"Nainital"},"geometry":{"type":"Polygon","coordinates":[[[78.86562,29.35477],[79.02449,29.32121],[79.04302,29.27168],[79.14141,29.28112],[79.28433,29.24466],[79.26179,29.19064],[79.42775,29.05548],[79.63062,29.04765],[79.65287,29.07244],[79.71212,29.02772],[79.80236,29.0211],[79.8168,28.98203],[79.85905,29.00951],[79.8792,28.97499],[79.91419,29.02935],[79.973,29.04923],[79.97767,29.1169],[79.88005,29.15471],[79.92899,29.21059],[79.90907,29.24641],[79.84137,29.26896],[79.79576,29.33243],[79.85988,29.30803],[79.90203,29.34363],[79.83556,29.39308],[79.85827,29.42977],[79.73611,29.42892],[79.68215,29.52468],[79.62422,29.5515],[79.53136,29.54473],[79.48059,29.49244],[79.33633,29.60895],[79.22421,29.51844],[79.01181,29.58257],[78.92819,29.40833],[78.86562,29.35477]]]}},
{"type":"Feature","properties":{"shapeID":"76128533B67005208112053","shapeName":"Dehradun"},"geometry":{"type":"Polygon","coordinates":[[[77.5807,30.39477],[77.64998,30.40079],[77.72366,30.32657],[77.96314,30.24005],[78.07128,30.03966],[78.15119,29.96407],[78.23215,29.98492],[78.31302,30.10511],[78.23569,30.18166],[78.29923,30.22977],[78.28663,30.28823],[78.20308,30.28985],[78.13552,30.34024],[78.24113,30.41996],[78.10642,30.47492],[77.98978,30.46255],[77.93969,30.50226],[77.99036,30.51149],[78.01283,30.64758],[78.06365,30.66209],[78.0862,30.71547],[77.99309,30.83637],[77.97661,30.88596],[78.02254,30.91514],[77.97172,30.97324],[77.87294,30.94062],[77.84418,30.99077],[77.81642,30.95817],[77.83446,30.94627],[77.75584,30.9601],[77.76495,30.91464],[77.81567,30.91773],[77.80769,30.84938],[77.75934,30.87101],[77.76335,30.82284],[77.70499,30.74239],[77.79477,30.65446],[77.79815,30.61006],[77.74451,30.589],[77.82955,30.52557],[77.5807,30.39477]]]}},
{"type":"Feature","properties":{"shapeID":"76128533B74917207853309","shapeName":"Almora"},"geometry":{"type":"Polygon","coordinates":[[[79.85013,29.42836],[79.8885,29.4881],[79.93795,29.46242],[80.08046,29.51794],[80.0014,29.55713],[79.9276,29.69612],[79.84105,29.71328],[79.801,29.66631],[79.76978,29.67448],[79.68123,29.82616],[79.5112,29.8625],[79.48632,29.97134],[79.37625,29.92304],[79.32958,29.96844],[79.32661,29.92588],[79.28378,29.92175],[79.28711,29.9476],[79.22707,29.9757],[79.22964,29.94314],[79.17961,29.90383],[79.07281,29.8688],[79.12248,29.80626],[79.12365,29.71439],[79.03985,29.58104],[79.22421,29.51844],[79.33633,29.60895],[79.47998,29.49254],[79.53029,29.54429],[79.61679,29.55292],[79.68215,29.52468],[79.73611,29.42892],[79.85013,29.42836]]]}},
{"type":"Feature","properties":{"shapeID":"76128533B2761749808956","shapeName":"Champawat"},"geometry":{"type":"Polygon","coordinates":[[[79.973,29.04923],[80.01971,29.08827],[80.07693,28.94495],[80.13569,29.00732],[80.14447,29.10304],[80.18369,29.13674],[80.23227,29.11714],[80.27177,29.13999],[80.24153,29.20377],[80.29797,29.2055],[80.31894,29.30397],[80.27581,29.39212],[80.10645,29.5204],[79.93795,29.46242],[79.8885,29.4881],[79.83493,29.39935],[79.90203,29.34363],[79.85988,29.30803],[79.79576,29.33243],[79.84137,29.26896],[79.90907,29.24641],[79.92899,29.21059],[79.88005,29.15471],[79.97767,29.1169],[79.973,29.04923]]]}},
{"type":"Feature","properties":{"shapeID":"76128533B81694682724865","shapeName":"Uttarkashi"},"geometry":{"type":"Polygon","coordinates":[[[78.31338,31.27927],[78.24687,31.22596],[78.16104,31.22157],[78.03095,31.14689],[77.9702,31.16914],[77.90534,31.14873],[77.81385,31.05533],[77.85594,30.94984],[77.97115,30.97338],[78.02149,30.9198],[77.97661,30.88596],[78.0862,30.71547],[78.0107,30.6162],[78.04429,30.59721],[78.15634,30.63185],[78.16655,30.58468],[78.20742,30.574],[78.279,30.60873],[78.28891,30.54936],[78.34104,30.56026],[78.41457,30.46427],[78.44278,30.61535],[78.50083,30.60914],[78.49985,30.52728],[78.54178,30.52372],[78.59942,30.62715],[78.5918,30.68509],[78.85194,30.73515],[78.87506,30.87193],[78.99693,30.85755],[79.14413,30.74399],[79.27694,30.72001],[79.29136,30.74625],[79.22563,30.81407],[79.27804,30.87762],[79.26979,30.95458],[79.31779,30.96114],[79.31054,31.01],[79.41961,31.08063],[79.41041,31.10979],[79.31741,31.14254],[79.28892,31.23323],[79.2242,31.25587],[79.24786,31.27885],[79.21913,31.30871],[79.23506,31.33001],[79.16913,31.35735],[79.14131,31.42969],[79.0736,31.4523],[79.01815,31.41975],[79.01811,31.34386],[78.96512,31.32228],[78.9173,31.24368],[79.00878,31.1256],[78.95439,31.0944],[78.8838,31.09608],[78.81084,31.19448],[78.58826,31.21855],[78.48608,31.1956],[78.38526,31.27927],[78.31338,31.27927]]]}},
{"type":"Feature","properties":{"shapeID":"76128533B46926146855114","shapeName":"Garhwal"},"geometry":{"type":"Polygon","coordinates":[[[79.03877,29.58181],[79.12365,29.71439],[79.12248,29.80626],[79.07281,29.8688],[79.17961,29.90383],[79.23414,29.95869],[79.19572,30.07999],[79.13632,30.11474],[79.14634,30.15538],[79.09612,30.21203],[78.9074,30.16507],[78.89077,30.18875],[78.91624,30.21439],[78.88413,30.25761],[78.74931,30.20977],[78.68552,30.23531],[78.59933,30.14849],[78.59065,30.04917],[78.53508,30.0723],[78.48213,30.05168],[78.41053,30.13321],[78.34151,30.13138],[78.22931,30.01287],[78.2046,29.96208],[78.27549,29.91989],[78.33333,29.7955],[78.51463,29.72125],[78.54248,29.62311],[78.70691,29.49794],[78.92315,29.43081],[78.97264,29.53538],[79.03877,29.58181]]]}},
{"type":"Feature","properties":{"shapeID":"76128533B87833640460819","shapeName":"Hardwar"},"geometry":{"type":"Polygon","coordinates":[[[77.96336,30.23889],[77.83612,30.08587],[77.80302,30.09165],[77.71617,29.86697],[77.77651,29.78686],[77.77358,29.71028],[77.83248,29.66381],[77.94794,29.70929],[77.99333,29.63478],[77.9636,29.5858],[77.99778,29.59245],[78.03323,29.53847],[78.04853,29.59839],[78.19637,29.68148],[78.20711,29.73265],[78.2634,29.73389],[78.34328,29.78911],[78.27404,29.92152],[78.18908,29.95967],[78.1922,29.99272],[78.15119,29.96407],[78.07128,30.03966],[77.96336,30.23889]]]}},
{"type":"Feature","properties":{"shapeID":"76128533B46038384763988","shapeName":"Rudraprayag"},"geometry":{"type":"Polygon","coordinates":[[[79.03313,30.806],[79.02059,30.74628],[78.9268,30.71208],[78.87101,30.50913],[78.82369,30.48082],[78.85308,30.45264],[78.81772,30.39783],[78.83736,30.35369],[78.87631,30.34981],[78.86004,30.29686],[78.91239,30.22823],[78.9074,30.16507],[79.09211,30.21289],[79.09808,30.37773],[79.16397,30.37996],[79.16825,30.44268],[79.24815,30.55537],[79.29707,30.55715],[79.35831,30.62782],[79.29677,30.71875],[79.14442,30.74389],[79.03313,30.806]]]}},
{"type":"Feature","properties":{"shapeID":"76128533B61134942989820","shapeName":"Tehri Garhwal"},"geometry":{"type":"Polygon","coordinates":[[[78.31183,30.11127],[78.40926,30.13357],[78.48213,30.05168],[78.53508,30.0723],[78.59065,30.04917],[78.59933,30.14849],[78.68457,30.23502],[78.74931,30.20977],[78.8991,30.24683],[78.86004,30.29686],[78.87631,30.34981],[78.83736,30.35369],[78.81772,30.39783],[78.85308,30.45264],[78.82369,30.48082],[78.87101,30.50913],[78.9268,30.71208],[79.02989,30.76267],[79.0138,30.84483],[78.87506,30.87193],[78.85027,30.73393],[78.75405,30.70708],[78.72148,30.73011],[78.65821,30.68595],[78.5918,30.68509],[78.59942,30.62715],[78.54178,30.52372],[78.49985,30.52728],[78.50083,30.60914],[78.44278,30.61535],[78.41729,30.46452],[78.34104,30.56026],[78.28891,30.54936],[78.279,30.60873],[78.20742,30.574],[78.16655,30.58468],[78.15634,30.63185],[78.01485,30.61287],[77.99036,30.51149],[77.94064,30.5004],[77.98978,30.46255],[78.10642,30.47492],[78.24113,30.41996],[78.13552,30.34024],[78.20308,30.28985],[78.28663,30.28823],[78.29923,30.22977],[78.23569,30.18166],[78.31183,30.11127]]]}},
{"type":"Feature","properties":{"shapeID":"76128533B64217423710469","shapeName":"Bageshwar"},"geometry":{"type":"Polygon","coordinates":[[[79.8962,29.70972],[79.82482,29.77714],[79.87193,29.76313],[79.90647,29.79457],[79.98913,29.75966],[80.03831,29.7916],[79.9785,29.83778],[80.01412,29.90291],[80.15962,29.91044],[80.07013,30.01612],[80.118,30.22371],[80.0222,30.31175],[79.8746,30.26715],[79.80146,30.28067],[79.82269,30.22142],[79.764,30.12795],[79.82964,30.05443],[79.81356,30.01774],[79.54989,29.99241],[79.48646,30.01941],[79.47303,29.99196],[79.51074,29.86293],[79.68123,29.82616],[79.76652,29.67603],[79.8962,29.70972]]]}},
{"type":"Feature","properties":{"shapeID":"76128533B38561771925520","shapeName":"Pithoragarh"},"geometry":{"type":"Polygon","coordinates":[[[80.0014,29.55713],[80.18476,29.45413],[80.30165,29.45152],[80.28703,29.47709],[80.42121,29.6302],[80.36421,29.74015],[80.40698,29.79445],[80.49343,29.79554],[80.59546,29.95304],[80.67417,29.95718],[80.74475,30.00399],[80.76126,30.04952],[80.87762,30.12852],[80.86218,30.16951],[80.91022,30.22325],[80.940158205000046,30.179750394000052],[81.04568,30.20756],[80.99511,30.26463],[80.93618,30.25943],[80.90871,30.3004],[80.804,30.32005],[80.60699,30.4671],[80.54163,30.44498],[80.41963,30.52062],[80.34771,30.51699],[80.31734,30.56125],[80.21355,30.58135],[80.22219,30.6379],[80.19489,30.66328],[80.25143,30.74006],[80.17606,30.80891],[80.09357,30.78078],[80.10329,30.72156],[79.98135,30.70627],[80.04471,30.59489],[79.9986,30.53574],[80.03983,30.40277],[79.98906,30.31296],[80.118,30.22371],[80.07013,30.01612],[80.15567,29.89441],[80.01412,29.90291],[79.9785,29.83778],[80.03831,29.7916],[79.98913,29.75966],[79.90647,29.79457],[79.87193,29.76313],[79.82275,29.76939],[79.96034,29.67387],[80.0014,29.55713]]]}},
{"type":"Feature","properties":{"shapeID":"76128533B69844709752120","shapeName":"Chamoli"},"geometry":{"type":"Polygon","coordinates":[[[79.47394,29.9756],[79.48646,30.01941],[79.54989,29.99241],[79.81356,30.01774],[79.82964,30.05443],[79.764,30.12795],[79.82269,30.22142],[79.79953,30.2771],[79.98273,30.30056],[80.03983,30.40277],[79.99831,30.53371],[80.04471,30.59489],[79.98135,30.70627],[80.10329,30.72156],[80.10207,30.78982],[80.01082,30.87073],[79.93175,30.87763],[79.86776,30.96821],[79.75497,31.00267],[79.60425,30.92957],[79.50842,31.02869],[79.42938,31.01961],[79.41961,31.08063],[79.31054,31.01],[79.31779,30.96114],[79.26979,30.95458],[79.27804,30.87762],[79.22563,30.81407],[79.29136,30.74625],[79.30525,30.67482],[79.35495,30.64416],[79.3495,30.60347],[79.24815,30.55537],[79.16825,30.44268],[79.16397,30.37996],[79.09808,30.37773],[79.07749,30.21662],[79.14236,30.16197],[79.13632,30.11474],[79.19546,30.0804],[79.19146,30.03312],[79.28378,29.92175],[79.32661,29.92588],[79.32958,29.96844],[79.37625,29.92304],[79.47394,29.9756]]]}},
{"type":"Feature","properties":{"shapeID":"76128533B46531174070538","shapeName":"Udham Singh Nagar"},"geometry":{"type":"Polygon","coordinates":[[[79.02449,29.32121],[78.835,29.37222],[78.80696,29.31581],[78.77594,29.34192],[78.72802,29.3076],[78.8129,29.24386],[78.88338,29.23498],[78.92206,29.12585],[78.99239,29.14733],[79.03558,29.11668],[79.04976,29.17259],[79.16384,29.12132],[79.18336,29.01672],[79.22082,29.03131],[79.31651,28.97105],[79.38168,28.9917],[79.43735,28.92422],[79.43498,28.87101],[79.53004,28.86896],[79.56401,28.90368],[79.59223,28.85073],[79.6566,28.86638],[79.70549,28.83772],[79.82049,28.88406],[79.85047,28.86007],[79.8127,28.79519],[79.89192,28.83214],[79.91765,28.80047],[79.87516,28.79411],[79.94213,28.78329],[79.91977,28.76771],[79.94088,28.72002],[80.00031,28.71089],[80.04689,28.75709],[80.08051,28.95438],[80.01933,29.08861],[79.91419,29.02935],[79.8792,28.97499],[79.85905,29.00951],[79.8168,28.98203],[79.80236,29.0211],[79.71212,29.02772],[79.65287,29.07244],[79.63062,29.04765],[79.44915,29.0505],[79.28158,29.16671],[79.25382,29.2043],[79.28433,29.24466],[79.14141,29.28112],[79.04302,29.27168],[79.02449,29.32121]]]}},
{"type":"Feature","properties":{"shapeID":"76128533B41976979530466","shapeName":"Kannur"},"geometry":{"type":"Polygon","coordinates":[[[75.52977,11.70186],[75.57106,11.67508],[75.6023,11.6868],[75.5895,11.71248],[75.69296,11.7994],[75.75485,11.78422],[75.81063,11.85659],[75.92848,11.84276],[75.93975,11.93895],[75.83269,11.98493],[75.80075,12.0811],[75.72217,12.06883],[75.6397,12.14897],[75.5812,12.15723],[75.47083,12.30164],[75.3,12.27067],[75.29087,12.2341],[75.17522,12.19035],[75.22876,12.13682],[75.1735,12.06804],[75.20126,12.00592],[75.24297,12.01408],[75.3552,11.85995],[75.38404,11.85683],[75.4537,11.77122],[75.52977,11.70186]],[[75.53355,11.75853],[75.55577,11.72131],[75.53177,11.70822],[75.53355,11.75853]]]}},
{"type":"Feature","properties":{"shapeID":"76128533B29330052395581","shapeName":"Pathanamthitta"},"geometry":{"type":"Polygon","coordinates":[[[77.20922,9.07187],[77.26948,9.15319],[77.28501,9.27265],[77.22606,9.29641],[77.247,9.38861],[77.18268,9.472],[77.10132,9.46775],[77.0223,9.40617],[76.97113,9.46493],[76.92675,9.41545],[76.85621,9.45707],[76.76689,9.43659],[76.74796,9.47424],[76.71011,9.4539],[76.65482,9.48175],[76.59309,9.44858],[76.59497,9.41278],[76.51761,9.40776],[76.51842,9.35338],[76.47678,9.33573],[76.64339,9.34083],[76.67863,9.28314],[76.64092,9.23358],[76.69247,9.17617],[76.63616,9.12141],[76.67443,9.11809],[76.6786,9.07674],[76.77293,9.07464],[76.78555,9.11393],[76.84367,9.09206],[76.87747,9.13084],[76.94976,9.11711],[76.93199,9.17401],[77.20922,9.07187]]]}},
{"type":"Feature","properties":{"shapeID":"76128533B86368264587575","shapeName":"Alappuzha"},"geometry":{"type":"Polygon","coordinates":[[[76.52523,9.3656],[76.51238,9.49984],[76.48108,9.50615],[76.46724,9.56199],[76.39396,9.54804],[76.40446,9.68579],[76.37787,9.69645],[76.37189,9.86003],[76.29427,9.89163],[76.27702,9.79006],[76.32227,9.46944],[76.4678,9.12545],[76.53462,9.14493],[76.56058,9.11007],[76.6752,9.15355],[76.69248,9.177],[76.64092,9.23358],[76.67666,9.29154],[76.59637,9.35266],[76.47595,9.32959],[76.52523,9.3656]]]}},
{"type":"Feature","properties":{"shapeID":"76128533B75519739609062","shapeName":"Ernakulam"},"geometry":{"type":"Polygon","coordinates":[[[76.37422,9.83697],[76.50737,9.8515],[76.54874,9.79944],[76.58162,9.84319],[76.61846,9.83744],[76.63103,9.91325],[76.70362,9.91025],[76.71837,9.98677],[76.76781,9.98135],[76.78509,10.03593],[76.83263,10.01293],[76.7708,10.06557],[76.86655,10.07358],[76.92261,10.17579],[77.08732,10.17528],[77.01542,10.22248],[77.06238,10.24936],[76.98468,10.21836],[76.84192,10.28314],[76.69729,10.26434],[76.57893,10.30296],[76.44898,10.29688],[76.3137,10.1843],[76.22152,10.20696],[76.17091,10.18513],[76.27702,9.79006],[76.29427,9.89163],[76.35419,9.88426],[76.37422,9.83697]]]}},
{"type":"Feature","properties":{"shapeID":"76128533B61117593923933","shapeName":"Kollam"},"geometry":{"type":"Polygon","coordinates":[[[76.63647,9.14211],[76.56058,9.11007],[76.53462,9.14493],[76.4678,9.12545],[76.54696,8.90272],[76.66753,8.78081],[76.79425,8.81351],[76.78452,8.86247],[76.90061,8.80991],[76.93706,8.76063],[76.98293,8.78985],[77.02658,8.7753],[77.01013,8.81224],[77.0522,8.84649],[77.21652,8.7675],[77.26567,8.84183],[77.15204,9.00973],[77.20922,9.07187],[76.93199,9.17401],[76.94976,9.11711],[76.87747,9.13084],[76.84307,9.09198],[76.78555,9.11393],[76.7603,9.07214],[76.6786,9.07674],[76.63647,9.14211]]]}},
{"type":"Feature","properties":{"shapeID":"76128533B63366045987285","shapeName":"Kasaragod"},"geometry":{"type":"Polygon","coordinates":[[[75.41588,12.29305],[75.42468,12.37289],[75.37522,12.4018],[75.36878,12.45512],[75.42564,12.46618],[75.41754,12.50281],[75.34365,12.46205],[75.27485,12.54549],[75.33036,12.59111],[75.27896,12.6175],[75.22498,12.56844],[75.2033,12.63085],[75.14455,12.63896],[75.15218,12.68199],[75.08731,12.70333],[75.08434,12.67198],[75.04905,12.66736],[75.05068,12.7202],[74.98547,12.7353],[75.00905,12.76896],[74.99292,12.79586],[74.86805,12.75003],[75.16494,12.08917],[75.22876,12.13682],[75.17522,12.19035],[75.29087,12.2341],[75.3,12.27067],[75.41588,12.29305]]]}},
{"type":"Feature","properties":{"shapeID":"76128533B35083559759016","shapeName":"Idukki"},"geometry":{"type":"Polygon","coordinates":[[[77.28501,9.27265],[77.35133,9.44154],[77.41332,9.50722],[77.36742,9.53686],[77.35753,9.6056],[77.34147,9.57371],[77.32085,9.6035],[77.27149,9.57531],[77.16795,9.61608],[77.24979,9.79884],[77.21988,9.90458],[77.27682,9.97413],[77.20299,10.10589],[77.27477,10.1295],[77.29526,10.21772],[77.26121,10.23099],[77.23647,10.35062],[77.17708,10.35645],[77.04775,10.28203],[77.062,10.23586],[77.01607,10.22389],[77.08732,10.17528],[76.92261,10.17579],[76.86655,10.07358],[76.7708,10.06557],[76.83263,10.01293],[76.78509,10.03593],[76.76781,9.98135],[76.71837,9.98677],[76.70362,9.91025],[76.63103,9.91325],[76.62944,9.85113],[76.78073,9.80796],[76.88961,9.71729],[76.93652,9.62122],[76.8966,9.63358],[76.8875,9.5398],[76.97952,9.49792],[77.01118,9.40873],[77.06796,9.417],[77.06283,9.44823],[77.10601,9.46933],[77.21091,9.44816],[77.24963,9.37714],[77.22606,9.29641],[77.28501,9.27265]]]}},
{"type":"Feature","properties":{"shapeID":"76128533B3985531353014","shapeName":"Kozhikode"},"geometry":{"type":"Polygon","coordinates":[[[75.53652,11.69268],[75.61715,11.47752],[75.69834,11.42333],[75.82582,11.12271],[75.88675,11.16982],[75.90367,11.24378],[76.04684,11.26469],[76.12003,11.31951],[76.10105,11.39573],[76.14467,11.45151],[76.07949,11.52197],[76.03861,11.50292],[75.9109,11.6005],[75.917,11.69047],[75.7927,11.74351],[75.791,11.79419],[75.6936,11.79976],[75.5895,11.71248],[75.6023,11.6868],[75.53652,11.69268]]]}},
{"type":"Feature","properties":{"shapeID":"76128533B2576169508425","shapeName":"Kottayam"},"geometry":{"type":"Polygon","coordinates":[[[76.92675,9.41545],[76.97582,9.50152],[76.95168,9.4899],[76.8875,9.5398],[76.88959,9.61918],[76.93124,9.61432],[76.92865,9.6532],[76.79719,9.79804],[76.62579,9.85805],[76.54874,9.79944],[76.50737,9.8515],[76.37422,9.83697],[76.39396,9.54804],[76.46724,9.56199],[76.48108,9.50615],[76.51238,9.49984],[76.50834,9.4037],[76.59497,9.41278],[76.59316,9.44866],[76.65635,9.48201],[76.71011,9.4539],[76.74796,9.47424],[76.76689,9.43659],[76.85621,9.45707],[76.92675,9.41545]]]}},
{"type":"Feature","properties":{"shapeID":"76128533B75696328527555","shapeName":"Thrissur"},"geometry":{"type":"Polygon","coordinates":[[[76.90537,10.25258],[76.8776,10.29948],[76.83286,10.30458],[76.83972,10.33775],[76.62499,10.37962],[76.59016,10.43555],[76.4428,10.52415],[76.40324,10.59605],[76.46981,10.75254],[76.25241,10.74651],[76.19144,10.78289],[76.205,10.75193],[76.16605,10.70623],[76.07012,10.73065],[75.95645,10.68528],[76.16192,10.17735],[76.22152,10.20696],[76.3137,10.1843],[76.41697,10.29409],[76.57836,10.30303],[76.69729,10.26434],[76.81122,10.28595],[76.90537,10.25258]]]}},
{"type":"Feature","properties":{"shapeID":"76128533B19581555782120","shapeName":"Palakkad"},"geometry":{"type":"Polygon","coordinates":[[[76.83927,10.3377],[76.82016,10.42422],[76.84221,10.5944],[76.81729,10.63564],[76.88514,10.63887],[76.86785,10.68467],[76.90977,10.78028],[76.82933,10.87108],[76.66022,10.93305],[76.71755,11.04034],[76.76818,11.0337],[76.80375,11.05156],[76.74819,11.05656],[76.74964,11.13034],[76.70189,11.15344],[76.73624,11.21788],[76.7075,11.24026],[76.63341,11.19445],[76.40545,11.209],[76.40868,11.11821],[76.28589,11.03505],[76.37277,10.99704],[76.33012,10.97966],[76.33706,10.90594],[76.26854,10.91569],[76.23493,10.88604],[76.17146,10.91524],[76.09813,10.84135],[76.04492,10.84818],[76.04779,10.74245],[76.16436,10.70576],[76.205,10.75193],[76.19144,10.78289],[76.25241,10.74651],[76.46981,10.75254],[76.40324,10.59605],[76.47576,10.48703],[76.59016,10.43555],[76.62499,10.37962],[76.83927,10.3377]]]}},
{"type":"Feature","properties":{"shapeID":"76128533B33162455176756","shapeName":"Thiruvananthapuram"},"geometry":{"type":"Polygon","coordinates":[[[76.66753,8.78081],[76.98448,8.3732],[77.09636,8.29054],[77.14184,8.3321],[77.17968,8.32176],[77.15457,8.38778],[77.22928,8.44724],[77.206,8.50288],[77.2672,8.51107],[77.28476,8.54729],[77.18047,8.72479],[77.20166,8.77083],[77.0522,8.84649],[77.01013,8.81224],[77.02658,8.7753],[76.98293,8.78985],[76.93636,8.7607],[76.90061,8.80991],[76.78452,8.86247],[76.79425,8.81351],[76.66753,8.78081]]]}},
{"type":"Feature","properties":{"shapeID":"76128533B83861010847920","shapeName":"Malappuram"},"geometry":{"type":"Polygon","coordinates":[[[75.82603,11.12271],[75.91056,10.78577],[75.95645,10.68528],[76.01228,10.68965],[76.07137,10.73303],[76.04125,10.75629],[76.04492,10.84818],[76.09813,10.84135],[76.17146,10.91524],[76.23493,10.88604],[76.26854,10.91569],[76.33706,10.90594],[76.33012,10.97966],[76.37277,10.99704],[76.28589,11.03505],[76.40868,11.11821],[76.40359,11.20772],[76.44774,11.20293],[76.45604,11.23885],[76.52336,11.27048],[76.54791,11.36013],[76.45772,11.38977],[76.41948,11.44185],[76.28657,11.48251],[76.24851,11.46755],[76.23577,11.52839],[76.10714,11.41],[76.11583,11.31483],[76.04684,11.26469],[75.90367,11.24378],[75.88675,11.16982],[75.82603,11.12271]]]}},
{"type":"Feature","properties":{"shapeID":"76128533B82539771173603","shapeName":"Wayanad"},"geometry":{"type":"Polygon","coordinates":[[[75.77424,11.80258],[75.7927,11.74351],[75.917,11.69047],[75.9109,11.6005],[76.03861,11.50292],[76.07949,11.52197],[76.14467,11.45151],[76.25124,11.53208],[76.23387,11.57229],[76.2679,11.59485],[76.3063,11.57231],[76.44432,11.64594],[76.25631,11.75851],[76.20832,11.86182],[76.11516,11.8587],[76.11475,11.97811],[76.0047,11.93092],[75.9298,11.93464],[75.92879,11.84302],[75.81063,11.85659],[75.77424,11.80258]]]}},
{"type":"Feature","properties":{"shapeID":"76128533B41477629049356","shapeName":"Lakshadweep"},"geometry":{"type":"MultiPolygon","coordinates":[[[[72.09991,11.21529],[71.99239,11.1761],[72.02446,11.11146],[72.08011,11.13106],[72.09991,11.21529]]],[[[71.90172,12.2883],[71.9231,12.37134],[71.89374,12.39915],[71.8842,12.36958],[71.90172,12.2883]]],[[[71.83068,11.86527],[71.76408,11.86883],[71.77828,11.84016],[71.84292,11.82446],[71.83068,11.86527]]],[[[73.64621,10.0567],[73.66469,10.1401],[73.66014,10.15741],[73.62109,10.10315],[73.64621,10.0567]]],[[[73.52209,9.99158],[73.55261,10.01437],[73.52966,10.02273],[73.52209,9.99158]]],[[[73.70185,10.81768],[73.67138,10.80488],[73.70306,10.81515],[73.70185,10.81768]]],[[[73.01807,8.27703],[73.06635,8.28627],[73.07833,8.32493],[73.01807,8.27703]]],[[[72.64861,10.56252],[72.62327,10.54766],[72.61589,10.54109],[72.64861,10.56252]]],[[[72.76193,11.18107],[72.77682,11.21635],[72.78981,11.25886],[72.7788,11.24098],[72.76193,11.18107]]],[[[72.20352,10.86895],[72.19487,10.87108],[72.1709,10.81644],[72.20352,10.86895]]],[[[72.33886,10.10152],[72.32532,10.13677],[72.33027,10.08105],[72.33886,10.10152]]],[[[72.71821,11.12722],[72.72951,11.12301],[72.73293,11.13483],[72.71821,11.12722]]],[[[73.01097,11.47203],[72.99722,11.49631],[73.00724,11.46817],[73.01097,11.47203]]],[[[71.73916,11.95312],[71.75264,11.95604],[71.73868,11.96015],[71.73916,11.95312]]],[[[72.71636,11.69926],[72.7149,11.70304],[72.70481,11.68133],[72.71605,11.69269],[72.71636,11.69926]]],[[[72.29082,10.93633],[72.28463,10.94008],[72.28596,10.93506],[72.29082,10.93633]]],[[[72.32669,10.95428],[72.31983,10.94607],[72.32327,10.94949],[72.32669,10.95428]]],[[[72.24313,10.00606],[72.24118,10.01121],[72.2342,10.00867],[72.24313,10.00606]]],[[[72.28298,10.04176],[72.2891,10.04767],[72.29324,10.0511],[72.28933,10.04898],[72.28298,10.04176]]],[[[72.18485,11.59687],[72.18864,11.59927],[72.18474,11.60054],[72.18485,11.59687]]],[[[72.16528,10.8122],[72.16915,10.81505],[72.16499,10.8124],[72.16528,10.8122]]],[[[72.33216,10.95582],[72.33371,10.95724],[72.33173,10.9589],[72.33216,10.95582]]],[[[72.33288,10.95295],[72.33198,10.95348],[72.33216,10.95243],[72.33288,10.95295]]]]}},
{"type":"Feature","properties":{"shapeID":"76128533B65820903826030","shapeName":"North District"},"geometry":{"type":"Polygon","coordinates":[[[88.81255,27.41409],[88.77415,27.56657],[88.85353,27.66872],[88.86138,27.81634],[88.89292,27.86116],[88.84357,27.93181],[88.83654,28.01497],[88.75872,28.07309],[88.6745,28.07383],[88.62909,28.1307],[88.54671,28.03859],[88.49095,28.04526],[88.39761,27.97771],[88.13192,27.95043],[88.13741,27.88022],[88.20167,27.83947],[88.11985,27.64514],[88.131,27.59123],[88.18644,27.60983],[88.24082,27.51503],[88.35015,27.53434],[88.42137,27.41839],[88.48782,27.37816],[88.81255,27.41409]]]}},
{"type":"Feature","properties":{"shapeID":"76128533B10270619600482","shapeName":"South District"},"geometry":{"type":"Polygon","coordinates":[[[88.27466,27.51883],[88.30575,27.49327],[88.30469,27.42065],[88.36477,27.39008],[88.28098,27.28615],[88.33622,27.19434],[88.28479,27.1306],[88.45255,27.0852],[88.53848,27.15417],[88.44337,27.27373],[88.48782,27.37816],[88.42137,27.41839],[88.35015,27.53434],[88.27466,27.51883]]]}},
{"type":"Feature","properties":{"shapeID":"76128533B30151252629779","shapeName":"West District"},"geometry":{"type":"Polygon","coordinates":[[[88.11496,27.61875],[88.04374,27.49604],[88.08013,27.42695],[88.04692,27.40547],[88.06661,27.33598],[88.01617,27.21653],[88.06869,27.21096],[88.09269,27.14121],[88.15906,27.11144],[88.28479,27.1306],[88.33622,27.19434],[88.28098,27.28615],[88.36224,27.39894],[88.30771,27.41663],[88.30301,27.50128],[88.2267,27.52409],[88.19107,27.60604],[88.13374,27.58934],[88.11496,27.61875]]]}},
{"type":"Feature","properties":{"shapeID":"76128533B67639510673366","shapeName":"East District"},"geometry":{"type":"Polygon","coordinates":[[[88.48782,27.37816],[88.44337,27.27373],[88.49256,27.23934],[88.50554,27.18494],[88.69074,27.18009],[88.73879,27.13724],[88.79444,27.18572],[88.80742,27.24747],[88.90547,27.27485],[88.92867,27.32621],[88.78402,27.4227],[88.48782,27.37816]]]}},
{"type":"Feature","properties":{"shapeID":"76128533B71390118115414","shapeName":"Nadia"},"geometry":{"type":"Polygon","coordinates":[[[88.70469,24.09936],[88.65309,24.06975],[88.63592,23.98923],[88.55343,24.041],[88.51237,23.98895],[88.52154,23.94803],[88.46092,23.93014],[88.51124,23.89501],[88.46582,23.88643],[88.4764,23.81981],[88.45203,23.81706],[88.44748,23.85312],[88.41806,23.80017],[88.35497,23.82687],[88.23986,23.79899],[88.24252,23.76243],[88.1951,23.75028],[88.23319,23.70672],[88.16745,23.71083],[88.13677,23.65945],[88.16782,23.6207],[88.31593,23.58882],[88.27821,23.53731],[88.34945,23.5477],[88.39074,23.50036],[88.33154,23.41744],[88.35889,23.39607],[88.33071,23.2802],[88.38366,23.21541],[88.47197,23.22223],[88.4545,23.13428],[88.51653,23.11788],[88.41836,23.01607],[88.41098,22.94568],[88.50984,22.94335],[88.6587,22.87439],[88.70704,23.2194],[88.75249,23.23821],[88.69615,23.3019],[88.74373,23.30865],[88.73039,23.35219],[88.76316,23.3675],[88.74645,23.39684],[88.79674,23.49739],[88.74182,23.47778],[88.65205,23.55525],[88.6412,23.60709],[88.57735,23.60283],[88.5911,23.6384],[88.55597,23.64944],[88.57876,23.76226],[88.55431,23.78474],[88.60056,23.81678],[88.57448,23.86262],[88.73283,23.91561],[88.73391,23.97904],[88.76645,23.98352],[88.7278,23.99562],[88.70469,24.09936]]]}},
{"type":"Feature","properties":{"shapeID":"76128533B43049220506604","shapeName":"Dakshin Dinajpur"},"geometry":{"type":"Polygon","coordinates":[[[88.44342,25.19754],[88.48957,25.21368],[88.56951,25.17738],[88.69882,25.21084],[88.80253,25.17224],[88.84345,25.21573],[88.92054,25.16874],[88.94687,25.17866],[88.9499,25.2474],[89.00764,25.26908],[89.00866,25.29166],[88.93226,25.30065],[88.8393,25.36262],[88.8078,25.52149],[88.66271,25.47183],[88.60713,25.51462],[88.53821,25.50728],[88.4976,25.58194],[88.41724,25.59988],[88.3157,25.54945],[88.26463,25.44103],[88.20485,25.43351],[88.17489,25.36503],[88.2468,25.28955],[88.27894,25.315],[88.38517,25.28787],[88.44777,25.31062],[88.44342,25.19754]]]}},
{"type":"Feature","properties":{"shapeID":"76128533B51402332870635","shapeName":"Murshidabad"},"geometry":{"type":"Polygon","coordinates":[[[87.82269,24.76725],[87.90667,24.71982],[87.90606,24.61401],[87.87721,24.61214],[87.91255,24.60961],[87.89198,24.5417],[87.93418,24.53603],[87.97395,24.47035],[87.95638,24.35525],[88.01461,24.31438],[88.02701,24.26064],[87.98599,24.19454],[87.92926,24.19718],[87.89798,24.15221],[87.90961,24.09914],[87.86571,24.03043],[87.87183,23.9336],[87.84659,23.90715],[87.86345,23.8707],[87.96552,23.80366],[87.97264,23.84397],[88.0066,23.84557],[88.06286,23.77844],[88.03603,23.75919],[88.06136,23.72082],[88.09355,23.75138],[88.14425,23.73012],[88.18951,23.76638],[88.23903,23.75892],[88.23746,23.79745],[88.27118,23.81015],[88.35497,23.82687],[88.41806,23.80017],[88.44748,23.85312],[88.45203,23.81706],[88.4764,23.81981],[88.46582,23.88643],[88.51124,23.89501],[88.46092,23.93014],[88.52154,23.94803],[88.51237,23.98895],[88.55343,24.041],[88.63592,23.98923],[88.65309,24.06975],[88.70469,24.09936],[88.69924,24.14487],[88.74101,24.20082],[88.72424,24.29106],[88.67269,24.3349],[88.54122,24.33402],[88.39752,24.37715],[88.29308,24.48209],[88.17458,24.45418],[88.15546,24.61691],[88.03213,24.63711],[87.96478,24.68113],[87.96565,24.77],[87.90163,24.85554],[87.86999,24.77559],[87.82269,24.76725]]]}},
{"type":"Feature","properties":{"shapeID":"76128533B72507508533064","shapeName":"Kolkata"},"geometry":{"type":"Polygon","coordinates":[[[88.27358,22.55577],[88.29096,22.51812],[88.36723,22.49929],[88.41006,22.56042],[88.3934,22.62861],[88.36252,22.63361],[88.32358,22.55085],[88.27358,22.55577]]]}},
{"type":"Feature","properties":{"shapeID":"76128533B36734405131975","shapeName":"Maldah"},"geometry":{"type":"Polygon","coordinates":[[[87.90163,24.85554],[87.96565,24.77],[87.96065,24.68892],[87.99932,24.65769],[88.06725,24.77016],[88.16223,24.85002],[88.1369,24.93738],[88.2251,24.96145],[88.26546,24.89482],[88.33289,24.87099],[88.32434,24.918],[88.35878,24.95245],[88.3982,24.94528],[88.44594,25.04326],[88.44777,25.31062],[88.38517,25.28787],[88.21922,25.30747],[88.19149,25.27511],[88.16544,25.29826],[88.12999,25.2434],[88.10724,25.2726],[88.13105,25.29166],[88.11656,25.43375],[88.0754,25.48115],[87.93122,25.53679],[87.88443,25.51655],[87.86865,25.46601],[87.78658,25.44527],[87.76432,25.40569],[87.78911,25.33315],[87.85833,25.29015],[87.82778,25.23516],[87.84162,25.20011],[87.79268,25.22132],[87.77763,25.10003],[87.97459,24.9247],[87.97109,24.88247],[87.90163,24.85554]]]}},
{"type":"Feature","properties":{"shapeID":"76128533B2860535426345","shapeName":"South Twenty Four Parganas"},"geometry":{"type":"Polygon","coordinates":[[[88.27358,22.55577],[88.12512,22.47575],[88.1333,22.41346],[88.07627,22.36261],[88.09767,22.30272],[88.06345,22.20635],[88.18215,22.17918],[88.21107,22.1028],[88.08109,21.96571],[88.012367892000043,21.74564117400007],[87.953431463000072,21.656285943000057],[87.944559312000081,21.562494636000054],[88.071938045000081,21.507360556000037],[88.158758377000083,21.520035058000076],[88.201181585000086,21.61870331800003],[88.24963,21.56161],[88.28986,21.55991],[88.36619,21.69109],[88.40092,21.6084],[88.52229,21.63054],[88.48496,21.58513],[88.51072,21.54074],[88.59442,21.5941],[88.73304,21.57677],[88.81022,21.60728],[88.843454029000043,21.558262634000073],[88.892361882000046,21.555179313000053],[88.84323,21.59978],[88.87217,21.6535],[89.00168,21.6035],[89.12079,21.66089],[89.03058,21.7869],[89.02577,21.90838],[89.08336,21.95194],[89.04435,22.10092],[89.09838,22.1549],[89.06988,22.15018],[89.05699,22.20658],[88.98001,22.20191],[88.94174,22.26075],[88.90733,22.24647],[88.86342,22.2796],[88.82787,22.25554],[88.8304,22.36481],[88.78179,22.36129],[88.7118,22.42304],[88.59772,22.60588],[88.55904,22.61363],[88.51964,22.53704],[88.46324,22.56372],[88.44621,22.50126],[88.4022,22.55874],[88.36174,22.49899],[88.29096,22.51812],[88.27358,22.55577]]]}},
{"type":"Feature","properties":{"shapeID":"76128533B17109302371020","shapeName":"Darjiling"},"geometry":{"type":"Polygon","coordinates":[[[88.24247,26.44935],[88.35081,26.516],[88.41434,26.63517],[88.39624,26.6801],[88.43558,26.71537],[88.43664,26.81676],[88.498,26.85345],[88.444522271000039,26.959796837000056],[88.394274191000079,26.990103841000064],[88.426034904000062,27.009809072000053],[88.43799604883057,27.081711623402395],[88.31113,27.12837],[88.14339,27.1166],[88.09269,27.14121],[88.08189,27.20051],[88.01889,27.2251],[87.99094,27.10644],[88.03764,27.03666],[88.13569,26.98487],[88.12046,26.95048],[88.17352,26.86554],[88.18954,26.76062],[88.1654,26.64049],[88.1024,26.542],[88.15139,26.51096],[88.23716,26.55196],[88.18498,26.49058],[88.24247,26.44935]]]}},
{"type":"Feature","properties":{"shapeID":"76128533B99051523080987","shapeName":"Jalpaiguri"},"geometry":{"type":"Polygon","coordinates":[[[88.39624,26.6801],[88.43626,26.54713],[88.4854,26.54238],[88.56538,26.45898],[88.62376,26.47247],[88.70341,26.38934],[88.70445,26.33422],[88.73845,26.3544],[88.7583,26.30704],[88.76801,26.3858],[88.87045,26.39193],[88.97482,26.5459],[89.02931,26.51693],[89.127333856000064,26.521978817000047],[89.103848453000069,26.601869088000058],[89.047114641000064,26.644451258000061],[89.117096736000065,26.825017980000041],[89.10067,26.88744],[89.03059,26.94027],[88.96808,26.92412],[88.92486,26.99617],[88.88458,26.95086],[88.79758,26.98971],[88.76277,26.96405],[88.76682,26.92442],[88.66829,26.92625],[88.66472,26.96062],[88.6101,26.87912],[88.48341,26.87547],[88.498,26.85345],[88.4476,26.83511],[88.43558,26.71537],[88.39624,26.6801]]]}},
{"type":"Feature","properties":{"shapeID":"76128533B7157007143985","shapeName":"Uttar Dinajpur"},"geometry":{"type":"Polygon","coordinates":[[[87.82663,25.87761],[87.91641,25.85208],[87.8889,25.82896],[87.91598,25.81516],[87.90391,25.77016],[88.05384,25.69105],[88.05944,25.63338],[88.02617,25.58749],[88.11656,25.43375],[88.13105,25.29166],[88.10724,25.2726],[88.12999,25.2434],[88.14987,25.29392],[88.1966,25.27557],[88.18746,25.40936],[88.26463,25.44103],[88.3163,25.5499],[88.39743,25.59542],[88.44588,25.58394],[88.45258,25.66221],[88.37028,25.69515],[88.26552,25.80814],[88.15056,25.77359],[88.11364,25.79614],[88.08462,25.91534],[88.13605,26.01409],[88.17282,26.02409],[88.17485,26.14977],[88.34879,26.22315],[88.34827,26.28313],[88.45666,26.37796],[88.51501,26.35446],[88.49143,26.4665],[88.37203,26.48797],[88.36196,26.45365],[88.33539,26.49597],[88.26445,26.48099],[88.24247,26.44935],[88.27411,26.41797],[88.23502,26.38993],[88.27969,26.37737],[88.2852,26.33565],[88.01877,26.14104],[87.96983,26.15212],[87.97382,26.08155],[87.91868,26.09114],[87.84788,26.04466],[87.8356,25.9357],[87.80926,25.92098],[87.82663,25.87761]]]}},
{"type":"Feature","properties":{"shapeID":"76128533B25373378863054","shapeName":"Purba Medinipur"},"geometry":{"type":"Polygon","coordinates":[[[88.06345,22.20635],[87.95828,22.27315],[87.95314,22.41662],[87.87699,22.44877],[87.89195,22.5193],[87.76843,22.47335],[87.6927,22.5053],[87.64709,22.42698],[87.64079,22.32684],[87.72015,22.31059],[87.69017,22.11105],[87.66173,22.0861],[87.48384,22.08029],[87.45411,22.00828],[87.49891,21.93546],[87.44309,21.88279],[87.42751,21.796],[87.46976,21.73062],[87.48681,21.61122],[87.82894,21.71208],[87.8932,21.79425],[88.06706,21.91007],[88.08109,21.96571],[88.21237,22.1121],[88.18215,22.17918],[88.06345,22.20635]]]}},
{"type":"Feature","properties":{"shapeID":"76128533B22077262393417","shapeName":"Haora"},"geometry":{"type":"Polygon","coordinates":[[[88.36252,22.63361],[88.32265,22.66922],[88.17922,22.65556],[88.17833,22.68581],[88.114,22.70743],[88.01402,22.68401],[87.99138,22.77867],[87.9555,22.77405],[87.9267,22.68903],[87.9416,22.63254],[87.86097,22.6085],[87.84519,22.56162],[87.89195,22.5193],[87.87993,22.44404],[87.95314,22.41662],[87.95828,22.27315],[88.06345,22.20635],[88.09767,22.30272],[88.07627,22.36261],[88.13348,22.4139],[88.11772,22.46763],[88.23808,22.5218],[88.24656,22.5611],[88.33007,22.555],[88.36252,22.63361]]]}},
{"type":"Feature","properties":{"shapeID":"76128533B93453964263910","shapeName":"North Twenty Four Parganas"},"geometry":{"type":"Polygon","coordinates":[[[88.41098,22.94568],[88.40701,22.87687],[88.33345,22.77845],[88.36588,22.74567],[88.35501,22.65071],[88.3934,22.62861],[88.43123,22.51036],[88.46324,22.56372],[88.51964,22.53704],[88.55904,22.61363],[88.59772,22.60588],[88.7118,22.42304],[88.78179,22.36129],[88.8304,22.36481],[88.82787,22.25554],[88.92279,22.26656],[88.98001,22.20191],[89.0364,22.21669],[89.0696,22.18205],[88.99484,22.28726],[89.02512,22.29682],[88.98464,22.32769],[88.99649,22.46971],[88.93776,22.56073],[88.96014,22.61655],[88.92455,22.65676],[88.96033,22.69384],[88.91091,22.75806],[88.96861,22.84487],[88.90391,22.88491],[88.89393,22.95213],[88.85938,22.94211],[88.84463,23.00923],[88.87874,23.00464],[88.86688,23.10163],[88.97769,23.19371],[88.97377,23.2226],[88.71163,23.23585],[88.6587,22.87439],[88.50984,22.94335],[88.41098,22.94568]]]}},
{"type":"Feature","properties":{"shapeID":"76128533B53366745705922","shapeName":"Birbhum"},"geometry":{"type":"Polygon","coordinates":[[[87.08931,23.80749],[87.15092,23.74731],[87.27014,23.7493],[87.40250952100007,23.69502138200005],[87.45534,23.60945],[87.53056,23.61935],[87.60652,23.58757],[87.71087,23.61934],[87.7351,23.58731],[87.90777,23.54048],[87.96324,23.63059],[87.91246,23.66343],[87.91112,23.71207],[87.96552,23.80366],[87.85449,23.8867],[87.86459,24.02653],[87.92588,24.19441],[87.98599,24.19454],[88.02701,24.26064],[88.01461,24.31438],[87.95638,24.35525],[87.97683,24.45812],[87.93418,24.53603],[87.77396,24.58321],[87.81083,24.54669],[87.79959,24.4926],[87.82732,24.49595],[87.78919,24.41617],[87.8144,24.40826],[87.76066,24.30534],[87.64018,24.24433],[87.64218,24.21342],[87.69694,24.18805],[87.69394,24.15176],[87.57387,24.15755],[87.61203,24.13087],[87.5806,24.08724],[87.49814,24.11714],[87.51529,24.04162],[87.43837,24.01037],[87.46248,23.9835],[87.32869,23.99899],[87.33702,24.03302],[87.24275,24.04319],[87.26624,23.96823],[87.29649,23.95779],[87.29722,23.89232],[87.26956,23.87702],[87.2529,23.90915],[87.24738,23.82841],[87.22322,23.83303],[87.2409,23.85528],[87.14059,23.87031],[87.15836,23.80071],[87.08931,23.80749]]]}},
{"type":"Feature","properties":{"shapeID":"76128533B59121537940607","shapeName":"Barddhaman"},"geometry":{"type":"Polygon","coordinates":[[[88.19703,23.76513],[88.06136,23.72082],[88.03603,23.75919],[88.06286,23.77844],[88.0066,23.84557],[87.97264,23.84397],[87.95451,23.74859],[87.91112,23.71207],[87.91246,23.66343],[87.96324,23.63059],[87.90777,23.54048],[87.67373,23.61991],[87.60652,23.58757],[87.542721623992122,23.607327512802364],[87.478815095000073,23.53349679300004],[87.477611430000081,23.417167931000051],[87.44765213200003,23.404884287000073],[87.65568,23.23873],[87.68427,23.12468],[87.7484,23.10819],[87.7651,23.07193],[87.7135,23.01098],[87.78001,22.93596],[88.01227,22.96316],[88.05172,22.98814],[88.05302,23.04671],[88.14979,23.07774],[88.17181,23.15728],[88.35499,23.11749],[88.37163,23.17941],[88.41779,23.20833],[88.33055,23.28135],[88.35889,23.39607],[88.33154,23.41744],[88.38898,23.50444],[88.34945,23.5477],[88.27821,23.53731],[88.31593,23.58882],[88.28909,23.57607],[88.2649,23.61612],[88.21751,23.60538],[88.13769,23.65232],[88.16745,23.71083],[88.23555,23.71093],[88.19703,23.76513]]]}},
{"type":"Feature","properties":{"shapeID":"76128533B20752885472650","shapeName":"Bankura"},"geometry":{"type":"Polygon","coordinates":[[[87.7135,23.01098],[87.7651,23.07193],[87.7484,23.10819],[87.68427,23.12468],[87.65568,23.23873],[87.44655,23.40578],[87.21379,23.55598],[87.01704,23.63469],[86.89897,23.6404],[86.85631,23.56963],[86.89659,23.4933],[86.81983,23.46691],[86.8196,23.4369],[86.85818,23.43544],[86.84649,23.39631],[86.78007,23.33884],[86.78408,23.20854],[86.71096,23.12006],[86.74458,23.09479],[86.69196,22.93008],[86.70409,22.87256],[86.60983,22.80665],[86.92666,22.627],[86.96457,22.67589],[87.01569,22.65104],[87.01541,22.69461],[87.08702,22.73855],[87.06218,22.84951],[87.12859,22.84383],[87.1728,22.89296],[87.35935,22.95291],[87.6192,22.8923],[87.65405,22.94285],[87.64509,22.98794],[87.69819,22.99638],[87.68993,23.02475],[87.7135,23.01098]]]}},
{"type":"Feature","properties":{"shapeID":"76128533B16811573188243","shapeName":"Puruliya"},"geometry":{"type":"Polygon","coordinates":[[[86.18098,23.01605],[86.3035,23.01638],[86.51727,22.96952],[86.54528,22.99047],[86.52338,22.94762],[86.4379,22.92669],[86.46809,22.89998],[86.41769,22.78993],[86.51155,22.70518],[86.56,22.71156],[86.61763,22.82401],[86.70409,22.87256],[86.69196,22.93008],[86.74458,23.09479],[86.71096,23.12006],[86.78408,23.20854],[86.78007,23.33884],[86.84649,23.39631],[86.85818,23.43544],[86.8196,23.4369],[86.81983,23.46691],[86.89659,23.4933],[86.85631,23.56963],[86.88181,23.57628],[86.88901,23.6537],[86.71612,23.6995],[86.53392,23.63128],[86.44522,23.63188],[86.36335,23.54536],[86.37731,23.48511],[86.30539,23.42256],[86.28389,23.44358],[86.24863,23.42206],[86.24421,23.47209],[86.15108,23.47543],[86.15036,23.57],[86.05254,23.58602],[86.01646,23.55383],[86.05288,23.49592],[85.94963,23.45691],[85.87587,23.47702],[85.86866,23.41228],[85.9014,23.37297],[85.87202,23.36723],[85.8837,23.32616],[85.8321,23.26563],[85.83813,23.19526],[85.9271,23.12869],[86.04245,23.14641],[86.05349,23.11152],[86.13279,23.09199],[86.18098,23.01605]]]}},
{"type":"Feature","properties":{"shapeID":"76128533B64156747739715","shapeName":"Koch Bihar"},"geometry":{"type":"Polygon","coordinates":[[[89.86133,26.38457],[89.82917,26.43969],[89.86515,26.46408],[89.66054,26.43559],[89.62081,26.39554],[89.58568,26.42874],[89.55309,26.41667],[89.53525,26.47767],[89.39766,26.46446],[89.36061,26.49529],[89.2769,26.48571],[89.07405,26.53874],[89.02931,26.51693],[88.97482,26.5459],[88.87045,26.39193],[88.80283,26.37339],[88.77765,26.39549],[88.74955,26.35014],[88.76127,26.30158],[88.82014,26.2955],[88.84069,26.23285],[88.91496,26.29282],[88.95694,26.24047],[89.04941,26.2413],[89.05886,26.29124],[88.99504,26.28897],[88.98421,26.34613],[88.95402,26.32828],[88.95223,26.36383],[88.90906,26.36719],[88.90337,26.4092],[88.96702,26.4588],[89.03628,26.39597],[89.09809,26.39141],[89.09843,26.33057],[89.13725,26.32286],[89.10427,26.28583],[89.14342,26.23757],[89.15623,26.14141],[89.23015,26.1249],[89.26868,26.09283],[89.2561,26.0664],[89.35082,26.01371],[89.39113,26.01081],[89.41126,26.04911],[89.45825,26.00116],[89.54106,26.00733],[89.55577,25.96668],[89.60437,26.06481],[89.64863,26.06356],[89.6291,26.106],[89.59264,26.1006],[89.62878,26.11857],[89.59518,26.13402],[89.60681,26.17942],[89.65676,26.17714],[89.62369,26.18697],[89.64725,26.19083],[89.6285,26.22542],[89.68737,26.22614],[89.70258,26.15371],[89.7377,26.17357],[89.7065,26.17733],[89.73601,26.21247],[89.70125,26.21742],[89.73279,26.23838],[89.70888,26.27008],[89.7415,26.27127],[89.71978,26.30214],[89.7627,26.28949],[89.7861,26.35341],[89.86133,26.38457]]]}},
{"type":"Feature","properties":{"shapeID":"76128533B88812350838807","shapeName":"Paschim Medinipur"},"geometry":{"type":"Polygon","coordinates":[[[87.89195,22.5193],[87.76478,22.6954],[87.74294,22.77649],[87.67956,22.78244],[87.61828,22.85134],[87.51933,22.8669],[87.52425,22.93063],[87.46354,22.91215],[87.35935,22.95291],[87.1728,22.89296],[87.12859,22.84383],[87.06218,22.84951],[87.0769,22.72871],[87.13004679800008,22.673047551000025],[87.086751098000036,22.632806747000075],[87.110861363000083,22.539124237000067],[87.074364563000074,22.478414495000038],[87.176955710000072,22.395740268000054],[87.263603784000054,22.402601121000032],[87.155003786000066,22.332237758000076],[87.229226782000069,22.247813840000049],[87.175366653000083,22.238650825000036],[87.18332498500007,22.14746877500005],[87.13759723000004,22.129949194000062],[87.233937437000066,21.980925509000031],[87.27549,21.8087],[87.44301,21.76973],[87.44282,21.88226],[87.49891,21.93546],[87.4523,21.99471],[87.46903,22.06472],[87.66173,22.0861],[87.72009,22.17896],[87.68865,22.20899],[87.72015,22.31059],[87.64097,22.32544],[87.65852,22.45334],[87.6927,22.5053],[87.76843,22.47335],[87.89195,22.5193]]]}},
{"type":"Feature","properties":{"shapeID":"76128533B81857725777974","shapeName":"Hugli"},"geometry":{"type":"Polygon","coordinates":[[[88.47197,23.22223],[88.37163,23.17941],[88.35499,23.11749],[88.17181,23.15728],[88.14979,23.07774],[88.05302,23.04671],[88.05172,22.98814],[88.01227,22.96316],[87.78001,22.93596],[87.77546,22.96787],[87.74502,22.96403],[87.7045,23.02655],[87.68993,23.02475],[87.69819,22.99638],[87.64509,22.98794],[87.63025,22.89653],[87.52425,22.93063],[87.51933,22.8669],[87.61828,22.85134],[87.67956,22.78244],[87.74294,22.77649],[87.76478,22.6954],[87.85459,22.59797],[87.94002,22.63036],[87.95122,22.76782],[87.98822,22.78004],[88.01402,22.68401],[88.114,22.70743],[88.17742,22.68651],[88.17345,22.67152],[88.18269,22.65465],[88.24233,22.67844],[88.35501,22.65071],[88.36588,22.74567],[88.33382,22.78091],[88.41022,22.88428],[88.41836,23.01607],[88.51653,23.11788],[88.4545,23.13428],[88.47197,23.22223]]]}},
{"type":"Feature","properties":{"shapeID":"76128533B19630094725383","shapeName":"Pathankot"},"geometry":{"type":"Polygon","coordinates":[[[75.85321,32.51605],[75.76262,32.47591],[75.70146,32.4002],[75.56148,32.36066],[75.51738,32.27586],[75.4885,32.34002],[75.3256,32.33517],[75.32078,32.29725],[75.38138,32.26876],[75.37261,32.22476],[75.32825,32.21549],[75.4453,32.16669],[75.43578,32.14869],[75.58813,32.13823],[75.58577,32.10567],[75.62642,32.09895],[75.67783,32.16398],[75.63622,32.18527],[75.64056,32.23581],[75.75267,32.27305],[75.92775,32.4083],[75.92108,32.45521],[75.85321,32.51605]]]}},
{"type":"Feature","properties":{"shapeID":"76128533B51331331726928","shapeName":"Gurdaspur"},"geometry":{"type":"Polygon","coordinates":[[[75.61629,32.09327],[75.58813,32.13823],[75.43578,32.14869],[75.4453,32.16669],[75.32825,32.21549],[75.27788,32.11619],[75.2026,32.12009],[75.17438,32.06837],[75.12287,32.08146],[75.0124,32.03569],[74.92438,32.06603],[74.9163,31.97691],[74.97431,31.96135],[74.88958,31.93258],[74.96979,31.83393],[75.19167,31.74088],[75.22775,31.68515],[75.28638,31.69733],[75.30184,31.65146],[75.40582,31.5941],[75.46889,31.63428],[75.53898,31.77206],[75.57451,31.7781],[75.53702,32.03129],[75.61629,32.09327]]]}},
{"type":"Feature","properties":{"shapeID":"76128533B39368211148513","shapeName":"Patiala"},"geometry":{"type":"MultiPolygon","coordinates":[[[[76.46667,30.09628],[76.54626,30.0786],[76.6404,30.1508],[76.65182,30.2017],[76.60328,30.24997],[76.5458,30.228],[76.56059,30.26083],[76.62282,30.26644],[76.75176,30.35539],[76.71341,30.3894],[76.78927,30.49994],[76.75124,30.55119],[76.78481,30.61152],[76.69262,30.56885],[76.64568,30.62688],[76.57292,30.56446],[76.50699,30.56544],[76.46285,30.43375],[76.37616,30.47657],[76.35546,30.45924],[76.32532,30.5422],[76.2562,30.56257],[76.08758,30.53329],[76.06405,30.48217],[76.09039,30.45552],[75.99121,30.33763],[76.16806,30.31892],[76.20423,30.28389],[76.16811,30.23971],[76.06428,30.21277],[76.06337,30.14269],[76.10832,30.11203],[76.0916,30.0636],[76.05855,30.07366],[76.01489,30.02226],[76.03236,29.9643],[75.9835,29.90673],[76.0688,29.84257],[76.12671,29.85416],[76.10237,29.80709],[76.13322,29.79569],[76.25406,29.86511],[76.19666,29.88476],[76.17835,29.92489],[76.21696,29.94296],[76.20319,30.01267],[76.26747,30.1008],[76.20308,30.1313],[76.2164,30.15523],[76.33539,30.10444],[76.36148,30.12376],[76.33846,30.14539],[76.40261,30.12358],[76.3937,30.17934],[76.42294,30.19835],[76.46667,30.09628]]],[[[75.97003,29.89074],[75.97113,29.93254],[75.93118,29.90809],[75.97003,29.89074]]]]}},
{"type":"Feature","properties":{"shapeID":"76128533B54652028494758","shapeName":"Tarn Taran"},"geometry":{"type":"Polygon","coordinates":[[[74.95018,31.14957],[75.05178,31.19161],[75.19301,31.43155],[75.22839,31.42368],[75.28067,31.48274],[75.18178,31.5292],[75.12617,31.49577],[75.10036,31.52264],[74.99662,31.50519],[74.98409,31.52609],[74.95422,31.49535],[74.8991,31.55327],[74.84693,31.53099],[74.79545,31.57081],[74.63224,31.52739],[74.61367,31.49177],[74.65469,31.42591],[74.6013,31.41995],[74.55175,31.36439],[74.51039,31.13199],[74.56967,31.08174],[74.61054,31.09905],[74.60339,31.13366],[74.73734,31.10372],[74.89784,31.16037],[74.95018,31.14957]]]}},
{"type":"Feature","properties":{"shapeID":"76128533B37199077904074","shapeName":"Kapurthala"},"geometry":{"type":"MultiPolygon","coordinates":[[[[75.47661,31.6511],[75.22839,31.42368],[75.19617,31.43532],[75.05178,31.19161],[74.95018,31.14957],[75.0093,31.11955],[75.04007,31.16151],[75.07505,31.14408],[75.21363,31.18522],[75.27113,31.14814],[75.27763,31.18711],[75.34732,31.2321],[75.46311,31.23783],[75.49216,31.2709],[75.45416,31.31339],[75.49443,31.3277],[75.50361,31.36725],[75.47687,31.37404],[75.51499,31.38987],[75.44783,31.3965],[75.47321,31.45097],[75.44753,31.50085],[75.52125,31.47292],[75.53922,31.55548],[75.60586,31.5762],[75.54278,31.65069],[75.47661,31.6511]]],[[[75.91161,31.26216],[75.8551,31.29542],[75.90916,31.34547],[75.80134,31.37375],[75.75725,31.3283],[75.70171,31.34706],[75.72354,31.32207],[75.68714,31.31912],[75.70359,31.28834],[75.6797,31.29398],[75.67231,31.24033],[75.70646,31.23998],[75.70375,31.16852],[75.77251,31.16058],[75.78585,31.20434],[75.85855,31.23468],[75.84343,31.28338],[75.87623,31.24345],[75.91161,31.26216]]]]}},
{"type":"Feature","properties":{"shapeID":"76128533B99919205026025","shapeName":"Fatehgarh Sahib"},"geometry":{"type":"Polygon","coordinates":[[[76.63584,30.62022],[76.53072,30.71324],[76.52568,30.75934],[76.44689,30.75919],[76.41019,30.84544],[76.32425,30.87919],[76.26149,30.78311],[76.30944,30.75885],[76.28555,30.72324],[76.32659,30.6866],[76.1747,30.67769],[76.07774,30.54457],[76.13952,30.52537],[76.22876,30.56953],[76.31826,30.54607],[76.35546,30.45924],[76.37616,30.47657],[76.46285,30.43375],[76.50183,30.56094],[76.57292,30.56446],[76.63584,30.62022]]]}},
{"type":"Feature","properties":{"shapeID":"76128533B82601690264832","shapeName":"Sangrur"},"geometry":{"type":"Polygon","coordinates":[[[76.05315,29.74508],[76.12671,29.85416],[76.0688,29.84257],[75.9835,29.90673],[75.98629,29.93474],[76.03236,29.9643],[76.01489,30.02226],[76.05855,30.07366],[76.0916,30.0636],[76.10832,30.11203],[76.06337,30.14269],[76.06428,30.21277],[76.16811,30.23971],[76.20423,30.28389],[76.16806,30.31892],[75.99121,30.33763],[76.09039,30.45552],[76.06405,30.48217],[76.08441,30.56155],[76.02887,30.61462],[75.93855,30.56874],[75.87672,30.62977],[75.88164,30.67476],[75.81115,30.68994],[75.81534,30.66419],[75.76655,30.66533],[75.80103,30.6312],[75.68196,30.60912],[75.65382,30.54368],[75.68147,30.52136],[75.64901,30.44121],[75.6854,30.35002],[75.65806,30.30811],[75.73186,30.27359],[75.69302,30.23243],[75.58303,30.22555],[75.55806,30.1772],[75.65447,30.11394],[75.6432,30.03008],[75.69096,30.02315],[75.64176,29.93496],[75.67438,29.90847],[75.70966,29.93353],[75.76696,29.91699],[75.77557,29.8344],[75.73754,29.80837],[75.84938,29.81538],[75.87531,29.74891],[75.97643,29.72779],[76.05315,29.74508]],[[75.97113,29.93254],[75.97003,29.89074],[75.93118,29.90809],[75.97113,29.93254]]]}},
{"type":"Feature","properties":{"shapeID":"76128533B41499938690181","shapeName":"Mansa"},"geometry":{"type":"Polygon","coordinates":[[[75.70886,29.75207],[75.77557,29.8344],[75.76696,29.91699],[75.70966,29.93353],[75.67438,29.90847],[75.64176,29.93496],[75.69241,30.00729],[75.68332,30.03853],[75.6432,30.03008],[75.65447,30.11394],[75.62745,30.14219],[75.51256,30.14345],[75.4652,30.19621],[75.39134,30.20979],[75.34682,30.1295],[75.26173,30.09868],[75.26159,30.01624],[75.30387,30.02122],[75.28149,29.97696],[75.18508,29.96825],[75.17046,29.92397],[75.21671,29.86331],[75.18756,29.84138],[75.24199,29.74979],[75.16862,29.6605],[75.23196,29.60417],[75.23409,29.54373],[75.30119,29.55936],[75.29136,29.60763],[75.32866,29.66819],[75.36113,29.6567],[75.34634,29.69133],[75.45199,29.80155],[75.58008,29.73969],[75.63675,29.77022],[75.70886,29.75207]]]}},
{"type":"Feature","properties":{"shapeID":"76128533B8426545955058","shapeName":"Amritsar"},"geometry":{"type":"Polygon","coordinates":[[[74.91271,32.05389],[74.87538,32.05078],[74.82159,31.96439],[74.61998,31.88729],[74.57075,31.83713],[74.55943,31.75786],[74.48832,31.72041],[74.55546,31.60789],[74.61591,31.56903],[74.5754,31.50088],[74.79545,31.57081],[74.84693,31.53099],[74.8991,31.55327],[74.95422,31.49535],[74.98409,31.52609],[74.99662,31.50519],[75.10036,31.52264],[75.12617,31.49577],[75.18178,31.5292],[75.19727,31.49993],[75.28661,31.48279],[75.40582,31.5941],[75.30184,31.65146],[75.28638,31.69733],[75.22775,31.68515],[75.19167,31.74088],[74.96979,31.83393],[74.88958,31.93258],[74.97431,31.96135],[74.9163,31.97691],[74.93827,32.00796],[74.91271,32.05389]]]}},
{"type":"Feature","properties":{"shapeID":"76128533B13552746017223","shapeName":"Faridkot"},"geometry":{"type":"Polygon","coordinates":[[[75.05405,30.45835],[74.99279,30.54299],[74.9469,30.56946],[74.95641,30.67408],[74.91598,30.67977],[74.91216,30.73552],[74.77246,30.81187],[74.62623,30.83079],[74.47105,30.74272],[74.48381,30.67327],[74.59156,30.65387],[74.71145,30.55732],[74.68863,30.52073],[74.76047,30.49608],[74.73333,30.45925],[74.75874,30.39129],[75.04769,30.37879],[75.02174,30.43885],[75.05405,30.45835]]]}},
{"type":"Feature","properties":{"shapeID":"76128533B46195204843409","shapeName":"Ludhiana"},"geometry":{"type":"Polygon","coordinates":[[[76.32369,30.8791],[76.31732,30.99555],[76.27066,31.02187],[76.13559,30.9861],[76.00085,30.98868],[75.95801,31.01885],[75.8001,30.99369],[75.76071,31.0146],[75.60351,30.96866],[75.35635,30.98863],[75.40807,30.89359],[75.37231,30.83932],[75.39805,30.8036],[75.37877,30.62251],[75.40891,30.58216],[75.46861,30.60502],[75.50433,30.56691],[75.57579,30.56325],[75.76363,30.63751],[75.78989,30.623],[75.76655,30.66533],[75.83916,30.69477],[75.89579,30.65978],[75.87672,30.62977],[75.93855,30.56874],[76.02887,30.61462],[76.10185,30.55974],[76.1747,30.67769],[76.32659,30.6866],[76.28555,30.72324],[76.30944,30.75885],[76.26149,30.78311],[76.32369,30.8791]]]}},
{"type":"Feature","properties":{"shapeID":"76128533B13791982054894","shapeName":"Bathinda"},"geometry":{"type":"Polygon","coordinates":[[[75.15268,29.77492],[75.21671,29.86331],[75.17046,29.92397],[75.18508,29.96825],[75.28149,29.97696],[75.30387,30.02122],[75.26159,30.01624],[75.26173,30.09868],[75.35838,30.14026],[75.37918,30.23444],[75.3653,30.28332],[75.32232,30.30382],[75.33675,30.37756],[75.25936,30.46024],[75.29371,30.50946],[75.18822,30.5062],[75.14671,30.58059],[75.13085,30.52212],[75.00926,30.48791],[75.05405,30.45835],[75.02174,30.43885],[75.04769,30.37879],[74.97398,30.39494],[74.92405,30.36628],[74.82325,30.39289],[74.78727,30.33883],[74.70321,30.35552],[74.78624,30.335],[74.72672,30.3077],[74.75344,30.28535],[74.7218,30.25168],[74.73791,30.1806],[74.65929,30.16308],[74.63305,30.12709],[74.68461,30.11037],[74.70831,29.9702],[74.81225,29.9914],[74.8926,29.96698],[75.00072,29.85659],[75.07659,29.8772],[75.09598,29.91327],[75.10117,29.8047],[75.15268,29.77492]]]}},
{"type":"Feature","properties":{"shapeID":"76128533B91211372620495","shapeName":"Jalandhar"},"geometry":{"type":"Polygon","coordinates":[[[75.08531,31.15131],[75.21169,31.03786],[75.28396,31.04191],[75.30783,31.00044],[75.41064,30.9792],[75.60351,30.96866],[75.76071,31.0146],[75.8001,30.99369],[75.95433,31.01207],[75.88308,31.16535],[75.7888,31.19834],[75.77251,31.16058],[75.69746,31.17614],[75.70646,31.23998],[75.67231,31.24033],[75.6797,31.29398],[75.70359,31.28834],[75.68714,31.31912],[75.72108,31.31571],[75.71283,31.34873],[75.76038,31.33006],[75.8215,31.42508],[75.64214,31.61656],[75.6001,31.61095],[75.58336,31.55299],[75.53922,31.55548],[75.52125,31.47292],[75.44753,31.50085],[75.47321,31.45097],[75.44783,31.3965],[75.51499,31.38987],[75.47687,31.37404],[75.50361,31.36725],[75.49443,31.3277],[75.45416,31.31339],[75.49216,31.2709],[75.46311,31.23783],[75.34732,31.2321],[75.27763,31.18711],[75.27113,31.14814],[75.21363,31.18522],[75.08531,31.15131]]]}},
{"type":"Feature","properties":{"shapeID":"76128533B50184713016881","shapeName":"Muktsar"},"geometry":{"type":"Polygon","coordinates":[[[74.70831,29.9702],[74.68461,30.11037],[74.63322,30.12954],[74.73791,30.1806],[74.7218,30.25168],[74.75344,30.28535],[74.72672,30.3077],[74.78624,30.335],[74.70321,30.35552],[74.78727,30.33883],[74.82325,30.39289],[74.75442,30.39362],[74.73333,30.45925],[74.76047,30.49608],[74.68863,30.52073],[74.71145,30.55732],[74.61989,30.63735],[74.48953,30.6657],[74.49393,30.63841],[74.38046,30.59087],[74.4047,30.5569],[74.37688,30.48335],[74.25288,30.42349],[74.35946,30.39045],[74.31797,30.38724],[74.29946,30.26317],[74.26227,30.24628],[74.35808,30.2394],[74.33784,30.16135],[74.41612,30.09513],[74.37845,30.10875],[74.36802,30.08481],[74.40943,30.02623],[74.45597,30.02116],[74.46556,30.00274],[74.4275,29.99687],[74.45262,29.94674],[74.53538,29.95101],[74.65037,29.90308],[74.70831,29.9702]]]}},
{"type":"Feature","properties":{"shapeID":"76128533B18834172694083","shapeName":"Moga"},"geometry":{"type":"Polygon","coordinates":[[[75.00926,30.48791],[75.13085,30.52212],[75.14671,30.58059],[75.18822,30.5062],[75.32178,30.53524],[75.36513,30.51423],[75.42236,30.55069],[75.37208,30.68895],[75.39805,30.8036],[75.37491,30.85632],[75.40807,30.89359],[75.35635,30.98863],[75.28396,31.04191],[75.21169,31.03786],[75.14071,31.1039],[75.12844,31.07469],[75.09464,31.08135],[75.10553,31.04596],[75.05634,31.04915],[75.11116,31.01789],[75.09758,30.96158],[75.03379,30.8944],[74.95615,30.89099],[74.91358,30.77124],[74.91598,30.67977],[74.95641,30.67408],[74.9469,30.56946],[74.99279,30.54299],[75.00926,30.48791]]]}},
{"type":"Feature","properties":{"shapeID":"76128533B41747884279129","shapeName":"Hoshiarpur"},"geometry":{"type":"Polygon","coordinates":[[[75.98699,31.81282],[75.93595,31.94211],[75.70564,32.06065],[75.59453,32.08107],[75.53702,32.03129],[75.57451,31.7781],[75.53898,31.77206],[75.47584,31.65113],[75.67185,31.60713],[75.7054,31.52837],[75.8215,31.42508],[75.78925,31.36974],[75.90916,31.34547],[75.85678,31.29186],[76.02651,31.25868],[76.05059,31.21416],[76.09016,31.22426],[76.10393,31.17802],[76.19403,31.12998],[76.19844,31.18757],[76.23786,31.18567],[76.25325,31.19759],[76.22595,31.20652],[76.24762,31.24521],[76.30951,31.21175],[76.35252,31.23796],[76.29208,31.30711],[76.18748,31.30409],[76.15432,31.35057],[76.16835,31.41149],[75.9373,31.81554],[75.98699,31.81282]]]}},
{"type":"Feature","properties":{"shapeID":"76128533B24759700890118","shapeName":"Rupnagar"},"geometry":{"type":"Polygon","coordinates":[[[76.29208,31.30711],[76.52077,30.9948],[76.36323,30.97037],[76.30925,30.99139],[76.32057,30.88342],[76.41019,30.84544],[76.44689,30.75919],[76.50834,30.74925],[76.55937,30.78492],[76.57361,30.86494],[76.59172,30.84951],[76.61239,30.89048],[76.73952,30.9402],[76.6244,31.00063],[76.64028,31.1067],[76.60387,31.12423],[76.60503,31.17952],[76.65015,31.20953],[76.59532,31.21296],[76.6156,31.24711],[76.58412,31.27414],[76.5497,31.25208],[76.55196,31.28069],[76.53286,31.25907],[76.48153,31.30708],[76.44591,31.27976],[76.46308,31.30289],[76.37816,31.43852],[76.33075,31.39959],[76.35148,31.35013],[76.29208,31.30711]]]}},
{"type":"Feature","properties":{"shapeID":"76128533B421757708753","shapeName":"Firozpur"},"geometry":{"type":"Polygon","coordinates":[[[74.69808,31.10379],[74.67111,31.05355],[74.56817,31.05469],[74.54606,30.99341],[74.4165,30.93515],[74.42278,30.90779],[74.36589,30.893],[74.38212,30.86036],[74.32054,30.84667],[74.3014,30.80382],[74.44429,30.78726],[74.47614,30.74918],[74.66588,30.82932],[74.77246,30.81187],[74.91216,30.73552],[74.94629,30.87677],[75.03379,30.8944],[75.09758,30.96158],[75.11116,31.01789],[75.05634,31.04915],[75.10553,31.04596],[75.09464,31.08135],[75.12844,31.07469],[75.14071,31.1039],[75.04007,31.16151],[75.0093,31.11955],[74.89784,31.16037],[74.69808,31.10379]]]}},
{"type":"Feature","properties":{"shapeID":"76128533B7291413308870","shapeName":"Fazilka"},"geometry":{"type":"Polygon","coordinates":[[[74.49393,30.63841],[74.44429,30.78726],[74.2993,30.80449],[74.30184,30.77935],[74.26011,30.77282],[74.28563,30.73466],[74.23246,30.7244],[74.19348,30.66512],[74.09604,30.61142],[74.07241,30.52293],[74.01192,30.53363],[73.96419,30.45644],[73.93464,30.49022],[73.92654,30.43894],[73.97372,30.44395],[73.88063,30.35962],[73.96224,30.26375],[73.97259,30.19828],[73.94608,30.17762],[73.97702,30.19623],[73.97535,30.12306],[73.90511,30.04807],[73.90133,29.97122],[74.45262,29.94674],[74.4275,29.99687],[74.46556,30.00274],[74.45597,30.02116],[74.40943,30.02623],[74.36802,30.08481],[74.37845,30.10875],[74.41612,30.09513],[74.33784,30.16135],[74.35808,30.2394],[74.26227,30.24628],[74.29946,30.26317],[74.31797,30.38724],[74.35861,30.39747],[74.25288,30.42349],[74.37688,30.48335],[74.4047,30.5569],[74.38046,30.59087],[74.49393,30.63841]]]}},
{"type":"Feature","properties":{"shapeID":"76128533B39051871473194","shapeName":"Barnala"},"geometry":{"type":"Polygon","coordinates":[[[75.67966,30.59486],[75.53799,30.56205],[75.46861,30.60502],[75.40891,30.58216],[75.40138,30.52892],[75.29594,30.51619],[75.25936,30.46024],[75.33675,30.37756],[75.32232,30.30382],[75.3746,30.26367],[75.36347,30.20375],[75.4652,30.19621],[75.55414,30.13786],[75.57894,30.14597],[75.55735,30.19324],[75.58303,30.22555],[75.69302,30.23243],[75.73186,30.27359],[75.6709,30.29039],[75.65147,30.33108],[75.6854,30.35002],[75.64901,30.44121],[75.675,30.45823],[75.68147,30.52136],[75.65336,30.54126],[75.67966,30.59486]]]}},
{"type":"Feature","properties":{"shapeID":"76128533B12197302963241","shapeName":"Sahibzada Ajit Singh Nagar"},"geometry":{"type":"Polygon","coordinates":[[[76.73952,30.9402],[76.61239,30.89048],[76.59172,30.84951],[76.57361,30.86494],[76.52281,30.72933],[76.69262,30.56885],[76.78481,30.61152],[76.75124,30.55119],[76.78927,30.49994],[76.74054,30.41691],[76.84588,30.42954],[76.9056,30.35523],[76.94484,30.3926],[76.90232,30.43671],[76.92721,30.59538],[76.87135,30.63648],[76.87441,30.66573],[76.78504,30.66215],[76.70844,30.74087],[76.77158,30.79625],[76.81499,30.75302],[76.86088,30.78843],[76.73952,30.9402]]]}},
{"type":"Feature","properties":{"shapeID":"76128533B14984770113274","shapeName":"Shahid Bhagat Singh Nagar"},"geometry":{"type":"Polygon","coordinates":[[[75.7888,31.19834],[75.89423,31.15586],[75.95418,31.01147],[76.00085,30.98868],[76.26844,31.02187],[76.36323,30.97037],[76.52077,30.9948],[76.33951,31.22546],[76.24762,31.24521],[76.22595,31.20652],[76.25325,31.19759],[76.19844,31.18757],[76.20946,31.14091],[76.19403,31.12998],[76.10393,31.17802],[76.09016,31.22426],[76.05059,31.21416],[76.02651,31.25868],[75.92086,31.27819],[75.87623,31.24345],[75.84343,31.28338],[75.85855,31.23468],[75.7888,31.19834]]]}},
{"type":"Feature","properties":{"shapeID":"76128533B43335986553000","shapeName":"Mandya"},"geometry":{"type":"Polygon","coordinates":[[[76.34583,12.65715],[76.45352,12.48441],[76.56898,12.42566],[76.56942,12.35018],[76.68701,12.3914],[76.75874,12.30296],[76.77193,12.3512],[76.93991,12.45147],[76.96062,12.417],[76.97533,12.44165],[76.92469,12.32567],[76.97804,12.35352],[76.99348,12.23957],[77.10768,12.22143],[77.17054,12.26058],[77.16647,12.31019],[77.32347,12.30824],[77.32931,12.36675],[77.28792,12.39299],[77.27016,12.46607],[77.22717,12.47623],[77.24024,12.50028],[77.14839,12.46277],[77.12702,12.48159],[77.12484,12.62381],[77.07542,12.68352],[77.08194,12.7472],[76.92591,12.80548],[76.86523,12.90778],[76.88964,12.93415],[76.82302,12.9406],[76.8528,12.97843],[76.76308,13.0358],[76.67467,13.05504],[76.6172,12.9897],[76.57765,12.84901],[76.49375,12.80904],[76.49982,12.77019],[76.44072,12.79534],[76.41325,12.8672],[76.3741,12.81087],[76.33628,12.81303],[76.36619,12.70803],[76.34583,12.65715]]]}},
{"type":"Feature","properties":{"shapeID":"76128533B95879808095476","shapeName":"Mysore"},"geometry":{"type":"Polygon","coordinates":[[[76.41694,11.676],[76.4116,11.81095],[76.46274,11.79147],[76.49169,11.85958],[76.55613,11.85711],[76.57911,11.9857],[76.64462,11.98347],[76.65856,12.01007],[76.71734,11.98308],[76.74563,12.01198],[76.7901,11.98423],[76.81445,12.03041],[76.8414,11.99905],[76.90572,11.99694],[76.94016,12.02783],[76.85814,12.06136],[76.8843,12.08522],[76.83369,12.13189],[76.85825,12.1859],[76.87869,12.13468],[76.94794,12.09924],[76.99462,12.17672],[77.04309,12.13013],[77.04702,12.17012],[77.13559,12.22857],[76.99348,12.23957],[76.97804,12.35352],[76.92563,12.32355],[76.95011,12.36262],[76.9744,12.4429],[76.96191,12.41671],[76.93056,12.45077],[76.89758,12.40955],[76.83663,12.40344],[76.75874,12.30296],[76.68701,12.3914],[76.56942,12.35018],[76.56898,12.42566],[76.45352,12.48441],[76.35594,12.65192],[76.32366,12.61078],[76.22299,12.64336],[76.19749,12.57669],[76.16072,12.57683],[76.11716,12.51319],[76.04835,12.57578],[75.99456,12.55794],[75.96487,12.50459],[75.97581,12.44904],[75.91208,12.40002],[76.00077,12.32619],[76.02394,12.25291],[76.11054,12.23675],[76.17849,12.10196],[76.18716,12.0356],[76.11475,11.97811],[76.11516,11.8587],[76.20832,11.86182],[76.25631,11.75851],[76.41694,11.676]]]}},
{"type":"Feature","properties":{"shapeID":"76128533B80772392204057","shapeName":"Chikkaballapura"},"geometry":{"type":"Polygon","coordinates":[[[78.12783,13.78667],[78.1155,13.86319],[78.05041,13.8962],[78.04714,13.86236],[77.99435,13.87107],[77.95376,13.82935],[77.98764,13.95693],[77.92059,13.90646],[77.89586,13.9403],[77.82699,13.94388],[77.83657,13.86972],[77.72153,13.79949],[77.7175,13.74178],[77.65763,13.78471],[77.61895,13.76426],[77.63708,13.73883],[77.56448,13.72522],[77.52793,13.75252],[77.52988,13.69661],[77.49558,13.71544],[77.4912,13.68837],[77.38449,13.66153],[77.36329,13.61391],[77.38765,13.50108],[77.55617,13.41833],[77.60455,13.44185],[77.60332,13.39764],[77.63522,13.37576],[77.65986,13.39794],[77.66056,13.35631],[77.70037,13.33622],[77.71654,13.366],[77.79311,13.35206],[77.82902,13.32686],[77.81179,13.2624],[77.83512,13.24835],[77.92232,13.28932],[77.95689,13.26954],[77.99075,13.30443],[78.13663,13.28745],[78.11239,13.32441],[78.14983,13.36677],[78.12256,13.37739],[78.21098,13.46972],[78.18893,13.51354],[78.20395,13.62627],[78.16564,13.6587],[78.09048,13.6452],[78.06799,13.67675],[78.1151,13.69425],[78.09451,13.74325],[78.12783,13.78667]]]}},
{"type":"Feature","properties":{"shapeID":"76128533B84927972855096","shapeName":"Yadgir"},"geometry":{"type":"Polygon","coordinates":[[[77.45693,16.88605],[77.41295,16.87459],[77.34312,16.93379],[77.21339,16.94507],[77.09692,16.90574],[77.06595,16.95391],[77.02149,16.92718],[77.04332,16.86996],[76.98148,16.86084],[76.99237,16.81196],[76.91279,16.81603],[76.92254,16.86935],[76.87285,16.89568],[76.7617,16.84402],[76.74672,16.77818],[76.6717,16.78941],[76.66007,16.71224],[76.60232,16.76696],[76.43909,16.70756],[76.40583,16.64858],[76.43806,16.4358],[76.33457,16.42479],[76.29619,16.33484],[76.30298,16.28425],[76.34901,16.27488],[76.33007,16.19195],[76.76025,16.42723],[76.84875,16.43433],[76.87028,16.48724],[76.97087,16.506],[76.98352,16.56168],[77.01494,16.50196],[77.05951,16.51852],[77.15259,16.47653],[77.17185,16.43589],[77.2893,16.40791],[77.24334,16.47766],[77.37107,16.48901],[77.42019,16.52275],[77.3962,16.57002],[77.4691,16.5891],[77.47428,16.65172],[77.42162,16.65949],[77.46988,16.68292],[77.47165,16.71665],[77.4288,16.72141],[77.44225,16.78779],[77.47594,16.78376],[77.45693,16.88605]]]}},
{"type":"Feature","properties":{"shapeID":"76128533B15550697205080","shapeName":"Chikmagalur"},"geometry":{"type":"Polygon","coordinates":[[[75.60403,12.95623],[75.64686,13.03299],[75.74083,13.03203],[75.74431,13.20709],[75.80735,13.21611],[75.81992,13.25705],[76.03982,13.24757],[76.04444,13.37554],[76.1416,13.40834],[76.1631,13.47089],[76.2318,13.46828],[76.23804,13.50815],[76.3635,13.53104],[76.35487,13.57877],[76.27485,13.60615],[76.28764,13.64706],[76.22351,13.67977],[76.22144,13.71254],[76.15229,13.73068],[76.13159,13.81354],[76.05132,13.90061],[75.95137,13.81604],[75.82578,13.81845],[75.67141,13.76454],[75.66729,13.73921],[75.63327,13.77088],[75.56368,13.72746],[75.53262,13.76303],[75.42088,13.69502],[75.45485,13.6651],[75.41402,13.57535],[75.37475,13.59342],[75.33112,13.56101],[75.29688,13.58575],[75.23171,13.48916],[75.19568,13.51357],[75.13839,13.47567],[75.14785,13.39878],[75.08097,13.34563],[75.15242,13.27005],[75.16964,13.20094],[75.25477,13.12985],[75.31512,13.13511],[75.35297,13.18444],[75.44347,13.16625],[75.45569,13.1143],[75.51497,13.0758],[75.5773,13.0813],[75.60403,12.95623]]]}},
{"type":"Feature","properties":{"shapeID":"76128533B47594161132413","shapeName":"Chitradurga"},"geometry":{"type":"Polygon","coordinates":[[[77.02612,14.18002],[77.01028,14.2388],[76.9438,14.24721],[76.95262,14.3075],[76.88475,14.35329],[76.88874,14.39715],[76.94734,14.40647],[76.97916,14.48518],[76.87567,14.4752],[76.7659,14.60272],[76.803,14.74093],[76.78518,14.78552],[76.85375,14.81036],[76.86933,14.97019],[76.737,14.98795],[76.73473,15.03395],[76.70882,15.03402],[76.67357,15.01753],[76.71613,14.94377],[76.66415,14.92416],[76.74113,14.81536],[76.67237,14.79387],[76.60415,14.6252],[76.50901,14.56481],[76.53412,14.53641],[76.46084,14.50234],[76.46078,14.45198],[76.33385,14.40766],[76.27937,14.40672],[76.20564,14.45766],[76.13864,14.42668],[76.15766,14.32059],[76.11162,14.31645],[76.13272,14.25582],[76.08074,14.2446],[76.02629,14.1144],[76.05478,14.08512],[76.04563,13.98715],[76.07324,13.98103],[76.03219,13.89839],[76.09934,13.86467],[76.15229,13.73068],[76.22144,13.71254],[76.22351,13.67977],[76.28764,13.64706],[76.27701,13.60344],[76.42237,13.57965],[76.62192,13.73454],[76.68749,13.68956],[76.69932,13.77044],[76.77056,13.80058],[76.72401,13.89579],[76.81561,13.91708],[76.85024,13.96339],[76.83857,14.01587],[76.87654,14.01303],[76.95251,14.09255],[76.93306,14.13442],[76.88963,14.13817],[76.89737,14.16612],[76.94769,14.19648],[77.02612,14.18002]]]}},
{"type":"Feature","properties":{"shapeID":"76128533B86721175299079","shapeName":"Haveri"},"geometry":{"type":"Polygon","coordinates":[[[75.08107,15.11069],[75.07049,15.01672],[75.10693,14.93322],[75.07162,14.91909],[75.07112,14.83699],[75.09552,14.80983],[75.05896,14.81265],[75.07221,14.7808],[75.019,14.71636],[75.03924,14.65784],[75.14739,14.61866],[75.20731,14.63645],[75.18581,14.5864],[75.23877,14.55778],[75.26628,14.58016],[75.29775,14.54056],[75.27099,14.51372],[75.32142,14.51233],[75.34489,14.43543],[75.38223,14.43263],[75.34993,14.38855],[75.4782,14.31799],[75.50047,14.34435],[75.53718,14.27803],[75.58039,14.27752],[75.63469,14.31788],[75.63698,14.46501],[75.79673,14.50958],[75.82101,14.56752],[75.80046,14.68066],[75.74115,14.68575],[75.76376,14.73577],[75.70711,14.72265],[75.72485,14.76895],[75.66563,14.8035],[75.7399,14.88831],[75.69799,14.89294],[75.69245,14.97505],[75.63547,14.99549],[75.60122,14.95582],[75.54508,14.97916],[75.51323,15.04442],[75.36972,15.04829],[75.33181,15.08189],[75.33927,15.16042],[75.25933,15.0974],[75.14341,15.10077],[75.13975,15.1598],[75.08107,15.11069]]]}},
{"type":"Feature","properties":{"shapeID":"76128533B54396396829952","shapeName":"Dakshina Kannada"},"geometry":{"type":"Polygon","coordinates":[[[75.33952,12.46377],[75.43697,12.52929],[75.49242,12.46124],[75.52997,12.49871],[75.56706,12.48781],[75.58939,12.53632],[75.61878,12.51155],[75.6735,12.55606],[75.64376,12.63074],[75.67364,12.70162],[75.62835,12.70855],[75.68503,12.84534],[75.61719,12.83262],[75.60418,12.87728],[75.56381,12.86885],[75.55784,12.91606],[75.60403,12.95623],[75.5773,13.0813],[75.51497,13.0758],[75.45569,13.1143],[75.44347,13.16625],[75.37141,13.18389],[75.29637,13.12697],[75.20283,13.1825],[75.16775,13.14054],[75.1179,13.18242],[74.91371,13.15059],[74.84724,13.17425],[74.76031,13.13913],[74.87064,12.74394],[75.00599,12.79091],[74.98547,12.7353],[75.05068,12.7202],[75.04905,12.66736],[75.08434,12.67198],[75.08731,12.70333],[75.15218,12.68199],[75.14455,12.63896],[75.2033,12.63085],[75.22498,12.56844],[75.27896,12.6175],[75.33036,12.59111],[75.27322,12.55939],[75.33952,12.46377]]]}},
{"type":"Feature","properties":{"shapeID":"76128533B284680734793","shapeName":"Raichur"},"geometry":{"type":"Polygon","coordinates":[[[77.51504,15.92674],[77.48893,16.16406],[77.51608,16.22879],[77.49281,16.2552],[77.59575,16.29232],[77.59702,16.34292],[77.18376,16.43057],[77.05951,16.51852],[77.01494,16.50196],[76.99184,16.56161],[76.97087,16.506],[76.87028,16.48724],[76.83978,16.42941],[76.76025,16.42723],[76.47926,16.29096],[76.28228,16.15066],[76.24168,16.16622],[76.25606,16.09877],[76.33542,16.09123],[76.25993,16.08289],[76.30858,16.0656],[76.29804,15.9928],[76.32892,15.93173],[76.28651,15.9265],[76.2912,15.89222],[76.34663,15.89821],[76.35103,15.86343],[76.37587,15.91527],[76.42837,15.88863],[76.45213,15.83695],[76.41374,15.80291],[76.44478,15.73686],[76.59919,15.70022],[76.6007,15.6737],[76.69328,15.64637],[76.69113,15.59541],[76.81471,15.54754],[76.84002,15.63056],[77.09459,15.92318],[77.24897,15.96222],[77.51504,15.92674]]]}},
{"type":"Feature","properties":{"shapeID":"76128533B29292403538801","shapeName":"Kolar"},"geometry":{"type":"Polygon","coordinates":[[[78.1991,13.56656],[78.20321,13.4493],[78.12227,13.37633],[78.14983,13.36677],[78.11239,13.32441],[78.13663,13.28745],[77.99075,13.30443],[77.94005,13.26784],[77.93654,13.14891],[77.86997,13.0631],[77.83089,12.8885],[77.85015,12.8661],[77.93496,12.88825],[77.92121,12.83013],[77.95632,12.8598],[77.99235,12.80624],[78.02584,12.85655],[78.05774,12.85307],[78.13197,12.78095],[78.23218,12.76375],[78.25251,12.85852],[78.31464,12.85844],[78.35691,12.9393],[78.38994,12.90654],[78.44753,12.91212],[78.46605,12.86472],[78.46788,12.90427],[78.41266,12.94411],[78.43419,12.97996],[78.46954,12.97467],[78.46307,13.04288],[78.51614,13.06419],[78.53948,13.10879],[78.52021,13.13095],[78.58057,13.16792],[78.55235,13.1986],[78.58879,13.27338],[78.5669,13.31067],[78.53204,13.26681],[78.48282,13.31897],[78.37785,13.33087],[78.40825,13.3432],[78.36598,13.36595],[78.40122,13.58865],[78.23782,13.59743],[78.1991,13.56656]]]}},
{"type":"Feature","properties":{"shapeID":"76128533B40495457052818","shapeName":"Bijapur"},"geometry":{"type":"Polygon","coordinates":[[[76.40583,16.64858],[76.45962,16.72213],[76.42126,16.71622],[76.43617,16.76366],[76.37273,16.76827],[76.41473,16.8134],[76.35552,16.81956],[76.37555,16.8594],[76.471,16.84013],[76.43519,16.88186],[76.45998,16.9251],[76.40193,16.93543],[76.40142,16.97662],[76.43607,16.98105],[76.43056,17.10008],[76.39036,17.06944],[76.36412,17.11372],[76.39452,17.14108],[76.36148,17.13878],[76.36094,17.18474],[76.24904,17.14793],[76.09118,17.25681],[76.06168,17.35602],[75.93147,17.32653],[75.89386,17.35598],[75.88739,17.41961],[75.86205,17.38816],[75.82467,17.42509],[75.80224,17.37238],[75.7367,17.42409],[75.69071,17.41478],[75.63491,17.47958],[75.61508,17.39401],[75.5777,17.38507],[75.60523,17.30549],[75.65935,17.26375],[75.6274,17.17251],[75.67365,17.11603],[75.678,17.0654],[75.64507,17.0431],[75.67182,17.0383],[75.67804,16.96658],[75.64453,16.95367],[75.57505,17.01033],[75.5696,16.96619],[75.49148,16.94544],[75.4668,16.98782],[75.39338,16.97884],[75.33563,16.92226],[75.33545,16.86895],[75.39532,16.86136],[75.38872,16.76279],[75.49322,16.74603],[75.49185,16.69887],[75.44011,16.69772],[75.49354,16.59347],[75.47934,16.50293],[75.53234,16.46732],[75.60521,16.48902],[75.61503,16.44643],[75.72534,16.39124],[75.96001,16.29839],[76.02906,16.29928],[76.06768,16.25966],[76.06751,16.20877],[76.2737,16.15208],[76.35532,16.22705],[76.34901,16.27488],[76.30298,16.28425],[76.31125,16.39559],[76.33476,16.39047],[76.33457,16.42479],[76.43806,16.4358],[76.40583,16.64858]]]}},
{"type":"Feature","properties":{"shapeID":"76128533B79180273895456","shapeName":"Uttara Kannada"},"geometry":{"type":"MultiPolygon","coordinates":[[[[74.25319,15.48919],[74.3366,15.29634],[74.2521,15.26103],[74.31685,15.18755],[74.2731,15.09942],[74.29725,15.04343],[74.20638,14.92502],[74.17474,14.95662],[74.16976,14.91251],[74.0982,14.90732],[74.12589,14.81664],[74.09279,14.80387],[74.20214,14.71998],[74.23389,14.74816],[74.26221,14.71956],[74.30984,14.52153],[74.36023,14.51851],[74.51461,13.98772],[74.58194,13.92568],[74.65068,13.9443],[74.66865,13.98549],[74.67847,14.03917],[74.62758,14.1659],[74.66756,14.18855],[74.74752,14.15144],[74.73173,14.26804],[74.85775,14.21476],[74.87498,14.24453],[74.88331,14.21835],[74.93879,14.25049],[74.92048,14.31618],[74.9796,14.32453],[74.8942,14.49578],[74.90676,14.53045],[74.97995,14.55347],[74.99531,14.4673],[75.03359,14.46016],[75.02245,14.49778],[75.06328,14.54291],[75.02524,14.5651],[75.05216,14.64961],[75.0186,14.71269],[75.07221,14.7808],[75.05896,14.81265],[75.09552,14.80983],[75.07112,14.83699],[75.07162,14.91909],[75.10693,14.93322],[75.07049,15.01672],[75.08224,15.07359],[74.89124,15.04896],[74.89287,15.09908],[74.8297,15.13427],[74.90996,15.25169],[74.90626,15.30723],[74.79747,15.41537],[74.70013,15.41087],[74.63017,15.36799],[74.53547,15.42014],[74.42748,15.398],[74.41255,15.4765],[74.3413,15.51975],[74.2862,15.52603],[74.25319,15.48919]]],[[[74.07089,14.82043],[74.05682,14.81897],[74.07236,14.81854],[74.07089,14.82043]]],[[[74.32995,14.01659],[74.32453,14.01965],[74.32609,14.01422],[74.32995,14.01659]]],[[[74.09723,14.84312],[74.1018,14.84429],[74.09704,14.84601],[74.09723,14.84312]]],[[[74.40092,14.31041],[74.40384,14.31417],[74.39985,14.3126],[74.40092,14.31041]]],[[[74.48242,14.00729],[74.47988,14.01052],[74.4791,14.00825],[74.48242,14.00729]]],[[[74.08903,14.79544],[74.08737,14.79348],[74.08859,14.79338],[74.08903,14.79544]]],[[[74.48434,14.02308],[74.48655,14.02275],[74.48726,14.02467],[74.48434,14.02308]]],[[[74.47031,14.08461],[74.47145,14.08369],[74.47188,14.08436],[74.47031,14.08461]]],[[[74.48802,14.01935],[74.4888,14.01999],[74.48761,14.0198],[74.48802,14.01935]]]]}},
{"type":"Feature","properties":{"shapeID":"76128533B49597693387243","shapeName":"Davanagere"},"geometry":{"type":"Polygon","coordinates":[[[75.95137,13.81604],[76.07324,13.98103],[76.04563,13.98715],[76.05478,14.08512],[76.02629,14.1144],[76.08074,14.2446],[76.13272,14.25582],[76.11162,14.31645],[76.15766,14.32059],[76.13864,14.42668],[76.18599,14.45923],[76.26234,14.44267],[76.27937,14.40672],[76.38462,14.4214],[76.46078,14.45198],[76.46084,14.50234],[76.53477,14.54043],[76.42581,14.58234],[76.43331,14.61995],[76.32449,14.69334],[76.25447,14.69862],[76.23223,14.64982],[76.18768,14.70163],[76.19548,14.76701],[76.14681,14.80414],[76.1601,14.83099],[76.19717,14.82077],[76.19146,14.84785],[76.07541,14.86925],[76.08255,14.91097],[76.04968,14.92957],[75.87159,14.85529],[75.81347,14.89124],[75.83688,14.79911],[75.80154,14.77023],[75.77368,14.79373],[75.73973,14.69141],[75.81211,14.65445],[75.79924,14.51131],[75.63698,14.46501],[75.63361,14.31466],[75.53078,14.27791],[75.52734,14.20315],[75.45404,14.20477],[75.48623,14.17505],[75.40111,14.11545],[75.46443,14.07441],[75.49445,14.10349],[75.58708,14.05818],[75.818,14.10184],[75.79891,14.0327],[75.88071,13.81135],[75.95137,13.81604]]]}},
{"type":"Feature","properties":{"shapeID":"76128533B75110579117636","shapeName":"Dharwad"},"geometry":{"type":"Polygon","coordinates":[[[75.42038,15.06265],[75.43631,15.10691],[75.40253,15.19945],[75.44993,15.21645],[75.40539,15.27348],[75.45214,15.30268],[75.44682,15.38623],[75.49388,15.3731],[75.4774,15.52164],[75.53271,15.53941],[75.55721,15.64838],[75.50482,15.64924],[75.49023,15.70309],[75.36182,15.64693],[75.29197,15.69242],[75.25161,15.6473],[75.23758,15.68028],[75.20352,15.68264],[75.20399,15.65078],[75.10795,15.67263],[75.09352,15.60958],[75.05076,15.68285],[74.96473,15.62628],[74.83165,15.61025],[74.84149,15.57521],[74.7989,15.54683],[74.81443,15.50411],[74.76227,15.47055],[74.74844,15.41537],[74.8124,15.40693],[74.82154,15.36613],[74.90626,15.30723],[74.90996,15.25169],[74.8297,15.13427],[74.89287,15.09908],[74.89408,15.04581],[75.08224,15.07359],[75.08107,15.11069],[75.13975,15.1598],[75.14341,15.10077],[75.25933,15.0974],[75.33927,15.16042],[75.34086,15.0696],[75.42038,15.06265]]]}},
{"type":"Feature","properties":{"shapeID":"76128533B9794868259401","shapeName":"Bidar"},"geometry":{"type":"Polygon","coordinates":[[[77.26807,18.42051],[77.19882,18.31491],[77.20962,18.28023],[77.17388,18.2831],[77.15332,18.21885],[77.09874,18.19737],[77.11214,18.15503],[76.98348,18.19158],[76.93621,18.16009],[76.92538,18.11833],[76.97121,18.0994],[76.95756,18.04204],[76.92056,18.03556],[76.91932,17.91758],[76.8054,17.87076],[76.7431,17.90036],[76.73991,17.85946],[76.79076,17.82895],[76.76529,17.78962],[76.71813,17.78439],[76.6995,17.64653],[76.74619,17.66867],[76.78423,17.63659],[76.9023,17.64694],[76.94061,17.60861],[76.99592,17.69617],[77.08945,17.66062],[77.13557,17.68092],[77.19152,17.61642],[77.27791,17.62764],[77.3094,17.59646],[77.44416,17.58493],[77.45456,17.69462],[77.56646,17.75047],[77.51129,17.7962],[77.65789,17.97249],[77.55,18.05667],[77.60181,18.08721],[77.56852,18.20327],[77.60727,18.28061],[77.51359,18.30925],[77.49628,18.26845],[77.45476,18.26847],[77.44029,18.30893],[77.36257,18.31301],[77.41395,18.39083],[77.3735,18.40296],[77.37337,18.44984],[77.26807,18.42051]]]}},
{"type":"Feature","properties":{"shapeID":"76128533B16628456658675","shapeName":"Chamarajanagar"},"geometry":{"type":"Polygon","coordinates":[[[76.43212,11.66752],[76.46865,11.67299],[76.48547,11.59807],[76.55967,11.63369],[76.84753,11.58357],[76.83853,11.65316],[76.90967,11.7924],[76.96981,11.77447],[77.0147,11.81235],[77.12008,11.72241],[77.1135,11.77268],[77.25274,11.8123],[77.43083,11.76094],[77.49577,11.94269],[77.67654,11.95039],[77.78049,12.11653],[77.731,12.18214],[77.48005,12.20657],[77.43093,12.2878],[77.16647,12.31019],[77.17054,12.26058],[77.11376,12.24347],[77.13256,12.20602],[77.04702,12.17012],[77.04309,12.13013],[76.99653,12.17766],[76.94272,12.09981],[76.87869,12.13468],[76.85825,12.1859],[76.83369,12.13189],[76.8843,12.08522],[76.85814,12.06136],[76.94016,12.02783],[76.90572,11.99694],[76.8414,11.99905],[76.81445,12.03041],[76.7901,11.98423],[76.74563,12.01198],[76.71734,11.98308],[76.65856,12.01007],[76.64462,11.98347],[76.57911,11.9857],[76.55613,11.85711],[76.49169,11.85958],[76.46274,11.79147],[76.4116,11.81095],[76.42747,11.72579],[76.40486,11.70921],[76.43212,11.66752]]]}},
{"type":"Feature","properties":{"shapeID":"76128533B1083016608278","shapeName":"Gulbarga"},"geometry":{"type":"Polygon","coordinates":[[[77.45693,16.88605],[77.49653,17.04313],[77.4672,17.10823],[77.36428,17.16558],[77.40316,17.21271],[77.38465,17.22367],[77.4592,17.27974],[77.43836,17.29186],[77.45598,17.37426],[77.53256,17.37597],[77.51462,17.43102],[77.6153,17.44809],[77.6575,17.50706],[77.68883,17.47675],[77.69043,17.5095],[77.59632,17.53638],[77.5944,17.56642],[77.53187,17.5768],[77.50601,17.54447],[77.27791,17.62764],[77.15541,17.62954],[77.13557,17.68092],[77.08945,17.66062],[76.99592,17.69617],[76.94061,17.60861],[76.9023,17.64694],[76.7762,17.63897],[76.7706,17.66684],[76.71356,17.64006],[76.61661,17.77072],[76.57808,17.70542],[76.57536,17.76239],[76.52824,17.76171],[76.52557,17.71763],[76.4882,17.71589],[76.49114,17.66311],[76.4304,17.64683],[76.41735,17.60665],[76.3331,17.59726],[76.36768,17.52468],[76.34499,17.49688],[76.37651,17.49569],[76.33228,17.47137],[76.33516,17.43487],[76.37478,17.43705],[76.3636,17.37776],[76.40979,17.37202],[76.38339,17.31458],[76.35387,17.31335],[76.34517,17.35263],[76.27725,17.3332],[76.24562,17.37727],[76.17338,17.3513],[76.17684,17.29983],[76.1221,17.36885],[76.06756,17.31649],[76.09118,17.25681],[76.24515,17.14972],[76.36094,17.18474],[76.36148,17.13878],[76.39452,17.14108],[76.36412,17.11372],[76.39036,17.06944],[76.43056,17.10008],[76.43607,16.98105],[76.40142,16.97662],[76.40193,16.93543],[76.45998,16.9251],[76.43519,16.88186],[76.471,16.84013],[76.37555,16.8594],[76.35552,16.81956],[76.41473,16.8134],[76.37273,16.76827],[76.44446,16.75706],[76.42126,16.71622],[76.48143,16.71203],[76.51883,16.75086],[76.60455,16.76694],[76.66007,16.71224],[76.6717,16.78941],[76.74672,16.77818],[76.7617,16.84402],[76.87285,16.89568],[76.92254,16.86935],[76.91279,16.81603],[76.99237,16.81196],[76.98148,16.86084],[77.04332,16.86996],[77.02149,16.92718],[77.06595,16.95391],[77.09692,16.90574],[77.21339,16.94507],[77.34312,16.93379],[77.41295,16.87459],[77.45693,16.88605]]]}},
{"type":"Feature","properties":{"shapeID":"76128533B33966968116377","shapeName":"Gadag"},"geometry":{"type":"Polygon","coordinates":[[[75.63547,14.99549],[75.74433,14.9454],[75.81271,15.02474],[75.87551,15.03617],[75.90628,15.08252],[75.88802,15.1094],[75.95128,15.13805],[75.89077,15.2889],[75.90424,15.40325],[75.86658,15.40852],[75.8111,15.48816],[75.86078,15.51457],[75.86893,15.59575],[75.90009,15.60781],[75.88612,15.73788],[75.90889,15.74641],[75.9458,15.6787],[75.97372,15.66429],[76.0125,15.66449],[75.98367,15.69175],[76.04323,15.72043],[76.04271,15.76489],[75.80889,15.85121],[75.74637,15.81438],[75.64614,15.84193],[75.55672,15.82561],[75.45633,15.88737],[75.4673,15.82946],[75.43894,15.78056],[75.41701,15.78453],[75.42855,15.84329],[75.3784,15.84393],[75.36617,15.80565],[75.30483,15.81171],[75.31493,15.73214],[75.27509,15.72458],[75.33773,15.64899],[75.49023,15.70309],[75.50482,15.64924],[75.55721,15.64838],[75.53271,15.53941],[75.4774,15.52164],[75.49388,15.3731],[75.44682,15.38623],[75.45214,15.30268],[75.40539,15.27348],[75.44993,15.21645],[75.40253,15.19945],[75.43631,15.10691],[75.42019,15.06306],[75.53587,15.03172],[75.54508,14.97916],[75.59657,14.9575],[75.63547,14.99549]]]}},
{"type":"Feature","properties":{"shapeID":"76128533B4839184447445","shapeName":"Udupi"},"geometry":{"type":"MultiPolygon","coordinates":[[[[75.14113,13.46434],[74.9446,13.84803],[74.86876,13.86076],[74.82284,13.90985],[74.71804,13.90804],[74.66865,13.98549],[74.65068,13.9443],[74.59882,13.94515],[74.58263,13.92611],[74.67157,13.6333],[74.6917,13.34802],[74.76031,13.13913],[74.84724,13.17425],[74.91371,13.15059],[75.1179,13.18242],[75.16775,13.14054],[75.20068,13.17964],[75.08097,13.34563],[75.14785,13.39878],[75.14113,13.46434]]],[[[74.68632,13.3435],[74.6806,13.34497],[74.68586,13.34126],[74.68632,13.3435]]],[[[74.6709,13.37989],[74.67431,13.38058],[74.67112,13.38229],[74.6709,13.37989]]],[[[74.68684,13.33669],[74.68909,13.33947],[74.68786,13.34096],[74.68684,13.33669]]],[[[74.69054,13.33101],[74.69155,13.33245],[74.69041,13.33338],[74.69054,13.33101]]]]}},
{"type":"Feature","properties":{"shapeID":"76128533B83278580643229","shapeName":"Bagalkot"},"geometry":{"type":"Polygon","coordinates":[[[76.24168,16.16622],[76.06751,16.20877],[76.06768,16.25966],[76.02906,16.29928],[75.96001,16.29839],[75.72534,16.39124],[75.61503,16.44643],[75.60521,16.48902],[75.53234,16.46732],[75.47934,16.50293],[75.49354,16.59347],[75.44011,16.69772],[75.49185,16.69887],[75.49492,16.7405],[75.4285,16.76762],[75.36846,16.75899],[75.3645,16.71478],[75.28923,16.71247],[75.2569,16.60554],[75.17069,16.60196],[75.16295,16.53538],[75.12461,16.50943],[75.0712,16.56856],[74.99392,16.50868],[75.02551,16.43337],[75.07838,16.43662],[75.03497,16.38727],[75.04474,16.31787],[75.13076,16.3288],[75.12753,16.28868],[75.23277,16.26032],[75.23292,16.21107],[75.28768,16.20155],[75.27686,16.11902],[75.41198,16.13084],[75.43983,15.89476],[75.55672,15.82561],[75.8465,15.83864],[75.82932,15.90011],[75.77288,15.90168],[75.85385,15.9365],[75.97269,15.86153],[75.9783,15.98805],[76.02319,16.00861],[76.08296,16.00929],[76.06089,15.9056],[76.11877,15.88584],[76.20377,15.94173],[76.2864,15.90223],[76.32892,15.93173],[76.29804,15.9928],[76.30858,16.0656],[76.25993,16.08289],[76.33542,16.09123],[76.25606,16.09877],[76.24168,16.16622]]]}},
{"type":"Feature","properties":{"shapeID":"76128533B54775433755383","shapeName":"Hassan"},"geometry":{"type":"Polygon","coordinates":[[[76.63264,13.00673],[76.60922,13.00971],[76.61371,13.06885],[76.47048,13.09159],[76.47612,13.14802],[76.3731,13.19966],[76.3472,13.36086],[76.38841,13.37123],[76.41918,13.4484],[76.39916,13.50355],[76.42772,13.52451],[76.372,13.54864],[76.3461,13.5147],[76.32053,13.53772],[76.29184,13.50508],[76.23804,13.50815],[76.20184,13.45088],[76.1631,13.47089],[76.1416,13.40834],[76.04444,13.37554],[76.03982,13.24757],[75.81992,13.25705],[75.80735,13.21611],[75.74431,13.20709],[75.74083,13.03203],[75.64686,13.03299],[75.55676,12.91055],[75.56381,12.86885],[75.62407,12.85828],[75.61719,12.83262],[75.68503,12.84534],[75.63445,12.693],[75.70797,12.70944],[75.76325,12.67613],[75.81281,12.70108],[75.88032,12.67243],[75.85043,12.7496],[75.86612,12.82128],[75.97539,12.80546],[75.94001,12.76225],[75.96871,12.71144],[75.94372,12.60319],[75.96754,12.55969],[76.04835,12.57578],[76.11716,12.51319],[76.16072,12.57683],[76.19749,12.57669],[76.22299,12.64336],[76.33211,12.61356],[76.36619,12.70803],[76.33232,12.80777],[76.3741,12.81087],[76.4106,12.86745],[76.44072,12.79534],[76.49982,12.77019],[76.50314,12.82234],[76.59725,12.88136],[76.63264,13.00673]]]}},
{"type":"Feature","properties":{"shapeID":"76128533B85389886560116","shapeName":"Shimoga"},"geometry":{"type":"Polygon","coordinates":[[[75.88071,13.81135],[75.79891,14.0327],[75.818,14.10184],[75.58708,14.05818],[75.49445,14.10349],[75.46443,14.07441],[75.40111,14.11545],[75.48623,14.17505],[75.45404,14.20477],[75.52734,14.20315],[75.53524,14.28651],[75.50047,14.34435],[75.4782,14.31799],[75.34993,14.38855],[75.38223,14.43263],[75.34489,14.43543],[75.32142,14.51233],[75.27099,14.51372],[75.29775,14.54056],[75.26628,14.58016],[75.23877,14.55778],[75.18581,14.5864],[75.20652,14.59825],[75.21288,14.62388],[75.20277,14.63858],[75.14739,14.61866],[75.05216,14.64961],[75.02524,14.5651],[75.06328,14.54291],[75.02245,14.49778],[75.03359,14.46016],[74.99531,14.4673],[74.97995,14.55347],[74.90676,14.53045],[74.90367,14.43332],[74.94981,14.40395],[74.94245,14.36285],[74.9796,14.32453],[74.91878,14.31405],[74.93036,14.23955],[74.87907,14.21802],[74.87151,14.24356],[74.85775,14.21476],[74.73173,14.26804],[74.74952,14.15241],[74.66756,14.18855],[74.62758,14.1659],[74.69398,13.93723],[74.94929,13.84347],[74.96455,13.77011],[75.05655,13.6699],[75.13126,13.46529],[75.19568,13.51357],[75.23171,13.48916],[75.29688,13.58575],[75.33112,13.56101],[75.37475,13.59342],[75.41402,13.57535],[75.45485,13.6651],[75.42088,13.69502],[75.53262,13.76303],[75.57847,13.72511],[75.63327,13.77088],[75.65146,13.74213],[75.66729,13.73921],[75.67141,13.76454],[75.82578,13.81845],[75.88071,13.81135]]]}},
{"type":"Feature","properties":{"shapeID":"76128533B92621859299479","shapeName":"Bellary"},"geometry":{"type":"Polygon","coordinates":[[[77.02877,15.83474],[76.84002,15.63056],[76.79791,15.50039],[76.6124,15.44231],[76.49169,15.34335],[76.36372,15.32636],[76.34159,15.27618],[76.38423,15.22148],[76.31819,15.23269],[76.2861,15.16098],[76.24786,15.16015],[76.22773,15.21681],[76.17146,15.22374],[76.0463,15.14681],[75.90616,15.1324],[75.87551,15.03617],[75.81271,15.02474],[75.74433,14.9454],[75.6856,14.94005],[75.69799,14.89294],[75.7399,14.88831],[75.6667,14.80913],[75.72485,14.76895],[75.70556,14.72437],[75.75795,14.73935],[75.77368,14.79373],[75.82931,14.78332],[75.82132,14.90103],[75.87159,14.85529],[76.04968,14.92957],[76.08255,14.91097],[76.07541,14.86925],[76.19146,14.84785],[76.19717,14.82077],[76.1601,14.83099],[76.14681,14.80414],[76.19548,14.76701],[76.18768,14.70163],[76.23223,14.64982],[76.25447,14.69862],[76.32449,14.69334],[76.43331,14.61995],[76.42581,14.58234],[76.52996,14.56453],[76.60415,14.6252],[76.67237,14.79387],[76.74194,14.81772],[76.6663,14.91681],[76.6623,14.94267],[76.70667,14.93124],[76.7194,14.96481],[76.67384,15.01991],[76.73473,15.03395],[76.737,14.98795],[76.76153,14.98897],[76.80148,15.09667],[76.88153,15.0348],[77.05084,15.03534],[77.04633,15.01187],[77.08419,15.00647],[77.16869,15.16771],[77.12876,15.23954],[77.17069,15.25713],[77.11485,15.33336],[77.06662,15.32789],[77.03223,15.44101],[76.97501,15.49661],[77.03137,15.50574],[77.03388,15.63935],[77.08621,15.65848],[77.12103,15.63086],[77.12986,15.66474],[77.05183,15.73052],[77.06846,15.82855],[77.02877,15.83474]]]}},
{"type":"Feature","properties":{"shapeID":"76128533B57609583882472","shapeName":"Kodagu"},"geometry":{"type":"Polygon","coordinates":[[[75.93975,11.93895],[76.0362,11.94012],[76.19008,12.05335],[76.11054,12.23675],[76.02394,12.25291],[76.00077,12.32619],[75.91672,12.38584],[76.02162,12.56763],[75.99403,12.58395],[75.96754,12.55969],[75.94243,12.60712],[75.96871,12.71144],[75.94001,12.76225],[75.97539,12.80546],[75.88016,12.83419],[75.85039,12.75076],[75.88539,12.67432],[75.67364,12.70162],[75.64376,12.63074],[75.67197,12.55108],[75.61878,12.51155],[75.58939,12.53632],[75.56706,12.48781],[75.52997,12.49871],[75.49242,12.46124],[75.43697,12.52929],[75.42564,12.46618],[75.36952,12.4577],[75.36857,12.4131],[75.42468,12.37289],[75.4161,12.29057],[75.48675,12.29226],[75.5812,12.15723],[75.6397,12.14897],[75.72217,12.06883],[75.80075,12.0811],[75.83269,11.98493],[75.93975,11.93895]]]}},
{"type":"Feature","properties":{"shapeID":"76128533B48075109668277","shapeName":"Bangalore Rural"},"geometry":{"type":"Polygon","coordinates":[[[77.38765,13.50108],[77.35116,13.45373],[77.34044,13.33066],[77.28427,13.29851],[77.23172,13.31176],[77.22016,13.26401],[77.18978,13.27271],[77.21509,13.15019],[77.27593,13.15289],[77.26964,13.11935],[77.31491,13.10675],[77.34288,12.99575],[77.39457,13.02936],[77.38564,13.06569],[77.43098,13.06893],[77.40641,13.1262],[77.46905,13.16347],[77.48045,13.22206],[77.56001,13.23257],[77.59948,13.19003],[77.72988,13.1888],[77.74212,13.12293],[77.70849,13.07428],[77.74386,12.97911],[77.71785,12.93334],[77.82409,12.85423],[77.86997,13.0631],[77.93654,13.14891],[77.94061,13.27504],[77.83512,13.24835],[77.81179,13.2624],[77.82902,13.32686],[77.79311,13.35206],[77.71654,13.366],[77.70037,13.33622],[77.66056,13.35631],[77.65986,13.39794],[77.63522,13.37576],[77.60332,13.39764],[77.60455,13.44185],[77.55617,13.41833],[77.38765,13.50108]]]}},
{"type":"Feature","properties":{"shapeID":"76128533B64905184636422","shapeName":"Tumkur"},"geometry":{"type":"MultiPolygon","coordinates":[[[[76.95251,14.09255],[76.87654,14.01303],[76.83857,14.01587],[76.85024,13.96339],[76.81561,13.91708],[76.72401,13.89579],[76.77056,13.80058],[76.69932,13.77044],[76.68749,13.68956],[76.62192,13.73454],[76.45606,13.59049],[76.35487,13.57877],[76.42772,13.52451],[76.39916,13.50355],[76.41918,13.4484],[76.38841,13.37123],[76.3472,13.36086],[76.34893,13.3026],[76.3731,13.19966],[76.47612,13.14802],[76.47048,13.09159],[76.60583,13.07386],[76.61374,13.00704],[76.65366,13.00763],[76.67467,13.05504],[76.81089,13.0132],[76.85317,12.97648],[76.82302,12.9406],[76.89076,12.93242],[76.86523,12.90778],[76.92591,12.80548],[77.08194,12.7472],[77.15018,12.78408],[77.15121,12.84809],[77.11242,12.89188],[77.16723,12.93041],[77.13726,13.00455],[77.10002,12.99873],[77.11908,13.01458],[77.08536,13.03635],[77.07376,13.12516],[77.11763,13.13006],[77.15757,13.19229],[77.20888,13.18899],[77.18978,13.27271],[77.22016,13.26401],[77.23172,13.31176],[77.28427,13.29851],[77.34044,13.33066],[77.35116,13.45373],[77.39412,13.52666],[77.36484,13.62233],[77.38449,13.66153],[77.45793,13.68441],[77.47022,13.7576],[77.46361,13.8083],[77.41655,13.80765],[77.4324,13.84352],[77.25785,13.84755],[77.24113,13.90291],[77.18599,13.86777],[77.18415,13.92523],[77.16962,13.86489],[77.13095,13.85724],[77.16945,13.82868],[77.17389,13.76268],[77.06705,13.74671],[77.03324,13.7792],[77.00075,13.74924],[76.97505,13.82201],[77.04801,13.90506],[77.00085,13.98898],[76.93734,14.03007],[76.98052,14.06507],[76.95251,14.09255]]],[[[77.01028,14.2388],[77.03017,14.06072],[77.12786,14.04981],[77.16135,13.99835],[77.32081,14.0328],[77.36125,13.99042],[77.35592,13.90472],[77.4334,13.91037],[77.41539,13.94434],[77.43834,13.97703],[77.38321,13.9773],[77.3909,14.01548],[77.33355,14.03094],[77.40287,14.11148],[77.35186,14.10403],[77.39703,14.17321],[77.50806,14.15912],[77.50371,14.27976],[77.39275,14.33262],[77.42301,14.2199],[77.39105,14.19973],[77.36635,14.27711],[77.28647,14.28372],[77.28795,14.33868],[77.23867,14.31858],[77.15859,14.34509],[77.11156,14.22069],[77.01028,14.2388]]]]}},
{"type":"Feature","properties":{"shapeID":"76128533B74319098136622","shapeName":"Belgaum"},"geometry":{"type":"Polygon","coordinates":[[[74.27833,15.52268],[74.41255,15.4765],[74.42748,15.398],[74.53547,15.42014],[74.63017,15.36799],[74.74828,15.41357],[74.76227,15.47055],[74.81443,15.50411],[74.7989,15.54683],[74.84149,15.57521],[74.83165,15.61025],[74.96473,15.62628],[75.05076,15.68285],[75.09352,15.60958],[75.10795,15.67263],[75.20399,15.65078],[75.2194,15.68283],[75.2741,15.6514],[75.27632,15.74022],[75.31935,15.74543],[75.30483,15.81171],[75.36617,15.80565],[75.3784,15.84393],[75.42855,15.84329],[75.41701,15.78453],[75.44992,15.79483],[75.46697,15.84212],[75.41198,16.13084],[75.27686,16.11902],[75.28768,16.20155],[75.23292,16.21107],[75.21745,16.26912],[75.12753,16.28868],[75.13491,16.32732],[75.04474,16.31787],[75.03497,16.38727],[75.07838,16.43662],[75.02551,16.43337],[74.99404,16.46614],[75.00896,16.53883],[75.06648,16.54099],[75.0712,16.56856],[75.12461,16.50943],[75.16295,16.53538],[75.17069,16.60196],[75.2569,16.60554],[75.28923,16.71247],[75.3645,16.71478],[75.39532,16.86136],[75.33545,16.86895],[75.34378,16.95498],[75.28287,16.95598],[75.28391,16.8813],[75.21387,16.84284],[75.13885,16.87597],[75.08793,16.95099],[74.93532,16.94328],[74.96432,16.90771],[74.9088,16.8583],[74.92072,16.77239],[74.69421,16.71761],[74.65638,16.64005],[74.6864,16.60697],[74.6386,16.60926],[74.6324,16.57832],[74.56993,16.55432],[74.54685,16.63566],[74.49318,16.62908],[74.47247,16.66319],[74.46746,16.60746],[74.39828,16.58113],[74.38466,16.53042],[74.32388,16.55595],[74.30852,16.50461],[74.26577,16.54114],[74.28003,16.50588],[74.24729,16.49739],[74.26299,16.47855],[74.29424,16.50514],[74.29064,16.46156],[74.3334,16.45471],[74.3372,16.40309],[74.36378,16.39694],[74.3563,16.36737],[74.31994,16.38185],[74.32839,16.27077],[74.34791,16.29452],[74.41615,16.28329],[74.50866,16.20403],[74.48437,16.0902],[74.42962,16.11346],[74.36291,16.05582],[74.46549,16.04345],[74.38677,15.90415],[74.40661,15.85562],[74.38359,15.84947],[74.36896,15.8946],[74.33927,15.85506],[74.38339,15.84346],[74.35968,15.77674],[74.24441,15.74426],[74.22154,15.7887],[74.09015,15.67393],[74.13687,15.65047],[74.1842,15.68407],[74.20742,15.65215],[74.23935,15.66875],[74.27833,15.52268]]]}},
{"type":"Feature","properties":{"shapeID":"76128533B79601545186231","shapeName":"Koppal"},"geometry":{"type":"Polygon","coordinates":[[[76.34663,15.89821],[76.20377,15.94173],[76.11877,15.88584],[76.06089,15.9056],[76.08166,16.0109],[75.9783,15.98805],[75.9664,15.85918],[75.87831,15.93341],[75.77442,15.91462],[75.82932,15.90011],[75.8465,15.83864],[76.04271,15.76489],[76.04323,15.72043],[75.98367,15.69175],[76.0125,15.66449],[75.9458,15.6787],[75.90889,15.74641],[75.88612,15.73788],[75.90009,15.60781],[75.86893,15.59575],[75.86078,15.51457],[75.8111,15.48816],[75.86658,15.40852],[75.90424,15.40325],[75.89077,15.2889],[75.95128,15.13805],[76.1009,15.16618],[76.17146,15.22374],[76.22773,15.21681],[76.24786,15.16015],[76.2861,15.16098],[76.31819,15.23269],[76.38423,15.22148],[76.34159,15.27618],[76.36372,15.32636],[76.49169,15.34335],[76.6124,15.44231],[76.81342,15.51596],[76.81471,15.54754],[76.75387,15.58934],[76.69113,15.59541],[76.69328,15.64637],[76.44478,15.73686],[76.41374,15.80291],[76.45213,15.83695],[76.42837,15.88863],[76.37587,15.91527],[76.35103,15.86343],[76.34663,15.89821]]]}},
{"type":"Feature","properties":{"shapeID":"76128533B76927648517269","shapeName":"Bangalore"},"geometry":{"type":"Polygon","coordinates":[[[77.32755,12.9958],[77.33574,12.88487],[77.37897,12.85449],[77.43151,12.87805],[77.42418,12.82688],[77.48273,12.80877],[77.491,12.74393],[77.54601,12.75411],[77.54274,12.79959],[77.56937,12.75984],[77.59524,12.78322],[77.56008,12.72265],[77.61887,12.7067],[77.59575,12.66542],[77.59955,12.65818],[77.74201,12.6742],[77.79314,12.74835],[77.7953,12.84397],[77.82026,12.85315],[77.71785,12.93334],[77.74386,12.97911],[77.70849,13.07428],[77.74212,13.12293],[77.72988,13.1888],[77.59948,13.19003],[77.56001,13.23257],[77.48045,13.22206],[77.46905,13.16347],[77.40641,13.1262],[77.43098,13.06893],[77.38564,13.06569],[77.39457,13.02936],[77.32755,12.9958]]]}},
{"type":"Feature","properties":{"shapeID":"76128533B79600797037735","shapeName":"Ramanagara"},"geometry":{"type":"Polygon","coordinates":[[[77.32931,12.36675],[77.34804,12.27989],[77.43093,12.2878],[77.47366,12.24578],[77.6147,12.36397],[77.63589,12.48743],[77.58592,12.47844],[77.61695,12.50989],[77.58043,12.56791],[77.61887,12.7067],[77.56093,12.71668],[77.59524,12.78322],[77.56937,12.75984],[77.55978,12.80076],[77.54274,12.79959],[77.54601,12.75411],[77.50734,12.73656],[77.47829,12.75503],[77.48273,12.80877],[77.42418,12.82688],[77.43151,12.87805],[77.34959,12.86859],[77.31519,13.10639],[77.16748,13.19564],[77.11763,13.13006],[77.07376,13.12516],[77.08536,13.03635],[77.11908,13.01458],[77.10002,12.99873],[77.13726,13.00455],[77.16723,12.93041],[77.11242,12.89188],[77.15266,12.79307],[77.08285,12.75707],[77.07541,12.68355],[77.12484,12.62381],[77.12702,12.48159],[77.14839,12.46277],[77.24024,12.50028],[77.22717,12.47623],[77.27016,12.46607],[77.28792,12.39299],[77.32931,12.36675]]]}},
{"type":"Feature","properties":{"shapeID":"76128533B59866172845044","shapeName":"Washim"},"geometry":{"type":"Polygon","coordinates":[[[76.8406,20.30195],[76.81222,20.22018],[76.74795,20.20533],[76.75938,20.13136],[76.67165,20.12695],[76.64844,20.06901],[76.63113,20.0829],[76.62562,20.05031],[76.66332,20.04855],[76.66014,19.96355],[76.60748,19.92159],[76.6125,19.89106],[76.65732,19.89768],[76.66407,19.8504],[76.74011,19.87258],[76.77405,19.9333],[76.82417,19.92728],[76.83784,19.96138],[76.89686,19.94659],[76.99402,20.0183],[77.0471,20.0078],[77.08534,19.95794],[77.14866,20.00201],[77.19759,19.99798],[77.23823,19.89646],[77.26974,19.89776],[77.34075,19.96967],[77.3701,20.10161],[77.45649,20.07093],[77.52673,20.09457],[77.58153,20.03035],[77.62655,20.04188],[77.68485,20.14503],[77.64725,20.19065],[77.6692,20.24816],[77.61227,20.26451],[77.56827,20.33391],[77.60197,20.44543],[77.64819,20.44955],[77.6917,20.5239],[77.6455,20.52977],[77.63138,20.56736],[77.65634,20.64773],[77.61479,20.71957],[77.6371,20.75568],[77.52234,20.73208],[77.50866,20.7106],[77.54421,20.67605],[77.47194,20.68865],[77.43463,20.66189],[77.46746,20.61067],[77.34114,20.5772],[77.33687,20.52719],[77.39858,20.52643],[77.38166,20.48365],[77.32972,20.49919],[77.34933,20.46551],[77.29619,20.42033],[77.18739,20.44931],[77.19334,20.40758],[77.14169,20.38315],[77.02538,20.45086],[76.98033,20.37253],[76.90109,20.34111],[76.88374,20.28282],[76.8406,20.30195]]]}},
{"type":"Feature","properties":{"shapeID":"76128533B47816398970283","shapeName":"Ahmadnagar"},"geometry":{"type":"Polygon","coordinates":[[[73.78273,19.38664],[73.89723,19.37494],[73.93202,19.34123],[74.00108,19.35819],[74.03561,19.25092],[74.15997,19.20342],[74.31747,19.20873],[74.2116,19.12575],[74.17616,19.03657],[74.3226,18.84406],[74.39843,18.83112],[74.40055,18.74202],[74.47853,18.72226],[74.51255,18.66815],[74.47555,18.64192],[74.55168,18.61468],[74.58251,18.54855],[74.55486,18.49958],[74.644,18.45066],[74.70589,18.50488],[74.73554,18.39864],[74.78501,18.40681],[74.80798,18.3453],[74.86264,18.33448],[75.00508,18.40364],[75.01716,18.43737],[75.07955,18.42128],[75.13582,18.52697],[75.21628,18.55515],[75.26221,18.50956],[75.33645,18.52563],[75.34675,18.56239],[75.41998,18.53382],[75.48928,18.62482],[75.5522,18.6447],[75.54953,18.68304],[75.5897,18.68841],[75.55773,18.74171],[75.52741,18.75403],[75.50496,18.72388],[75.45162,18.75083],[75.39932,18.83152],[75.38308,18.76912],[75.32817,18.79886],[75.25516,18.72151],[75.1751,18.73657],[75.1507,18.65057],[75.00948,18.80511],[74.91814,18.83163],[74.88741,18.91017],[74.82944,18.93902],[74.82775,18.98878],[74.95753,18.97368],[74.95332,19.03356],[74.91731,19.0406],[74.94337,19.13048],[75.05523,19.09944],[75.1109,19.1244],[75.07255,19.0582],[75.18226,19.01337],[75.21082,19.02346],[75.19112,19.09338],[75.22349,19.11086],[75.22749,19.06638],[75.2645,19.07034],[75.2752,18.99193],[75.34264,18.9903],[75.34798,19.02354],[75.28828,19.03275],[75.28464,19.08384],[75.36545,19.07688],[75.33913,19.15386],[75.35584,19.12584],[75.41147,19.1346],[75.37167,19.0829],[75.48813,19.1043],[75.48602,19.12644],[75.43473,19.11712],[75.44973,19.17069],[75.40614,19.19962],[75.54507,19.32638],[75.48443,19.42011],[75.34397,19.40637],[75.35735,19.44214],[75.32724,19.46381],[75.36996,19.48599],[75.27773,19.51351],[75.27969,19.55118],[75.25849,19.52398],[75.19536,19.59387],[74.82578,19.67298],[74.78981,19.65019],[74.80727,19.70375],[74.73091,19.69982],[74.71401,19.7829],[74.69634,19.76005],[74.63711,19.79495],[74.59881,19.77365],[74.60767,19.85026],[74.66184,19.83968],[74.6743,19.94732],[74.29102,19.98738],[74.25124,19.9374],[74.36573,19.87119],[74.37907,19.80648],[74.16869,19.72872],[74.1225,19.64437],[73.94052,19.67347],[73.90136,19.74882],[73.84385,19.74159],[73.77918,19.63247],[73.62131,19.58768],[73.63622,19.53346],[73.71034,19.49697],[73.68804,19.44442],[73.78273,19.38664]]]}},
{"type":"Feature","properties":{"shapeID":"76128533B98050240849249","shapeName":"Latur"},"geometry":{"type":"Polygon","coordinates":[[[77.26807,18.42051],[77.25717,18.45435],[77.30161,18.47746],[77.24918,18.49183],[77.29714,18.54805],[77.26732,18.56619],[77.27128,18.61168],[77.15651,18.64705],[77.18281,18.70315],[77.04723,18.68371],[77.05407,18.77322],[77.00882,18.7678],[76.99606,18.82807],[76.90784,18.83663],[76.74625,18.77485],[76.73705,18.70051],[76.68652,18.69257],[76.66685,18.64883],[76.61373,18.67439],[76.5614,18.63635],[76.5247,18.65523],[76.48913,18.61631],[76.45592,18.63232],[76.38596,18.59244],[76.38847,18.54221],[76.28074,18.57502],[76.25608,18.51955],[76.27244,18.42077],[76.23385,18.43402],[76.20113,18.39942],[76.26,18.3653],[76.28906,18.38656],[76.28599,18.34143],[76.31942,18.32971],[76.27781,18.1402],[76.32211,18.0773],[76.38253,18.09006],[76.42915,18.03113],[76.61314,18.03864],[76.60812,18.0112],[76.68606,17.98825],[76.67632,17.92273],[76.8054,17.87076],[76.91932,17.91758],[76.92056,18.03556],[76.95756,18.04204],[76.97121,18.0994],[76.92538,18.11833],[76.95699,18.18706],[77.11214,18.15503],[77.09874,18.19737],[77.15332,18.21885],[77.17388,18.2831],[77.20962,18.28023],[77.19882,18.31491],[77.26807,18.42051]]]}},
{"type":"Feature","properties":{"shapeID":"76128533B62490300334729","shapeName":"Solapur"},"geometry":{"type":"Polygon","coordinates":[[[76.07424,17.33483],[76.1221,17.36885],[76.17684,17.29983],[76.17338,17.3513],[76.24562,17.37727],[76.27725,17.3332],[76.34517,17.35263],[76.35387,17.31335],[76.38339,17.31458],[76.40979,17.37202],[76.3636,17.37776],[76.37478,17.43705],[76.33516,17.43487],[76.33228,17.47137],[76.37651,17.49569],[76.34499,17.49688],[76.36768,17.52468],[76.3331,17.59726],[76.41735,17.60665],[76.4304,17.64683],[76.29997,17.72983],[76.19065,17.68316],[76.09722,17.77944],[76.00706,17.75091],[76.01927,17.82982],[75.97884,17.84308],[75.96921,17.81953],[75.85888,17.86464],[75.85294,18.00719],[75.97664,17.97137],[76.01703,18.04029],[75.94315,18.1241],[75.94889,18.2392],[75.88792,18.36431],[75.72934,18.43477],[75.72103,18.33844],[75.65259,18.33123],[75.63374,18.24861],[75.5757,18.24084],[75.53424,18.13516],[75.49196,18.17477],[75.43109,18.17869],[75.40854,18.32476],[75.28614,18.40856],[75.31529,18.51926],[75.26221,18.50956],[75.21628,18.55515],[75.13582,18.52697],[75.07955,18.42128],[75.01716,18.43737],[75.00508,18.40364],[74.8344,18.33808],[74.83733,18.29492],[74.79799,18.29843],[74.84297,18.244],[75.04565,18.26286],[75.00948,18.2128],[75.02291,18.18823],[75.10489,18.22099],[75.09567,18.12122],[75.16458,18.11687],[75.02597,17.98178],[75.04127,17.9475],[75.11483,17.99848],[75.13594,17.97034],[75.05539,17.9027],[74.85272,17.94639],[74.86477,17.99211],[74.71125,18.03025],[74.66571,18.00137],[74.60968,17.84726],[74.64331,17.82985],[74.66195,17.86201],[74.70311,17.78638],[74.74875,17.79829],[74.74809,17.76383],[74.87423,17.72672],[74.92193,17.57682],[74.9641,17.59109],[74.98975,17.54239],[74.9428,17.51124],[74.98146,17.46521],[75.04071,17.48319],[74.9628,17.29419],[74.85181,17.2117],[74.8731,17.19096],[74.94536,17.17666],[75.01819,17.22585],[75.08047,17.22258],[75.08134,17.24853],[75.1809,17.23721],[75.20493,17.26963],[75.24886,17.25578],[75.21479,17.19999],[75.27023,17.18403],[75.27419,17.1491],[75.30614,17.17161],[75.28975,17.21601],[75.3348,17.2333],[75.40695,17.1841],[75.42304,17.26565],[75.5161,17.2401],[75.60523,17.30549],[75.5777,17.38507],[75.61508,17.39401],[75.63491,17.47958],[75.69071,17.41478],[75.7367,17.42409],[75.80224,17.37238],[75.82467,17.42509],[75.86205,17.38816],[75.88739,17.41961],[75.89386,17.35598],[75.93147,17.32653],[76.05523,17.35677],[76.07424,17.33483]]]}},
{"type":"Feature","properties":{"shapeID":"76128533B50056157736049","shapeName":"Nashik"},"geometry":{"type":"Polygon","coordinates":[[[73.46826,20.72184],[73.39429,20.64951],[73.49371,20.54047],[73.38374,20.39062],[73.41589,20.3525],[73.42227,20.2067],[73.30301,20.20782],[73.25098,20.12142],[73.28214,20.04554],[73.31233,20.05794],[73.45362,19.98261],[73.41905,19.84323],[73.45186,19.76787],[73.50205,19.75934],[73.49241,19.7152],[73.5807,19.60092],[73.68434,19.58963],[73.77566,19.63037],[73.84385,19.74159],[73.8923,19.75316],[73.91672,19.68225],[74.1225,19.64437],[74.16869,19.72872],[74.37907,19.80648],[74.36573,19.87119],[74.27881,19.90878],[74.25272,19.9647],[74.47022,19.98833],[74.6743,19.94732],[74.7212,20.02176],[74.71182,20.07899],[74.73922,20.08291],[74.70627,20.1152],[74.72498,20.19094],[74.76507,20.18339],[74.80506,20.23169],[74.78483,20.23104],[74.82979,20.24364],[74.85956,20.22769],[74.85707,20.17766],[74.93145,20.15312],[74.90934,20.24395],[74.93882,20.27226],[74.86068,20.2824],[74.84303,20.41047],[74.7745,20.47118],[74.76287,20.5392],[74.80031,20.54875],[74.80662,20.65721],[74.65183,20.69546],[74.66601,20.77475],[74.57361,20.83332],[74.43903,20.80188],[74.38866,20.83516],[74.39779,20.85985],[73.96924,20.85189],[73.93996,20.83973],[73.94431,20.74195],[73.81695,20.69362],[73.84072,20.62333],[73.74212,20.5673],[73.65945,20.56284],[73.58463,20.64518],[73.49152,20.6536],[73.46826,20.72184]]]}},
{"type":"Feature","properties":{"shapeID":"76128533B20474666262371","shapeName":"Osmanabad"},"geometry":{"type":"Polygon","coordinates":[[[76.7431,17.90036],[76.67632,17.92273],[76.68606,17.98825],[76.60812,18.0112],[76.61314,18.03864],[76.42915,18.03113],[76.38253,18.09006],[76.30915,18.09175],[76.27781,18.1402],[76.31942,18.32971],[76.28599,18.34143],[76.28906,18.38656],[76.26,18.3653],[76.20113,18.39942],[76.23385,18.43402],[76.27244,18.42077],[76.25608,18.51955],[76.2777,18.55769],[76.2551,18.57756],[76.05887,18.57413],[76.02146,18.60514],[75.99146,18.5911],[75.99471,18.62077],[75.95062,18.60916],[75.93944,18.64669],[75.69101,18.69134],[75.65439,18.64767],[75.58823,18.69777],[75.42343,18.53601],[75.34675,18.56239],[75.302,18.50394],[75.28614,18.40856],[75.40854,18.32476],[75.43109,18.17869],[75.49196,18.17477],[75.53424,18.13516],[75.5757,18.24084],[75.63374,18.24861],[75.65259,18.33123],[75.72103,18.33844],[75.72934,18.43477],[75.88792,18.36431],[75.94889,18.2392],[75.94315,18.1241],[76.01703,18.04029],[75.97664,17.97137],[75.85294,18.00719],[75.84618,17.89269],[75.87712,17.84681],[76.01927,17.82982],[76.00706,17.75091],[76.09722,17.77944],[76.14629,17.75506],[76.17726,17.68831],[76.29997,17.72983],[76.44449,17.6443],[76.49114,17.66311],[76.4882,17.71589],[76.52557,17.71763],[76.52562,17.76123],[76.57536,17.76239],[76.57808,17.70542],[76.61661,17.77072],[76.69064,17.68109],[76.73007,17.73955],[76.71813,17.78439],[76.76529,17.78962],[76.79076,17.82895],[76.73991,17.85946],[76.7431,17.90036]]]}},
{"type":"Feature","properties":{"shapeID":"76128533B39238815774480","shapeName":"Sindhudurg"},"geometry":{"type":"Polygon","coordinates":[[[74.11942,15.65365],[74.09015,15.67393],[74.21156,15.78179],[74.17459,15.77518],[74.16042,15.82228],[74.1045,15.84029],[74.03625,15.80441],[74.03339,15.83483],[74.09388,15.87257],[74.07464,15.94908],[74.04703,15.95762],[74.08847,16.01658],[74.05773,16.05195],[74.00292,16.03858],[73.99864,16.08927],[73.83684,16.09479],[73.84691,16.15321],[73.91098,16.13616],[73.96091,16.20117],[73.92857,16.20096],[73.92698,16.21977],[73.94876,16.23908],[73.94522,16.24389],[73.89406,16.23182],[73.92117,16.24678],[73.88269,16.28029],[73.90576,16.32919],[73.84232,16.31766],[73.8674,16.37459],[73.83891,16.40388],[73.8896,16.45838],[73.8192,16.54582],[73.86443,16.60925],[73.85507,16.65106],[73.77385,16.66353],[73.76672,16.60241],[73.69081,16.62476],[73.6496,16.5654],[73.62468,16.58353],[73.59718,16.54334],[73.46641,16.49416],[73.31787,16.55614],[73.38777,16.39431],[73.3683,16.36397],[73.44021,16.18751],[73.45702,16.04079],[73.48187,16.03799],[73.51045,15.93759],[73.58677,15.90967],[73.6259,15.85152],[73.65418,15.74277],[73.7901,15.72625],[73.85795,15.8005],[73.87628,15.7506],[73.93942,15.73946],[74.00014,15.60706],[74.11942,15.65365]]]}},
{"type":"Feature","properties":{"shapeID":"76128533B66719908763317","shapeName":"Kolhapur"},"geometry":{"type":"Polygon","coordinates":[[[74.69421,16.71761],[74.51818,16.85734],[74.49933,16.83009],[74.47167,16.86793],[74.40952,16.84503],[74.40384,16.88072],[74.36232,16.85423],[74.28272,16.9163],[74.245,16.88603],[74.22439,16.91147],[74.14905,16.88468],[74.12196,16.91231],[74.06746,16.90419],[74.0238,16.98514],[73.97231,16.99391],[73.98205,17.03494],[73.85038,17.1535],[73.78167,17.18086],[73.77805,17.15263],[73.74448,17.17607],[73.69054,17.15915],[73.83567,17.0547],[73.83498,16.99147],[73.76692,16.96344],[73.79142,16.90871],[73.74063,16.91349],[73.77035,16.85494],[73.71329,16.83075],[73.75395,16.81379],[73.7632,16.77096],[73.84214,16.73967],[73.81437,16.70742],[73.86166,16.68145],[73.86443,16.60925],[73.8192,16.54582],[73.8896,16.45838],[73.83891,16.40388],[73.8674,16.37459],[73.84232,16.31766],[73.90576,16.32919],[73.88269,16.28029],[73.92117,16.24678],[73.89406,16.23182],[73.94522,16.24389],[73.92857,16.20096],[73.96091,16.20117],[73.91098,16.13616],[73.84691,16.15321],[73.83684,16.09479],[73.99864,16.08927],[74.00292,16.03858],[74.05773,16.05195],[74.08847,16.01658],[74.04703,15.95762],[74.07464,15.94908],[74.09388,15.87257],[74.03339,15.83483],[74.03625,15.80441],[74.08797,15.83875],[74.1455,15.83246],[74.15652,15.78874],[74.22972,15.78986],[74.24441,15.74426],[74.35968,15.77674],[74.38339,15.84346],[74.33927,15.85506],[74.36896,15.8946],[74.38359,15.84947],[74.40661,15.85562],[74.38677,15.90415],[74.46549,16.04345],[74.36291,16.05582],[74.42962,16.11346],[74.48437,16.0902],[74.50866,16.20403],[74.41615,16.28329],[74.34791,16.29452],[74.32839,16.27077],[74.31994,16.38185],[74.3563,16.36737],[74.36248,16.40107],[74.3372,16.40309],[74.3334,16.45471],[74.29064,16.46156],[74.29424,16.50514],[74.26299,16.47855],[74.24729,16.49739],[74.28003,16.50588],[74.2706,16.547],[74.30852,16.50461],[74.32388,16.55595],[74.38466,16.53042],[74.39828,16.58113],[74.46746,16.60746],[74.47247,16.66319],[74.49318,16.62908],[74.54685,16.63566],[74.55768,16.56054],[74.6324,16.57832],[74.6386,16.60926],[74.68939,16.60978],[74.65638,16.64005],[74.69421,16.71761]]]}},
{"type":"Feature","properties":{"shapeID":"76128533B31342633028465","shapeName":"Chandrapur"},"geometry":{"type":"Polygon","coordinates":[[[79.79231,19.59663],[79.78717,19.71807],[79.74417,19.81715],[79.80525,19.89368],[79.78106,20.00097],[79.84905,20.03308],[79.91284,19.96821],[79.99143,20.04489],[79.96859,20.11968],[79.91255,20.14612],[79.99633,20.21829],[79.94573,20.2946],[79.97499,20.35376],[79.94165,20.44733],[79.93332,20.66712],[79.80323,20.68478],[79.76225,20.73182],[79.69603,20.6409],[79.61353,20.69172],[79.49196,20.7046],[79.43532,20.65934],[79.35324,20.67185],[79.32221,20.58381],[79.22682,20.58393],[79.13113,20.45461],[79.02441,20.47906],[78.95128,20.42902],[78.84227,20.43164],[78.81301,20.25445],[78.92176,20.25294],[78.96307,20.20342],[78.97097,20.12378],[79.01713,20.11337],[79.10822,20.01038],[79.09533,19.91528],[79.1521,19.89366],[79.06687,19.81575],[78.95844,19.80377],[78.94936,19.74924],[78.85019,19.76073],[78.8647,19.6582],[78.97499,19.65125],[78.98658,19.58722],[78.9606,19.55399],[79.10284,19.53283],[79.19538,19.46127],[79.22931,19.47039],[79.25023,19.61493],[79.47705,19.50027],[79.54935,19.55135],[79.6048,19.50673],[79.64648,19.5779],[79.79231,19.59663]]]}},
{"type":"Feature","properties":{"shapeID":"76128533B12380735325851","shapeName":"Akola"},"geometry":{"type":"Polygon","coordinates":[[[77.61674,20.76046],[77.55178,20.8537],[77.48022,20.87982],[77.43868,20.84557],[77.13484,20.8639],[77.16363,20.97223],[77.13644,20.98782],[77.17441,21.00815],[77.14987,21.07322],[77.19649,21.12226],[77.15974,21.14613],[77.18344,21.20422],[77.16544,21.23762],[77.08055,21.21763],[77.02452,21.24646],[76.99985,21.20463],[76.77594,21.18941],[76.7662,21.03919],[76.80865,20.95814],[76.78641,20.90903],[76.68912,20.91716],[76.76361,20.85831],[76.76116,20.72345],[76.72368,20.69363],[76.79139,20.59598],[76.77079,20.51348],[76.71296,20.50844],[76.69466,20.45905],[76.72839,20.40205],[76.70034,20.35395],[76.79356,20.31589],[76.79284,20.28661],[76.87701,20.27881],[76.90109,20.34111],[76.98033,20.37253],[77.02538,20.45086],[77.14169,20.38315],[77.19334,20.40758],[77.18739,20.44931],[77.29619,20.42033],[77.34933,20.46551],[77.32972,20.49919],[77.38166,20.48365],[77.39858,20.52643],[77.33687,20.52719],[77.34114,20.5772],[77.46746,20.61067],[77.43463,20.66189],[77.47194,20.68865],[77.54421,20.67605],[77.51937,20.72909],[77.56644,20.72158],[77.61674,20.76046]]]}},
{"type":"Feature","properties":{"shapeID":"76128533B27609096170969","shapeName":"Parbhani"},"geometry":{"type":"Polygon","coordinates":[[[76.99606,18.82807],[77.01351,18.8786],[76.93472,18.90098],[77.02694,18.94019],[77.08562,19.1083],[77.09788,19.06693],[77.15936,19.0841],[77.1955,19.14441],[77.18839,19.23382],[77.0379,19.26254],[76.98295,19.33515],[76.91263,19.31997],[76.93456,19.45058],[76.88456,19.4548],[76.86562,19.54211],[76.89096,19.54065],[76.92569,19.61568],[76.90408,19.64447],[76.8691,19.62214],[76.85163,19.70493],[76.7927,19.66747],[76.7857,19.7317],[76.76311,19.68421],[76.7255,19.77205],[76.70195,19.75283],[76.63591,19.79858],[76.61275,19.76979],[76.59989,19.82098],[76.51294,19.83032],[76.4846,19.79346],[76.51159,19.76292],[76.46075,19.74716],[76.48866,19.67756],[76.45083,19.66026],[76.44333,19.54139],[76.37941,19.53675],[76.36628,19.46902],[76.31606,19.46468],[76.26251,19.35794],[76.28045,19.34482],[76.21413,19.31889],[76.21604,19.25994],[76.36426,19.23777],[76.36168,19.15282],[76.32548,19.10771],[76.37749,19.13305],[76.43799,19.09633],[76.4796,18.95713],[76.52359,18.91791],[76.54039,18.95011],[76.58471,18.94551],[76.58889,18.87485],[76.66804,18.81974],[76.68261,18.75756],[76.7314,18.75063],[76.88585,18.83548],[76.99606,18.82807]]]}},
{"type":"Feature","properties":{"shapeID":"76128533B61814103412294","shapeName":"Yavatmal"},"geometry":{"type":"Polygon","coordinates":[[[77.2865,19.91109],[77.36597,19.85868],[77.34748,19.82582],[77.39065,19.82156],[77.41057,19.77316],[77.38612,19.72694],[77.41397,19.74417],[77.44669,19.68829],[77.60808,19.64757],[77.64538,19.60842],[77.63476,19.55635],[77.75027,19.52244],[77.69658,19.44163],[77.7496,19.43168],[77.80545,19.46495],[77.83529,19.43997],[77.84343,19.51048],[77.88605,19.50098],[77.90542,19.53334],[77.97632,19.50673],[77.99232,19.45654],[78.02646,19.49805],[78.06843,19.46765],[78.11944,19.4976],[78.12046,19.55426],[78.18958,19.568],[78.17955,19.65568],[78.09042,19.64585],[78.04767,19.69952],[77.98904,19.68142],[77.93414,19.73995],[77.86112,19.74428],[77.8768,19.85017],[77.95448,19.91184],[78.05384,19.93133],[78.10359,19.89729],[78.25334,19.92997],[78.25526,19.87361],[78.33351,19.91708],[78.40291,19.83757],[78.49932,19.79448],[78.5317,19.82297],[78.6092,19.8189],[78.72216,19.76839],[78.87551,19.76828],[78.90337,19.7377],[78.94936,19.74924],[78.95844,19.80377],[79.06687,19.81575],[79.1521,19.89366],[79.09533,19.91528],[79.10822,20.01038],[79.01713,20.11337],[78.97097,20.12378],[78.96307,20.20342],[78.92176,20.25294],[78.82062,20.24749],[78.8023,20.29839],[78.70867,20.30997],[78.64857,20.43236],[78.57142,20.43297],[78.50974,20.52015],[78.4131,20.51202],[78.28042,20.56295],[78.25046,20.64364],[78.27543,20.6973],[78.11246,20.64073],[78.08958,20.67263],[78.03923,20.66701],[77.92491,20.55911],[77.89368,20.62403],[77.77221,20.54051],[77.66744,20.581],[77.6455,20.52977],[77.6917,20.5239],[77.64819,20.44955],[77.60197,20.44543],[77.56827,20.33391],[77.61227,20.26451],[77.6692,20.24816],[77.64725,20.19065],[77.68199,20.16945],[77.67235,20.10487],[77.58153,20.03035],[77.52673,20.09457],[77.45649,20.07093],[77.3701,20.10161],[77.34075,19.96967],[77.2865,19.91109]]]}},
{"type":"Feature","properties":{"shapeID":"76128533B63783580004876","shapeName":"Nanded"},"geometry":{"type":"Polygon","coordinates":[[[77.55413,18.29393],[77.5711,18.32051],[77.52358,18.35172],[77.55933,18.42024],[77.53264,18.44277],[77.58939,18.44784],[77.55057,18.468],[77.60527,18.47658],[77.60145,18.54979],[77.65309,18.55492],[77.66186,18.52955],[77.74094,18.55719],[77.73726,18.67821],[77.76209,18.70927],[77.79093,18.68637],[77.842,18.80958],[77.9473,18.8245],[77.88618,18.91055],[77.84503,18.91329],[77.85828,18.95422],[77.77174,18.98323],[77.76173,19.03028],[77.76604,19.06373],[77.80159,19.05305],[77.80706,19.10363],[77.85264,19.09181],[77.85103,19.19856],[77.87189,19.25678],[77.91028,19.26875],[77.86534,19.30358],[77.95354,19.34275],[78.05595,19.24346],[78.17508,19.23817],[78.20219,19.33345],[78.18716,19.41336],[78.31409,19.45805],[78.28423,19.55966],[78.31615,19.60559],[78.27481,19.66444],[78.35047,19.71487],[78.37295,19.7823],[78.34416,19.8403],[78.29922,19.85061],[78.31531,19.91372],[78.25526,19.87361],[78.25334,19.92997],[78.10359,19.89729],[78.05384,19.93133],[77.95448,19.91184],[77.84966,19.8014],[77.86184,19.74355],[77.93414,19.73995],[77.98904,19.68142],[78.04087,19.70094],[78.09042,19.64585],[78.17955,19.65568],[78.18958,19.568],[78.12046,19.55426],[78.11944,19.4976],[78.06843,19.46765],[78.02646,19.49805],[77.99232,19.45654],[77.97632,19.50673],[77.9079,19.53356],[77.88605,19.50098],[77.84343,19.51048],[77.83529,19.43997],[77.80545,19.46495],[77.69952,19.4393],[77.75027,19.52244],[77.63476,19.55635],[77.64538,19.60842],[77.60808,19.64757],[77.46023,19.68258],[77.48176,19.60057],[77.45458,19.56801],[77.49428,19.46698],[77.45313,19.44031],[77.45038,19.38341],[77.38161,19.33893],[77.31448,19.35461],[77.28075,19.31545],[77.24496,19.32155],[77.23887,19.2744],[77.18191,19.22414],[77.1955,19.14441],[77.15936,19.0841],[77.09788,19.06693],[77.08562,19.1083],[77.02694,18.94019],[76.93472,18.90098],[77.01351,18.8786],[76.99606,18.82807],[77.00882,18.7678],[77.05753,18.76654],[77.04723,18.68371],[77.18281,18.70315],[77.15651,18.64705],[77.27128,18.61168],[77.26732,18.56619],[77.29714,18.54805],[77.24918,18.49183],[77.30161,18.47746],[77.25717,18.45435],[77.26807,18.42051],[77.37337,18.44984],[77.3735,18.40296],[77.41395,18.39083],[77.36257,18.31301],[77.44029,18.30893],[77.46939,18.2625],[77.51359,18.30925],[77.55413,18.29393]]]}},
{"type":"Feature","properties":{"shapeID":"76128533B25344721013980","shapeName":"Dhule"},"geometry":{"type":"Polygon","coordinates":[[[74.77309,21.614],[74.75508,21.47651],[74.69952,21.47097],[74.68681,21.40302],[74.49904,21.42785],[74.49283,21.24005],[74.40956,21.26746],[74.34399,21.22964],[74.25829,21.25881],[74.18175,21.20936],[74.15766,21.23236],[74.05922,21.17178],[74.08405,21.13694],[74.02069,21.14446],[74.01833,21.10339],[73.97655,21.11157],[73.95574,21.03228],[73.85746,21.0305],[73.85201,20.99729],[73.90883,20.96952],[73.88983,20.93974],[73.92856,20.84457],[74.39779,20.85985],[74.38866,20.83516],[74.43903,20.80188],[74.57361,20.83332],[74.66601,20.77475],[74.65183,20.69546],[74.81588,20.63431],[74.9304,20.65801],[74.95196,20.72101],[74.99214,20.73698],[74.96287,20.80542],[74.9874,20.82281],[74.96293,20.90567],[74.9151,20.92737],[74.93072,20.97822],[74.85899,21.06371],[74.87184,21.10196],[74.89392,21.15193],[74.96438,21.19228],[74.94471,21.22549],[75.00016,21.18788],[75.10531,21.23652],[75.13118,21.27491],[75.09042,21.29317],[75.1529,21.32354],[75.12245,21.34433],[75.14918,21.34965],[75.14249,21.38466],[75.20663,21.41419],[75.11408,21.45792],[75.0523,21.56553],[74.89758,21.62922],[74.77309,21.614]]]}},
{"type":"Feature","properties":{"shapeID":"76128533B93152786731267","shapeName":"Satara"},"geometry":{"type":"Polygon","coordinates":[[[74.71125,18.03025],[74.66664,18.07007],[74.64208,18.04529],[74.55844,18.0711],[74.46491,18.04812],[74.35697,18.09706],[74.29878,18.07024],[73.89491,18.18399],[73.8752,18.17019],[73.90472,18.13684],[73.86325,18.12056],[73.88153,18.08533],[73.85876,18.03233],[73.70669,18.04891],[73.65132,18.02315],[73.63695,17.96908],[73.53588,17.8945],[73.5975,17.84851],[73.56743,17.72268],[73.68993,17.68823],[73.69329,17.62802],[73.72584,17.62042],[73.71773,17.57455],[73.74788,17.55692],[73.69613,17.48721],[73.70615,17.424],[73.64548,17.39198],[73.68322,17.3642],[73.6995,17.22976],[73.76909,17.18719],[73.82924,17.22958],[73.88812,17.15523],[74.0329,17.09214],[74.09795,17.10214],[74.2798,17.17305],[74.29066,17.24232],[74.25802,17.29406],[74.29544,17.31629],[74.28756,17.35816],[74.25607,17.35918],[74.28731,17.41813],[74.49558,17.38371],[74.61152,17.44324],[74.63631,17.39933],[74.71243,17.38244],[74.71055,17.48483],[74.81117,17.45264],[74.90647,17.62731],[74.87581,17.72379],[74.74809,17.76383],[74.74875,17.79829],[74.70311,17.78638],[74.66195,17.86201],[74.64331,17.82985],[74.60968,17.84726],[74.66571,18.00137],[74.71125,18.03025]]]}},
{"type":"Feature","properties":{"shapeID":"76128533B9892158671522","shapeName":"Sangli"},"geometry":{"type":"Polygon","coordinates":[[[75.60523,17.30549],[75.5161,17.2401],[75.42304,17.26565],[75.40695,17.1841],[75.36826,17.1917],[75.36268,17.23634],[75.28975,17.21601],[75.29703,17.14691],[75.22064,17.19015],[75.24886,17.25578],[75.20493,17.26963],[75.1809,17.23721],[75.08134,17.24853],[75.08047,17.22258],[74.89714,17.17621],[74.85181,17.2117],[74.9628,17.29419],[75.04182,17.47031],[75.03321,17.49507],[74.97485,17.46901],[74.9419,17.51342],[74.98975,17.54239],[74.9641,17.59109],[74.92193,17.57682],[74.9122,17.6296],[74.81117,17.45264],[74.71055,17.48483],[74.71243,17.38244],[74.63631,17.39933],[74.61152,17.44324],[74.49558,17.38371],[74.28731,17.41813],[74.25607,17.35918],[74.28902,17.35606],[74.29544,17.31629],[74.25802,17.29406],[74.28804,17.19874],[74.24903,17.14068],[74.18719,17.14959],[74.0329,17.09214],[73.88812,17.15523],[73.82924,17.22958],[73.76589,17.18603],[73.82869,17.16816],[73.96086,17.05519],[73.97231,16.99391],[74.0238,16.98514],[74.06746,16.90419],[74.12196,16.91231],[74.14905,16.88468],[74.22439,16.91147],[74.245,16.88603],[74.28272,16.9163],[74.36232,16.85423],[74.40384,16.88072],[74.40952,16.84503],[74.47167,16.86793],[74.49933,16.83009],[74.51818,16.85734],[74.71854,16.71572],[74.92072,16.77239],[74.9088,16.8583],[74.96432,16.90771],[74.93532,16.94328],[75.08793,16.95099],[75.13885,16.87597],[75.21387,16.84284],[75.28391,16.8813],[75.28573,16.95699],[75.4668,16.98782],[75.49148,16.94544],[75.5696,16.96619],[75.57505,17.01033],[75.64453,16.95367],[75.67422,16.96291],[75.67182,17.0383],[75.64507,17.0431],[75.67807,17.09669],[75.6274,17.17251],[75.65935,17.26375],[75.60523,17.30549]]]}},
{"type":"Feature","properties":{"shapeID":"76128533B86424887513424","shapeName":"Hingoli"},"geometry":{"type":"Polygon","coordinates":[[[76.64771,19.86623],[76.51294,19.83032],[76.59989,19.82098],[76.61275,19.76979],[76.63591,19.79858],[76.70195,19.75283],[76.7255,19.77205],[76.76311,19.68421],[76.78415,19.73292],[76.79093,19.6687],[76.85163,19.70493],[76.8691,19.62214],[76.91647,19.63673],[76.92378,19.59997],[76.86562,19.54211],[76.88456,19.4548],[76.93456,19.45058],[76.91481,19.31873],[76.98295,19.33515],[77.0379,19.26254],[77.18839,19.23382],[77.23887,19.2744],[77.24496,19.32155],[77.28075,19.31545],[77.31448,19.35461],[77.38679,19.34158],[77.49099,19.45767],[77.45458,19.56801],[77.48176,19.60057],[77.4707,19.66531],[77.43655,19.73002],[77.3839,19.72942],[77.41057,19.77316],[77.39065,19.82156],[77.34748,19.82582],[77.34856,19.87404],[77.29925,19.88015],[77.31679,19.91022],[77.24156,19.89288],[77.19759,19.99798],[77.14866,20.00201],[77.08534,19.95794],[77.0471,20.0078],[76.99386,20.01827],[76.89686,19.94659],[76.83784,19.96138],[76.82417,19.92728],[76.77405,19.9333],[76.74011,19.87258],[76.67935,19.84676],[76.64771,19.86623]]]}},
{"type":"Feature","properties":{"shapeID":"76128533B71380851181380","shapeName":"Pune"},"geometry":{"type":"Polygon","coordinates":[[[73.78273,19.38664],[73.79805,19.33137],[73.68832,19.3116],[73.69154,19.24495],[73.54042,19.17733],[73.51354,19.09472],[73.55827,19.01667],[73.5129,18.96838],[73.46336,18.96658],[73.33283,18.70234],[73.386,18.69357],[73.39003,18.655],[73.32369,18.56383],[73.39533,18.50379],[73.36549,18.46924],[73.4113,18.49896],[73.40291,18.40064],[73.44549,18.36078],[73.42285,18.3075],[73.47716,18.30118],[73.48123,18.27208],[73.51045,18.28711],[73.53787,18.24531],[73.52445,18.18647],[73.56243,18.2119],[73.66808,18.15685],[73.62527,18.12134],[73.60727,18.13882],[73.61402,18.05873],[73.66561,18.0276],[73.70669,18.04891],[73.85876,18.03233],[73.88153,18.08533],[73.86325,18.12056],[73.90472,18.13684],[73.8749,18.17368],[73.94687,18.18127],[74.03279,18.13245],[74.30401,18.06936],[74.35697,18.09706],[74.46491,18.04812],[74.55844,18.0711],[74.64208,18.04529],[74.66664,18.07007],[74.70878,18.03075],[74.86477,17.99211],[74.84791,17.94852],[74.93927,17.94078],[75.02491,17.89286],[75.11571,17.9374],[75.12093,17.99864],[75.05165,17.94739],[75.02248,17.96278],[75.09321,18.06908],[75.16408,18.10726],[75.09472,18.12298],[75.10778,18.21857],[75.02291,18.18823],[75.00948,18.2128],[75.04565,18.26286],[74.83411,18.24705],[74.79469,18.2893],[74.84389,18.30398],[74.79539,18.35585],[74.80944,18.38678],[74.73554,18.39864],[74.70589,18.50488],[74.644,18.45066],[74.55486,18.49958],[74.58251,18.54855],[74.55168,18.61468],[74.47555,18.64192],[74.51255,18.66815],[74.47853,18.72226],[74.40055,18.74202],[74.39843,18.83112],[74.3226,18.84406],[74.17616,19.03657],[74.2116,19.12575],[74.31747,19.20873],[74.15997,19.20342],[74.03561,19.25092],[74.00108,19.35819],[73.93202,19.34123],[73.89723,19.37494],[73.78273,19.38664]]]}},
{"type":"Feature","properties":{"shapeID":"76128533B76286653784168","shapeName":"Gondiya"},"geometry":{"type":"Polygon","coordinates":[[[79.94315,21.55686],[79.88338,21.42497],[79.79982,21.37737],[79.8391,21.3107],[79.82639,21.27085],[79.86577,21.25874],[79.83282,21.2301],[79.94223,21.25272],[80.05008,21.21077],[80.08398,21.14396],[80.0684,21.02852],[80.10137,21.03787],[80.10955,20.98774],[79.97845,20.94603],[79.99866,20.7601],[79.96485,20.69043],[80.01884,20.66682],[80.05873,20.70831],[80.24191,20.65359],[80.30476,20.71427],[80.33207,20.82018],[80.56302,20.82154],[80.54896,20.93557],[80.45585,20.94683],[80.44036,21.09841],[80.46436,21.17401],[80.63936,21.24853],[80.67071,21.326],[80.60028,21.32586],[80.49255,21.39848],[80.41041,21.37729],[80.41834,21.43891],[80.37762,21.5215],[80.2672,21.62042],[80.19513,21.63439],[80.0704,21.55477],[80.00034,21.53486],[79.94315,21.55686]]]}},
{"type":"Feature","properties":{"shapeID":"76128533B63815467309300","shapeName":"Amravati"},"geometry":{"type":"Polygon","coordinates":[[[78.34591,21.58363],[78.26737,21.59242],[78.27444,21.56941],[78.186,21.55733],[78.17436,21.49723],[77.94344,21.38564],[77.80384,21.41093],[77.73825,21.36336],[77.70956,21.35771],[77.69546,21.39565],[77.67149,21.37008],[77.60573,21.3921],[77.58858,21.36304],[77.53121,21.41951],[77.49101,21.37625],[77.42273,21.51915],[77.4615,21.55486],[77.61136,21.54114],[77.57517,21.56095],[77.54638,21.69918],[77.48187,21.76828],[77.28377,21.75924],[77.28693,21.72226],[77.21105,21.69205],[77.17503,21.72526],[77.03944,21.69914],[77.03499,21.72415],[76.90418,21.59887],[76.79822,21.59557],[76.76571,21.52075],[76.78696,21.46466],[76.62695,21.33337],[76.66353,21.28074],[76.72482,21.28958],[76.79343,21.18531],[76.99985,21.20463],[77.02452,21.24646],[77.08055,21.21763],[77.16544,21.23762],[77.18344,21.20422],[77.15974,21.14613],[77.19649,21.12226],[77.14987,21.07322],[77.17441,21.00815],[77.13644,20.98782],[77.16363,20.97223],[77.13484,20.8639],[77.43868,20.84557],[77.46777,20.88106],[77.5499,20.85446],[77.6371,20.75568],[77.61479,20.71957],[77.65634,20.64773],[77.63138,20.56736],[77.688,20.58029],[77.77221,20.54051],[77.89368,20.62403],[77.92491,20.55911],[78.03923,20.66701],[78.08958,20.67263],[78.11246,20.64073],[78.29978,20.70105],[78.31839,20.82364],[78.14668,20.95276],[78.14587,21.13772],[78.05606,21.24968],[78.08226,21.2783],[78.07568,21.3538],[78.25182,21.32911],[78.44921,21.40506],[78.42794,21.60071],[78.38483,21.61736],[78.34591,21.58363]]]}},
{"type":"Feature","properties":{"shapeID":"76128533B61304308285665","shapeName":"Nandurbar"},"geometry":{"type":"Polygon","coordinates":[[[74.43497,22.02745],[74.3016,21.96783],[74.28777,21.93474],[74.19849,21.9243],[74.13485,21.9522],[73.8105,21.82813],[73.84056,21.78992],[73.82673,21.76216],[73.89201,21.6995],[73.88117,21.64432],[73.78281,21.62444],[73.85609,21.49518],[74.06424,21.55847],[74.17926,21.56053],[74.20166,21.52819],[74.30676,21.56618],[74.32449,21.49462],[74.10702,21.4472],[74.06309,21.48107],[74.04434,21.41862],[73.94833,21.40167],[73.94385,21.2969],[73.82709,21.26696],[73.81735,21.17147],[73.73615,21.16676],[73.73116,21.13795],[73.63053,21.13245],[73.60098,21.17826],[73.58278,21.15403],[73.65412,21.10815],[73.7471,21.11375],[73.73489,21.08455],[73.76485,21.0679],[73.8124,21.08434],[73.79728,21.04555],[73.85201,20.99729],[73.85746,21.0305],[73.95574,21.03228],[73.97655,21.11157],[74.01833,21.10339],[74.02069,21.14446],[74.08405,21.13694],[74.05922,21.17178],[74.15766,21.23236],[74.18175,21.20936],[74.25829,21.25881],[74.34399,21.22964],[74.40956,21.26746],[74.49283,21.24005],[74.49904,21.42785],[74.68681,21.40302],[74.69952,21.47097],[74.75508,21.47651],[74.77309,21.614],[74.58826,21.66272],[74.54936,21.71751],[74.51042,21.72185],[74.52528,21.90725],[74.44625,21.96964],[74.43497,22.02745]]]}},
{"type":"Feature","properties":{"shapeID":"76128533B8575303957680","shapeName":"Ratnagiri"},"geometry":{"type":"MultiPolygon","coordinates":[[[[73.85507,16.65106],[73.86166,16.68145],[73.81437,16.70742],[73.83587,16.74814],[73.7632,16.77096],[73.75395,16.81379],[73.71329,16.83075],[73.77035,16.85494],[73.74063,16.91349],[73.79419,16.91294],[73.76832,16.96798],[73.83642,17.00124],[73.80872,17.08645],[73.6927,17.14421],[73.74448,17.17607],[73.77964,17.15455],[73.74978,17.21024],[73.6995,17.22976],[73.68322,17.3642],[73.64558,17.38928],[73.70615,17.424],[73.69613,17.48721],[73.74818,17.54968],[73.71773,17.57455],[73.72584,17.62042],[73.69329,17.62802],[73.68993,17.68823],[73.56743,17.72268],[73.60361,17.79551],[73.57716,17.87741],[73.4504,17.85111],[73.43678,17.90432],[73.375,17.88872],[73.34835,18.02533],[73.29171,18.03465],[73.28935,18.07088],[73.17878,18.06118],[73.11675,17.97926],[73.04026,17.97828],[73.02949,17.94861],[73.12811,17.73761],[73.13652,17.6147],[73.17892,17.57985],[73.13803,17.55581],[73.19285,17.46712],[73.16811,17.40369],[73.21651,17.37048],[73.2337,17.2925],[73.26513,17.28986],[73.25832,17.26817],[73.22257,17.30227],[73.18978,17.29926],[73.28797,17.07653],[73.25502,17.02733],[73.29535,16.98465],[73.27717,16.89199],[73.30257,16.89083],[73.30579,16.72992],[73.32344,16.63647],[73.35132,16.62208],[73.32274,16.5836],[73.36666,16.51697],[73.46641,16.49416],[73.59718,16.54334],[73.62468,16.58353],[73.6496,16.5654],[73.69081,16.62476],[73.76672,16.60241],[73.77385,16.66353],[73.85507,16.65106]]],[[[73.08495,17.81558],[73.08275,17.818],[73.08362,17.81454],[73.08495,17.81558]]]]}},
{"type":"Feature","properties":{"shapeID":"76128533B37486272752374","shapeName":"Wardha"},"geometry":{"type":"Polygon","coordinates":[[[79.22512,20.58266],[79.10455,20.71273],[78.94562,20.76753],[78.91641,20.83573],[78.87551,20.82727],[78.84294,20.89115],[78.77895,20.89174],[78.73143,21.00515],[78.60742,21.06975],[78.47869,21.22006],[78.33349,21.25109],[78.26084,21.32985],[78.07568,21.3538],[78.08226,21.2783],[78.05606,21.24968],[78.14587,21.13772],[78.14668,20.95276],[78.31839,20.82364],[78.29608,20.80299],[78.30876,20.72381],[78.25046,20.64364],[78.28042,20.56295],[78.4131,20.51202],[78.50974,20.52015],[78.57142,20.43297],[78.64857,20.43236],[78.74103,20.29323],[78.83104,20.3203],[78.84227,20.43164],[78.95128,20.42902],[79.02441,20.47906],[79.12147,20.45064],[79.22512,20.58266]]]}},
{"type":"Feature","properties":{"shapeID":"76128533B39329594544563","shapeName":"Aurangabad"},"geometry":{"type":"Polygon","coordinates":[[[75.34397,19.40637],[75.49278,19.44064],[75.52257,19.40198],[75.61073,19.3821],[75.6122,19.45399],[75.64367,19.48683],[75.6542,19.59272],[75.60169,19.60289],[75.5918,19.63827],[75.63437,19.65602],[75.62872,19.77654],[75.66887,19.94034],[75.63824,19.9557],[75.6394,20.00439],[75.59455,20.02393],[75.59024,20.10257],[75.62802,20.10598],[75.64957,20.19193],[75.68007,20.19162],[75.68658,20.30996],[75.7742,20.33738],[75.73814,20.41487],[75.76633,20.45129],[75.82645,20.47485],[75.87094,20.4408],[75.91579,20.45797],[75.92252,20.57953],[75.84669,20.64611],[75.79794,20.61551],[75.66756,20.67049],[75.66086,20.6272],[75.53761,20.61022],[75.52707,20.56126],[75.49655,20.52834],[75.46179,20.5535],[75.4595,20.51659],[75.45187,20.54086],[75.43509,20.51384],[75.39821,20.52466],[75.36344,20.59743],[75.2609,20.57949],[75.23207,20.49363],[75.16437,20.47655],[75.16202,20.437],[75.10936,20.41244],[75.12638,20.34998],[75.06039,20.3346],[75.05744,20.3079],[74.99633,20.33649],[74.90934,20.24395],[74.93145,20.15312],[74.85707,20.17766],[74.85956,20.22769],[74.82979,20.24364],[74.78483,20.23104],[74.80506,20.23169],[74.76507,20.18339],[74.72498,20.19094],[74.70627,20.1152],[74.73922,20.08291],[74.71182,20.07899],[74.7212,20.02176],[74.65014,19.91045],[74.66184,19.83968],[74.60767,19.85026],[74.59437,19.77712],[74.63711,19.79495],[74.69634,19.76005],[74.71401,19.7829],[74.73091,19.69982],[74.80727,19.70375],[74.78149,19.65295],[74.82578,19.67298],[75.18894,19.5965],[75.25849,19.52398],[75.27969,19.55118],[75.27773,19.51351],[75.36996,19.48599],[75.32724,19.46381],[75.35735,19.44214],[75.34397,19.40637]]]}},
{"type":"Feature","properties":{"shapeID":"76128533B70021405538438","shapeName":"Buldana"},"geometry":{"type":"Polygon","coordinates":[[[76.38456,21.07804],[76.39517,21.01467],[76.34768,20.95031],[76.28136,20.95874],[76.1673,21.04056],[76.08492,20.92807],[76.11246,20.88225],[76.05074,20.78879],[75.98773,20.7594],[76.01685,20.73198],[75.99895,20.66792],[76.03366,20.63904],[76.04111,20.55562],[75.95137,20.52012],[75.96896,20.3742],[75.94299,20.37182],[75.92896,20.3075],[76.03195,20.28902],[76.08395,20.36529],[76.14268,20.30049],[76.19568,20.3009],[76.13498,20.22231],[76.15204,20.20514],[76.09902,20.10297],[76.05811,20.09903],[76.06894,20.07019],[76.02053,20.05959],[76.02552,20.02375],[75.96751,19.9951],[76.14091,19.84509],[76.34035,19.88253],[76.36882,19.92624],[76.49143,19.91869],[76.54117,19.84539],[76.61128,19.83872],[76.65981,19.89264],[76.6125,19.89106],[76.60748,19.92159],[76.66014,19.96355],[76.66332,20.04855],[76.62562,20.05031],[76.63113,20.0829],[76.64844,20.06901],[76.67165,20.12695],[76.75938,20.13136],[76.74795,20.20533],[76.81222,20.22018],[76.83049,20.26755],[76.70034,20.35395],[76.72839,20.40205],[76.69466,20.45905],[76.71729,20.51415],[76.73784,20.49237],[76.77079,20.51348],[76.79139,20.59598],[76.72368,20.69363],[76.76116,20.72345],[76.76361,20.85831],[76.68912,20.91716],[76.78641,20.90903],[76.80865,20.95814],[76.7662,21.03919],[76.78448,21.18948],[76.72482,21.28958],[76.68568,21.28872],[76.62573,21.19107],[76.48946,21.19444],[76.45466,21.11333],[76.38456,21.07804]]]}},
{"type":"Feature","properties":{"shapeID":"76128533B36958871695926","shapeName":"Gadchiroli"},"geometry":{"type":"Polygon","coordinates":[[[80.54762,20.11287],[80.40101,20.14683],[80.42114,20.19307],[80.3901,20.24435],[80.62393,20.3285],[80.59324,20.39812],[80.62951,20.60615],[80.51904,20.58731],[80.48872,20.61921],[80.58551,20.68088],[80.56302,20.82154],[80.33207,20.82018],[80.30476,20.71427],[80.24191,20.65359],[80.05873,20.70831],[80.01884,20.66682],[79.9348,20.67674],[79.92797,20.55276],[79.97499,20.35376],[79.94573,20.2946],[79.99633,20.21829],[79.91255,20.14612],[79.96859,20.11968],[79.99143,20.04489],[79.91284,19.96821],[79.84905,20.03308],[79.78875,20.01032],[79.77257,19.97257],[79.80525,19.89368],[79.74597,19.79066],[79.78717,19.71807],[79.79319,19.59269],[79.94725,19.46795],[79.98014,19.40461],[79.92729,19.23024],[79.95038,19.17455],[79.86516,19.10807],[79.86672,19.03872],[79.9233,19.05149],[79.9417,19.02589],[79.94628,18.86338],[79.90126,18.83533],[80.11833,18.68123],[80.25426,18.70649],[80.27515,18.72314],[80.24974,18.76482],[80.35385,18.81618],[80.27514,18.93358],[80.27521,18.99201],[80.3296,19.07947],[80.3323,19.14602],[80.39413,19.1935],[80.38662,19.23699],[80.4529,19.2743],[80.48306,19.33937],[80.57531,19.40524],[80.6177,19.31168],[80.67946,19.33104],[80.69518,19.28888],[80.75687,19.29149],[80.85128,19.36892],[80.79552,19.43125],[80.89586,19.46483],[80.89251,19.51475],[80.83517,19.56704],[80.66493,19.61588],[80.67328,19.69613],[80.54702,19.77822],[80.54977,19.82281],[80.47645,19.82812],[80.48541,19.77596],[80.40196,19.79799],[80.50482,19.87216],[80.48992,19.90223],[80.41493,19.90913],[80.41351,19.93568],[80.45094,19.95587],[80.52767,19.9342],[80.54762,20.11287]]]}},
{"type":"Feature","properties":{"shapeID":"76128533B40156838070","shapeName":"Jalgaon"},"geometry":{"type":"Polygon","coordinates":[[[75.20663,21.41419],[75.14249,21.38466],[75.14918,21.34965],[75.12245,21.34433],[75.1529,21.32354],[75.09042,21.29317],[75.13118,21.27491],[75.10531,21.23652],[75.00016,21.18788],[74.94471,21.22549],[74.96438,21.19228],[74.89392,21.15193],[74.85899,21.06371],[74.92216,21.01111],[74.9151,20.92737],[74.96293,20.90567],[74.9874,20.82281],[74.96287,20.80542],[74.99519,20.74928],[74.9304,20.65801],[74.81588,20.63431],[74.79673,20.54007],[74.76287,20.5392],[74.7745,20.47118],[74.84303,20.41047],[74.87111,20.2776],[74.94441,20.2711],[74.99633,20.33649],[75.05744,20.3079],[75.06039,20.3346],[75.12638,20.34998],[75.10936,20.41244],[75.16202,20.437],[75.16437,20.47655],[75.23207,20.49363],[75.2609,20.57949],[75.36344,20.59743],[75.39821,20.52466],[75.43509,20.51384],[75.45187,20.54086],[75.4595,20.51659],[75.46179,20.5535],[75.49655,20.52834],[75.52707,20.56126],[75.53761,20.61022],[75.66086,20.6272],[75.67029,20.67104],[75.79794,20.61551],[75.84669,20.64611],[75.92252,20.57953],[76.01143,20.63983],[76.01685,20.73198],[75.98773,20.7594],[76.05074,20.78879],[76.11246,20.88225],[76.08492,20.92807],[76.1673,21.04056],[76.28136,20.95874],[76.34768,20.95031],[76.38408,20.97805],[76.38456,21.07804],[76.17398,21.08306],[76.13694,21.12463],[76.11557,21.16883],[76.17411,21.18665],[76.09999,21.37212],[76.05358,21.35091],[75.88897,21.39781],[75.54817,21.37076],[75.20663,21.41419]]]}},
{"type":"Feature","properties":{"shapeID":"76128533B99895802074414","shapeName":"Raigarh"},"geometry":{"type":"MultiPolygon","coordinates":[[[[73.65971,18.02918],[73.59802,18.10716],[73.66335,18.16635],[73.58269,18.17996],[73.56243,18.2119],[73.5225,18.18816],[73.53787,18.24531],[73.51045,18.28711],[73.48123,18.27208],[73.47716,18.30118],[73.42285,18.3075],[73.44549,18.36078],[73.40291,18.40064],[73.4113,18.49896],[73.36549,18.46924],[73.39533,18.50379],[73.32369,18.56383],[73.39003,18.655],[73.37637,18.7087],[73.33283,18.70234],[73.38988,18.85275],[73.42875,18.86332],[73.46336,18.96658],[73.5129,18.96838],[73.55827,19.01667],[73.51924,19.04974],[73.52849,19.12986],[73.35128,19.12938],[73.31794,19.0827],[73.24769,19.06455],[73.19916,19.12543],[73.06521,19.1113],[73.02968,18.98887],[72.95537,18.97364],[72.9576,18.90887],[72.90782,18.89959],[72.92706,18.85071],[72.98551,18.85855],[72.97972,18.80909],[72.94169,18.82984],[72.91399,18.79129],[72.86931,18.80457],[72.85572,18.69767],[72.93138,18.53715],[72.90515,18.53902],[72.89476,18.46328],[72.91224,18.36103],[72.99388,18.27269],[72.93812,18.28274],[72.93151,18.22304],[72.97955,18.19677],[72.99044,18.05589],[73.03094,18.02977],[73.00213,18.02046],[73.01973,17.99025],[73.11675,17.97926],[73.17496,18.05927],[73.28935,18.07088],[73.29171,18.03465],[73.36127,18.01088],[73.34523,17.97266],[73.375,17.88872],[73.43678,17.90432],[73.44424,17.85554],[73.50094,17.85129],[73.5712,17.87754],[73.53727,17.89767],[73.63695,17.96908],[73.65971,18.02918]]],[[[72.94114,18.96921],[72.92473,18.96005],[72.93566,18.95284],[72.94114,18.96921]]],[[[72.89914,18.9402],[72.90643,18.95807],[72.90018,18.96537],[72.89914,18.9402]]],[[[72.81455,18.70459],[72.81273,18.70253],[72.81476,18.70313],[72.81455,18.70459]]],[[[72.96637,18.29964],[72.96309,18.29967],[72.96587,18.29881],[72.96637,18.29964]]],[[[72.86402,18.63259],[72.86367,18.63401],[72.86367,18.63264],[72.86402,18.63259]]],[[[72.84106,18.70587],[72.84249,18.70714],[72.84249,18.70795],[72.84106,18.70587]]],[[[72.93272,18.32157],[72.93243,18.32246],[72.93204,18.32157],[72.93272,18.32157]]]]}},
{"type":"Feature","properties":{"shapeID":"76128533B14243635342908","shapeName":"Bhandara"},"geometry":{"type":"Polygon","coordinates":[[[79.543096318000039,21.543945984000061],[79.4497,21.45702],[79.5771,21.27795],[79.56219,21.15652],[79.50204,21.18379],[79.49312,21.13986],[79.52986,21.07585],[79.60003,21.07299],[79.66161,20.95405],[79.61952,20.86526],[79.54198,20.84835],[79.56082,20.80345],[79.50941,20.70451],[79.61353,20.69172],[79.69603,20.6409],[79.76225,20.73182],[79.80323,20.68478],[79.93332,20.66712],[79.99782,20.75186],[79.97845,20.94603],[80.10955,20.98774],[80.10137,21.03787],[80.0684,21.02852],[80.08398,21.14396],[80.05008,21.21077],[79.94223,21.25272],[79.83282,21.2301],[79.86577,21.25874],[79.82639,21.27085],[79.8391,21.3107],[79.79982,21.37737],[79.88338,21.42497],[79.92941,21.51136],[79.73925,21.60234],[79.543096318000039,21.543945984000061]]]}},
{"type":"Feature","properties":{"shapeID":"76128533B5215906594478","shapeName":"Bid"},"geometry":{"type":"Polygon","coordinates":[[[75.53173,18.75249],[75.65439,18.64767],[75.6737,18.69111],[75.81186,18.67438],[75.94214,18.64591],[75.95062,18.60916],[75.99756,18.61942],[76.00083,18.58601],[76.01108,18.60729],[76.05887,18.57413],[76.15218,18.58384],[76.15976,18.5588],[76.17168,18.58576],[76.29316,18.57599],[76.38847,18.54221],[76.38596,18.59244],[76.45592,18.63232],[76.48913,18.61631],[76.5247,18.65523],[76.5614,18.63635],[76.61373,18.67439],[76.66685,18.64883],[76.68652,18.69257],[76.73811,18.70296],[76.72784,18.74997],[76.67667,18.76233],[76.66804,18.81974],[76.58889,18.87485],[76.58471,18.94551],[76.54039,18.95011],[76.52359,18.91791],[76.4796,18.95713],[76.43799,19.09633],[76.37749,19.13305],[76.32548,19.10771],[76.36168,19.15282],[76.35783,19.24384],[76.29199,19.26326],[76.22743,19.24195],[76.1998,19.28531],[76.10253,19.3087],[76.08691,19.28109],[76.04009,19.28657],[76.02004,19.34025],[75.9345,19.29428],[75.90623,19.32489],[75.91078,19.38987],[75.84319,19.37091],[75.78287,19.39809],[75.75214,19.35794],[75.68586,19.35604],[75.57289,19.38027],[75.48794,19.44024],[75.48805,19.38296],[75.53634,19.37557],[75.52017,19.33033],[75.54258,19.30911],[75.40543,19.19428],[75.44973,19.17069],[75.43473,19.11712],[75.48602,19.12644],[75.48813,19.1043],[75.38526,19.0785],[75.41147,19.1346],[75.33327,19.1507],[75.36545,19.07688],[75.28454,19.07925],[75.28828,19.03275],[75.34798,19.02354],[75.34264,18.9903],[75.2752,18.99193],[75.2645,19.07034],[75.22749,19.06638],[75.22349,19.11086],[75.19112,19.09338],[75.21082,19.02346],[75.18226,19.01337],[75.07255,19.0582],[75.1109,19.1244],[75.05523,19.09944],[74.94337,19.13048],[74.91731,19.0406],[74.95332,19.03356],[74.95402,18.96911],[74.81484,18.97789],[74.85912,18.90511],[74.88741,18.91017],[74.90003,18.8481],[75.00948,18.80511],[75.1507,18.65057],[75.1751,18.73657],[75.25516,18.72151],[75.32817,18.79886],[75.38308,18.76912],[75.39932,18.83152],[75.45162,18.75083],[75.51158,18.72392],[75.53173,18.75249]]]}},
{"type":"Feature","properties":{"shapeID":"76128533B55603381222870","shapeName":"Jalna"},"geometry":{"type":"Polygon","coordinates":[[[76.4846,19.79346],[76.53437,19.8649],[76.48351,19.91966],[76.36882,19.92624],[76.29897,19.87021],[76.10104,19.85654],[76.04943,19.94786],[75.97047,19.99012],[76.02552,20.02375],[76.02053,20.05959],[76.06894,20.07019],[76.05811,20.09903],[76.09902,20.10297],[76.15204,20.20514],[76.13498,20.22231],[76.19568,20.3009],[76.14268,20.30049],[76.08395,20.36529],[76.03195,20.28902],[75.92896,20.3075],[75.94299,20.37182],[75.96896,20.3742],[75.95137,20.52012],[76.04111,20.55562],[76.03366,20.63904],[75.95797,20.62554],[75.90772,20.53498],[75.91108,20.45024],[75.86606,20.44178],[75.82645,20.47485],[75.76633,20.45129],[75.73814,20.41487],[75.7742,20.33738],[75.68658,20.30996],[75.68007,20.19162],[75.64957,20.19193],[75.62802,20.10598],[75.59024,20.10257],[75.59455,20.02393],[75.6394,20.00439],[75.63824,19.9557],[75.66887,19.94034],[75.62872,19.77654],[75.63437,19.65602],[75.5918,19.63827],[75.65798,19.56732],[75.61073,19.3821],[75.68887,19.35596],[75.75528,19.35931],[75.78287,19.39809],[75.84319,19.37091],[75.91681,19.38889],[75.90623,19.32489],[75.9345,19.29428],[76.02004,19.34025],[76.04009,19.28657],[76.08691,19.28109],[76.10207,19.30873],[76.21006,19.2782],[76.21413,19.31889],[76.28045,19.34482],[76.26251,19.35794],[76.31606,19.46468],[76.36628,19.46902],[76.37941,19.53675],[76.44333,19.54139],[76.45083,19.66026],[76.48866,19.67756],[76.46075,19.74716],[76.51159,19.76292],[76.4846,19.79346]]]}},
{"type":"Feature","properties":{"shapeID":"76128533B74859418903113","shapeName":"Thane"},"geometry":{"type":"Polygon","coordinates":[[[73.62131,19.58768],[73.5787,19.60207],[73.50758,19.70746],[73.35447,19.66239],[73.27334,19.68158],[73.27134,19.60688],[73.18023,19.58163],[73.19746,19.53873],[73.1207,19.46651],[73.05776,19.45133],[72.99476,19.48516],[73.00863,19.4229],[72.94762,19.37048],[72.93935,19.2876],[72.84507,19.31879],[72.78883,19.30862],[72.7807,19.27059],[72.9088,19.24743],[72.97231,19.17743],[72.97316,19.06032],[73.0154,18.99883],[73.04726,19.01766],[73.06521,19.1113],[73.19916,19.12543],[73.24769,19.06455],[73.31794,19.0827],[73.35128,19.12938],[73.54072,19.1225],[73.54557,19.18363],[73.69154,19.24495],[73.675,19.30331],[73.79911,19.33682],[73.77304,19.39606],[73.68804,19.44442],[73.71034,19.49697],[73.63622,19.53346],[73.62131,19.58768]]]}},
{"type":"Feature","properties":{"shapeID":"76128533B37148244536449","shapeName":"Palghar"},"geometry":{"type":"MultiPolygon","coordinates":[[[[73.22698,20.14173],[73.17707,20.05374],[73.05138,20.10005],[73.04347,20.06868],[73.00806,20.13599],[72.96417,20.13145],[72.96092,20.2134],[72.87445,20.22777],[72.82542,20.18894],[72.82519,20.14593],[72.72499,20.12466],[72.70146,20.06808],[72.72052,19.98617],[72.66119,19.93719],[72.68091,19.88149],[72.65051,19.84077],[72.7089,19.70734],[72.75766,19.37543],[72.8003,19.32827],[72.93935,19.2876],[72.94762,19.37048],[73.00863,19.4229],[72.99476,19.48516],[73.05776,19.45133],[73.1207,19.46651],[73.19746,19.53873],[73.18023,19.58163],[73.27134,19.60688],[73.27334,19.68158],[73.35447,19.66239],[73.50758,19.70746],[73.50205,19.75934],[73.45186,19.76787],[73.41905,19.84323],[73.45362,19.98261],[73.31233,20.05794],[73.28214,20.04554],[73.2731,20.10556],[73.22698,20.14173]]],[[[72.73738,19.46583],[72.7225,19.46684],[72.73535,19.45439],[72.73738,19.46583]]]]}},
{"type":"Feature","properties":{"shapeID":"76128533B16442413169750","shapeName":"Mumbai"},"geometry":{"type":"MultiPolygon","coordinates":[[[[72.88416,19.00173],[72.87829,19.04635],[72.86971,19.05247],[72.81725,19.03934],[72.80455,18.88694],[72.88416,19.00173]]],[[[72.82794,18.90297],[72.82874,18.90236],[72.82893,18.90335],[72.82794,18.90297]]],[[[72.83617,18.91472],[72.83727,18.9148],[72.83691,18.91527],[72.83617,18.91472]]],[[[72.85122,18.94787],[72.85219,18.94803],[72.85169,18.94865],[72.85122,18.94787]]],[[[72.84724,18.91857],[72.84839,18.91866],[72.84759,18.91914],[72.84724,18.91857]]]]}},
{"type":"Feature","properties":{"shapeID":"76128533B67326016655833","shapeName":"Mumbai Suburban"},"geometry":{"type":"MultiPolygon","coordinates":[[[[72.78457,19.26328],[72.81888,19.03323],[72.86971,19.05247],[72.91046,18.99063],[72.97347,19.0597],[72.98404,19.1567],[72.9088,19.24743],[72.78457,19.26328]]],[[[72.77956,19.13453],[72.78241,19.13482],[72.78099,19.13634],[72.77956,19.13453]]]]}},
{"type":"Feature","properties":{"shapeID":"76128533B3026318797185","shapeName":"Nagpur"},"geometry":{"type":"Polygon","coordinates":[[[78.43546,21.50065],[78.44921,21.40506],[78.25182,21.32911],[78.33349,21.25109],[78.47869,21.22006],[78.60742,21.06975],[78.73143,21.00515],[78.77895,20.89174],[78.84294,20.89115],[78.87551,20.82727],[78.91641,20.83573],[78.94562,20.76753],[79.10455,20.71273],[79.193,20.59668],[79.32221,20.58381],[79.35324,20.67185],[79.43532,20.65934],[79.50608,20.70045],[79.56082,20.80345],[79.54198,20.84835],[79.61952,20.86526],[79.65195,20.92714],[79.65998,20.96995],[79.60003,21.07299],[79.52986,21.07585],[79.49312,21.13986],[79.50204,21.18379],[79.56219,21.15652],[79.5771,21.27795],[79.48367,21.42783],[79.45089,21.43545],[79.543096318000039,21.543945984000061],[79.49502,21.67361],[79.35534,21.67826],[79.23492,21.72314],[79.22612,21.65011],[79.15399,21.65975],[79.09418,21.59845],[79.00046,21.61791],[78.91916,21.59149],[78.93774,21.48669],[78.79037,21.48831],[78.77794,21.46632],[78.75853,21.50708],[78.73532,21.50471],[78.72987,21.46354],[78.51403,21.52734],[78.43546,21.50065]]]}},
{"type":"Feature","properties":{"shapeID":"76128533B6884509901047","shapeName":"Subarnapur"},"geometry":{"type":"Polygon","coordinates":[[[84.28272,20.92768],[84.1608,20.97621],[84.14782,21.03612],[84.02005,21.05576],[83.98589,21.13527],[83.8956,21.17869],[83.84469,21.0979],[83.7821,21.15506],[83.71801,21.12159],[83.61367,21.12954],[83.49892,21.04219],[83.4659,21.06056],[83.45006,21.02384],[83.51345,20.98252],[83.64103,20.98288],[83.57375,20.85338],[83.67766,20.74276],[83.59576,20.60418],[83.61132,20.52876],[83.73137,20.6068],[83.71858,20.64076],[83.78108,20.79942],[83.9404,20.84155],[84.05483,20.82885],[84.21769,20.90225],[84.2674,20.88988],[84.28272,20.92768]]]}},
{"type":"Feature","properties":{"shapeID":"76128533B80656256583567","shapeName":"Puri"},"geometry":{"type":"Polygon","coordinates":[[[86.08227,20.10696],[85.88522,20.11064],[85.90065,20.14849],[85.85344,20.19414],[85.79972,20.15107],[85.68909,20.14962],[85.67994,20.07215],[85.63314,20.1006],[85.61755,19.99191],[85.61732,20.01869],[85.59445,19.99554],[85.5726,20.02441],[85.56501,19.95011],[85.53135,19.97794],[85.50221,19.94609],[85.56657,19.9174],[85.56445,19.85522],[85.5363,19.89173],[85.40651,19.88633],[85.19082,19.71176],[85.17703,19.55828],[85.13682,19.52154],[85.15899,19.48351],[85.17431,19.46788],[85.66953,19.74041],[86.37504,19.95821],[86.27847,20.05774],[86.12849,20.04084],[86.08165,20.06931],[86.08227,20.10696]]]}},
{"type":"Feature","properties":{"shapeID":"76128533B60186573304899","shapeName":"Anugul"},"geometry":{"type":"Polygon","coordinates":[[[84.2674,20.88988],[84.35712,20.83622],[84.37195,20.7634],[84.57154,20.68783],[84.63747,20.62539],[84.77814,20.60254],[84.85138,20.52881],[84.89788,20.58086],[85.06693,20.57762],[85.1229,20.61052],[85.14042,20.72987],[85.17529,20.70106],[85.168,20.65953],[85.30628,20.82915],[85.29108,20.87993],[85.24308,20.90395],[85.25833,20.991],[85.16887,21.05804],[85.23316,21.07174],[85.27364,21.17444],[85.40834,21.17857],[85.36808,21.2406],[85.27381,21.27561],[85.3435,21.35934],[85.26066,21.4459],[85.33361,21.48203],[85.25092,21.67646],[85.19392,21.66365],[85.15433,21.60516],[85.21542,21.55451],[85.15716,21.4609],[85.00393,21.44017],[85.03719,21.29485],[84.96315,21.29914],[84.90159,21.25973],[84.96839,21.19187],[84.96283,21.14919],[84.93414,21.18128],[84.92245,21.14262],[84.82324,21.1731],[84.8003,21.13407],[84.74457,21.17109],[84.68539,21.14952],[84.68307,21.0647],[84.48496,21.08305],[84.41048,21.03127],[84.43576,21.01476],[84.40722,20.97952],[84.28272,20.92768],[84.2674,20.88988]]]}},
{"type":"Feature","properties":{"shapeID":"76128533B64749652826710","shapeName":"Debagarh"},"geometry":{"type":"Polygon","coordinates":[[[85.2009,21.5795],[85.05171,21.58939],[85.00012,21.68249],[84.86565,21.65285],[84.79298,21.66888],[84.79314,21.63235],[84.75905,21.62516],[84.7204,21.71543],[84.64514,21.7398],[84.62751,21.69522],[84.5053,21.67986],[84.49127,21.6382],[84.57478,21.57289],[84.53975,21.57911],[84.44517,21.48028],[84.38167,21.45676],[84.37814,21.34151],[84.45928,21.36738],[84.50044,21.33093],[84.55666,21.34693],[84.57082,21.25161],[84.71707,21.31549],[84.77217,21.25271],[84.722,21.20634],[84.76396,21.15065],[84.81263,21.13762],[84.79953,21.16738],[84.82324,21.1731],[84.92245,21.14262],[84.93017,21.18154],[84.96283,21.14919],[84.96839,21.19187],[84.90159,21.25973],[84.96315,21.29914],[85.03719,21.29485],[84.99572,21.41109],[85.01118,21.45186],[85.15716,21.4609],[85.20609,21.52093],[85.2009,21.5795]]]}},
{"type":"Feature","properties":{"shapeID":"76128533B47448948912370","shapeName":"Koraput"},"geometry":{"type":"Polygon","coordinates":[[[83.07403,18.40262],[83.068,18.438],[83.02359,18.45372],[83.09743,18.5471],[83.04059,18.55699],[83.06204,18.59551],[83.01614,18.5974],[83.0196,18.64791],[83.14092,18.7812],[83.18977,18.76922],[83.21302,18.7248],[83.22732,18.77467],[83.27402,18.76593],[83.41824,18.86569],[83.35797,18.92461],[83.38802,18.93198],[83.36885,18.96201],[83.34687,18.92487],[83.32668,18.93705],[83.31212,18.99547],[83.36425,19.0469],[83.34101,19.10206],[83.28094,19.12269],[83.23958,18.97044],[83.20397,18.97856],[83.16748,19.09707],[83.20168,19.13741],[83.24405,19.12717],[83.24017,19.16814],[83.13753,19.13736],[83.13082,19.09434],[83.10429,19.11254],[83.06372,19.04488],[83.02305,19.06489],[82.97951,19.17433],[82.90467,19.15937],[82.8635,19.20677],[82.82984,19.14861],[82.75645,19.18397],[82.72369,19.16042],[82.67958,19.19658],[82.63747,19.14903],[82.57365,19.21214],[82.43622,19.17148],[82.40996,19.21403],[82.41166,19.18111],[82.30073,19.1989],[82.20207,19.12844],[82.24765,18.91784],[82.18084,18.90262],[82.16926,18.7984],[82.09288,18.7659],[82.093,18.73999],[82.17613,18.63378],[82.22533,18.66957],[82.26507,18.58859],[82.31482,18.57891],[82.36541,18.62397],[82.44733,18.60009],[82.40698,18.51827],[82.43741,18.49351],[82.48987,18.54691],[82.53141,18.5125],[82.52444,18.46454],[82.56207,18.44639],[82.54064,18.40227],[82.61963,18.35547],[82.58482,18.31586],[82.59761,18.26589],[82.64007,18.23782],[82.6672,18.2958],[82.77538,18.34032],[82.80742,18.44845],[82.89286,18.42196],[82.91102,18.36526],[83.07403,18.40262]]]}},
{"type":"Feature","properties":{"shapeID":"76128533B99037046327658","shapeName":"Nabarangapur"},"geometry":{"type":"Polygon","coordinates":[[[82.20469,19.12397],[82.30073,19.1989],[82.41166,19.18111],[82.40996,19.21403],[82.43622,19.17148],[82.57365,19.21214],[82.62552,19.1509],[82.67958,19.19658],[82.72369,19.16042],[82.75645,19.18397],[82.82984,19.14861],[82.85618,19.20628],[82.80555,19.2375],[82.85006,19.32158],[82.72755,19.34691],[82.70945,19.41926],[82.63408,19.483],[82.64279,19.51124],[82.53201,19.5822],[82.54995,19.61042],[82.52812,19.63062],[82.57843,19.68063],[82.56409,19.72713],[82.60323,19.74705],[82.57924,19.80801],[82.60114,19.87044],[82.44715,19.90857],[82.34715,19.83564],[82.23828,20.00331],[82.18613,19.98328],[82.06554,20.0548],[82.03206,20.01501],[81.94459,20.10584],[81.86782,20.02811],[81.85348,19.9198],[81.96807,19.85992],[81.98788,19.8011],[82.06757,19.78854],[82.03031,19.50775],[82.09989,19.51585],[82.12717,19.43012],[82.19092,19.42391],[82.14873,19.36828],[82.19108,19.3262],[82.15967,19.27203],[82.18676,19.16567],[82.16777,19.13333],[82.20469,19.12397]]]}},
{"type":"Feature","properties":{"shapeID":"76128533B74482494441458","shapeName":"Bargarh"},"geometry":{"type":"Polygon","coordinates":[[[83.27718,21.3788],[83.27485,21.27253],[83.22553,21.26403],[83.19996,21.14355],[83.14121,21.10934],[83.04784,21.12293],[82.96334,21.17929],[82.79617,21.14297],[82.64329,21.15297],[82.63922,21.09059],[82.69377,21.02225],[82.69085,20.72991],[82.73757,20.726],[82.77593,20.80791],[82.89093,20.90929],[82.96801,20.89743],[82.99343,20.84971],[83.13248,20.86411],[83.21943,20.93557],[83.28284,20.84464],[83.41312,20.89656],[83.38619,20.99374],[83.33001,20.98544],[83.29692,21.01595],[83.32475,21.05594],[83.49892,21.04219],[83.61367,21.12954],[83.71801,21.12159],[83.76993,21.1555],[83.84469,21.0979],[83.91108,21.22396],[83.87148,21.31111],[83.88079,21.39058],[83.84944,21.41072],[83.88665,21.43931],[83.84666,21.52779],[83.72709,21.63124],[83.69481,21.70209],[83.59859,21.73544],[83.55979,21.74355],[83.47004,21.60904],[83.4483,21.6527],[83.37528,21.60052],[83.34174,21.49915],[83.35741,21.44769],[83.43144,21.39456],[83.40787,21.3506],[83.27718,21.3788]]]}},
{"type":"Feature","properties":{"shapeID":"76128533B32949331695897","shapeName":"Jagatsinghapur"},"geometry":{"type":"Polygon","coordinates":[[[86.37196,19.95592],[86.41633,19.97931],[86.4361,20.05629],[86.52453,20.17147],[86.71618,20.30115],[86.61206,20.34456],[86.45669,20.33406],[86.39807,20.36907],[86.13678,20.35758],[86.02736,20.40189],[86.03247,20.29742],[86.15112,20.22264],[86.17045,20.07427],[86.20942,20.04032],[86.28189,20.05588],[86.37196,19.95592]]]}},
{"type":"Feature","properties":{"shapeID":"76128533B8798165946807","shapeName":"Kandhamal"},"geometry":{"type":"Polygon","coordinates":[[[84.2409,19.57588],[84.24069,19.66111],[84.18958,19.70355],[84.23418,19.78497],[84.17421,19.79289],[84.20194,19.83531],[84.18509,19.86033],[84.30771,19.90622],[84.34427,19.8615],[84.44564,19.83103],[84.46538,19.95305],[84.33634,19.97804],[84.33074,20.00685],[84.41532,20.0544],[84.43735,20.20649],[84.48592,20.14343],[84.56421,20.14139],[84.58694,20.1745],[84.54381,20.32738],[84.48733,20.34292],[84.51265,20.39868],[84.4627,20.39739],[84.36057,20.67438],[84.31889,20.69499],[84.22133,20.58775],[84.07434,20.59872],[84.00684,20.57018],[83.91699,20.61691],[83.91465,20.58081],[83.85825,20.5728],[83.79619,20.51028],[83.82956,20.45184],[83.81274,20.43388],[83.6659,20.4236],[83.6525,20.38998],[83.70561,20.3709],[83.7322,20.21367],[83.78609,20.21316],[83.79066,20.18133],[83.71089,20.10305],[83.58403,20.11527],[83.49608,19.9602],[83.56247,19.92927],[83.52895,19.85828],[83.61944,19.81564],[83.60991,19.75546],[83.64918,19.65856],[83.69458,19.68889],[83.74042,19.65514],[83.76898,19.71357],[83.81392,19.7176],[83.87387,19.67472],[83.93258,19.67745],[83.97601,19.62119],[84.12747,19.63355],[84.15765,19.58207],[84.2409,19.57588]]]}},
{"type":"Feature","properties":{"shapeID":"76128533B52802748445403","shapeName":"Khordha"},"geometry":{"type":"Polygon","coordinates":[[[86.08227,20.10696],[86.03945,20.13578],[86.05448,20.16573],[86.00744,20.22472],[85.93372,20.27323],[85.90011,20.36813],[85.78702,20.43339],[85.787,20.41011],[85.71549,20.39992],[85.6264,20.29263],[85.55279,20.31373],[85.40801,20.25671],[85.38261,20.28621],[85.33474,20.28092],[85.32387,20.23146],[85.21598,20.21411],[85.20558,20.15514],[85.24073,20.11509],[85.35149,20.18889],[85.35599,20.14577],[85.4142,20.12812],[85.38067,20.07212],[85.45694,19.97372],[85.42122,19.92754],[85.36335,19.95879],[85.24514,19.90608],[85.09823,19.93113],[84.94014,19.89772],[84.93601,19.87309],[85.00942,19.80324],[85.07703,19.7921],[85.18417,19.67615],[85.25472,19.78418],[85.32346,19.79653],[85.40651,19.88633],[85.5363,19.89173],[85.56445,19.85522],[85.56657,19.9174],[85.50221,19.94609],[85.53135,19.97794],[85.56501,19.95011],[85.5726,20.02441],[85.59445,19.99554],[85.61732,20.01869],[85.61755,19.99191],[85.63314,20.1006],[85.67994,20.07215],[85.69388,20.15238],[85.72235,20.13023],[85.85344,20.19414],[85.90065,20.14849],[85.88522,20.11064],[86.08227,20.10696]]]}},
{"type":"Feature","properties":{"shapeID":"76128533B34216851275023","shapeName":"Mayurbhanj"},"geometry":{"type":"Polygon","coordinates":[[[85.96618,22.48241],[86.02685,22.38575],[85.99825,22.34221],[86.0486,22.31032],[85.97515,22.24764],[86.03202,22.18955],[85.95688,22.03619],[85.91081,21.97128],[85.77685,21.98828],[85.77586,22.05572],[85.83621,22.08139],[85.80757,22.11518],[85.66363,22.033],[85.79437,21.95449],[85.81069,21.81249],[86.01777,21.74535],[86.02789,21.69249],[86.05098,21.71456],[86.08179,21.69002],[86.08019,21.62939],[86.00983,21.53275],[86.12107,21.47772],[86.16333,21.42059],[86.09378,21.31192],[86.12031,21.27244],[86.21013,21.28338],[86.26963,21.37966],[86.36135,21.30073],[86.42743,21.33223],[86.52937,21.42218],[86.58492,21.52132],[86.637,21.52956],[86.68763,21.59441],[86.8489,21.60541],[86.87963,21.57403],[86.88706,21.62551],[86.96073,21.55857],[87.03016,21.58278],[86.98912,21.66741],[87.05377,21.68373],[87.02685,21.74117],[87.07159,21.70682],[87.12226,21.75525],[87.10544,21.78358],[87.15928,21.76862],[87.17564,21.81437],[87.00909,21.90064],[87.03854,21.99414],[87.02189,22.04614],[86.96157,22.08816],[86.83647,22.09985],[86.79485,22.15858],[86.72004,22.14812],[86.72558,22.22135],[86.5372,22.30251],[86.50478,22.34521],[86.43828,22.30583],[86.35775,22.3496],[86.28491,22.44952],[86.11261,22.48876],[86.04385,22.56729],[85.96618,22.48241]]]}},
{"type":"Feature","properties":{"shapeID":"76128533B85917349021677","shapeName":"Malkangiri"},"geometry":{"type":"Polygon","coordinates":[[[81.71188,17.86994],[82.0808,18.07453],[82.26183,17.98949],[82.27554,18.05746],[82.34492,18.05654],[82.34191,18.15146],[82.37368,18.14879],[82.31459,18.20459],[82.40143,18.31525],[82.34286,18.32584],[82.39281,18.37779],[82.36944,18.41846],[82.43517,18.48549],[82.40476,18.52821],[82.44733,18.60009],[82.36541,18.62397],[82.31482,18.57891],[82.26507,18.58859],[82.22533,18.66957],[82.17613,18.63378],[82.093,18.73999],[81.96539,18.69089],[81.95569,18.6364],[81.89361,18.65778],[81.96281,18.59439],[81.95353,18.56502],[81.91689,18.5719],[81.86626,18.52075],[81.77046,18.41908],[81.75332,18.35323],[81.66649,18.34706],[81.66707,18.31893],[81.53639,18.26684],[81.48591,17.97827],[81.44592,17.88435],[81.40247,17.89345],[81.39368,17.81505],[81.61987,17.82412],[81.67176,17.88564],[81.71188,17.86994]]]}},
{"type":"Feature","properties":{"shapeID":"76128533B81147724102706","shapeName":"Baleshwar"},"geometry":{"type":"Polygon","coordinates":[[[87.44301,21.76973],[87.27549,21.8087],[87.23766,21.95979],[87.1715,21.97841],[87.16238,21.93562],[87.09269,21.90019],[87.1709,21.78903],[87.14547,21.76389],[87.10544,21.78358],[87.12226,21.75525],[87.07159,21.70682],[87.02685,21.74117],[87.05377,21.68373],[86.98912,21.66741],[87.02345,21.57607],[86.96073,21.55857],[86.88706,21.62551],[86.87963,21.57403],[86.81235,21.6071],[86.65214,21.57928],[86.48927,21.38083],[86.36135,21.30073],[86.37419,21.23186],[86.41692,21.20978],[86.45888,21.2357],[86.46198,21.1597],[86.5111,21.13775],[86.55812,21.15753],[86.64875,21.06393],[86.67172,21.16445],[86.77564,21.17163],[86.77413,21.22884],[86.84815,21.23971],[86.95605,21.38392],[87.11864,21.51529],[87.24423,21.54995],[87.39331,21.54375],[87.33793,21.57685],[87.40416,21.55845],[87.48681,21.61122],[87.44301,21.76973]]]}},
{"type":"Feature","properties":{"shapeID":"76128533B84129562351919","shapeName":"Sambalpur"},"geometry":{"type":"Polygon","coordinates":[[[84.28272,20.92768],[84.40148,20.97445],[84.43576,21.01476],[84.41048,21.03127],[84.48496,21.08305],[84.68307,21.0647],[84.68539,21.14952],[84.74457,21.17109],[84.72437,21.21786],[84.77217,21.25271],[84.70052,21.32006],[84.57082,21.25161],[84.55666,21.34693],[84.50044,21.33093],[84.45928,21.36738],[84.37814,21.34151],[84.38167,21.45676],[84.44517,21.48028],[84.53975,21.57911],[84.57478,21.57289],[84.49127,21.6382],[84.5053,21.67986],[84.62751,21.69522],[84.63875,21.73742],[84.67966,21.735],[84.65453,21.76713],[84.55884,21.76753],[84.52845,21.81371],[84.53119,21.88255],[84.49567,21.90802],[84.53003,21.9281],[84.5288,21.97407],[84.50338,21.97075],[84.52978,22.04507],[84.47793,22.18903],[84.26782,22.10472],[84.26944,22.0146],[84.35759,22.037],[84.39325,21.99277],[84.29081,21.7666],[84.18998,21.7547],[84.11507,21.78945],[84.03854,21.75957],[84.01482,21.78663],[83.94406,21.72809],[83.97305,21.70919],[83.97352,21.57799],[83.82331,21.59467],[83.79973,21.5667],[83.88665,21.43931],[83.84944,21.41072],[83.88079,21.39058],[83.87148,21.31111],[83.91328,21.24652],[83.89592,21.17865],[83.98589,21.13527],[84.02005,21.05576],[84.14782,21.03612],[84.1608,20.97621],[84.28272,20.92768]]]}},
{"type":"Feature","properties":{"shapeID":"76128533B73854359719990","shapeName":"Gajapati"},"geometry":{"type":"Polygon","coordinates":[[[84.42281,18.94753],[84.37169,18.97328],[84.40279,19.10414],[84.36132,19.04937],[84.35827,19.05368],[84.37745,19.14102],[84.41755,19.14346],[84.39511,19.20801],[84.44059,19.3632],[84.38242,19.38156],[84.40709,19.44552],[84.37153,19.54003],[84.33257,19.54917],[84.30478,19.49612],[84.25667,19.4976],[84.2512,19.57229],[84.15765,19.58207],[84.12747,19.63355],[83.92708,19.63093],[83.94387,19.55055],[83.97706,19.53092],[83.9469,19.39821],[84.02987,19.34602],[83.98284,19.20957],[83.98444,19.16209],[84.03212,19.13163],[84.03002,19.05457],[83.97143,19.06617],[83.98777,19.02107],[83.95854,18.98672],[83.91331,19.01807],[83.86278,18.97999],[83.80156,19.02838],[83.85123,18.86073],[83.89445,18.81488],[84.03455,18.81182],[84.07326,18.76147],[84.13039,18.7581],[84.22406,18.7971],[84.31978,18.78913],[84.35135,18.82184],[84.34326,18.87648],[84.36964,18.86089],[84.35867,18.89295],[84.39483,18.88746],[84.37253,18.90599],[84.41698,18.90041],[84.42281,18.94753]]]}},
{"type":"Feature","properties":{"shapeID":"76128533B32509926596077","shapeName":"Dhenkanal"},"geometry":{"type":"Polygon","coordinates":[[[85.12933,20.61585],[85.28261,20.50941],[85.45792,20.48577],[85.51152,20.53604],[85.58932,20.51274],[85.6586,20.55049],[85.72942,20.64582],[85.75728,20.6355],[85.79179,20.67313],[85.88399,20.65852],[85.90832,20.7129],[86.02566,20.72669],[86.03347,20.80938],[85.90115,20.84717],[85.91975,20.92788],[85.82757,20.92667],[85.77926,20.98217],[85.72412,20.98377],[85.73023,21.06359],[85.68472,21.11837],[85.72821,21.14384],[85.71015,21.18202],[85.61079,21.13765],[85.54838,21.16687],[85.49752,21.11388],[85.39453,21.18498],[85.3207,21.16082],[85.29109,21.1812],[85.23316,21.07174],[85.18624,21.08092],[85.16772,21.05375],[85.26225,20.98446],[85.24308,20.90395],[85.29108,20.87993],[85.30073,20.79691],[85.168,20.65953],[85.17529,20.70106],[85.14042,20.72987],[85.11481,20.68234],[85.12933,20.61585]]]}},
{"type":"Feature","properties":{"shapeID":"76128533B77719785699048","shapeName":"Nayagarh"},"geometry":{"type":"Polygon","coordinates":[[[84.79411,20.58175],[84.77685,20.53643],[84.69961,20.49942],[84.69215,20.44281],[84.54675,20.42259],[84.48525,20.35154],[84.54381,20.32738],[84.54726,20.24507],[84.58989,20.18392],[84.64065,20.20012],[84.69651,20.28204],[84.82867,20.22311],[84.79904,20.09509],[84.8628,20.00095],[84.90189,19.99362],[84.91138,19.90589],[85.1277,19.93389],[85.24514,19.90608],[85.36335,19.95879],[85.43615,19.94079],[85.45694,19.97372],[85.41659,19.99558],[85.43483,20.02766],[85.38067,20.07212],[85.4142,20.12812],[85.35599,20.14577],[85.36853,20.18129],[85.24073,20.11509],[85.20558,20.15514],[85.22659,20.22367],[85.34033,20.24568],[85.36762,20.39266],[85.28592,20.37226],[85.07624,20.41629],[84.88466,20.49971],[84.79411,20.58175]]]}},
{"type":"Feature","properties":{"shapeID":"76128533B70842759816811","shapeName":"Cuttack"},"geometry":{"type":"Polygon","coordinates":[[[86.18911,20.05408],[86.15708,20.0946],[86.15112,20.22264],[86.03247,20.29742],[86.01473,20.38178],[86.02736,20.40189],[86.09276,20.36592],[86.22862,20.36206],[86.28067,20.39789],[86.27746,20.51786],[86.25266,20.53897],[86.28345,20.58453],[86.16763,20.63952],[86.19292,20.64289],[86.1925,20.65681],[86.02544,20.57202],[85.92367,20.68892],[85.88399,20.65852],[85.79179,20.67313],[85.70864,20.62733],[85.6586,20.55049],[85.58932,20.51274],[85.51152,20.53604],[85.45792,20.48577],[85.2522,20.51875],[85.12933,20.61585],[85.06693,20.57762],[84.89788,20.58086],[84.85138,20.52881],[85.07624,20.41629],[85.28592,20.37226],[85.36762,20.39266],[85.33677,20.27276],[85.38261,20.28621],[85.40801,20.25671],[85.55279,20.31373],[85.6264,20.29263],[85.71549,20.39992],[85.80716,20.43424],[85.90011,20.36813],[85.93372,20.27323],[86.05448,20.16573],[86.03594,20.14394],[86.08991,20.06055],[86.18911,20.05408]]]}},
{"type":"Feature","properties":{"shapeID":"76128533B91818883767147","shapeName":"Jajapur"},"geometry":{"type":"Polygon","coordinates":[[[85.91203,20.69372],[86.02488,20.57208],[86.18118,20.65949],[86.18893,20.62437],[86.30412,20.57933],[86.32288,20.63055],[86.37497,20.5952],[86.47033,20.68832],[86.54683,20.69604],[86.54414,20.75453],[86.6253,20.80797],[86.56978,20.86635],[86.45217,20.84531],[86.32929,20.86606],[86.28199,20.907],[86.29115,21.01517],[86.26158,21.03968],[86.13454,21.07464],[86.08927,21.01871],[86.04793,21.02454],[86.02831,21.07357],[86.08678,21.1685],[85.93462,21.13662],[85.8873,21.08664],[85.77546,21.10436],[85.75765,21.14943],[85.70034,21.13958],[85.72412,20.98377],[85.77926,20.98217],[85.82757,20.92667],[85.91975,20.92788],[85.90115,20.84717],[86.03347,20.80938],[86.02566,20.72669],[85.9885,20.7391],[85.91203,20.69372]]]}},
{"type":"Feature","properties":{"shapeID":"76128533B70759200975708","shapeName":"Kalahandi"},"geometry":{"type":"Polygon","coordinates":[[[82.59274,19.77713],[82.53201,19.5822],[82.64279,19.51124],[82.63408,19.483],[82.70945,19.41926],[82.72755,19.34691],[82.84928,19.32403],[82.80555,19.2375],[82.87884,19.18471],[82.90491,19.28579],[82.9575,19.32559],[82.92862,19.44222],[82.99174,19.44797],[82.99375,19.4907],[83.07044,19.56288],[83.1592,19.48612],[83.16815,19.43276],[83.18803,19.4645],[83.21813,19.43608],[83.20527,19.46414],[83.24806,19.50885],[83.26751,19.60155],[83.3733,19.59882],[83.38618,19.66767],[83.45572,19.74064],[83.40853,19.92398],[83.45221,19.97314],[83.49608,19.9602],[83.58403,20.11527],[83.71089,20.10305],[83.79066,20.18133],[83.78609,20.21316],[83.7322,20.21367],[83.70561,20.3709],[83.6525,20.38998],[83.62507,20.35126],[83.5771,20.36567],[83.5558,20.40099],[83.49189,20.40669],[83.48769,20.45461],[83.36031,20.31561],[83.24117,20.25921],[83.18365,20.17339],[83.09097,20.19925],[82.93238,20.17987],[82.90921,20.14844],[82.82497,20.16611],[82.81529,20.10235],[82.73638,20.05851],[82.70482,19.99845],[82.71034,19.83713],[82.65338,19.83141],[82.59274,19.77713]]]}},
{"type":"Feature","properties":{"shapeID":"76128533B84772375641700","shapeName":"Baudh"},"geometry":{"type":"Polygon","coordinates":[[[83.73137,20.6068],[83.57526,20.48187],[83.6659,20.4236],[83.77876,20.41257],[83.82956,20.45184],[83.79619,20.51028],[83.85825,20.5728],[83.91465,20.58081],[83.91699,20.61691],[84.00684,20.57018],[84.07434,20.59872],[84.22133,20.58775],[84.31889,20.69499],[84.36057,20.67438],[84.393,20.53192],[84.43511,20.50915],[84.48723,20.38727],[84.54675,20.42259],[84.67493,20.43053],[84.72041,20.52632],[84.79606,20.56088],[84.76497,20.60885],[84.63747,20.62539],[84.57154,20.68783],[84.37195,20.7634],[84.35152,20.84214],[84.22976,20.903],[84.05483,20.82885],[83.9404,20.84155],[83.78108,20.79942],[83.71858,20.64076],[83.73137,20.6068]]]}},
{"type":"Feature","properties":{"shapeID":"76128533B98951704707517","shapeName":"Kendrapara"},"geometry":{"type":"MultiPolygon","coordinates":[[[[86.71618,20.30115],[86.78236,20.33834],[86.77604,20.39001],[86.71157,20.39598],[86.75406,20.51769],[87.05563,20.71132],[86.96532,20.68904],[86.90272,20.7102],[87.00607,20.71367],[86.99314,20.76968],[86.85671,20.77323],[86.8127,20.73024],[86.6292,20.79906],[86.54414,20.75453],[86.54389,20.69405],[86.47033,20.68832],[86.37497,20.5952],[86.32288,20.63055],[86.32267,20.58711],[86.25977,20.56343],[86.28067,20.39789],[86.25462,20.36714],[86.39807,20.36907],[86.55112,20.32783],[86.61206,20.34456],[86.71618,20.30115]]],[[[86.79081,20.44444],[86.80442,20.46244],[86.80996,20.4763],[86.80366,20.5008],[86.79081,20.44444]]],[[[86.78814,20.40457],[86.79607,20.41176],[86.7913,20.42827],[86.78814,20.40457]]],[[[86.79623,20.3723],[86.791,20.37297],[86.79137,20.36459],[86.79623,20.3723]]],[[[86.79758,20.37625],[86.79113,20.37569],[86.79638,20.37389],[86.79758,20.37625]]],[[[86.79194,20.38574],[86.79457,20.38649],[86.79373,20.3876],[86.79194,20.38574]]]]}},
{"type":"Feature","properties":{"shapeID":"76128533B59504628511334","shapeName":"Kendujhar"},"geometry":{"type":"Polygon","coordinates":[[[85.23692,22.00449],[85.27936,21.95751],[85.3687,21.94048],[85.37693,21.91017],[85.34342,21.8278],[85.23062,21.82262],[85.1867,21.70856],[85.19721,21.66047],[85.25092,21.67646],[85.32885,21.51048],[85.30849,21.44964],[85.25905,21.45158],[85.3435,21.35934],[85.27381,21.27561],[85.36808,21.2406],[85.42309,21.15543],[85.49752,21.11388],[85.54838,21.16687],[85.61079,21.13765],[85.6871,21.18581],[85.76353,21.14666],[85.77546,21.10436],[85.8873,21.08664],[85.93462,21.13662],[86.08678,21.1685],[86.02831,21.07357],[86.04793,21.02454],[86.08927,21.01871],[86.13454,21.07464],[86.30646,21.01748],[86.32484,21.06671],[86.27405,21.14732],[86.35026,21.19235],[86.37489,21.24971],[86.35816,21.32019],[86.26963,21.37966],[86.21013,21.28338],[86.12031,21.27244],[86.09378,21.31192],[86.16333,21.42059],[86.12107,21.47772],[86.00983,21.53275],[86.08019,21.62939],[86.08179,21.69002],[86.05098,21.71456],[86.02789,21.69249],[86.01777,21.74535],[85.81069,21.81249],[85.79437,21.95449],[85.67146,22.01355],[85.65026,22.09459],[85.59677,22.07875],[85.36909,22.1586],[85.36725,22.12554],[85.30601,22.11114],[85.23692,22.00449]]]}},
{"type":"Feature","properties":{"shapeID":"76128533B633842538351","shapeName":"Ganjam"},"geometry":{"type":"Polygon","coordinates":[[[84.76758,19.08116],[84.86192,19.21605],[85.17431,19.46788],[85.13682,19.52154],[85.17703,19.55828],[85.18417,19.67615],[85.07703,19.7921],[85.00942,19.80324],[84.93601,19.87309],[84.90189,19.99362],[84.8628,20.00095],[84.79904,20.09509],[84.83461,20.21752],[84.69651,20.28204],[84.56421,20.14139],[84.48592,20.14343],[84.43536,20.203],[84.41532,20.0544],[84.35604,20.03699],[84.32439,19.98843],[84.46538,19.95305],[84.45082,19.8357],[84.38298,19.84228],[84.30771,19.90622],[84.18509,19.86033],[84.20194,19.83531],[84.16841,19.80431],[84.23418,19.78497],[84.18958,19.70355],[84.24688,19.64252],[84.22705,19.6264],[84.2531,19.5012],[84.30478,19.49612],[84.32352,19.5452],[84.37153,19.54003],[84.40709,19.44552],[84.38242,19.38156],[84.44059,19.3632],[84.39511,19.20801],[84.41755,19.14346],[84.37745,19.14102],[84.35827,19.05368],[84.40279,19.10414],[84.37169,18.97328],[84.41625,18.97139],[84.40962,18.93794],[84.44432,18.97528],[84.42225,19.02338],[84.47874,18.99086],[84.57311,19.07458],[84.59466,19.02265],[84.61966,19.06443],[84.66143,19.06195],[84.59878,19.13327],[84.66806,19.13135],[84.67188,19.16615],[84.71206,19.15847],[84.70441,19.11835],[84.76758,19.08116]]]}},
{"type":"Feature","properties":{"shapeID":"76128533B6128685860104","shapeName":"Sundargarh"},"geometry":{"type":"Polygon","coordinates":[[[84.00937,22.52329],[83.98298,22.50465],[84.04839,22.46666],[84.01106,22.37034],[83.86792,22.34639],[83.75975,22.24554],[83.65275,22.2272],[83.56621,22.1066],[83.60733,22.06835],[83.5395,22.03688],[83.54221,21.96646],[83.60748,21.91395],[83.58471,21.82981],[83.62951,21.84879],[83.70365,21.77492],[83.89783,21.94574],[83.96111,21.9418],[83.98085,21.90675],[84.02911,21.95327],[84.07869,21.93764],[84.07289,21.99013],[84.1213,22.01154],[84.23318,21.97543],[84.26926,22.00791],[84.27873,22.12108],[84.47793,22.18903],[84.52978,22.04507],[84.50338,21.97075],[84.5288,21.97407],[84.53003,21.9281],[84.49567,21.90802],[84.53119,21.88255],[84.52845,21.81371],[84.55884,21.76753],[84.67147,21.75972],[84.74889,21.68193],[84.75905,21.62516],[84.79314,21.63235],[84.79298,21.66888],[84.86565,21.65285],[85.00012,21.68249],[85.05171,21.58939],[85.15023,21.59452],[85.19699,21.64066],[85.18715,21.711],[85.23062,21.82262],[85.31715,21.81921],[85.35994,21.85243],[85.37187,21.93782],[85.27459,21.96015],[85.18278,22.07079],[85.17323,22.05278],[85.05003,22.1146],[84.98612,22.08854],[85.02989,22.11587],[85.07664,22.27581],[85.12056,22.29413],[85.0802,22.35211],[85.06866,22.48171],[84.90353,22.4217],[84.81415,22.45003],[84.75908,22.44515],[84.75025,22.41794],[84.53317,22.42304],[84.43268,22.35187],[84.2959,22.34028],[84.15925,22.40368],[84.14171,22.47356],[84.00937,22.52329]]]}},
{"type":"Feature","properties":{"shapeID":"76128533B58797478961083","shapeName":"Bhadrak"},"geometry":{"type":"MultiPolygon","coordinates":[[[[86.37089,21.2391],[86.33994,21.18014],[86.27342,21.14319],[86.32613,21.06003],[86.28959,21.01901],[86.28199,20.907],[86.32929,20.86606],[86.45217,20.84531],[86.56978,20.86635],[86.61634,20.79817],[86.76016,20.77099],[86.76861,20.73571],[86.87921,20.80856],[86.9606,20.78761],[86.96166,20.85835],[86.82375,21.13943],[86.84815,21.23971],[86.77413,21.22884],[86.77564,21.17163],[86.67172,21.16445],[86.64225,21.06146],[86.55812,21.15753],[86.5111,21.13775],[86.46198,21.1597],[86.45888,21.2357],[86.41692,21.20978],[86.37089,21.2391]]],[[[86.95034,20.77422],[86.89302,20.78689],[86.86554,20.78344],[86.88536,20.77332],[86.95034,20.77422]]],[[[87.0141,20.79377],[87.0173,20.82409],[86.99994,20.83395],[87.0141,20.79377]]],[[[86.97943,20.77775],[86.989,20.78435],[86.97796,20.78229],[86.97943,20.77775]]]]}},
{"type":"Feature","properties":{"shapeID":"76128533B33451850475260","shapeName":"Nuapada"},"geometry":{"type":"Polygon","coordinates":[[[82.70482,19.99845],[82.73638,20.05851],[82.81529,20.10235],[82.81421,20.18117],[82.84896,20.19691],[82.86241,20.27091],[82.81439,20.29572],[82.82324,20.32235],[82.85073,20.2938],[82.85309,20.34108],[82.81746,20.35917],[82.79235,20.32663],[82.81734,20.38369],[82.71965,20.35806],[82.73222,20.38481],[82.68674,20.45063],[82.74322,20.62356],[82.68944,20.73535],[82.69377,21.02225],[82.63922,21.09059],[82.61183,21.00962],[82.49307,20.90733],[82.46648,20.82777],[82.35405,20.88755],[82.34258,20.76244],[82.37571,20.62826],[82.33151,20.55817],[82.43668,20.43039],[82.40132,20.34029],[82.43678,20.28786],[82.38652,20.14975],[82.40339,20.05432],[82.60598,19.99131],[82.70482,19.99845]]]}},
{"type":"Feature","properties":{"shapeID":"76128533B93240759409313","shapeName":"Jharsuguda"},"geometry":{"type":"Polygon","coordinates":[[[83.49012,21.64308],[83.55979,21.74355],[83.69481,21.70209],[83.79973,21.5667],[83.82331,21.59467],[83.96398,21.57161],[83.97305,21.70919],[83.94406,21.72809],[83.96974,21.76618],[84.11507,21.78945],[84.18998,21.7547],[84.28633,21.76249],[84.39038,22.02205],[84.29951,22.03415],[84.23318,21.97543],[84.1213,22.01154],[84.07289,21.99013],[84.07869,21.93764],[84.02911,21.95327],[83.98085,21.90675],[83.96111,21.9418],[83.89783,21.94574],[83.70365,21.77492],[83.62951,21.84879],[83.53828,21.83509],[83.54359,21.79719],[83.49797,21.81773],[83.48508,21.73131],[83.4282,21.68988],[83.49012,21.64308]]]}},
{"type":"Feature","properties":{"shapeID":"76128533B50498617372937","shapeName":"Rayagada"},"geometry":{"type":"Polygon","coordinates":[[[83.74714,18.9874],[83.81412,19.03201],[83.86278,18.97999],[83.91331,19.01807],[83.95854,18.98672],[83.98777,19.02107],[83.97143,19.06617],[84.03002,19.05457],[84.03212,19.13163],[83.98444,19.16209],[83.98284,19.20957],[84.02987,19.34602],[83.9469,19.39821],[83.97706,19.53092],[83.93429,19.57208],[83.93796,19.6693],[83.80865,19.71745],[83.76898,19.71357],[83.74042,19.65514],[83.69458,19.68889],[83.64918,19.65856],[83.60991,19.75546],[83.61944,19.81564],[83.52895,19.85828],[83.56247,19.92927],[83.45221,19.97314],[83.40725,19.92104],[83.45572,19.74064],[83.38618,19.66767],[83.3733,19.59882],[83.26751,19.60155],[83.24806,19.50885],[83.20527,19.46414],[83.21813,19.43608],[83.18803,19.4645],[83.18295,19.42487],[83.10498,19.54317],[83.03896,19.55319],[82.99174,19.44797],[82.92456,19.43586],[82.9575,19.32559],[82.90491,19.28579],[82.87884,19.18471],[82.90467,19.15937],[82.97951,19.17433],[83.02305,19.06489],[83.06372,19.04488],[83.10429,19.11254],[83.13082,19.09434],[83.13753,19.13736],[83.25985,19.16485],[83.24405,19.12717],[83.1716,19.11259],[83.20653,18.97639],[83.24149,18.97333],[83.28525,19.12507],[83.34101,19.10206],[83.34837,19.01751],[83.41658,19.00476],[83.46321,18.95433],[83.45622,19.00824],[83.48565,19.02978],[83.46708,19.07814],[83.51305,19.0733],[83.50309,19.01973],[83.53906,19.01411],[83.55407,19.08239],[83.5864,19.05843],[83.63083,19.1621],[83.77888,18.91046],[83.74714,18.9874]]]}},
{"type":"Feature","properties":{"shapeID":"76128533B44395557448920","shapeName":"Balangir"},"geometry":{"type":"Polygon","coordinates":[[[83.45918,21.05547],[83.42771,21.03219],[83.35857,21.07012],[83.29692,21.01595],[83.33001,20.98544],[83.38619,20.99374],[83.41312,20.89656],[83.28284,20.84464],[83.21943,20.93557],[83.13248,20.86411],[82.99343,20.84971],[82.96801,20.89743],[82.89093,20.90929],[82.77593,20.80791],[82.73757,20.726],[82.70294,20.72625],[82.69633,20.68128],[82.74322,20.62356],[82.68674,20.45063],[82.73222,20.38481],[82.71965,20.35806],[82.81734,20.38369],[82.79235,20.32663],[82.81746,20.35917],[82.855,20.33763],[82.85073,20.2938],[82.82324,20.32235],[82.81439,20.29572],[82.86241,20.27091],[82.81782,20.16992],[82.88562,20.1458],[82.93238,20.17987],[83.09097,20.19925],[83.18365,20.17339],[83.24117,20.25921],[83.36031,20.31561],[83.48769,20.45461],[83.49189,20.40669],[83.62507,20.35126],[83.65526,20.36827],[83.6662,20.42347],[83.57218,20.48506],[83.60624,20.53051],[83.59576,20.60418],[83.67766,20.74276],[83.57375,20.85338],[83.64146,20.98138],[83.47085,20.99814],[83.45918,21.05547]]]}},
{"type":"Feature","properties":{"shapeID":"76128533B86135761305702","shapeName":"Jhunjhunun"},"geometry":{"type":"Polygon","coordinates":[[[75.67301,28.5166],[75.61488,28.50213],[75.59151,28.44401],[75.61623,28.40619],[75.57261,28.40705],[75.57264,28.37772],[75.53652,28.38057],[75.50271,28.33683],[75.43891,28.36435],[75.38401,28.33781],[75.2804,28.44952],[75.23562,28.45535],[75.21941,28.39036],[75.13249,28.4016],[75.16573,28.34468],[75.14983,28.2916],[75.05117,28.25303],[75.02875,28.20555],[75.08661,28.18655],[75.05643,28.15603],[75.12965,28.13481],[75.10367,28.06427],[75.17604,27.95754],[75.19819,27.96364],[75.24284,27.81044],[75.29131,27.81225],[75.26547,27.76412],[75.29023,27.716],[75.38113,27.68102],[75.37853,27.64311],[75.43508,27.64386],[75.53734,27.70912],[75.6503,27.7172],[75.68989,27.67352],[75.7708,27.83344],[75.94899,27.94686],[75.97379,27.93215],[75.99945,27.97545],[75.96667,27.98358],[75.99639,28.00686],[75.97358,28.0236],[76.01726,28.03047],[76.00929,28.05852],[76.04164,28.07401],[75.98528,28.04705],[75.94684,28.10762],[76.03264,28.16781],[76.09583,28.14136],[76.01724,28.23685],[76.02717,28.27498],[75.9191,28.37194],[75.77765,28.40036],[75.78916,28.4535],[75.67301,28.5166]]]}},
{"type":"Feature","properties":{"shapeID":"76128533B14849085202492","shapeName":"Jaisalmer"},"geometry":{"type":"Polygon","coordinates":[[[71.89833,27.96125],[71.66652,27.8778],[71.38384,27.8726],[71.20566,27.83539],[70.87168,27.70563],[70.7398,27.74224],[70.68429,27.82829],[70.67746,27.9218],[70.58927,28.01057],[70.50668,28.0371],[70.37233,28.01187],[70.1331,27.80641],[70.02542,27.5621],[69.58663,27.18317],[69.51354,27.01023],[69.48475,26.80504],[69.5103,26.74375],[69.82402,26.58895],[70.05595,26.60091],[70.17416,26.55171],[70.18561,26.37353],[70.14239,26.15864],[70.22586,26.12296],[70.26681,26.16566],[70.3617,26.14571],[70.4118,26.20069],[70.50402,26.17682],[70.71769,26.21233],[70.74414,26.1448],[70.8786,26.12833],[70.96257,26.02214],[70.94434,26.08248],[71.05274,26.14253],[71.0115,26.22477],[70.94465,26.22473],[70.95532,26.24925],[71.0649,26.29051],[71.07871,26.32539],[71.14034,26.30896],[71.22307,26.44667],[71.29023,26.4667],[71.32873,26.41985],[71.44901,26.51399],[71.49189,26.45702],[71.59219,26.50204],[71.63978,26.40434],[71.81268,26.33246],[71.84375,26.37397],[71.8961,26.30031],[72.07401,26.34956],[72.08332,26.44308],[72.02842,26.49878],[72.09984,26.60047],[72.04101,26.67545],[72.09038,26.71942],[72.04677,26.78916],[72.10055,26.83016],[72.10493,26.88699],[72.04124,26.93585],[72.08868,27.10486],[71.96907,27.1396],[71.91203,27.21807],[71.79183,27.24535],[71.83089,27.32066],[71.81588,27.4417],[71.83957,27.47854],[71.90084,27.47384],[71.93218,27.55917],[71.96788,27.54977],[72.05127,27.61448],[72.13041,27.58043],[72.10773,27.5564],[72.17678,27.46182],[72.25032,27.48726],[72.34443,27.69184],[72.30116,27.70764],[72.22776,27.65716],[72.18177,27.69937],[72.11022,27.70514],[72.09499,27.73611],[72.15688,27.77969],[72.14688,27.87267],[72.03361,27.94929],[71.95347,27.91194],[71.89833,27.96125]]]}},
{"type":"Feature","properties":{"shapeID":"76128533B20732636837048","shapeName":"Sikar"},"geometry":{"type":"Polygon","coordinates":[[[75.93433,27.92897],[75.7708,27.83344],[75.68989,27.67352],[75.6503,27.7172],[75.53734,27.70912],[75.43508,27.64386],[75.37853,27.64311],[75.38113,27.68102],[75.29023,27.716],[75.26547,27.76412],[75.29131,27.81225],[75.24284,27.81044],[75.19819,27.96364],[75.17604,27.95754],[75.10367,28.06427],[75.12965,28.13481],[75.05643,28.15603],[75.08661,28.18655],[74.89358,28.19183],[74.85761,28.13352],[74.79492,28.11299],[74.80442,28.03077],[74.76229,27.98767],[74.83005,27.91047],[74.73053,27.86712],[74.8183,27.79968],[74.74231,27.76445],[74.74566,27.68519],[74.68206,27.66723],[74.70694,27.59264],[74.76209,27.58052],[74.71738,27.5375],[74.7241,27.50121],[74.8582,27.45032],[74.87421,27.41193],[74.84597,27.37873],[74.87478,27.37203],[74.88027,27.31068],[75.05847,27.38148],[75.11912,27.37654],[75.10931,27.33832],[75.16707,27.30454],[75.07286,27.21939],[75.12627,27.21106],[75.11911,27.18399],[75.202,27.1286],[75.30207,27.12911],[75.32345,27.20824],[75.39214,27.24002],[75.38159,27.2897],[75.47757,27.28922],[75.53176,27.34392],[75.60004,27.30854],[75.66627,27.36586],[75.72586,27.36921],[75.74054,27.40421],[75.87873,27.38926],[75.89638,27.45659],[75.98647,27.4779],[75.93891,27.49642],[75.9679,27.5943],[75.94291,27.62171],[76.09828,27.83029],[75.98358,27.8447],[75.98784,27.90371],[75.93433,27.92897]]]}},
{"type":"Feature","properties":{"shapeID":"76128533B92044109913630","shapeName":"Hanumangarh"},"geometry":{"type":"Polygon","coordinates":[[[75.52816,28.97035],[75.5172,29.00793],[75.44664,29.00819],[75.44274,29.05741],[75.39218,29.0626],[75.40672,29.12004],[75.37203,29.14093],[75.4153,29.18419],[75.40639,29.26042],[75.35077,29.22365],[75.32297,29.28936],[75.23933,29.23012],[75.18896,29.26814],[75.08304,29.22788],[75.05097,29.28602],[74.96214,29.28046],[74.93926,29.3619],[74.85157,29.40346],[74.7632,29.35425],[74.66,29.37099],[74.65552,29.33281],[74.6003,29.32733],[74.60393,29.36478],[74.53569,29.44758],[74.58569,29.45835],[74.62293,29.52221],[74.57599,29.56417],[74.61671,29.7519],[74.4782,29.74489],[74.47492,29.76694],[74.48563,29.81463],[74.56224,29.86967],[74.51091,29.90704],[74.52833,29.94285],[74.35279,29.95185],[74.3183,29.88808],[74.24534,29.86482],[74.28662,29.81774],[74.13728,29.68724],[74.05201,29.70565],[74.0652,29.65428],[73.86849,29.62043],[73.76779,29.5689],[73.76475,29.52534],[73.83215,29.52949],[73.87875,29.45005],[73.87673,29.41276],[73.82053,29.38072],[73.85145,29.31717],[74.07729,29.26577],[74.23473,29.28049],[74.19488,29.24045],[74.0995,29.23651],[74.15324,29.18011],[74.15454,29.13069],[74.02848,29.00797],[74.06803,28.93807],[74.11322,28.94015],[74.13132,28.8752],[74.06034,28.77736],[74.27905,28.80023],[74.41696,28.88592],[74.47146,28.82002],[74.63436,28.81454],[74.74268,28.85484],[74.77892,28.82575],[74.80268,28.83403],[74.78394,28.9135],[74.86333,28.9448],[74.93733,28.89385],[75.04101,28.93611],[75.02875,28.85023],[75.14462,28.87336],[75.17091,28.84444],[75.24946,28.88366],[75.24835,28.93153],[75.2958,28.91769],[75.30017,28.98545],[75.35734,28.9685],[75.33463,28.91651],[75.35832,28.91039],[75.42448,28.99847],[75.47335,28.93435],[75.52816,28.97035]]]}},
{"type":"Feature","properties":{"shapeID":"76128533B43544960343942","shapeName":"Nagaur"},"geometry":{"type":"Polygon","coordinates":[[[74.68206,27.66723],[74.62932,27.64824],[74.61194,27.70596],[74.5494,27.66193],[74.40264,27.69789],[74.34481,27.67939],[74.19746,27.49553],[74.20573,27.42381],[74.15517,27.41059],[74.13833,27.46064],[74.03133,27.5349],[73.90324,27.49631],[73.85267,27.55111],[73.7819,27.50877],[73.64348,27.56475],[73.60679,27.53854],[73.60884,27.49252],[73.53091,27.48499],[73.50535,27.33339],[73.37636,27.26052],[73.35457,27.1866],[73.25087,27.32582],[73.20944,27.27781],[73.16425,27.29488],[73.13319,27.23522],[73.19308,27.05646],[73.11933,26.94217],[73.17545,26.93197],[73.21428,26.86859],[73.33357,26.85606],[73.49965,26.887],[73.62765,26.84433],[73.67841,26.75592],[73.6606,26.64811],[73.72247,26.53911],[73.7714,26.53811],[73.88186,26.42659],[74.09775,26.41572],[74.1245,26.45635],[74.16032,26.4114],[74.23921,26.46139],[74.33816,26.44283],[74.37643,26.48886],[74.46617,26.48687],[74.59431,26.62916],[74.61969,26.56594],[74.67495,26.59405],[74.72457,26.70194],[74.66639,26.71142],[74.69882,26.77121],[74.78,26.79028],[74.77513,26.84881],[74.8168,26.8685],[74.85309,26.9751],[74.96198,26.96034],[74.99387,26.8884],[75.01458,26.94531],[75.16654,26.93292],[75.1607,26.96984],[75.20489,26.97363],[75.20536,27.00707],[75.26019,27.03419],[75.22206,27.08282],[75.36932,27.08762],[75.31715,27.1592],[75.28318,27.12315],[75.202,27.1286],[75.11911,27.18399],[75.12627,27.21106],[75.07286,27.21939],[75.16707,27.30454],[75.10931,27.33832],[75.11912,27.37654],[75.05847,27.38148],[74.88027,27.31068],[74.87478,27.37203],[74.84597,27.37873],[74.87421,27.41193],[74.8582,27.45032],[74.7241,27.50121],[74.71738,27.5375],[74.76209,27.58052],[74.70694,27.59264],[74.68206,27.66723]]]}},
{"type":"Feature","properties":{"shapeID":"76128533B75922461866405","shapeName":"Barmer"},"geometry":{"type":"Polygon","coordinates":[[[71.1894,24.64876],[71.26432,24.7486],[71.24495,24.80539],[71.32684,24.8441],[71.30772,24.89105],[71.39002,24.97861],[71.50953,25.00882],[71.53161,24.97409],[71.62974,25.03462],[71.68382,24.98601],[71.73819,25.06948],[71.79602,25.05349],[71.85084,25.20734],[71.93589,25.28457],[71.9513,25.32149],[71.92398,25.35539],[72.03473,25.47635],[72.09025,25.46552],[72.10879,25.42224],[72.16171,25.43445],[72.31817,25.38754],[72.34376,25.44652],[72.46423,25.45456],[72.56313,25.53153],[72.55007,25.56107],[72.5872,25.60223],[72.72167,25.60917],[72.68767,25.67003],[72.76109,25.72513],[72.72812,25.77528],[72.84979,25.84192],[72.62773,25.95751],[72.61135,26.00096],[72.69529,26.03661],[72.69936,26.12151],[72.6856,26.19258],[72.5974,26.28],[72.55352,26.26463],[72.4682,26.30109],[72.41064,26.23911],[72.34171,26.24455],[72.26984,26.19799],[72.14214,26.32645],[72.10647,26.31534],[72.06063,26.3529],[71.8961,26.30031],[71.84375,26.37397],[71.81268,26.33246],[71.63978,26.40434],[71.59219,26.50204],[71.49189,26.45702],[71.44901,26.51399],[71.32873,26.41985],[71.29023,26.4667],[71.22307,26.44667],[71.14034,26.30896],[71.07871,26.32539],[71.0649,26.29051],[70.95532,26.24925],[70.94465,26.22473],[71.0115,26.22477],[71.05274,26.14253],[70.94434,26.08248],[70.96257,26.02214],[70.8786,26.12833],[70.74414,26.1448],[70.71769,26.21233],[70.50402,26.17682],[70.4118,26.20069],[70.3617,26.14571],[70.26681,26.16566],[70.22586,26.12296],[70.14233,26.15864],[70.08415,26.08309],[70.09853,25.93984],[70.26883,25.71392],[70.38691,25.67375],[70.60811,25.71496],[70.6626,25.6995],[70.66534,25.39702],[70.88868,25.14757],[70.93826,24.93806],[71.0657,24.71739],[71.1894,24.64876]]]}},
{"type":"Feature","properties":{"shapeID":"76128533B72079972234594","shapeName":"Ganganagar"},"geometry":{"type":"Polygon","coordinates":[[[73.97702,30.19623],[73.80659,30.06796],[73.39701,29.94589],[73.28201,29.57159],[72.94588,29.02792],[72.64894,28.90319],[72.74808,28.78258],[72.76659,28.79973],[73.01236,28.71372],[73.15122,28.78391],[73.22712,28.85262],[73.19856,28.88409],[73.229,28.92963],[73.34658,29.0058],[73.56973,28.99613],[73.63026,29.03762],[73.74355,29.00747],[73.78549,29.05044],[73.84793,28.93789],[73.97001,28.97617],[73.97621,28.9036],[74.02738,28.93324],[74.02848,29.00797],[74.09666,29.04875],[74.09936,29.10379],[74.15357,29.12147],[74.15324,29.18011],[74.0995,29.23651],[74.19488,29.24045],[74.23473,29.28049],[74.07729,29.26577],[73.85145,29.31717],[73.82053,29.38072],[73.87673,29.41276],[73.87875,29.45005],[73.83215,29.52949],[73.76475,29.52534],[73.76779,29.5689],[73.86849,29.62043],[74.0652,29.65428],[74.05201,29.70565],[74.13728,29.68724],[74.28662,29.81774],[74.24534,29.86482],[74.3183,29.88808],[74.35285,29.9515],[73.90133,29.97122],[73.90511,30.04807],[73.97535,30.12306],[73.97702,30.19623]]]}},
{"type":"Feature","properties":{"shapeID":"76128533B84094142280102","shapeName":"Jodhpur"},"geometry":{"type":"Polygon","coordinates":[[[72.07401,26.34956],[72.10647,26.31534],[72.14214,26.32645],[72.26984,26.19799],[72.34171,26.24455],[72.41064,26.23911],[72.4682,26.30109],[72.55352,26.26463],[72.5974,26.28],[72.6856,26.19258],[72.69936,26.12151],[72.69529,26.03661],[72.61135,26.00096],[72.62773,25.95751],[72.80731,25.85302],[72.85645,25.89866],[72.95927,25.90186],[73.05116,25.96782],[73.05082,26.01378],[73.18783,26.03314],[73.19374,26.08591],[73.24231,26.08509],[73.32246,26.00527],[73.36445,26.08076],[73.34206,26.11736],[73.39494,26.16319],[73.41058,26.12596],[73.53053,26.06371],[73.52375,26.10307],[73.62983,26.14715],[73.65125,26.07823],[73.68699,26.06259],[73.73519,26.11344],[73.80469,26.09745],[73.78712,26.16341],[73.81452,26.29157],[73.7919,26.31946],[73.87421,26.43059],[73.7714,26.53811],[73.72247,26.53911],[73.6606,26.64811],[73.67841,26.75592],[73.62765,26.84433],[73.49965,26.887],[73.33357,26.85606],[73.21428,26.86859],[73.17545,26.93197],[73.11933,26.94217],[73.19308,27.05646],[73.13319,27.23522],[73.16425,27.29488],[73.13395,27.40161],[72.97295,27.38809],[72.94082,27.44759],[72.90335,27.41519],[72.89608,27.45075],[72.85946,27.44489],[72.88385,27.47697],[72.83199,27.46618],[72.83535,27.58354],[72.77498,27.56319],[72.7674,27.52298],[72.69729,27.60443],[72.66182,27.53236],[72.56144,27.61849],[72.45071,27.58581],[72.3602,27.48886],[72.32813,27.5137],[72.2565,27.46099],[72.28537,27.54877],[72.25284,27.53335],[72.25032,27.48726],[72.17678,27.46182],[72.10773,27.5564],[72.13041,27.58043],[72.05127,27.61448],[71.96788,27.54977],[71.93218,27.55917],[71.90084,27.47384],[71.82588,27.46041],[71.83089,27.32066],[71.79002,27.25589],[71.91203,27.21807],[71.96907,27.1396],[72.08868,27.10486],[72.04124,26.93585],[72.10493,26.88699],[72.10055,26.83016],[72.04677,26.78916],[72.09038,26.71942],[72.04101,26.67545],[72.09984,26.60047],[72.02842,26.49878],[72.08332,26.44308],[72.07401,26.34956]]]}},
{"type":"Feature","properties":{"shapeID":"76128533B66825707357376","shapeName":"Churu"},"geometry":{"type":"Polygon","coordinates":[[[75.47785,28.93325],[75.42448,28.99847],[75.40072,28.9422],[75.34575,28.91262],[75.35734,28.9685],[75.30017,28.98545],[75.2958,28.91769],[75.24835,28.93153],[75.24946,28.88366],[75.17091,28.84444],[75.14462,28.87336],[75.02875,28.85023],[75.04101,28.93611],[74.93733,28.89385],[74.86333,28.9448],[74.78394,28.9135],[74.80268,28.83403],[74.77892,28.82575],[74.74268,28.85484],[74.63436,28.81454],[74.47146,28.82002],[74.41696,28.88592],[74.27905,28.80023],[74.17235,28.79358],[74.13898,28.74119],[74.19545,28.7114],[74.08329,28.6691],[74.10948,28.5891],[74.06012,28.52375],[74.07992,28.42527],[74.03086,28.3762],[74.06936,28.33211],[74.20146,28.3119],[74.23982,28.2309],[74.31786,28.22803],[74.35586,28.17978],[74.3047,28.1444],[74.28979,28.04068],[74.23973,28.00083],[74.21785,27.81182],[74.11615,27.78531],[74.02657,27.7167],[73.98334,27.74968],[74.00936,27.77166],[73.98832,27.79274],[73.8354,27.78136],[73.83061,27.66779],[73.88686,27.50573],[74.03133,27.5349],[74.13833,27.46064],[74.15517,27.41059],[74.20573,27.42381],[74.19746,27.49553],[74.34481,27.67939],[74.40264,27.69789],[74.5494,27.66193],[74.61194,27.70596],[74.62932,27.64824],[74.73201,27.676],[74.74231,27.76445],[74.8183,27.79968],[74.73059,27.86243],[74.73929,27.88914],[74.83005,27.91047],[74.76229,27.98767],[74.80442,28.03077],[74.79492,28.11299],[74.85761,28.13352],[74.89358,28.19183],[75.03049,28.19811],[75.05117,28.25303],[75.14983,28.2916],[75.16573,28.34468],[75.13249,28.4016],[75.21941,28.39036],[75.25484,28.45969],[75.38401,28.33781],[75.43891,28.36435],[75.50271,28.33683],[75.53652,28.38057],[75.57264,28.37772],[75.57261,28.40705],[75.61623,28.40619],[75.59151,28.44401],[75.61488,28.50213],[75.67183,28.53136],[75.63436,28.54437],[75.62307,28.60165],[75.56241,28.61315],[75.47785,28.93325]]]}},
{"type":"Feature","properties":{"shapeID":"76128533B55039756001726","shapeName":"Bikaner"},"geometry":{"type":"Polygon","coordinates":[[[72.26447,27.55778],[72.2854,27.51528],[72.25312,27.5073],[72.26217,27.45775],[72.32813,27.5137],[72.36242,27.48996],[72.36907,27.52741],[72.45071,27.58581],[72.56144,27.61849],[72.66182,27.53236],[72.69729,27.60443],[72.7674,27.52298],[72.77498,27.56319],[72.83535,27.58354],[72.82341,27.48788],[72.88385,27.47697],[72.86099,27.44321],[72.89608,27.45075],[72.90335,27.41519],[72.94082,27.44759],[72.98752,27.38406],[73.12182,27.40813],[73.16425,27.29488],[73.20944,27.27781],[73.25087,27.32582],[73.35457,27.1866],[73.37636,27.26052],[73.50535,27.33339],[73.54087,27.49408],[73.60427,27.48941],[73.60679,27.53854],[73.64879,27.56703],[73.69267,27.52513],[73.743,27.54267],[73.7819,27.50877],[73.85267,27.55111],[73.84306,27.79068],[73.89042,27.77073],[73.98832,27.79274],[74.00936,27.77166],[73.98334,27.74968],[74.02657,27.7167],[74.11615,27.78531],[74.21604,27.81044],[74.23973,28.00083],[74.28979,28.04068],[74.29899,28.13489],[74.35612,28.1922],[74.30957,28.23147],[74.23982,28.2309],[74.20146,28.3119],[74.06936,28.33211],[74.03086,28.3762],[74.07992,28.42527],[74.06012,28.52375],[74.10948,28.5891],[74.08329,28.6691],[74.19545,28.7114],[74.13898,28.74119],[74.16354,28.76394],[74.13702,28.79553],[74.06034,28.77736],[74.12713,28.83896],[74.11322,28.94015],[74.06803,28.93807],[74.04114,29.01248],[74.02738,28.93324],[73.97621,28.9036],[73.97001,28.97617],[73.84793,28.93789],[73.77349,29.05164],[73.74355,29.00747],[73.63026,29.03762],[73.56973,28.99613],[73.34658,29.0058],[73.229,28.92963],[73.19856,28.88409],[73.22712,28.85262],[73.15122,28.78391],[73.0047,28.71192],[72.76659,28.79973],[72.74808,28.78258],[72.64894,28.90319],[72.40382,28.78292],[72.29924,28.66958],[72.20584,28.39369],[71.92743,28.12174],[71.89833,27.96125],[71.95347,27.91194],[72.03361,27.94929],[72.14688,27.87267],[72.15688,27.77969],[72.09499,27.73611],[72.11022,27.70514],[72.18177,27.69937],[72.22776,27.65716],[72.30116,27.70764],[72.34443,27.69184],[72.26447,27.55778]]]}},
{"type":"Feature","properties":{"shapeID":"76128533B50613523798301","shapeName":"Pratapgarh"},"geometry":{"type":"Polygon","coordinates":[[[74.94086,23.76307],[74.90667,23.87113],[74.99436,24.02677],[74.9078,24.10523],[74.89578,24.25878],[74.75402,24.27993],[74.85983,24.46444],[74.72867,24.50802],[74.54866,24.50692],[74.54361,24.45363],[74.49984,24.41531],[74.52122,24.33217],[74.4808,24.22423],[74.43929,24.23551],[74.36341,24.17883],[74.43781,24.13404],[74.42834,24.09976],[74.39586,24.07386],[74.3517,24.08762],[74.33932,24.00904],[74.28129,24.05712],[74.2634,23.9957],[74.3851,23.90611],[74.48085,23.92443],[74.55082,23.87964],[74.53155,23.83408],[74.56378,23.74642],[74.52672,23.70277],[74.53347,23.63066],[74.67416,23.66557],[74.77392,23.58908],[74.77434,23.54077],[74.85197,23.55479],[74.89869,23.60951],[74.94086,23.76307]]]}},
{"type":"Feature","properties":{"shapeID":"76128533B93441663686573","shapeName":"Bhilwara"},"geometry":{"type":"Polygon","coordinates":[[[75.2037,25.03107],[75.45369,25.02589],[75.40919,25.10432],[75.45132,25.14802],[75.4574,25.24235],[75.2657,25.41802],[75.30842,25.41984],[75.36368,25.4768],[75.36144,25.53448],[75.43612,25.62113],[75.42444,25.68621],[75.46531,25.71855],[75.40436,25.77454],[75.3849,25.74239],[75.32002,25.76392],[75.25558,25.68099],[75.16168,25.71966],[75.1098,25.69361],[75.0756,25.77647],[75.01115,25.80742],[75.04117,25.84205],[75.01769,25.85619],[74.80288,25.8705],[74.70604,25.91947],[74.55613,25.91311],[74.56766,25.87559],[74.52926,25.86522],[74.52355,25.91038],[74.38997,25.96242],[74.33009,25.93552],[74.34232,25.89955],[74.18462,25.8485],[74.164,25.80742],[74.20362,25.80006],[74.19694,25.73942],[74.08812,25.70432],[74.0776,25.67754],[74.12788,25.64816],[74.12059,25.60598],[74.05777,25.56956],[74.10386,25.51405],[74.04105,25.49428],[74.05391,25.46359],[74.01725,25.43518],[74.05957,25.43962],[74.0771,25.4079],[74.01355,25.38186],[74.08405,25.31003],[74.01996,25.31067],[74.04729,25.2368],[74.12501,25.2424],[74.05756,25.14779],[74.16586,25.12758],[74.19551,25.05359],[74.27397,25.06711],[74.28502,25.10285],[74.38082,25.15425],[74.39827,25.20492],[74.45978,25.16743],[74.51313,25.20319],[74.56563,25.1336],[74.71493,25.20553],[74.74321,25.17729],[74.75142,25.21743],[74.80465,25.15104],[74.90433,25.1821],[74.89217,25.14248],[74.93013,25.12714],[74.93945,25.15196],[74.97517,25.10501],[75.02506,25.13632],[75.1263,25.12284],[75.20596,25.08961],[75.2037,25.03107]]]}},
{"type":"Feature","properties":{"shapeID":"76128533B54301724756864","shapeName":"Tonk"},"geometry":{"type":"Polygon","coordinates":[[[75.46531,25.71855],[75.52366,25.74737],[75.54635,25.70423],[75.5977,25.711],[75.62336,25.67712],[75.68194,25.75463],[75.76233,25.75648],[75.77416,25.82264],[75.82311,25.79694],[75.84278,25.84722],[75.89485,25.86892],[75.90634,25.81461],[75.94817,25.81622],[75.95812,25.86473],[76.01359,25.88198],[76.06153,25.8624],[76.06141,25.80847],[76.16644,25.75947],[76.20155,25.84212],[76.25093,25.79434],[76.32279,25.80913],[76.22304,25.86229],[76.21972,25.91208],[76.25366,25.91653],[76.25118,26.0195],[76.19408,26.01356],[76.14458,25.96508],[76.11295,25.99992],[76.07067,25.99522],[76.11473,26.04322],[76.09326,26.11371],[75.99527,26.1157],[75.98497,26.21061],[76.0317,26.22233],[76.03084,26.25194],[76.10448,26.2392],[76.14518,26.29806],[76.14027,26.45827],[76.18141,26.48574],[76.15226,26.52551],[75.96395,26.48309],[75.81792,26.51807],[75.79923,26.54988],[75.7452,26.44702],[75.65595,26.46612],[75.61818,26.43947],[75.55377,26.48632],[75.52809,26.46324],[75.37338,26.48621],[75.32178,26.56074],[75.20657,26.51566],[75.16766,26.41475],[75.13069,26.39693],[75.11834,26.25203],[75.18604,26.17014],[75.18908,26.10995],[75.24694,26.07837],[75.28356,26.13898],[75.34086,26.13076],[75.3079,26.0696],[75.35579,26.01446],[75.30799,25.94152],[75.25235,25.93749],[75.25007,25.89597],[75.26448,25.85308],[75.3558,25.82993],[75.32002,25.76392],[75.3849,25.74239],[75.40436,25.77454],[75.46531,25.71855]]]}},
{"type":"Feature","properties":{"shapeID":"76128533B69412164931619","shapeName":"Bundi"},"geometry":{"type":"Polygon","coordinates":[[[75.45369,25.02589],[75.63741,24.99975],[75.74395,25.07227],[75.76259,25.10686],[75.72798,25.11907],[75.73705,25.16577],[75.78979,25.21136],[75.79478,25.25814],[75.88023,25.22521],[75.95047,25.27581],[75.98235,25.23073],[76.07502,25.34957],[76.15307,25.33587],[76.13893,25.40607],[76.19046,25.49675],[76.27559,25.51113],[76.32599,25.64937],[76.3073,25.68157],[76.36513,25.73856],[76.32279,25.80913],[76.25093,25.79434],[76.20155,25.84212],[76.16644,25.75947],[76.06141,25.80847],[76.06153,25.8624],[76.01359,25.88198],[75.95812,25.86473],[75.94817,25.81622],[75.90634,25.81461],[75.89485,25.86892],[75.84278,25.84722],[75.82311,25.79694],[75.77416,25.82264],[75.76233,25.75648],[75.68194,25.75463],[75.62336,25.67712],[75.5977,25.711],[75.54635,25.70423],[75.52366,25.74737],[75.4782,25.7349],[75.42444,25.68621],[75.43612,25.62113],[75.36144,25.53448],[75.36368,25.4768],[75.30842,25.41984],[75.2657,25.41802],[75.34546,25.32301],[75.44937,25.26144],[75.45367,25.15586],[75.40919,25.10432],[75.45369,25.02589]]]}},
{"type":"Feature","properties":{"shapeID":"76128533B28755611410447","shapeName":"Jaipur"},"geometry":{"type":"Polygon","coordinates":[[[76.08765,27.84794],[76.07177,27.77473],[75.94291,27.62171],[75.9679,27.5943],[75.93891,27.49642],[75.98647,27.4779],[75.89638,27.45659],[75.87873,27.38926],[75.74054,27.40421],[75.72586,27.36921],[75.66627,27.36586],[75.60004,27.30854],[75.53176,27.34392],[75.47757,27.28922],[75.38159,27.2897],[75.39214,27.24002],[75.31707,27.18119],[75.36932,27.08762],[75.22206,27.08282],[75.26019,27.03419],[75.20536,27.00707],[75.20489,26.97363],[75.1607,26.96984],[75.16654,26.93292],[75.01458,26.94531],[75.01531,26.89501],[74.9177,26.83693],[74.94356,26.74561],[75.00941,26.74462],[74.94646,26.73237],[74.96649,26.68347],[75.06866,26.6506],[75.06314,26.55594],[75.12449,26.54688],[75.1636,26.45865],[75.28772,26.56404],[75.33192,26.55817],[75.37338,26.48621],[75.52809,26.46324],[75.55377,26.48632],[75.61818,26.43947],[75.65595,26.46612],[75.7452,26.44702],[75.79923,26.54988],[75.81792,26.51807],[75.96395,26.48309],[76.11385,26.5354],[76.16141,26.51475],[76.17637,26.7266],[76.20535,26.70467],[76.22039,26.73235],[76.17448,26.75494],[76.20349,26.80386],[76.2607,26.80448],[76.23385,26.92853],[76.29389,27.12937],[76.27396,27.18435],[76.19534,27.12132],[76.18592,27.1846],[76.15966,27.18469],[76.1587,27.22192],[76.12905,27.19667],[76.12551,27.23814],[76.23135,27.44532],[76.25577,27.44439],[76.22321,27.45571],[76.24857,27.50333],[76.2024,27.61478],[76.25074,27.63018],[76.24703,27.76128],[76.29129,27.80032],[76.25031,27.84928],[76.18038,27.79717],[76.12416,27.85101],[76.08765,27.84794]]]}},
{"type":"Feature","properties":{"shapeID":"76128533B74447895476194","shapeName":"Kota"},"geometry":{"type":"Polygon","coordinates":[[[75.92425,24.53989],[76.08248,24.57684],[76.06795,24.66812],[76.10433,24.69621],[76.19393,24.62341],[76.20519,24.75987],[76.25871,24.84701],[76.28501,24.80811],[76.36613,24.87129],[76.4455,24.83082],[76.44388,24.78323],[76.49737,24.82555],[76.574,24.81703],[76.57623,24.85846],[76.48736,24.92055],[76.46248,24.90835],[76.42224,24.9773],[76.35256,24.98899],[76.31507,24.96002],[76.21884,25.0844],[76.2547,25.23791],[76.29466,25.252],[76.33138,25.37901],[76.44177,25.37948],[76.50973,25.42294],[76.58397,25.40204],[76.52608,25.52525],[76.51672,25.66811],[76.48369,25.69035],[76.53665,25.72921],[76.53542,25.79319],[76.57297,25.83486],[76.48747,25.83869],[76.45405,25.77446],[76.30883,25.68453],[76.32617,25.65035],[76.28752,25.53005],[76.18573,25.49264],[76.13893,25.40607],[76.15307,25.33587],[76.07502,25.34957],[75.98235,25.23073],[75.95047,25.27581],[75.88023,25.22521],[75.79478,25.25814],[75.78979,25.21136],[75.73705,25.16577],[75.72798,25.11907],[75.76259,25.10686],[75.74395,25.07227],[75.62496,24.99643],[75.76194,24.87658],[75.82269,24.86711],[75.78994,24.76162],[75.84256,24.72594],[75.8318,24.60947],[75.87781,24.6032],[75.92425,24.53989]]]}},
{"type":"Feature","properties":{"shapeID":"76128533B9783509419210","shapeName":"Pali"},"geometry":{"type":"Polygon","coordinates":[[[73.87421,26.43059],[73.7919,26.31946],[73.81452,26.29157],[73.78712,26.16341],[73.80469,26.09745],[73.73519,26.11344],[73.68699,26.06259],[73.65125,26.07823],[73.62983,26.14715],[73.52375,26.10307],[73.53053,26.06371],[73.41058,26.12596],[73.39494,26.16319],[73.34206,26.11736],[73.36445,26.08076],[73.32246,26.00527],[73.24231,26.08509],[73.19374,26.08591],[73.18783,26.03314],[73.05082,26.01378],[73.03297,25.95192],[72.95927,25.90186],[72.85645,25.89866],[72.84351,25.82034],[72.78045,25.80849],[72.89014,25.73477],[72.93625,25.639],[73.05752,25.56046],[73.09804,25.4683],[73.03302,25.38292],[72.99435,25.37686],[73.00771,25.35343],[72.93758,25.36047],[73.0001,25.28151],[72.93987,25.23033],[72.97678,25.22357],[72.9487,25.16558],[73.00004,25.14413],[73.00244,25.10129],[73.05104,25.10443],[73.04612,25.16242],[73.14145,25.1016],[73.00123,24.92729],[73.07238,24.85768],[73.14414,24.84325],[73.16478,24.7935],[73.14496,24.75736],[73.23218,24.79378],[73.27257,24.87755],[73.32881,24.90882],[73.3308,24.97738],[73.39825,25.07443],[73.46303,25.08967],[73.59504,25.19301],[73.61319,25.28648],[73.73471,25.38235],[73.86576,25.65109],[73.90329,25.67472],[73.95209,25.84099],[74.00691,25.86486],[74.05515,25.82723],[74.1087,25.85269],[74.15872,25.91736],[74.15646,25.9578],[74.1267,25.96076],[74.17428,26.01048],[74.16355,26.06646],[74.184,26.02962],[74.24374,26.05012],[74.30537,26.1356],[74.27422,26.17398],[74.37034,26.19025],[74.40297,26.26704],[74.36565,26.29159],[74.3055,26.25206],[74.25459,26.28635],[74.30714,26.33457],[74.2797,26.45666],[74.16032,26.4114],[74.1245,26.45635],[74.10516,26.41685],[74.04225,26.40904],[73.87421,26.43059]]]}},
{"type":"Feature","properties":{"shapeID":"76128533B11082155919544","shapeName":"Rajsamand"},"geometry":{"type":"Polygon","coordinates":[[[74.38997,25.96242],[74.38881,26.00831],[74.32382,26.01167],[74.26526,25.93373],[74.2333,25.93462],[74.23701,25.90735],[74.11571,25.87985],[74.05734,25.82905],[74.09435,25.76724],[73.98135,25.7165],[74.01387,25.70385],[73.98863,25.66899],[73.95011,25.65079],[73.90727,25.68539],[73.87137,25.65688],[73.74301,25.39367],[73.62482,25.30287],[73.60248,25.20359],[73.50145,25.1262],[73.50808,24.97579],[73.61206,24.87214],[73.70297,24.8568],[73.71418,24.82221],[73.67619,24.79374],[73.75749,24.73884],[73.79725,24.74505],[73.85636,24.88693],[73.95932,24.85423],[74.00288,24.89241],[74.04654,24.83301],[74.11458,24.8495],[74.20387,24.98638],[74.31798,25.01217],[74.27489,25.06304],[74.19551,25.05359],[74.16586,25.12758],[74.05756,25.14779],[74.12501,25.2424],[74.04729,25.2368],[74.01996,25.31067],[74.08502,25.31694],[74.03513,25.33165],[74.01355,25.38186],[74.07792,25.41218],[74.01719,25.43807],[74.05391,25.46359],[74.04587,25.49914],[74.09203,25.49035],[74.10386,25.51405],[74.05777,25.56956],[74.12059,25.60598],[74.12788,25.64816],[74.0776,25.67754],[74.08812,25.70432],[74.19694,25.73942],[74.20362,25.80006],[74.164,25.80742],[74.18462,25.8485],[74.34232,25.89955],[74.33009,25.93552],[74.38997,25.96242]]]}},
{"type":"Feature","properties":{"shapeID":"76128533B60180372390230","shapeName":"Ajmer"},"geometry":{"type":"MultiPolygon","coordinates":[[[[74.29181,26.44908],[74.30655,26.33156],[74.25459,26.28635],[74.3055,26.25206],[74.36565,26.29159],[74.40297,26.26704],[74.37034,26.19025],[74.27422,26.17398],[74.30537,26.1356],[74.24374,26.05012],[74.184,26.02962],[74.16355,26.06646],[74.17428,26.01048],[74.1267,25.96076],[74.16138,25.92883],[74.13133,25.88345],[74.22332,25.89813],[74.34695,26.02274],[74.39182,26.0055],[74.42591,25.92888],[74.52355,25.91038],[74.52926,25.86522],[74.56766,25.87559],[74.55613,25.91311],[74.70604,25.91947],[74.80288,25.8705],[74.9212,25.87797],[75.04117,25.84205],[75.01115,25.80742],[75.08103,25.76955],[75.08761,25.69971],[75.15177,25.71981],[75.24067,25.67903],[75.2772,25.6972],[75.3558,25.82993],[75.26448,25.85308],[75.24723,25.90933],[75.35579,26.01446],[75.3079,26.0696],[75.34086,26.13076],[75.28356,26.13898],[75.24694,26.07837],[75.18908,26.10995],[75.18604,26.17014],[75.11834,26.25203],[75.13069,26.39693],[75.17772,26.44421],[75.12449,26.54688],[75.06314,26.55594],[75.06866,26.6506],[75.01438,26.68705],[74.97521,26.67304],[74.94534,26.72112],[75.0097,26.74073],[74.94356,26.74561],[74.9177,26.83693],[74.97778,26.89033],[74.96537,26.95821],[74.85309,26.9751],[74.8168,26.8685],[74.77513,26.84881],[74.78,26.79028],[74.69882,26.77121],[74.66639,26.71142],[74.72457,26.70194],[74.67495,26.59405],[74.61969,26.56594],[74.59431,26.62916],[74.47383,26.49062],[74.29181,26.44908]]],[[[73.90727,25.68539],[73.95011,25.65079],[73.98863,25.66899],[74.01387,25.70385],[73.97894,25.71408],[74.0967,25.78395],[74.00691,25.86486],[73.95209,25.84099],[73.90727,25.68539]]]]}},
{"type":"Feature","properties":{"shapeID":"76128533B25576352747885","shapeName":"Bharatpur"},"geometry":{"type":"Polygon","coordinates":[[[77.00196,27.73687],[76.98442,27.61383],[76.93707,27.61242],[76.9415,27.57056],[77.00051,27.53113],[77.02363,27.53802],[77.00264,27.56565],[77.04944,27.55491],[77.0679,27.53208],[77.02101,27.5026],[77.06125,27.44175],[76.97453,27.45937],[76.90816,27.51683],[76.92768,27.53127],[76.88196,27.509],[76.92536,27.49039],[76.90159,27.45524],[77.04638,27.37707],[77.07726,27.38881],[77.08254,27.34988],[77.21018,27.34886],[77.1479,27.31136],[77.12415,27.25228],[77.04783,27.22437],[77.09821,27.16371],[76.97205,27.17911],[77.01828,26.92843],[77.06037,26.91276],[77.0788,26.85931],[77.10609,26.87381],[77.21106,26.80975],[77.206,26.78121],[77.25973,26.81862],[77.29486,26.77962],[77.3523,26.80446],[77.3497,26.71156],[77.42516,26.72157],[77.47258,26.76403],[77.43684,26.7646],[77.43083,26.86149],[77.75649,26.99281],[77.74436,27.02805],[77.71232,26.99464],[77.68213,27.04589],[77.63611,27.00986],[77.56694,27.03095],[77.57442,27.07238],[77.53007,27.0616],[77.50711,27.08958],[77.59993,27.11759],[77.61402,27.1628],[77.68097,27.18936],[77.60072,27.29487],[77.62324,27.3377],[77.58362,27.32104],[77.44093,27.39357],[77.43874,27.45641],[77.3443,27.52443],[77.35937,27.5878],[77.32047,27.6061],[77.35167,27.64742],[77.34335,27.70231],[77.307,27.71309],[77.31367,27.78242],[77.26943,27.81494],[77.24097,27.78358],[77.20398,27.82356],[77.17771,27.78547],[77.19029,27.80899],[77.16065,27.81665],[77.1352,27.77531],[77.0455,27.82098],[77.028,27.78032],[77.08792,27.73786],[77.00196,27.73687]]]}},
{"type":"Feature","properties":{"shapeID":"76128533B12079567451207","shapeName":"Dungarpur"},"geometry":{"type":"Polygon","coordinates":[[[73.63002,23.45146],[73.7017,23.45473],[73.72362,23.41158],[73.76238,23.45742],[73.78074,23.43344],[73.82994,23.44549],[73.89209,23.3358],[73.93685,23.34002],[74.01352,23.4415],[74.03341,23.54455],[74.07216,23.59922],[74.1195,23.61006],[74.14872,23.78156],[74.38413,23.90942],[74.30339,23.96069],[74.22781,23.90967],[74.14536,24.01963],[74.08619,23.96973],[73.91899,23.98346],[73.85217,23.93488],[73.59354,23.96574],[73.51905,23.93117],[73.47063,23.84739],[73.3582,23.79118],[73.50587,23.70259],[73.51507,23.61344],[73.57472,23.6545],[73.65836,23.62189],[73.63002,23.45146]]]}},
{"type":"Feature","properties":{"shapeID":"76128533B58527154065354","shapeName":"Chittaurgarh"},"geometry":{"type":"MultiPolygon","coordinates":[[[[75.19753,25.03427],[75.20596,25.08961],[75.1263,25.12284],[75.02506,25.13632],[74.97517,25.10501],[74.93945,25.15196],[74.93013,25.12714],[74.89217,25.14248],[74.90433,25.1821],[74.80465,25.15104],[74.75142,25.21743],[74.74321,25.17729],[74.71493,25.20553],[74.56563,25.1336],[74.51313,25.20319],[74.45978,25.16743],[74.37433,25.1965],[74.38082,25.15425],[74.26054,25.06529],[74.32078,25.03222],[74.30825,24.99531],[74.20387,24.98638],[74.1384,24.86238],[74.10788,24.86212],[74.13245,24.84609],[74.11997,24.73965],[74.17371,24.71629],[74.15761,24.67667],[74.20745,24.62998],[74.25173,24.65348],[74.22455,24.6164],[74.28015,24.56543],[74.21107,24.45575],[74.26941,24.46993],[74.26976,24.50421],[74.33483,24.49377],[74.33401,24.43123],[74.36687,24.41072],[74.35418,24.33746],[74.41571,24.2924],[74.41776,24.24516],[74.4808,24.22423],[74.52122,24.33217],[74.49984,24.41531],[74.54361,24.45363],[74.54364,24.50298],[74.7148,24.50633],[74.75834,24.55182],[74.74963,24.59401],[74.79187,24.6079],[74.81966,24.67356],[74.77713,24.68488],[74.80137,24.79274],[74.89486,24.65236],[75.00219,24.70536],[75.01538,24.79065],[74.84291,24.80047],[74.83506,24.96447],[74.90297,24.93669],[74.94724,24.87481],[75.04599,24.85602],[75.12165,24.88573],[75.12196,24.97142],[75.1674,24.98828],[75.1622,25.04209],[75.19753,25.03427]]],[[[75.53076,24.71423],[75.63751,24.68741],[75.78994,24.76162],[75.82269,24.86711],[75.76194,24.87658],[75.59002,25.02355],[75.3258,25.00983],[75.32069,24.9037],[75.27907,24.97323],[75.2962,24.91967],[75.26449,24.8862],[75.3144,24.86595],[75.42755,24.88912],[75.31603,24.81005],[75.23031,24.85573],[75.25297,24.89224],[75.21115,24.90659],[75.20424,24.8808],[75.23065,24.84434],[75.25486,24.83373],[75.18826,24.76469],[75.21966,24.71904],[75.45503,24.68963],[75.53076,24.71423]]]]}},
{"type":"Feature","properties":{"shapeID":"76128533B37392223136185","shapeName":"Udaipur"},"geometry":{"type":"Polygon","coordinates":[[[73.36758,23.81389],[73.46562,23.84328],[73.51905,23.93117],[73.59354,23.96574],[73.84293,23.93376],[73.91899,23.98346],[74.08619,23.96973],[74.14536,24.01963],[74.23489,23.91058],[74.28767,23.95718],[74.26061,24.00437],[74.28129,24.05712],[74.33932,24.00904],[74.3517,24.08762],[74.39586,24.07386],[74.43919,24.12949],[74.36341,24.17883],[74.43929,24.23551],[74.35418,24.33746],[74.36687,24.41072],[74.33401,24.43123],[74.33483,24.49377],[74.26976,24.50421],[74.26941,24.46993],[74.21107,24.45575],[74.28015,24.56543],[74.22455,24.6164],[74.25173,24.65348],[74.20745,24.62998],[74.15761,24.67667],[74.17371,24.71629],[74.11997,24.73965],[74.13056,24.85234],[74.04654,24.83301],[74.00288,24.89241],[73.95932,24.85423],[73.85636,24.88693],[73.79725,24.74505],[73.75749,24.73884],[73.67619,24.79374],[73.71418,24.82221],[73.70297,24.8568],[73.61206,24.87214],[73.50808,24.97579],[73.5044,25.11798],[73.41113,25.0852],[73.35508,25.02401],[73.33127,24.91246],[73.27257,24.87755],[73.23218,24.79378],[73.14144,24.75283],[73.13919,24.68797],[73.00699,24.49123],[73.0306,24.46396],[73.09653,24.4916],[73.08237,24.3946],[73.12486,24.36886],[73.22922,24.36447],[73.17812,24.30141],[73.14235,24.30784],[73.07834,24.19197],[73.11118,24.13863],[73.22104,24.09803],[73.20522,24.03932],[73.24297,24.01048],[73.28833,24.02706],[73.33273,24.1147],[73.37117,24.12764],[73.42217,23.93046],[73.35929,23.8614],[73.36758,23.81389]]]}},
{"type":"Feature","properties":{"shapeID":"76128533B59459156188335","shapeName":"Jalor"},"geometry":{"type":"Polygon","coordinates":[[[72.33599,24.62507],[72.31174,24.65591],[72.32771,24.70177],[72.40215,24.77456],[72.49721,24.75937],[72.50543,24.92032],[72.57882,24.93903],[72.68863,25.04671],[72.82876,25.28734],[72.88725,25.24765],[72.9799,25.24771],[72.99903,25.28904],[72.93758,25.36047],[73.00771,25.35343],[72.99435,25.37686],[73.03302,25.38292],[73.09804,25.4683],[73.05752,25.56046],[72.93625,25.639],[72.93477,25.68526],[72.89055,25.69511],[72.87217,25.75047],[72.77897,25.80169],[72.72408,25.76248],[72.76109,25.72513],[72.68767,25.67003],[72.72167,25.60917],[72.5872,25.60223],[72.55007,25.56107],[72.56313,25.53153],[72.46423,25.45456],[72.34376,25.44652],[72.31817,25.38754],[72.16171,25.43445],[72.10879,25.42224],[72.09025,25.46552],[72.03473,25.47635],[71.92398,25.35539],[71.9513,25.32149],[71.93589,25.28457],[71.85084,25.20734],[71.79602,25.05349],[71.73819,25.06948],[71.68382,24.98601],[71.62974,25.03462],[71.53161,24.97409],[71.50953,25.00882],[71.39002,24.97861],[71.30772,24.89105],[71.32684,24.8441],[71.24495,24.80539],[71.26432,24.7486],[71.1894,24.64876],[71.29031,24.61308],[71.34389,24.6585],[71.37592,24.62682],[71.48166,24.67865],[71.61032,24.67503],[71.65534,24.63744],[71.79328,24.67426],[71.80598,24.6255],[71.85271,24.6077],[71.87101,24.67865],[71.93882,24.63004],[72.04762,24.70875],[72.08048,24.69986],[72.08001,24.65558],[72.16067,24.61708],[72.33599,24.62507]]]}},
{"type":"Feature","properties":{"shapeID":"76128533B73809971322123","shapeName":"Dausa"},"geometry":{"type":"Polygon","coordinates":[[[76.18141,26.48574],[76.24822,26.43918],[76.33191,26.45135],[76.34314,26.4105],[76.40725,26.37689],[76.48242,26.49866],[76.45934,26.5481],[76.40831,26.55559],[76.50492,26.7437],[76.611,26.77056],[76.75903,26.87025],[76.81693,26.96485],[76.93772,26.91814],[76.94588,26.81741],[77.07825,26.86073],[77.06037,26.91276],[77.01828,26.92843],[76.98692,27.02371],[77.01034,27.02746],[76.9755,27.07457],[76.99637,27.10711],[76.90168,27.16282],[76.90733,27.23017],[76.8443,27.20713],[76.83657,27.07658],[76.79797,27.13672],[76.78824,27.11278],[76.64442,27.09481],[76.62707,27.12871],[76.65448,27.16613],[76.5959,27.1781],[76.47365,27.07901],[76.4339,27.13318],[76.36513,27.05618],[76.28321,27.08142],[76.23385,26.92853],[76.2607,26.80448],[76.20349,26.80386],[76.17448,26.75494],[76.22039,26.73235],[76.20535,26.70467],[76.17637,26.7266],[76.18431,26.63607],[76.15426,26.56754],[76.18141,26.48574]]]}},
{"type":"Feature","properties":{"shapeID":"76128533B49867917697487","shapeName":"Sirohi"},"geometry":{"type":"Polygon","coordinates":[[[72.96126,24.39262],[73.13919,24.68797],[73.16478,24.7935],[73.14414,24.84325],[73.07238,24.85768],[73.00123,24.92729],[73.14145,25.1016],[73.04612,25.16242],[73.05104,25.10443],[73.00244,25.10129],[73.00004,25.14413],[72.9487,25.16558],[72.97678,25.22357],[72.82876,25.28734],[72.68863,25.04671],[72.57882,24.93903],[72.50543,24.92032],[72.49721,24.75937],[72.37419,24.76147],[72.3123,24.66288],[72.34493,24.60435],[72.24645,24.58248],[72.2906,24.54061],[72.35363,24.55452],[72.3862,24.50075],[72.43833,24.506],[72.46038,24.40879],[72.50353,24.41148],[72.49646,24.45188],[72.54071,24.50833],[72.69372,24.45828],[72.72891,24.36223],[72.86488,24.36644],[72.92076,24.32681],[72.98855,24.3643],[72.96126,24.39262]]]}},
{"type":"Feature","properties":{"shapeID":"76128533B16889790752134","shapeName":"Ariyalur"},"geometry":{"type":"Polygon","coordinates":[[[79.3952,11.0633],[79.51425,11.2275],[79.5015,11.31219],[79.39543,11.35592],[79.38692,11.41014],[79.31469,11.41939],[79.29923,11.38196],[79.24567,11.37073],[79.23441,11.39315],[79.14298,11.38523],[79.12416,11.24947],[79.09677,11.19961],[79.06838,11.20546],[79.07013,11.10712],[79.01107,11.06094],[79.01526,11.00952],[78.97834,10.96709],[78.93964,10.95951],[79.03313,10.88291],[79.08018,10.92026],[79.21429,10.9397],[79.3952,11.0633]]]}},
{"type":"Feature","properties":{"shapeID":"76128533B89925537847414","shapeName":"Sivaganga"},"geometry":{"type":"Polygon","coordinates":[[[78.41907,9.59727],[78.46475,9.62281],[78.6621,9.5199],[78.67592,9.61108],[78.74576,9.57814],[78.83514,9.60026],[78.84086,9.63045],[78.78934,9.63782],[78.79792,9.70683],[78.75254,9.71709],[78.77486,9.74129],[78.73671,9.7473],[78.8376,9.76898],[78.83023,9.72281],[78.88925,9.75754],[78.87801,9.87411],[79.015,9.98052],[78.93057,10.02303],[78.93547,10.07287],[78.98694,10.08957],[78.96857,10.1267],[78.92881,10.11563],[78.90332,10.15517],[78.84715,10.12616],[78.81116,10.21266],[78.77177,10.19904],[78.76833,10.16548],[78.70866,10.17488],[78.68326,10.14779],[78.62783,10.26742],[78.58141,10.28589],[78.57319,10.25734],[78.52581,10.25706],[78.51761,10.19113],[78.46712,10.20704],[78.48526,10.25431],[78.45573,10.24293],[78.4547,10.26661],[78.52324,10.28001],[78.50216,10.38413],[78.45812,10.40845],[78.36091,10.28556],[78.42426,10.26956],[78.39263,10.25264],[78.40443,10.13815],[78.47659,10.12775],[78.42967,10.05337],[78.45868,9.96911],[78.32005,9.92433],[78.31398,9.8664],[78.25411,9.8736],[78.26044,9.83527],[78.20404,9.87631],[78.12671,9.85236],[78.13283,9.81415],[78.19372,9.80812],[78.17749,9.77202],[78.14392,9.80723],[78.16818,9.74948],[78.27534,9.75338],[78.2486,9.70236],[78.27199,9.68684],[78.29915,9.74869],[78.29028,9.71859],[78.33952,9.70365],[78.3394,9.66401],[78.39359,9.65043],[78.41907,9.59727]]]}},
{"type":"Feature","properties":{"shapeID":"76128533B54279577656282","shapeName":"Thanjavur"},"geometry":{"type":"Polygon","coordinates":[[[79.22169,10.94387],[78.77917,10.82686],[78.8681,10.8266],[78.86879,10.71511],[78.90894,10.6722],[78.97136,10.66855],[79.00039,10.72365],[79.03342,10.69749],[79.01857,10.67573],[79.06955,10.67107],[79.07134,10.63742],[79.12838,10.63458],[79.14374,10.58755],[79.19185,10.57899],[79.13073,10.49534],[79.19581,10.46318],[79.1295,10.43397],[79.15536,10.40016],[79.11765,10.2381],[79.18877,10.20663],[79.15333,10.19837],[79.1539,10.16311],[79.22971,10.14153],[79.27253,10.23857],[79.3278,10.28263],[79.39044,10.31661],[79.51848,10.31408],[79.47421,10.32001],[79.47813,10.33811],[79.54188,10.32558],[79.46221,10.37578],[79.48031,10.3995],[79.45316,10.43535],[79.48426,10.48656],[79.42472,10.53576],[79.45122,10.55746],[79.34727,10.59098],[79.3571,10.64812],[79.31781,10.66135],[79.30018,10.73632],[79.35726,10.74974],[79.34515,10.78182],[79.37164,10.80059],[79.2914,10.83263],[79.26818,10.891],[79.29801,10.93835],[79.4547,10.86076],[79.48718,10.87211],[79.51061,10.98447],[79.54915,11.00169],[79.51579,11.04124],[79.57428,11.14623],[79.50293,11.17586],[79.22169,10.94387]]]}},
{"type":"Feature","properties":{"shapeID":"76128533B89575258858457","shapeName":"Tiruvannamalai"},"geometry":{"type":"Polygon","coordinates":[[[79.22206,12.79106],[79.20649,12.74139],[79.16395,12.77051],[79.07547,12.75275],[79.01656,12.65789],[79.02321,12.69593],[78.99596,12.70416],[78.97852,12.66584],[78.89878,12.68861],[78.86089,12.63521],[78.71074,12.30218],[78.65272,12.2589],[78.67308,12.21868],[78.64499,12.20509],[78.63365,12.13046],[78.66439,12.10354],[78.74777,12.12642],[78.70479,11.98191],[78.92291,12.02359],[78.96114,12.06781],[79.05209,12.03708],[79.08727,12.0813],[79.0805,12.03311],[79.10659,12.02266],[79.26152,12.08245],[79.271,12.12878],[79.21319,12.19185],[79.23562,12.18378],[79.23768,12.27059],[79.29042,12.3188],[79.20119,12.34086],[79.2405,12.34724],[79.24833,12.44657],[79.40251,12.43568],[79.50247,12.34705],[79.5326,12.36954],[79.59913,12.35053],[79.61629,12.37578],[79.64515,12.34632],[79.69105,12.41877],[79.73998,12.43436],[79.72452,12.49595],[79.75712,12.51925],[79.70765,12.57224],[79.72891,12.58459],[79.63409,12.63217],[79.64887,12.66883],[79.74556,12.69473],[79.71599,12.72778],[79.7469,12.7439],[79.7074,12.78084],[79.65692,12.76492],[79.64032,12.81743],[79.47438,12.87257],[79.46247,12.68486],[79.38451,12.62838],[79.35641,12.6684],[79.39649,12.69003],[79.39161,12.73279],[79.34653,12.69424],[79.27288,12.81798],[79.22206,12.79106]]]}},
{"type":"Feature","properties":{"shapeID":"76128533B1629699732681","shapeName":"Ramanathapuram"},"geometry":{"type":"MultiPolygon","coordinates":[[[[78.46475,9.62281],[78.36906,9.57288],[78.38475,9.51738],[78.32754,9.51946],[78.3563,9.4617],[78.21261,9.43853],[78.24544,9.37822],[78.29711,9.39002],[78.37711,9.31943],[78.37861,9.27801],[78.28327,9.2765],[78.27368,9.23336],[78.27315,9.20333],[78.30173,9.20555],[78.27667,9.14234],[78.361,9.09937],[78.57905,9.12999],[78.65819,9.15719],[78.66003,9.19201],[78.87271,9.25592],[79.19168,9.28175],[79.0425,9.31319],[78.90256,9.46888],[78.98089,9.68972],[79.11456,9.84748],[79.04662,9.86124],[78.99096,9.94663],[78.87801,9.87411],[78.88925,9.75754],[78.83023,9.72281],[78.8376,9.76898],[78.73671,9.7473],[78.77486,9.74129],[78.75254,9.71709],[78.79792,9.70683],[78.78934,9.63782],[78.84086,9.63045],[78.83514,9.60026],[78.74576,9.57814],[78.67592,9.61108],[78.6621,9.5199],[78.46475,9.62281]]],[[[79.4459,9.15216],[79.31086,9.32817],[79.20448,9.27427],[79.4459,9.15216]]],[[[79.16629,9.20672],[79.06409,9.21018],[79.05514,9.19572],[79.16629,9.20672]]],[[[79.22214,9.24799],[79.18937,9.25069],[79.17916,9.24375],[79.22214,9.24799]]],[[[78.93201,9.18042],[78.90568,9.18388],[78.8983,9.17875],[78.93201,9.18042]]],[[[78.58794,9.10734],[78.57856,9.11329],[78.56967,9.10147],[78.58794,9.10734]]],[[[78.81487,9.15757],[78.82147,9.16033],[78.82908,9.16656],[78.82659,9.17389],[78.81487,9.15757]]],[[[78.48751,9.08943],[78.49527,9.09104],[78.49113,9.09359],[78.48751,9.08943]]],[[[78.69301,9.15245],[78.69702,9.15161],[78.69606,9.15619],[78.69301,9.15245]]],[[[79.23581,9.24034],[79.23669,9.24334],[79.23208,9.2434],[79.23581,9.24034]]],[[[79.53991,9.102],[79.53794,9.10443],[79.53487,9.09896],[79.53991,9.102]]],[[[78.9664,9.18708],[78.9707,9.1864],[78.96684,9.18907],[78.9664,9.18708]]],[[[78.5349,9.1029],[78.53816,9.10251],[78.53959,9.10539],[78.5349,9.1029]]]]}},
{"type":"Feature","properties":{"shapeID":"76128533B52639434516056","shapeName":"Tirunelveli"},"geometry":{"type":"Polygon","coordinates":[[[77.26567,8.84183],[77.18047,8.72479],[77.25146,8.60184],[77.44291,8.50509],[77.49339,8.38173],[77.55166,8.38821],[77.5782,8.25017],[77.54667,8.24435],[77.54486,8.19005],[77.59198,8.14275],[77.71578,8.15666],[77.97757,8.33578],[77.89295,8.32538],[77.83666,8.38318],[77.86126,8.39237],[77.84143,8.48456],[77.78402,8.58308],[77.82041,8.63465],[77.81845,8.77242],[77.85415,8.80271],[77.75765,8.92883],[77.597913427000037,8.952337241000066],[77.597137402000044,8.914894701000037],[77.550339403000066,8.892313095000077],[77.59820605200008,8.872944117000031],[77.57239781100003,8.803823338000029],[77.481566928000063,8.870125076000022],[77.446991068000045,8.743728133000047],[77.363711146000071,8.741303825000045],[77.306054860000074,8.793076725000049],[77.318689728000038,8.880779698000026],[77.259287766000057,8.884947082000053],[77.26567,8.84183]]]}},
{"type":"Feature","properties":{"shapeID":"76128533B70974512658911","shapeName":"Virudhunagar"},"geometry":{"type":"Polygon","coordinates":[[[77.34124,9.41864],[77.44335,9.39363],[77.46075,9.33261],[77.57566,9.35562],[77.6051,9.30108],[77.71316,9.29081],[77.77603,9.23629],[77.77596,9.28327],[77.79825,9.28122],[77.80959,9.24725],[77.88272,9.24414],[77.88198,9.20753],[77.91272,9.20002],[78.01251,9.27431],[78.01339,9.30591],[78.05334,9.30557],[78.04362,9.36475],[78.17071,9.36932],[78.21536,9.30406],[78.33261,9.26281],[78.37861,9.27801],[78.37711,9.31943],[78.29711,9.39002],[78.24544,9.37822],[78.21261,9.43853],[78.3563,9.4617],[78.32754,9.51946],[78.38475,9.51738],[78.36906,9.57288],[78.41625,9.61938],[78.34275,9.66015],[78.33952,9.70365],[78.29607,9.71151],[78.29915,9.74869],[78.2652,9.68775],[78.27534,9.75338],[78.17228,9.74833],[78.14637,9.78485],[78.14076,9.76207],[78.09292,9.78067],[78.10248,9.7562],[78.06392,9.74222],[78.08431,9.66348],[78.04162,9.67769],[77.99159,9.6249],[77.95447,9.64947],[77.91545,9.61515],[77.86935,9.6488],[77.7768,9.64169],[77.76349,9.68496],[77.71168,9.70508],[77.67,9.67805],[77.63128,9.70784],[77.53065,9.65329],[77.47777,9.55053],[77.40374,9.5274],[77.39573,9.46137],[77.34124,9.41864]]]}},
{"type":"Feature","properties":{"shapeID":"76128533B45072089356239","shapeName":"Thiruvarur"},"geometry":{"type":"Polygon","coordinates":[[[79.76376,11.0025],[79.65088,11.01429],[79.63404,10.97864],[79.51563,10.96893],[79.48614,10.91929],[79.50836,10.89665],[79.4674,10.86315],[79.29801,10.93835],[79.27787,10.92539],[79.29882,10.90249],[79.26975,10.90814],[79.2914,10.83263],[79.36969,10.80678],[79.35726,10.74974],[79.30018,10.73632],[79.31781,10.66135],[79.3571,10.64812],[79.35011,10.58627],[79.45122,10.55746],[79.42472,10.53576],[79.48408,10.48872],[79.45316,10.43535],[79.48031,10.3995],[79.46221,10.37578],[79.59007,10.34115],[79.52617,10.3064],[79.77675,10.27325],[79.6118,10.32205],[79.65497,10.33386],[79.65098,10.45834],[79.69929,10.4936],[79.70636,10.55355],[79.66059,10.55952],[79.6963,10.6411],[79.65967,10.70959],[79.73597,10.80887],[79.68957,10.82643],[79.6605,10.78966],[79.65591,10.88349],[79.73628,10.93414],[79.73242,10.97399],[79.77704,10.95996],[79.76376,11.0025]]]}},
{"type":"Feature","properties":{"shapeID":"76128533B45592431373253","shapeName":"Thiruvallur"},"geometry":{"type":"Polygon","coordinates":[[[80.08559,13.54802],[80.00246,13.54071],[80.04893,13.49859],[79.97473,13.46528],[79.93854,13.35004],[79.73422,13.28599],[79.79799,13.23744],[79.75747,13.20883],[79.73584,13.23568],[79.7023,13.22424],[79.68139,13.29556],[79.59308,13.25887],[79.53536,13.3292],[79.43533,13.34158],[79.38708,13.316],[79.43763,13.29445],[79.42353,13.22533],[79.45821,13.23003],[79.36045,13.17613],[79.36734,13.14294],[79.32068,13.11002],[79.28651,13.1339],[79.30177,13.09072],[79.34759,13.06162],[79.41733,13.08407],[79.41896,13.14957],[79.45368,13.09329],[79.48279,13.13915],[79.59554,13.12334],[79.65542,13.20939],[79.70065,13.18852],[79.70065,13.15712],[79.73617,13.16551],[79.73492,13.1174],[79.70202,13.10082],[79.73264,13.09629],[79.72126,13.05476],[79.78717,13.05362],[79.85403,12.95122],[79.89603,12.94755],[79.89793,12.99581],[79.94124,12.99583],[79.90445,13.05187],[79.94667,13.0345],[79.98971,13.05797],[79.99211,13.03252],[80.01009,13.05838],[80.08382,13.02198],[80.13107,13.05614],[80.19014,13.02641],[80.20328,13.12691],[80.30379,13.14234],[80.3427,13.25631],[80.32335,13.45591],[80.26847,13.56335],[80.24211,13.46904],[80.12657,13.50832],[80.08079,13.49217],[80.08559,13.54802]]]}},
{"type":"Feature","properties":{"shapeID":"76128533B1645877589145","shapeName":"Tiruchirappalli"},"geometry":{"type":"Polygon","coordinates":[[[79.01526,11.00952],[78.97558,11.09388],[78.83318,11.07767],[78.76256,11.12278],[78.70079,11.0795],[78.65361,11.16822],[78.71426,11.21306],[78.75189,11.28558],[78.73663,11.3193],[78.63094,11.33818],[78.55674,11.31599],[78.55259,11.35851],[78.49531,11.40501],[78.38283,11.13964],[78.32653,11.09879],[78.36314,11.06374],[78.34531,11.02571],[78.24102,11.0935],[78.22847,11.05348],[78.17082,11.05467],[78.19789,11.04415],[78.16729,11.00492],[78.19954,10.96028],[78.39353,10.96241],[78.58684,10.82889],[78.54648,10.79848],[78.56566,10.73549],[78.51461,10.69348],[78.41665,10.67374],[78.36881,10.72524],[78.29469,10.70359],[78.28345,10.74559],[78.25887,10.57545],[78.17233,10.5031],[78.31549,10.43955],[78.27864,10.38218],[78.33462,10.30117],[78.39192,10.31702],[78.44695,10.40824],[78.5175,10.3717],[78.52523,10.43721],[78.58482,10.4438],[78.58286,10.52192],[78.53979,10.53048],[78.53004,10.48687],[78.49893,10.48549],[78.45244,10.59248],[78.48167,10.63767],[78.52892,10.62852],[78.52623,10.67444],[78.59613,10.65784],[78.63749,10.70775],[78.66383,10.65493],[78.69552,10.73344],[78.74294,10.70918],[78.74639,10.65974],[78.87335,10.68888],[78.8681,10.8266],[78.77872,10.83287],[79.00787,10.89061],[78.93942,10.96312],[79.01526,11.00952]]]}},
{"type":"Feature","properties":{"shapeID":"76128533B57036825942975","shapeName":"Tiruppur"},"geometry":{"type":"Polygon","coordinates":[[[77.26121,10.23099],[77.34846,10.26389],[77.3215,10.43536],[77.38563,10.45053],[77.40571,10.52337],[77.3684,10.54456],[77.40241,10.61246],[77.48229,10.65022],[77.54055,10.60807],[77.5858,10.68341],[77.65654,10.67483],[77.69014,10.73468],[77.73038,10.63114],[77.82483,10.7161],[77.77691,10.79025],[77.8918,10.78303],[77.86311,10.8462],[77.77286,10.87172],[77.7504,10.97584],[77.79157,11.03139],[77.77123,11.06254],[77.64289,11.11873],[77.5108,11.10918],[77.47222,11.16606],[77.52109,11.20005],[77.4708,11.24423],[77.46008,11.3109],[77.36413,11.33764],[77.3327,11.3154],[77.33134,11.25628],[77.28614,11.28962],[77.28438,11.34096],[77.24207,11.30236],[77.20239,11.2981],[77.23478,11.31473],[77.22537,11.35107],[77.12343,11.30604],[77.17363,11.28531],[77.15038,11.21059],[77.17766,11.14265],[77.26335,11.11164],[77.16617,11.06806],[77.15528,10.99868],[77.17964,10.92528],[77.25601,10.90096],[77.29951,10.81472],[77.23917,10.77688],[77.16982,10.80248],[77.13409,10.7555],[77.16981,10.59665],[77.09165,10.58543],[77.04776,10.42612],[77.09297,10.37537],[77.0957,10.30962],[77.17708,10.35645],[77.23647,10.35062],[77.26121,10.23099]]]}},
{"type":"Feature","properties":{"shapeID":"76128533B79135514077232","shapeName":"Theni"},"geometry":{"type":"Polygon","coordinates":[[[77.36742,9.53686],[77.48025,9.55277],[77.46496,9.58017],[77.68128,9.93569],[77.71395,10.04626],[77.66759,10.12278],[77.67409,10.1455],[77.73007,10.13265],[77.70353,10.21506],[77.66568,10.18994],[77.62343,10.21647],[77.56914,10.1808],[77.54829,10.20424],[77.46529,10.12883],[77.39511,10.15999],[77.20299,10.10589],[77.27682,9.97413],[77.21988,9.90458],[77.24979,9.79884],[77.16795,9.61608],[77.27149,9.57531],[77.32085,9.6035],[77.34147,9.57371],[77.35753,9.6056],[77.36742,9.53686]]]}},
{"type":"Feature","properties":{"shapeID":"76128533B52590639744160","shapeName":"Salem"},"geometry":{"type":"Polygon","coordinates":[[[78.55674,11.31599],[78.66584,11.37321],[78.65214,11.42076],[78.70058,11.45465],[78.79924,11.3849],[78.82273,11.42633],[78.80029,11.48072],[78.8454,11.5208],[78.822,11.58508],[78.77988,11.60478],[78.80482,11.68615],[78.6907,11.68421],[78.67936,11.6409],[78.64786,11.65686],[78.64151,11.7611],[78.69075,11.79979],[78.68701,11.85361],[78.62747,11.86472],[78.54301,11.80162],[78.45466,11.82504],[78.41747,11.87685],[78.32977,11.77311],[78.3869,11.91091],[78.31116,11.87761],[78.32799,11.92621],[78.28743,11.90027],[78.30375,11.92946],[78.24965,11.93187],[78.23588,11.97617],[77.97435,11.89372],[77.84743,11.89415],[77.67654,11.95039],[77.68573,11.87558],[77.65048,11.8153],[77.72318,11.79315],[77.69252,11.64621],[77.77713,11.69394],[77.72452,11.60719],[77.74778,11.56525],[77.70945,11.45034],[77.7557,11.44803],[77.77564,11.47968],[77.79168,11.44759],[77.83085,11.46566],[77.82412,11.44099],[77.87418,11.40983],[77.97342,11.46864],[77.98239,11.52744],[78.05861,11.51273],[78.08438,11.55273],[78.15999,11.53642],[78.3075,11.59176],[78.33212,11.53123],[78.37567,11.58515],[78.45266,11.5945],[78.47272,11.51659],[78.42596,11.47061],[78.45797,11.4376],[78.42853,11.38477],[78.49895,11.40379],[78.55674,11.31599]]]}},
{"type":"Feature","properties":{"shapeID":"76128533B71824979235503","shapeName":"Madurai"},"geometry":{"type":"Polygon","coordinates":[[[78.42426,10.26956],[78.33462,10.30117],[78.3294,10.22709],[78.25656,10.16399],[78.28466,10.14948],[78.2603,10.08681],[78.21268,10.06578],[78.12208,10.1902],[77.95338,10.1415],[77.92091,10.07551],[77.76475,10.05673],[77.69886,10.01418],[77.61922,9.80832],[77.46496,9.58017],[77.49481,9.57348],[77.53678,9.65934],[77.63128,9.70784],[77.67,9.67805],[77.71168,9.70508],[77.76349,9.68496],[77.7768,9.64169],[77.86935,9.6488],[77.91426,9.6151],[77.95447,9.64947],[77.99379,9.62552],[78.04162,9.67769],[78.08431,9.66348],[78.06392,9.74222],[78.10248,9.7562],[78.09292,9.78067],[78.14076,9.76207],[78.14706,9.8078],[78.17749,9.77202],[78.19372,9.80812],[78.13283,9.81415],[78.1273,9.85541],[78.20446,9.87625],[78.26044,9.83527],[78.25411,9.8736],[78.31398,9.8664],[78.32005,9.92433],[78.45868,9.96911],[78.42967,10.05337],[78.47659,10.12775],[78.40443,10.13815],[78.39263,10.25264],[78.42426,10.26956]]]}},
{"type":"Feature","properties":{"shapeID":"76128533B51799781997546","shapeName":"Perambalur"},"geometry":{"type":"Polygon","coordinates":[[[79.14554,11.38542],[78.96554,11.40229],[78.85934,11.52023],[78.80029,11.48072],[78.82273,11.42633],[78.79924,11.3849],[78.70058,11.45465],[78.65214,11.42076],[78.66584,11.37321],[78.63094,11.33818],[78.73332,11.32224],[78.75189,11.28558],[78.70186,11.1936],[78.65361,11.16822],[78.70079,11.0795],[78.76256,11.12278],[78.83318,11.07767],[78.88971,11.10286],[79.0218,11.06209],[79.07013,11.10712],[79.06838,11.20546],[79.09677,11.19961],[79.1155,11.29145],[79.1424,11.29396],[79.14554,11.38542]]]}},
{"type":"Feature","properties":{"shapeID":"76128533B28879432621383","shapeName":"Dindigul"},"geometry":{"type":"Polygon","coordinates":[[[77.26828,10.12181],[77.39511,10.15999],[77.46529,10.12883],[77.54829,10.20424],[77.56914,10.1808],[77.62343,10.21647],[77.66568,10.18994],[77.70353,10.21506],[77.73007,10.13265],[77.67409,10.1455],[77.66759,10.12278],[77.70118,10.10398],[77.71219,10.02139],[77.76475,10.05673],[77.92091,10.07551],[77.95338,10.1415],[78.03103,10.18058],[78.14207,10.18372],[78.17089,10.09332],[78.21268,10.06578],[78.2603,10.08681],[78.28466,10.14948],[78.25656,10.16399],[78.3294,10.22709],[78.33824,10.32694],[78.27864,10.38218],[78.31549,10.43955],[78.20847,10.47324],[78.17233,10.5031],[78.19854,10.54793],[78.13427,10.57434],[78.16654,10.61496],[78.14708,10.67228],[78.18545,10.83231],[78.10692,10.80617],[78.09863,10.76581],[77.94017,10.76675],[77.9329,10.73599],[78.01701,10.71905],[78.00807,10.67508],[77.97216,10.67091],[77.98022,10.63901],[77.83161,10.6328],[77.78965,10.68561],[77.72443,10.63125],[77.69014,10.73468],[77.65654,10.67483],[77.5858,10.68341],[77.54055,10.60807],[77.48229,10.65022],[77.41813,10.62641],[77.3684,10.54456],[77.40571,10.52337],[77.38563,10.45053],[77.32531,10.4509],[77.31436,10.36332],[77.35112,10.27709],[77.29762,10.25221],[77.26828,10.12181]]]}},
{"type":"Feature","properties":{"shapeID":"76128533B19335918192159","shapeName":"Karur"},"geometry":{"type":"Polygon","coordinates":[[[78.19954,10.96028],[78.09649,11.07613],[78.01357,11.09452],[77.8725,11.02298],[77.81451,11.06875],[77.77997,11.06142],[77.7609,10.90073],[77.83047,10.83571],[77.86372,10.84573],[77.89118,10.78976],[77.77479,10.78604],[77.82512,10.75155],[77.82739,10.63638],[77.98022,10.63901],[77.97216,10.67091],[78.00807,10.67508],[78.01701,10.71905],[77.9329,10.73599],[77.94017,10.76675],[78.09863,10.76581],[78.10692,10.80617],[78.1696,10.8344],[78.14708,10.67228],[78.16654,10.61496],[78.13427,10.57434],[78.17132,10.55497],[78.25887,10.57545],[78.28345,10.74559],[78.29469,10.70359],[78.36881,10.72524],[78.41665,10.67374],[78.56456,10.73349],[78.54648,10.79848],[78.58684,10.82889],[78.54957,10.87688],[78.4698,10.88647],[78.48679,10.91203],[78.38284,10.9658],[78.19954,10.96028]]]}},
{"type":"Feature","properties":{"shapeID":"76128533B4743808419896","shapeName":"Dharmapuri"},"geometry":{"type":"Polygon","coordinates":[[[77.67654,11.95039],[77.84743,11.89415],[77.97435,11.89372],[78.23588,11.97617],[78.24965,11.93187],[78.30375,11.92946],[78.28743,11.90027],[78.32799,11.92621],[78.31116,11.87761],[78.3869,11.91091],[78.31455,11.78035],[78.41747,11.87685],[78.45466,11.82504],[78.54301,11.80162],[78.59657,11.81974],[78.63687,11.88498],[78.72494,11.91652],[78.69901,11.9895],[78.74777,12.12642],[78.66439,12.10354],[78.63365,12.13046],[78.6499,12.16266],[78.61921,12.1873],[78.57841,12.1668],[78.56962,12.19888],[78.50781,12.18083],[78.4987,12.1404],[78.45622,12.14732],[78.4314,12.19361],[78.35893,12.19896],[78.38548,12.22879],[78.33757,12.23485],[78.31403,12.27419],[78.25446,12.26911],[78.22314,12.31213],[78.23275,12.35717],[78.17005,12.35003],[78.11608,12.48593],[78.00676,12.54658],[77.95477,12.52205],[77.93681,12.5458],[77.89934,12.5306],[77.96935,12.451],[77.95099,12.3668],[77.87203,12.35499],[77.87289,12.28114],[77.82361,12.24257],[77.79917,12.15286],[77.75141,12.16118],[77.77969,12.11174],[77.67654,11.95039]]]}},
{"type":"Feature","properties":{"shapeID":"76128533B51372664315362","shapeName":"Namakkal"},"geometry":{"type":"Polygon","coordinates":[[[78.48692,11.40431],[78.42853,11.38477],[78.45797,11.4376],[78.42596,11.47061],[78.47272,11.51659],[78.44127,11.59476],[78.37567,11.58515],[78.33212,11.53123],[78.3075,11.59176],[78.15999,11.53642],[78.08438,11.55273],[78.05861,11.51273],[77.98239,11.52744],[77.97342,11.46864],[77.87418,11.40983],[77.82412,11.44099],[77.83085,11.46566],[77.79168,11.44759],[77.77564,11.47968],[77.7398,11.44227],[77.69799,11.46039],[77.68409,11.42041],[77.80904,11.26593],[77.8629,11.24563],[77.89325,11.07747],[78.0903,11.07779],[78.16864,11.01203],[78.19857,11.04081],[78.16633,11.04877],[78.204,11.07281],[78.22847,11.05348],[78.23024,11.09434],[78.34531,11.02571],[78.36314,11.06374],[78.32653,11.09879],[78.42158,11.21156],[78.48692,11.40431]]]}},
{"type":"Feature","properties":{"shapeID":"76128533B51849218363622","shapeName":"Moradabad"},"geometry":{"type":"Polygon","coordinates":[[[78.77813,29.2799],[78.69716,29.25628],[78.67981,29.20862],[78.70303,29.20703],[78.63911,29.16113],[78.66483,29.14367],[78.61704,29.09163],[78.52566,29.06967],[78.57251,29.01697],[78.53064,28.94198],[78.6267,28.92587],[78.65409,28.86082],[78.68041,28.76796],[78.63914,28.67535],[78.70379,28.60633],[78.66654,28.53082],[78.71049,28.49313],[78.77123,28.55185],[78.80806,28.53237],[78.92177,28.58051],[78.8397,28.66008],[78.84913,28.72654],[78.87956,28.69026],[78.95498,28.69648],[79.00664,28.75989],[79.01004,28.8165],[78.95313,28.85918],[78.92466,28.96812],[79.01621,29.12885],[78.92206,29.12585],[78.88338,29.23498],[78.77813,29.2799]]]}},
{"type":"Feature","properties":{"shapeID":"76128533B7545062765383","shapeName":"Sambhal"},"geometry":{"type":"Polygon","coordinates":[[[78.6532,28.83643],[78.5348,28.77523],[78.42102,28.78479],[78.43314,28.48433],[78.31076,28.43428],[78.28476,28.37184],[78.31214,28.30812],[78.29226,28.29513],[78.54513,28.01489],[78.60424,28.0903],[78.58408,28.1576],[78.61625,28.16928],[78.59881,28.19526],[78.63851,28.22249],[78.66362,28.3454],[78.75555,28.37637],[78.80586,28.44976],[78.911,28.47425],[78.94118,28.51283],[78.9194,28.57701],[78.80647,28.53208],[78.77123,28.55185],[78.71049,28.49313],[78.6725,28.5228],[78.7048,28.60251],[78.63914,28.67535],[78.68041,28.76796],[78.6532,28.83643]]]}},
{"type":"Feature","properties":{"shapeID":"76128533B84679668760735","shapeName":"Budaun"},"geometry":{"type":"Polygon","coordinates":[[[78.54513,28.01489],[78.63935,28.04554],[78.72823,27.96104],[78.88988,27.91677],[78.92139,27.85102],[78.98769,27.87308],[79.01686,27.85791],[79.00422,27.83302],[79.1278,27.84527],[79.20971,27.70698],[79.35277,27.65158],[79.33187,27.72794],[79.35946,27.73745],[79.37538,27.81698],[79.48689,27.84257],[79.46102,27.89598],[79.50199,28.08592],[79.42432,28.17096],[79.33529,28.1528],[79.31483,28.17672],[79.12965,28.18901],[79.08312,28.35337],[79.00056,28.38471],[78.92648,28.47758],[78.87123,28.48081],[78.80586,28.44976],[78.75555,28.37637],[78.66362,28.3454],[78.63851,28.22249],[78.59881,28.19526],[78.61625,28.16928],[78.58408,28.1576],[78.60424,28.0903],[78.54513,28.01489]]]}},
{"type":"Feature","properties":{"shapeID":"76128533B7643504807381","shapeName":"Kanshiram Nagar"},"geometry":{"type":"Polygon","coordinates":[[[78.60927,28.02973],[78.57628,27.93686],[78.49533,27.85744],[78.51876,27.81457],[78.47606,27.80834],[78.48792,27.74918],[78.51951,27.73374],[78.55226,27.78267],[78.68105,27.73724],[78.73124,27.6353],[78.88761,27.5841],[78.90105,27.55075],[78.96965,27.56704],[78.99841,27.64262],[79.03417,27.58104],[79.10733,27.54797],[79.20868,27.58054],[79.13289,27.63355],[79.13611,27.70257],[79.21103,27.70978],[79.1607,27.82233],[79.12359,27.84713],[79.00422,27.83302],[79.01686,27.85791],[78.98769,27.87308],[78.92139,27.85102],[78.88988,27.91677],[78.72823,27.96104],[78.67202,28.03493],[78.60927,28.02973]]]}},
{"type":"Feature","properties":{"shapeID":"76128533B66612397499770","shapeName":"Bahraich"},"geometry":{"type":"Polygon","coordinates":[[[81.74947,27.94776],[81.47847,28.08261],[81.4841,28.11832],[81.42657,28.17073],[81.37476,28.17702],[81.37135,28.14245],[81.31808,28.13362],[81.32065,28.19733],[81.23278,28.28905],[81.21346,28.35834],[81.04054,28.41167],[81.03407,28.36101],[81.06171,28.34272],[81.03629,28.28929],[81.18675,28.11628],[81.16717,28.04465],[81.3069,27.90734],[81.2794,27.86886],[81.30846,27.82049],[81.28095,27.80564],[81.31978,27.66052],[81.30377,27.53734],[81.44416,27.30894],[81.44837,27.13385],[81.50753,27.05923],[81.64488,27.15404],[81.70782,27.28019],[81.68477,27.31974],[81.744,27.3299],[81.81605,27.26721],[81.85473,27.32915],[81.91943,27.31756],[81.93028,27.41616],[81.99633,27.44555],[81.99599,27.48247],[81.90139,27.50673],[81.8518,27.56087],[81.73579,27.50717],[81.76755,27.55876],[81.70713,27.54982],[81.67872,27.61396],[81.6452,27.62163],[81.68447,27.63527],[81.69084,27.71759],[81.64906,27.7352],[81.62374,27.84411],[81.74947,27.94776]]]}},
{"type":"Feature","properties":{"shapeID":"76128533B87317961648652","shapeName":"Hapur"},"geometry":{"type":"Polygon","coordinates":[[[77.54118,28.61524],[77.62366,28.57536],[77.64575,28.59723],[77.69859,28.54478],[77.97573,28.70108],[78.20904,28.61781],[78.10092,28.85628],[77.93606,28.83639],[77.89774,28.86612],[77.86277,28.85321],[77.86871,28.79447],[77.79312,28.78583],[77.67322,28.69854],[77.62441,28.71787],[77.56162,28.68126],[77.54118,28.61524]]]}},
{"type":"Feature","properties":{"shapeID":"76128533B8998698404381","shapeName":"Sitapur"},"geometry":{"type":"Polygon","coordinates":[[[81.30361,27.68117],[81.25279,27.6773],[81.27072,27.70182],[81.24615,27.72891],[81.18493,27.736],[81.23001,27.76027],[81.14518,27.80708],[81.11003,27.78941],[81.07236,27.82538],[80.98831,27.82843],[81.01005,27.88032],[80.97866,27.90573],[80.93204,27.84403],[80.89684,27.85162],[80.82894,27.79087],[80.791,27.81734],[80.74329,27.78729],[80.64143,27.83896],[80.60652,27.74982],[80.56672,27.74845],[80.52008,27.80823],[80.31551,27.682],[80.30642,27.58133],[80.35588,27.48053],[80.40597,27.46118],[80.46162,27.34379],[80.50156,27.32512],[80.49886,27.25625],[80.57151,27.29207],[80.64826,27.26066],[80.65727,27.22715],[80.75053,27.22649],[80.79985,27.19311],[80.83102,27.09957],[80.93231,27.16161],[80.97067,27.24005],[81.06732,27.22156],[81.11876,27.27464],[81.21159,27.23805],[81.24221,27.26869],[81.22682,27.32109],[81.294,27.35695],[81.32093,27.27348],[81.37762,27.26693],[81.41786,27.3602],[81.30377,27.53734],[81.32517,27.55181],[81.30361,27.68117]]]}},
{"type":"Feature","properties":{"shapeID":"76128533B35465481868600","shapeName":"Samli"},"geometry":{"type":"Polygon","coordinates":[[[77.0966,29.5205],[77.15807,29.38716],[77.12525,29.35131],[77.16108,29.33539],[77.15305,29.29744],[77.32542,29.25374],[77.39695,29.34631],[77.44327,29.33049],[77.4241,29.39382],[77.45873,29.44644],[77.4503,29.52187],[77.50614,29.59977],[77.48678,29.65525],[77.34238,29.64493],[77.22369,29.69531],[77.1502,29.68903],[77.08452,29.58751],[77.12717,29.55947],[77.0966,29.5205]]]}},
{"type":"Feature","properties":{"shapeID":"76128533B34832354589031","shapeName":"Shrawasti"},"geometry":{"type":"Polygon","coordinates":[[[81.98036,27.43719],[82.01029,27.41029],[82.08562,27.42333],[82.02463,27.58296],[82.20789,27.84334],[82.12342,27.86509],[82.07103,27.9227],[81.96829,27.92902],[81.90084,27.85373],[81.74947,27.94776],[81.69927,27.92899],[81.62374,27.84411],[81.64906,27.7352],[81.69084,27.71759],[81.68447,27.63527],[81.6452,27.62163],[81.67872,27.61396],[81.70713,27.54982],[81.76755,27.55876],[81.73579,27.50717],[81.8525,27.56067],[81.90139,27.50673],[81.99756,27.48102],[81.98036,27.43719]]]}},
{"type":"Feature","properties":{"shapeID":"76128533B61760400952464","shapeName":"Meerut"},"geometry":{"type":"Polygon","coordinates":[[[78.10092,28.85628],[78.06226,28.89648],[78.09758,28.98376],[78.08529,29.06796],[78.14322,29.17988],[78.13773,29.25328],[78.03777,29.26168],[77.78271,29.18025],[77.68572,29.24568],[77.64102,29.22272],[77.59155,29.26136],[77.47768,29.18297],[77.4342,29.09058],[77.47781,28.9604],[77.46244,28.90548],[77.6938,28.87487],[77.70414,28.73879],[77.86871,28.79447],[77.87343,28.86354],[77.93606,28.83639],[78.10092,28.85628]]]}},
{"type":"Feature","properties":{"shapeID":"76128533B60862799554879","shapeName":"Aligarh"},"geometry":{"type":"Polygon","coordinates":[[[77.52962,27.92548],[77.56495,27.91253],[77.65654,27.96393],[77.80965,27.86063],[77.78438,27.83968],[77.83539,27.7551],[77.80238,27.74314],[77.79365,27.68852],[77.85152,27.65326],[77.8727,27.57535],[78.00061,27.60035],[78.01586,27.75231],[78.06228,27.78684],[78.21858,27.76094],[78.20478,27.73018],[78.26022,27.67654],[78.46647,27.82745],[78.50983,27.80022],[78.49533,27.85744],[78.57628,27.93686],[78.60927,28.02973],[78.54513,28.01489],[78.46099,28.08263],[78.37253,28.06067],[78.31835,28.12249],[78.22139,28.10846],[78.11711,28.01851],[78.07001,28.0984],[77.96453,28.06778],[77.85143,28.12719],[77.84604,28.17159],[77.77763,28.12697],[77.74777,28.14245],[77.71808,28.07949],[77.65894,28.11191],[77.48384,28.07817],[77.48429,28.04043],[77.54325,27.989],[77.51756,27.97112],[77.54654,27.95819],[77.52962,27.92548]]]}},
{"type":"Feature","properties":{"shapeID":"76128533B13272482176343","shapeName":"Bulandshahr"},"geometry":{"type":"Polygon","coordinates":[[[78.29226,28.29513],[78.30549,28.45865],[78.21654,28.50176],[78.20904,28.61781],[77.95341,28.69814],[77.90187,28.63959],[77.85955,28.65141],[77.70947,28.55732],[77.69228,28.50455],[77.63974,28.47817],[77.61407,28.28895],[77.66928,28.241],[77.67449,28.10844],[77.70122,28.07797],[77.73748,28.08844],[77.74777,28.14245],[77.77763,28.12697],[77.84604,28.17159],[77.85143,28.12719],[77.96453,28.06778],[78.07001,28.0984],[78.11711,28.01851],[78.1775,28.08532],[78.29072,28.12182],[78.37253,28.06067],[78.46099,28.08263],[78.29226,28.29513]]]}},
{"type":"Feature","properties":{"shapeID":"76128533B14534161138054","shapeName":"Bijnor"},"geometry":{"type":"Polygon","coordinates":[[[78.92315,29.43081],[78.70691,29.49794],[78.54248,29.62311],[78.51463,29.72125],[78.34328,29.78911],[78.2634,29.73389],[78.20711,29.73265],[78.19637,29.68148],[78.04913,29.59906],[78.04859,29.54357],[78.02222,29.55555],[77.99494,29.52352],[78.13757,29.26023],[78.10649,29.08333],[78.23473,29.04075],[78.40424,29.03072],[78.61704,29.09163],[78.66483,29.14367],[78.63911,29.16113],[78.70303,29.20703],[78.67981,29.20862],[78.69716,29.25628],[78.77813,29.2799],[78.73412,29.30271],[78.72806,29.31073],[78.77594,29.34192],[78.80696,29.31581],[78.835,29.37222],[78.85708,29.35026],[78.91058,29.38904],[78.92315,29.43081]]]}},
{"type":"Feature","properties":{"shapeID":"76128533B46268976217915","shapeName":"Baghpat"},"geometry":{"type":"Polygon","coordinates":[[[77.18956,28.88044],[77.22376,28.8269],[77.29233,28.83164],[77.30826,28.79108],[77.41326,28.78168],[77.40966,28.87495],[77.47781,28.9604],[77.43292,29.08597],[77.47768,29.18297],[77.50811,29.19002],[77.46109,29.22718],[77.15305,29.29744],[77.13471,29.09514],[77.1898,29.02756],[77.19685,28.93802],[77.23337,28.91841],[77.22768,28.8801],[77.18956,28.88044]]]}},
{"type":"Feature","properties":{"shapeID":"76128533B76479861129777","shapeName":"Kheri"},"geometry":{"type":"Polygon","coordinates":[[[81.03407,28.36101],[81.01579,28.45233],[80.96573,28.43762],[80.97391,28.45639],[80.90908,28.46169],[80.89616,28.50571],[80.8656,28.48963],[80.78913,28.52432],[80.76802,28.56568],[80.69032,28.58714],[80.66766,28.64195],[80.58977,28.6478],[80.56873,28.68796],[80.50359,28.66527],[80.51814,28.55183],[80.45169,28.62869],[80.37139,28.62917],[80.32588,28.6702],[80.30402,28.61645],[80.38115,28.59203],[80.43374,28.50251],[80.3766,28.45978],[80.32429,28.481],[80.30132,28.45329],[80.37145,28.34258],[80.3073,28.25849],[80.30221,28.15194],[80.25135,28.15047],[80.24823,28.05633],[80.12388,27.99624],[80.08242,27.92664],[80.02576,27.91876],[80.06328,27.77025],[80.13703,27.77721],[80.13247,27.74964],[80.23387,27.77006],[80.31251,27.67863],[80.52008,27.80823],[80.56672,27.74845],[80.60652,27.74982],[80.64143,27.83896],[80.74329,27.78729],[80.791,27.81734],[80.82894,27.79087],[80.89684,27.85162],[80.93204,27.84403],[80.97866,27.90573],[81.01005,27.88032],[80.98831,27.82843],[81.07236,27.82538],[81.11003,27.78941],[81.14518,27.80708],[81.23001,27.76027],[81.18493,27.736],[81.24615,27.72891],[81.27072,27.70182],[81.25279,27.6773],[81.30361,27.68117],[81.28095,27.80564],[81.30846,27.82049],[81.2794,27.86886],[81.3069,27.90734],[81.16717,28.04465],[81.18675,28.11628],[81.03629,28.28929],[81.06171,28.34272],[81.03407,28.36101]]]}},
{"type":"Feature","properties":{"shapeID":"76128533B46682008877369","shapeName":"Rampur"},"geometry":{"type":"Polygon","coordinates":[[[79.01128,29.1243],[78.92466,28.96812],[78.95313,28.85918],[79.01004,28.8165],[79.00478,28.75309],[78.94477,28.69462],[78.87956,28.69026],[78.84913,28.72654],[78.83906,28.68053],[78.93811,28.56246],[78.92083,28.47937],[79.00056,28.38471],[79.00055,28.43142],[79.14085,28.48981],[79.30198,28.71583],[79.39213,28.76053],[79.37292,28.81675],[79.41002,28.84911],[79.38297,28.87066],[79.44042,28.89061],[79.38168,28.9917],[79.31651,28.97105],[79.22125,29.03116],[79.17512,29.02177],[79.14642,29.13318],[79.04649,29.17278],[79.02588,29.13604],[79.04961,29.12728],[79.01128,29.1243]]]}},
{"type":"Feature","properties":{"shapeID":"76128533B68554447699730","shapeName":"Bareilly"},"geometry":{"type":"Polygon","coordinates":[[[79.53004,28.86896],[79.38297,28.87066],[79.41002,28.84911],[79.37292,28.81675],[79.39213,28.76053],[79.30198,28.71583],[79.14085,28.48981],[79.00055,28.43142],[79.00056,28.38471],[79.08312,28.35337],[79.12965,28.18901],[79.31483,28.17672],[79.33529,28.1528],[79.42432,28.17096],[79.4993,28.10767],[79.4979,28.02044],[79.58657,28.09072],[79.63181,28.08604],[79.64159,28.20672],[79.71401,28.26769],[79.67361,28.31689],[79.70324,28.37245],[79.67224,28.39122],[79.7234,28.41296],[79.72817,28.46014],[79.75777,28.45026],[79.74854,28.50529],[79.66589,28.54919],[79.67589,28.58265],[79.60009,28.61587],[79.62977,28.70894],[79.67299,28.74338],[79.65145,28.84431],[79.58373,28.85491],[79.56401,28.90368],[79.53004,28.86896]]]}},
{"type":"Feature","properties":{"shapeID":"76128533B88758450653156","shapeName":"Mathura"},"geometry":{"type":"Polygon","coordinates":[[[77.33582,27.84741],[77.28468,27.80164],[77.31367,27.78242],[77.307,27.71309],[77.34593,27.69058],[77.32047,27.6061],[77.35937,27.5878],[77.3443,27.52443],[77.43874,27.45641],[77.44093,27.39357],[77.58362,27.32104],[77.62324,27.3377],[77.60072,27.29487],[77.64792,27.24144],[77.78419,27.23382],[77.84846,27.29026],[77.87295,27.24852],[77.88347,27.29549],[77.93537,27.23426],[77.95093,27.28384],[77.8996,27.35843],[77.93502,27.41301],[77.90336,27.4408],[77.94281,27.4845],[77.88002,27.52508],[77.90908,27.56376],[77.86876,27.57876],[77.85152,27.65326],[77.79474,27.68414],[77.80238,27.74314],[77.83539,27.7551],[77.78438,27.83968],[77.80965,27.86063],[77.73788,27.92992],[77.64493,27.96473],[77.56495,27.91253],[77.49288,27.93846],[77.46156,27.87619],[77.42198,27.89076],[77.42251,27.85437],[77.33582,27.84741]]]}},
{"type":"Feature","properties":{"shapeID":"76128533B15342706434354","shapeName":"Etah"},"geometry":{"type":"Polygon","coordinates":[[[78.55121,27.78265],[78.50109,27.61665],[78.21477,27.52347],[78.18179,27.42701],[78.2974,27.38227],[78.289,27.31045],[78.38565,27.33773],[78.40089,27.37088],[78.45888,27.37259],[78.47957,27.34184],[78.46774,27.42548],[78.51421,27.46257],[78.54564,27.44156],[78.60762,27.5097],[78.66203,27.49021],[78.64496,27.42176],[78.73676,27.33358],[78.83695,27.36097],[78.89121,27.46945],[78.95998,27.41919],[79.11003,27.4323],[79.21673,27.329],[79.26907,27.34704],[79.22883,27.41355],[79.26103,27.42997],[79.27481,27.51706],[79.22645,27.5358],[79.221,27.57642],[79.10733,27.54797],[79.03417,27.58104],[78.99841,27.64262],[78.96965,27.56704],[78.90105,27.55075],[78.88761,27.5841],[78.73124,27.6353],[78.68105,27.73724],[78.55121,27.78265]]]}},
{"type":"Feature","properties":{"shapeID":"76128533B25208535254310","shapeName":"Hardoi"},"geometry":{"type":"Polygon","coordinates":[[[80.31251,27.67863],[80.23387,27.77006],[80.13247,27.74964],[80.13703,27.77721],[80.09202,27.78431],[80.06572,27.74325],[79.91437,27.72057],[79.86176,27.64975],[79.74168,27.72171],[79.68873,27.63344],[79.73122,27.5291],[79.71678,27.47324],[79.74732,27.45191],[79.69072,27.37286],[79.73287,27.27979],[79.70057,27.22925],[79.9059,27.14656],[80.05197,26.91914],[80.1153,26.99512],[80.1833,26.99684],[80.17448,26.95872],[80.22102,26.96522],[80.25246,27.02666],[80.28598,27.03011],[80.41798,26.88996],[80.44642,26.9666],[80.64705,27.07861],[80.70137,27.06016],[80.73848,27.10087],[80.82753,27.10143],[80.79985,27.19311],[80.75053,27.22649],[80.65727,27.22715],[80.64826,27.26066],[80.57151,27.29207],[80.49886,27.25625],[80.50156,27.32512],[80.32573,27.53086],[80.31251,27.67863]]]}},
{"type":"Feature","properties":{"shapeID":"76128533B87371000929659","shapeName":"Balrampur"},"geometry":{"type":"Polygon","coordinates":[[[82.07749,27.41064],[82.27924,27.27527],[82.31191,27.21184],[82.23891,27.22291],[82.21737,27.17892],[82.33889,27.0539],[82.41184,27.07817],[82.48187,27.13817],[82.40849,27.19201],[82.49541,27.22263],[82.46757,27.28697],[82.49346,27.35955],[82.54305,27.37224],[82.57854,27.42624],[82.76665,27.41515],[82.72102,27.46641],[82.75435,27.58607],[82.70806,27.72193],[82.4488,27.67876],[82.20789,27.84334],[82.08774,27.63869],[82.02634,27.58871],[82.07749,27.41064]]]}},
{"type":"Feature","properties":{"shapeID":"76128533B8878807356913","shapeName":"Mahamaya Nagar"},"geometry":{"type":"Polygon","coordinates":[[[78.47927,27.8076],[78.44913,27.81788],[78.26022,27.67654],[78.20478,27.73018],[78.21858,27.76094],[78.02446,27.7715],[78.00576,27.60731],[77.90062,27.58629],[77.88015,27.53385],[77.94281,27.4845],[77.90336,27.4408],[77.93502,27.41301],[77.91089,27.4092],[77.9043,27.32301],[77.96981,27.26699],[77.98472,27.32535],[78.08852,27.35292],[78.06163,27.38154],[78.13722,27.36481],[78.19849,27.40282],[78.18065,27.43263],[78.21477,27.52347],[78.50109,27.61665],[78.52883,27.72361],[78.47611,27.7583],[78.47927,27.8076]]]}},
{"type":"Feature","properties":{"shapeID":"76128533B96870418529164","shapeName":"Shahjahanpur"},"geometry":{"type":"Polygon","coordinates":[[[79.33187,27.72794],[79.37623,27.64128],[79.39566,27.64516],[79.4277,27.62767],[79.46463,27.63332],[79.50241,27.58911],[79.61302,27.59316],[79.59857,27.6144],[79.65371,27.64088],[79.65829,27.50669],[79.71678,27.47324],[79.73122,27.5291],[79.68873,27.63344],[79.73816,27.71907],[79.86176,27.64975],[79.91437,27.72057],[80.07388,27.7484],[80.02576,27.91876],[80.08242,27.92664],[80.12388,27.99624],[80.24605,28.05363],[80.25135,28.15047],[80.30221,28.15194],[80.3073,28.25849],[80.37041,28.33662],[80.26512,28.36763],[80.24702,28.31427],[80.20465,28.3449],[80.09076,28.36348],[80.07275,28.33211],[80.01476,28.36219],[79.94222,28.31084],[79.96558,28.14648],[79.94036,28.11511],[79.86316,28.13808],[79.88777,28.17789],[79.83182,28.23934],[79.78201,28.15977],[79.7248,28.17953],[79.73686,28.22917],[79.67928,28.26325],[79.62254,28.153],[79.63181,28.08604],[79.52906,28.05919],[79.47708,27.98442],[79.49076,27.94244],[79.46102,27.89598],[79.48689,27.84257],[79.40766,27.84149],[79.35711,27.79006],[79.35946,27.73745],[79.33187,27.72794]]]}},
{"type":"Feature","properties":{"shapeID":"76128533B59596968713717","shapeName":"Farrukhabad"},"geometry":{"type":"Polygon","coordinates":[[[79.46463,27.63332],[79.13611,27.70257],[79.13289,27.63355],[79.27481,27.51706],[79.26103,27.42997],[79.22883,27.41355],[79.26794,27.35282],[79.25124,27.33065],[79.2899,27.28191],[79.32101,27.28666],[79.33977,27.21554],[79.52239,27.20941],[79.56214,27.1588],[79.6166,27.18752],[79.68102,27.17147],[79.72769,27.21778],[79.69823,27.25918],[79.73287,27.27979],[79.69072,27.37286],[79.74732,27.45191],[79.65829,27.50669],[79.65371,27.64088],[79.59857,27.6144],[79.61302,27.59316],[79.50241,27.58911],[79.46463,27.63332]]]}},
{"type":"Feature","properties":{"shapeID":"76128533B80966996849325","shapeName":"Kannauj"},"geometry":{"type":"Polygon","coordinates":[[[79.72619,27.21642],[79.67092,27.16596],[79.6166,27.18752],[79.56587,27.15864],[79.52239,27.20941],[79.41295,27.22567],[79.39048,27.11592],[79.44064,27.09364],[79.43433,27.06684],[79.32021,26.94181],[79.43905,26.94107],[79.56092,26.86073],[79.65286,26.8933],[79.72186,26.80279],[79.84713,26.77475],[79.86061,26.82693],[79.89552,26.81233],[79.89777,26.84974],[79.96595,26.85978],[79.94503,26.94381],[79.98598,26.92731],[80.02598,26.96541],[79.9059,27.14656],[79.72619,27.21642]]]}},
{"type":"Feature","properties":{"shapeID":"76128533B90071703601852","shapeName":"Pilibhit"},"geometry":{"type":"Polygon","coordinates":[[[79.6332,28.85941],[79.67299,28.74338],[79.62977,28.70894],[79.60009,28.61587],[79.67589,28.58265],[79.66589,28.54919],[79.74854,28.50529],[79.75777,28.45026],[79.72817,28.46014],[79.7234,28.41296],[79.67224,28.39122],[79.70324,28.37245],[79.67361,28.31689],[79.71102,28.28648],[79.68552,28.26303],[79.73686,28.22917],[79.7248,28.17953],[79.80283,28.16847],[79.83182,28.23934],[79.88777,28.17789],[79.86316,28.13808],[79.95584,28.11683],[79.94222,28.31084],[80.01476,28.36219],[80.07275,28.33211],[80.09076,28.36348],[80.20465,28.3449],[80.24702,28.31427],[80.26512,28.36763],[80.37041,28.33662],[80.30132,28.45329],[80.32429,28.481],[80.3766,28.45978],[80.43442,28.51524],[80.38115,28.59203],[80.30402,28.61645],[80.32154,28.69302],[80.25607,28.75456],[80.07107,28.82946],[80.02571,28.73125],[79.96493,28.71139],[79.92224,28.75718],[79.94213,28.78329],[79.87516,28.79411],[79.91765,28.80047],[79.89192,28.83214],[79.8127,28.79519],[79.84986,28.85381],[79.83246,28.87958],[79.70549,28.83772],[79.6332,28.85941]]]}},
{"type":"Feature","properties":{"shapeID":"76128533B84772439394056","shapeName":"Mainpuri"},"geometry":{"type":"Polygon","coordinates":[[[78.73434,27.33575],[78.71386,27.284],[78.8211,27.13294],[78.78206,27.10121],[78.80124,26.98499],[78.98344,27.00108],[79.0303,26.96922],[79.18454,27.00608],[79.20035,26.97335],[79.27537,26.99029],[79.35678,26.95876],[79.43433,27.06684],[79.44064,27.09364],[79.39269,27.10613],[79.39512,27.19687],[79.31722,27.24282],[79.32101,27.28666],[79.14733,27.37669],[79.11003,27.4323],[78.95998,27.41919],[78.89121,27.46945],[78.83695,27.36097],[78.73434,27.33575]]]}},
{"type":"Feature","properties":{"shapeID":"76128533B21119051307760","shapeName":"Jyotiba Phule Nagar"},"geometry":{"type":"Polygon","coordinates":[[[78.52566,29.06967],[78.36744,29.02924],[78.08529,29.06796],[78.09758,28.98376],[78.06226,28.89648],[78.19357,28.67023],[78.23007,28.57303],[78.21654,28.50176],[78.30549,28.45865],[78.28302,28.42707],[78.29154,28.403],[78.43314,28.48433],[78.42102,28.78479],[78.5348,28.77523],[78.65483,28.83983],[78.6307,28.9226],[78.53064,28.94198],[78.57251,29.01697],[78.52566,29.06967]]]}},
{"type":"Feature","properties":{"shapeID":"76128533B91640519747726","shapeName":"Firozabad"},"geometry":{"type":"Polygon","coordinates":[[[78.38565,27.33773],[78.21353,27.31083],[78.21369,27.26342],[78.24096,27.25481],[78.20684,27.21031],[78.20121,27.11942],[78.22967,27.07266],[78.26073,27.08123],[78.24538,27.10907],[78.28474,27.07957],[78.29982,27.11992],[78.3698,27.12172],[78.31652,27.09409],[78.31361,27.05158],[78.36468,27.0793],[78.42906,27.04662],[78.49049,26.96339],[78.5737,26.96296],[78.60489,26.91909],[78.62012,26.94594],[78.64549,26.8793],[78.67403,26.87835],[78.67689,26.9168],[78.72413,26.89858],[78.8187,26.95579],[78.83102,26.98236],[78.80124,26.98499],[78.78092,27.04991],[78.78791,27.12322],[78.81981,27.13881],[78.71386,27.284],[78.73545,27.29456],[78.71755,27.37584],[78.64496,27.42176],[78.66203,27.49021],[78.59863,27.50676],[78.54564,27.44156],[78.51421,27.46257],[78.46774,27.42548],[78.47957,27.34184],[78.45888,27.37259],[78.40089,27.37088],[78.38565,27.33773]]]}},
{"type":"Feature","properties":{"shapeID":"76128533B1996088953603","shapeName":"Sultanpur"},"geometry":{"type":"Polygon","coordinates":[[[82.05376,26.05945],[82.10953,26.07572],[82.20347,26.01523],[82.24793,26.05709],[82.34724,26.00578],[82.39423,26.03189],[82.49824,25.97388],[82.51643,26.03135],[82.46674,26.04449],[82.44501,26.13279],[82.56987,26.13125],[82.60086,26.19621],[82.69083,26.15314],[82.68037,26.25556],[82.44847,26.28644],[82.3823,26.37847],[82.18837,26.40752],[82.13427,26.4659],[81.92757,26.51152],[81.94393,26.47033],[81.90892,26.44901],[81.94896,26.44754],[81.93383,26.3779],[81.87904,26.37824],[81.80339,26.32526],[82.05108,26.14853],[82.07612,26.08778],[82.05376,26.05945]]]}},
{"type":"Feature","properties":{"shapeID":"76128533B53725063754801","shapeName":"Chitrakoot"},"geometry":{"type":"Polygon","coordinates":[[[81.54327,25.18316],[81.52134,25.22698],[81.56456,25.23896],[81.55022,25.29024],[81.46054,25.25892],[81.38936,25.2721],[81.38677,25.33492],[81.26517,25.3257],[81.15171,25.39724],[81.19156,25.48769],[81.02238,25.54444],[80.999,25.47605],[80.94389,25.46949],[80.83391,25.34863],[80.75922,25.32435],[80.8121,25.26297],[80.74816,25.2331],[80.79805,25.21665],[80.7146,25.18503],[80.68892,25.13083],[80.72282,25.06403],[80.78434,25.05801],[80.70809,25.13333],[80.80807,25.14267],[80.83616,25.10661],[80.8448,25.18891],[80.88172,25.1879],[80.91342,25.15662],[80.83366,25.03021],[80.85361,24.98559],[80.79409,24.96221],[80.81707,24.91717],[80.94998,24.96328],[80.95927,24.91534],[81.08481,24.9489],[81.14144,24.88487],[81.16985,24.95256],[81.22145,24.926],[81.21013,24.99241],[81.26578,25.05041],[81.27935,25.16332],[81.31509,25.16107],[81.32401,25.11012],[81.32288,25.15764],[81.35811,25.16093],[81.49303,25.06944],[81.51905,25.09769],[81.48093,25.13411],[81.52881,25.1354],[81.51636,25.18169],[81.54327,25.18316]]]}},
{"type":"Feature","properties":{"shapeID":"76128533B18648944871057","shapeName":"Basti"},"geometry":{"type":"Polygon","coordinates":[[[82.56795,27.10457],[82.57222,27.02102],[82.61661,27.00434],[82.48725,26.90518],[82.39877,26.9468],[82.35986,26.93139],[82.31679,26.97704],[82.24371,26.93456],[82.23621,26.75229],[82.39333,26.65241],[82.66495,26.60475],[82.71395,26.55521],[82.9169,26.61352],[82.90252,26.64336],[82.95303,26.65518],[82.96302,26.69818],[82.90411,26.74865],[82.91471,26.77652],[82.86549,26.77157],[82.86277,26.81742],[82.80294,26.83802],[82.84985,26.86839],[82.84733,26.93532],[82.90331,26.91171],[82.88121,27.03488],[82.67284,27.12479],[82.56795,27.10457]]]}},
{"type":"Feature","properties":{"shapeID":"76128533B40226077866964","shapeName":"Gorakhpur"},"geometry":{"type":"Polygon","coordinates":[[[83.07073,26.40797],[83.23108,26.39324],[83.3397,26.34865],[83.41831,26.27416],[83.53256,26.27576],[83.62874,26.21789],[83.67094,26.28879],[83.65815,26.31916],[83.62118,26.29958],[83.63974,26.32718],[83.60181,26.34663],[83.61119,26.36937],[83.58105,26.36428],[83.58446,26.39804],[83.54355,26.35385],[83.52779,26.39845],[83.48786,26.39627],[83.51008,26.41608],[83.47959,26.46175],[83.49469,26.48983],[83.60186,26.51473],[83.63017,26.57419],[83.6237,26.72593],[83.52826,26.85418],[83.54457,26.8805],[83.46786,26.95823],[83.33127,26.98104],[83.40009,27.08981],[83.34138,27.09134],[83.28453,27.05015],[83.17766,27.08756],[83.13011,27.14142],[83.14424,27.00493],[83.21585,27.01722],[83.22629,26.97899],[83.19595,26.94465],[83.22742,26.93691],[83.21722,26.88424],[83.13738,26.88728],[83.10022,26.80784],[83.14451,26.74637],[83.08558,26.70057],[83.13249,26.65496],[83.10946,26.61353],[83.14115,26.56235],[83.20532,26.52421],[83.18995,26.48906],[83.09672,26.48388],[83.07073,26.40797]]]}},
{"type":"Feature","properties":{"shapeID":"76128533B49436035281620","shapeName":"Lucknow"},"geometry":{"type":"Polygon","coordinates":[[[80.82753,27.10143],[80.73848,27.10087],[80.70137,27.06016],[80.64705,27.07861],[80.56075,27.01085],[80.60038,26.98395],[80.56117,26.93642],[80.6096,26.94412],[80.62815,26.88061],[80.75593,26.77392],[80.69284,26.76006],[80.71482,26.66807],[80.84305,26.66312],[80.89215,26.59795],[81.05138,26.50197],[81.18405,26.61878],[81.16747,26.64329],[81.21917,26.70615],[81.1888,26.76156],[81.21675,26.78236],[81.16428,26.77324],[81.17102,26.80744],[81.09414,26.83787],[81.09596,26.91462],[81.04353,26.93876],[81.06564,26.96772],[81.02573,26.97245],[80.97866,27.03542],[80.98429,27.0695],[81.05627,27.08534],[81.01233,27.1406],[80.92951,27.15903],[80.82753,27.10143]]]}},
{"type":"Feature","properties":{"shapeID":"76128533B73925919155567","shapeName":"Azamgarh"},"geometry":{"type":"Polygon","coordinates":[[[82.68228,26.15136],[82.77362,25.89453],[82.76153,25.8331],[82.83545,25.7663],[82.93079,25.75612],[82.98579,25.67952],[83.00853,25.71273],[83.07809,25.6816],[83.06715,25.65164],[83.14851,25.63652],[83.19441,25.70041],[83.24198,25.70614],[83.19573,25.77753],[83.30588,25.75591],[83.32534,25.81311],[83.36742,25.82062],[83.33411,25.83635],[83.3359,25.88545],[83.39789,25.92411],[83.32373,25.93307],[83.38072,26.01734],[83.34939,26.03419],[83.4029,26.04718],[83.38189,26.06582],[83.44111,26.10524],[83.50999,26.27804],[83.41831,26.27416],[83.3372,26.35012],[83.18479,26.39771],[83.11493,26.35602],[83.1111,26.28456],[83.06972,26.28132],[83.02605,26.3367],[82.97779,26.34084],[82.97455,26.37902],[82.9356,26.38378],[82.93942,26.416],[82.91755,26.42679],[82.86446,26.32497],[82.88347,26.16891],[82.78031,26.19446],[82.75625,26.26308],[82.693,26.26928],[82.68228,26.15136]]]}},
{"type":"Feature","properties":{"shapeID":"76128533B60320291189162","shapeName":"Faizabad"},"geometry":{"type":"Polygon","coordinates":[[[82.22102,26.40752],[82.31704,26.50676],[82.33908,26.57679],[82.39664,26.54309],[82.45985,26.56998],[82.47853,26.65236],[82.38238,26.65784],[82.23621,26.75229],[82.19513,26.83089],[81.98107,26.77831],[81.76958,26.86902],[81.64125,26.81859],[81.60661,26.84408],[81.60729,26.8162],[81.58075,26.82626],[81.55988,26.77821],[81.60469,26.678],[81.57433,26.67986],[81.54293,26.64598],[81.57049,26.66421],[81.66595,26.62096],[81.65107,26.58166],[81.70374,26.58846],[81.67854,26.52577],[81.71074,26.50772],[81.75785,26.54372],[81.84808,26.51185],[81.88088,26.53373],[81.89554,26.50633],[82.13427,26.4659],[82.22102,26.40752]]]}},
{"type":"Feature","properties":{"shapeID":"76128533B7879459377699","shapeName":"Ambedkar Nagar"},"geometry":{"type":"Polygon","coordinates":[[[82.44847,26.28644],[82.75625,26.26308],[82.78031,26.19446],[82.87181,26.16205],[82.89086,26.18464],[82.85956,26.20608],[82.88658,26.25186],[82.86446,26.32497],[82.91755,26.42679],[82.97779,26.34084],[83.02605,26.3367],[83.06972,26.28132],[83.1111,26.28456],[83.13491,26.38496],[83.08695,26.39059],[83.02457,26.47413],[82.9032,26.54087],[82.80991,26.57479],[82.71395,26.55521],[82.66495,26.60475],[82.57952,26.60418],[82.47853,26.65236],[82.45985,26.56998],[82.39664,26.54309],[82.33908,26.57679],[82.31704,26.50676],[82.22102,26.40752],[82.3823,26.37847],[82.44847,26.28644]]]}},
{"type":"Feature","properties":{"shapeID":"76128533B73769926250842","shapeName":"Ballia"},"geometry":{"type":"Polygon","coordinates":[[[84.45398,25.88819],[84.35976,25.95755],[84.30471,25.94517],[84.2103,25.99862],[84.17473,25.98954],[84.1758,26.02348],[84.09965,26.09443],[83.89847,26.12715],[83.85106,26.18978],[83.78118,26.16059],[83.80757,26.13937],[83.79529,26.10791],[83.68252,26.07512],[83.68922,26.00965],[83.79744,25.98666],[83.79837,25.9228],[83.73008,25.84892],[83.80072,25.81203],[83.8129,25.77307],[83.85771,25.7965],[83.95483,25.7477],[83.92925,25.55999],[84.07526,25.6337],[84.07794,25.69386],[84.11617,25.72189],[84.17579,25.72005],[84.22527,25.66246],[84.29373,25.65998],[84.32673,25.67041],[84.3395,25.74298],[84.3882,25.74713],[84.41002,25.698],[84.45327,25.71146],[84.49645,25.67644],[84.53263,25.68297],[84.54394,25.72508],[84.56036,25.68267],[84.56369,25.735],[84.63862,25.72699],[84.6086,25.75924],[84.62832,25.79267],[84.53514,25.8328],[84.53684,25.87618],[84.45398,25.88819]]]}},
{"type":"Feature","properties":{"shapeID":"76128533B23710487943819","shapeName":"Kanpur Nagar"},"geometry":{"type":"Polygon","coordinates":[[[80.10717,26.87171],[79.99591,26.95852],[79.98349,26.92698],[79.94503,26.94381],[79.96595,26.85978],[79.89421,26.82914],[80.00151,26.70302],[79.98218,26.66722],[80.0275,26.60674],[80.18229,26.51718],[80.16188,26.45993],[80.13142,26.45482],[80.14586,26.35559],[80.19152,26.33836],[80.16243,26.29175],[80.13698,26.30248],[80.12613,26.25262],[80.09465,26.27414],[80.01361,26.25226],[80.02612,26.17039],[79.96866,26.15219],[79.95748,26.0828],[80.09559,26.07802],[80.11465,26.04608],[80.08519,25.99872],[80.21457,25.9175],[80.27152,26.06073],[80.4084,26.16115],[80.54239,26.19918],[80.56186,26.26471],[80.53358,26.35766],[80.3101,26.52569],[80.30427,26.6058],[80.25942,26.66957],[80.18682,26.68685],[80.13342,26.74285],[80.10717,26.87171]]]}},
{"type":"Feature","properties":{"shapeID":"76128533B87515288456202","shapeName":"Sant Ravidas Nagar (Bhadohi)"},"geometry":{"type":"Polygon","coordinates":[[[82.67204,25.24843],[82.71043,25.38841],[82.61927,25.39394],[82.63919,25.40615],[82.59917,25.41739],[82.60654,25.4506],[82.57057,25.41534],[82.55905,25.45608],[82.51489,25.44185],[82.4446,25.51712],[82.41231,25.4905],[82.33044,25.53623],[82.33149,25.49847],[82.30264,25.52143],[82.31733,25.50162],[82.28398,25.48773],[82.35335,25.41897],[82.31493,25.39193],[82.30222,25.30842],[82.21999,25.27624],[82.19479,25.21641],[82.21616,25.18387],[82.28542,25.1883],[82.24092,25.2223],[82.28497,25.275],[82.34578,25.20951],[82.39069,25.26144],[82.45092,25.22078],[82.47632,25.24705],[82.58642,25.25138],[82.63726,25.21864],[82.64469,25.25812],[82.67204,25.24843]]]}},
{"type":"Feature","properties":{"shapeID":"76128533B40509297062120","shapeName":"Siddharthnagar"},"geometry":{"type":"Polygon","coordinates":[[[82.40849,27.19201],[82.56818,27.07524],[82.56795,27.10457],[82.67284,27.12479],[82.94737,27.0207],[83.03438,27.0959],[83.14622,27.11174],[83.12363,27.15875],[83.16919,27.14507],[83.16978,27.22186],[83.29242,27.33661],[83.18792,27.45449],[83.03419,27.44894],[82.92949,27.50124],[82.73987,27.50236],[82.72102,27.46641],[82.76062,27.40951],[82.57854,27.42624],[82.54305,27.37224],[82.49346,27.35955],[82.46757,27.28697],[82.49541,27.22263],[82.40849,27.19201]]]}},
{"type":"Feature","properties":{"shapeID":"76128533B20660206691661","shapeName":"Auraiya"},"geometry":{"type":"Polygon","coordinates":[[[79.33782,26.93835],[79.34199,26.74062],[79.23282,26.53967],[79.31594,26.52194],[79.22856,26.43463],[79.2931,26.44251],[79.34209,26.40149],[79.47469,26.43122],[79.50979,26.36487],[79.63978,26.5081],[79.63839,26.60032],[79.72165,26.66118],[79.67705,26.74294],[79.75846,26.79502],[79.71662,26.80657],[79.65286,26.8933],[79.56092,26.86073],[79.43905,26.94107],[79.33782,26.93835]]]}},
{"type":"Feature","properties":{"shapeID":"76128533B54279951806726","shapeName":"Sant Kabir Nagar"},"geometry":{"type":"Polygon","coordinates":[[[82.82474,26.56976],[83.01867,26.47855],[83.07073,26.40797],[83.09672,26.48388],[83.19336,26.49185],[83.20532,26.52421],[83.14115,26.56235],[83.10946,26.61353],[83.13249,26.65496],[83.08558,26.70057],[83.14451,26.74637],[83.10022,26.80784],[83.13738,26.88728],[83.21722,26.88424],[83.22726,26.94081],[83.19625,26.96779],[83.2272,26.98325],[83.21585,27.01722],[83.14424,27.00493],[83.12745,27.10174],[83.03438,27.0959],[82.94737,27.0207],[82.87694,27.02781],[82.90331,26.91171],[82.84733,26.93532],[82.84985,26.86839],[82.80294,26.83802],[82.86277,26.81742],[82.86549,26.77157],[82.91471,26.77652],[82.90411,26.74865],[82.96329,26.69422],[82.95303,26.65518],[82.90252,26.64336],[82.91753,26.61407],[82.89039,26.62391],[82.82474,26.56976]]]}},
{"type":"Feature","properties":{"shapeID":"76128533B98420041301261","shapeName":"Kaushambi"},"geometry":{"type":"Polygon","coordinates":[[[81.55022,25.29024],[81.72628,25.39024],[81.66096,25.38094],[81.67853,25.50851],[81.64902,25.57874],[81.55832,25.57045],[81.5313,25.61932],[81.37346,25.69741],[81.40441,25.76254],[81.33695,25.81031],[81.20139,25.7195],[81.20618,25.68391],[81.2406,25.67605],[81.21683,25.67048],[81.21116,25.59655],[81.24252,25.5847],[81.27075,25.49927],[81.22221,25.44142],[81.15166,25.4257],[81.15171,25.39724],[81.26916,25.32402],[81.32515,25.34751],[81.39622,25.33073],[81.39415,25.27077],[81.55022,25.29024]]]}},
{"type":"Feature","properties":{"shapeID":"76128533B15835290978888","shapeName":"Jalaun"},"geometry":{"type":"Polygon","coordinates":[[[78.93584,25.95023],[79.08633,25.91654],[79.03124,25.90384],[79.0411,25.86781],[79.10862,25.89097],[79.13425,25.81371],[79.21406,25.79004],[79.29632,25.81574],[79.32046,25.76969],[79.40943,25.81011],[79.46062,25.78859],[79.5022,25.85818],[79.5543,25.82261],[79.5763,25.86109],[79.52568,25.88912],[79.61359,25.89843],[79.60844,25.9262],[79.6508,25.94521],[79.86476,25.9021],[79.85114,25.97168],[79.92435,25.9648],[79.95751,26.02283],[79.91388,26.01181],[79.94636,26.02974],[79.92191,26.09093],[79.78724,26.10855],[79.74531,26.13477],[79.76622,26.18314],[79.5495,26.27533],[79.52934,26.31449],[79.57536,26.35492],[79.51406,26.34841],[79.47681,26.43016],[79.34209,26.40149],[79.2931,26.44251],[79.13578,26.43929],[79.08568,26.36053],[79.14267,26.3395],[79.13547,26.31059],[79.04582,26.26155],[79.06581,26.22747],[78.99302,26.23758],[79.02944,26.20425],[78.98445,26.18739],[79.00937,26.1496],[78.95128,26.13376],[79.01173,26.07645],[78.95284,26.03164],[78.93584,25.95023]]]}},
{"type":"Feature","properties":{"shapeID":"76128533B7622369120497","shapeName":"Varanasi"},"geometry":{"type":"Polygon","coordinates":[[[82.67204,25.24843],[82.7528,25.24084],[82.77994,25.27153],[82.78512,25.22929],[82.82,25.2565],[82.8167,25.20657],[82.78429,25.20498],[82.80376,25.17252],[82.86251,25.17525],[82.90179,25.21582],[83.00951,25.2068],[83.071,25.24507],[83.01721,25.30339],[83.14558,25.31833],[83.17612,25.35324],[83.19084,25.41922],[83.13066,25.44963],[83.17395,25.52368],[83.15698,25.50294],[83.10233,25.52496],[83.11491,25.49746],[83.08907,25.49187],[83.07227,25.5509],[83.04413,25.53988],[83.02174,25.57559],[82.95797,25.52457],[82.92987,25.57022],[82.8668,25.58016],[82.77967,25.52908],[82.72677,25.54159],[82.71065,25.48272],[82.73637,25.46228],[82.68513,25.4194],[82.7111,25.38658],[82.67204,25.24843]]]}},
{"type":"Feature","properties":{"shapeID":"76128533B20647769792365","shapeName":"Pratapgarh"},"geometry":{"type":"Polygon","coordinates":[[[82.10953,26.07572],[81.96508,26.0786],[81.93299,26.05188],[81.88512,26.08048],[81.78704,26.02643],[81.74246,26.08587],[81.68836,26.07628],[81.68498,26.11725],[81.61957,26.17844],[81.54355,26.12236],[81.56924,26.07321],[81.51881,26.03656],[81.56765,26.02893],[81.59599,25.96635],[81.50636,25.97315],[81.48786,25.93108],[81.44779,25.93713],[81.32735,25.85693],[81.35405,25.83302],[81.33995,25.8034],[81.40441,25.76254],[81.37346,25.69741],[81.5313,25.61932],[81.56956,25.56808],[81.61449,25.59288],[81.60919,25.66746],[81.64299,25.66215],[81.65982,25.61213],[81.7273,25.62505],[81.69732,25.66721],[81.75099,25.6687],[81.75487,25.7337],[81.79337,25.74894],[81.89007,25.71104],[81.93197,25.75157],[82.01349,25.74571],[82.04007,25.72348],[82.01244,25.69695],[82.11072,25.65424],[82.18935,25.71151],[82.17978,25.82607],[82.27885,25.84228],[82.29647,25.8919],[82.34666,25.91511],[82.39466,25.90969],[82.34789,25.95994],[82.43682,25.98144],[82.39423,26.03189],[82.34724,26.00578],[82.24793,26.05709],[82.20347,26.01523],[82.10953,26.07572]]]}},
{"type":"Feature","properties":{"shapeID":"76128533B27201270098470","shapeName":"Hamirpur"},"geometry":{"type":"Polygon","coordinates":[[[79.96866,26.15219],[79.94026,26.15797],[79.92185,26.09079],[79.94636,26.02974],[79.91342,26.01294],[79.95478,26.00701],[79.92295,25.96414],[79.85114,25.97168],[79.86476,25.9021],[79.6508,25.94521],[79.60844,25.9262],[79.61359,25.89843],[79.52568,25.88912],[79.5763,25.86109],[79.5543,25.82261],[79.5022,25.85818],[79.46062,25.78859],[79.40943,25.81011],[79.36474,25.7745],[79.40052,25.74067],[79.37327,25.69928],[79.40642,25.65279],[79.36108,25.64325],[79.38922,25.57787],[79.42093,25.57748],[79.3894,25.52202],[79.64271,25.48437],[79.66119,25.55058],[79.71452,25.56661],[79.7559,25.5168],[79.79293,25.57285],[79.94289,25.59254],[79.945,25.62631],[80.04481,25.51485],[80.06041,25.54995],[80.08771,25.51225],[80.22456,25.47075],[80.21482,25.55436],[80.27781,25.58106],[80.27657,25.62017],[80.3176,25.64516],[80.30438,25.69336],[80.35141,25.70523],[80.23176,25.79769],[80.33192,25.84574],[80.35049,25.89889],[80.30849,25.88926],[80.27192,25.93083],[80.21457,25.9175],[80.08519,25.99872],[80.11465,26.04608],[80.09559,26.07802],[79.9627,26.07434],[79.96866,26.15219]]]}},
{"type":"Feature","properties":{"shapeID":"76128533B67530641452031","shapeName":"Gonda"},"geometry":{"type":"Polygon","coordinates":[[[81.50824,27.05906],[81.57359,27.04656],[81.58201,27.01106],[81.64051,27.01388],[81.6582,26.96228],[81.73181,26.95343],[81.71782,26.9204],[81.75155,26.88799],[81.98107,26.77831],[82.14181,26.83178],[82.25329,26.8115],[82.2399,26.92757],[82.31679,26.97704],[82.35986,26.93139],[82.39877,26.9468],[82.48071,26.90442],[82.61661,27.00434],[82.57222,27.02102],[82.54944,27.10886],[82.4818,27.16862],[82.47387,27.1206],[82.4427,27.12889],[82.41184,27.07817],[82.33889,27.0539],[82.21737,27.17892],[82.23891,27.22291],[82.31191,27.21184],[82.27924,27.27527],[82.07749,27.41064],[82.00386,27.41142],[81.97125,27.44251],[81.9103,27.37017],[81.91943,27.31756],[81.85473,27.32915],[81.82673,27.27154],[81.744,27.3299],[81.68477,27.31974],[81.70782,27.28019],[81.64488,27.15404],[81.50824,27.05906]]]}},
{"type":"Feature","properties":{"shapeID":"76128533B80299348876357","shapeName":"Kanpur Dehat"},"geometry":{"type":"Polygon","coordinates":[[[79.75952,26.7834],[79.67705,26.74294],[79.72165,26.66118],[79.63839,26.60032],[79.63978,26.5081],[79.50408,26.36388],[79.57536,26.35492],[79.52934,26.31449],[79.5495,26.27533],[79.76838,26.18129],[79.74531,26.13477],[79.92191,26.09093],[79.94026,26.15797],[80.02612,26.17039],[80.01597,26.25443],[80.09465,26.27414],[80.12613,26.25262],[80.13698,26.30248],[80.18259,26.31182],[80.13142,26.45482],[80.16188,26.45993],[80.18277,26.51601],[80.09705,26.58951],[80.0275,26.60674],[79.98218,26.66722],[80.00151,26.70302],[79.92424,26.80813],[79.86061,26.82693],[79.84207,26.77176],[79.75952,26.7834]]]}},
{"type":"Feature","properties":{"shapeID":"76128533B64732849735713","shapeName":"Jaunpur"},"geometry":{"type":"Polygon","coordinates":[[[82.43234,26.00898],[82.43682,25.98144],[82.34789,25.95994],[82.39466,25.90969],[82.34666,25.91511],[82.29647,25.8919],[82.27885,25.84228],[82.17713,25.82268],[82.19022,25.71427],[82.12105,25.64359],[82.17977,25.58316],[82.25237,25.57968],[82.41231,25.4905],[82.4446,25.51712],[82.51489,25.44185],[82.55905,25.45608],[82.57057,25.41534],[82.60654,25.4506],[82.62668,25.39278],[82.69372,25.3947],[82.70537,25.45718],[82.73637,25.46228],[82.71065,25.48272],[82.73449,25.54566],[82.77967,25.52908],[82.8668,25.58016],[82.92987,25.57022],[82.95436,25.52493],[83.02172,25.57559],[83.04413,25.53988],[83.07909,25.55626],[83.07809,25.6816],[83.00853,25.71273],[82.98579,25.67952],[82.93079,25.75612],[82.83545,25.7663],[82.75806,25.83707],[82.77362,25.89453],[82.67185,26.16177],[82.60086,26.19621],[82.56987,26.13125],[82.44501,26.13279],[82.46674,26.04449],[82.52383,26.00106],[82.48917,25.97239],[82.48478,26.00106],[82.43234,26.00898]]]}},
{"type":"Feature","properties":{"shapeID":"76128533B74938989340684","shapeName":"Bara Banki"},"geometry":{"type":"Polygon","coordinates":[[[81.41245,27.3366],[81.34736,27.25427],[81.294,27.35695],[81.22682,27.32109],[81.24221,27.26869],[81.21159,27.23805],[81.11876,27.27464],[81.06732,27.22156],[80.97067,27.24005],[80.92951,27.15903],[81.01233,27.1406],[81.05627,27.08534],[80.97296,27.05563],[81.02573,26.97245],[81.06564,26.96772],[81.04353,26.93876],[81.09596,26.91462],[81.09414,26.83787],[81.17102,26.80744],[81.16428,26.77324],[81.21675,26.78236],[81.1888,26.76156],[81.21917,26.70615],[81.16747,26.64329],[81.16618,26.59264],[81.2199,26.59824],[81.31621,26.53914],[81.38343,26.58705],[81.54228,26.52108],[81.5753,26.60952],[81.54267,26.65701],[81.60493,26.67922],[81.55988,26.77821],[81.58161,26.82749],[81.80491,26.86384],[81.71782,26.9204],[81.72915,26.95603],[81.6582,26.96228],[81.64051,27.01388],[81.58201,27.01106],[81.57359,27.04656],[81.48087,27.07012],[81.44495,27.15342],[81.44416,27.30894],[81.41245,27.3366]]]}},
{"type":"Feature","properties":{"shapeID":"76128533B11083100419963","shapeName":"Mahoba"},"geometry":{"type":"Polygon","coordinates":[[[80.10453,25.3472],[80.15048,25.39782],[80.12143,25.40762],[80.13972,25.45653],[80.19101,25.44223],[80.19426,25.46599],[80.06041,25.54995],[80.04481,25.51485],[79.97946,25.61494],[79.945,25.62631],[79.94289,25.59254],[79.79293,25.57285],[79.7559,25.5168],[79.71452,25.56661],[79.66119,25.55058],[79.64271,25.48437],[79.3894,25.52202],[79.34195,25.40258],[79.2775,25.33724],[79.35112,25.32765],[79.33818,25.28543],[79.36612,25.2576],[79.3744,25.28883],[79.41089,25.25266],[79.46923,25.28063],[79.49615,25.26334],[79.46457,25.26195],[79.44381,25.2001],[79.39258,25.16445],[79.36533,25.17309],[79.40751,25.10285],[79.42637,25.132],[79.44078,25.09813],[79.47925,25.1248],[79.49001,25.07663],[79.5724,25.16902],[79.61087,25.14939],[79.60151,25.1257],[79.74837,25.13529],[79.8635,25.09356],[79.85589,25.12828],[79.88297,25.13852],[79.85455,25.23707],[80.00505,25.26446],[80.03252,25.33711],[80.10453,25.3472]]]}},
{"type":"Feature","properties":{"shapeID":"76128533B29554440319099","shapeName":"Mahrajganj"},"geometry":{"type":"Polygon","coordinates":[[[83.86282,27.34673],[83.615,27.46953],[83.38891,27.47974],[83.40967,27.41323],[83.37358,27.35726],[83.2703,27.32577],[83.21853,27.24234],[83.16739,27.21769],[83.16919,27.14507],[83.12345,27.15622],[83.17766,27.08756],[83.28453,27.05015],[83.34138,27.09134],[83.40352,27.08771],[83.33127,26.98104],[83.44237,26.97948],[83.54457,26.8805],[83.57145,26.93284],[83.60708,26.91149],[83.62285,26.95498],[83.7239,26.95113],[83.76939,27.00066],[83.73026,27.05446],[83.76482,27.05274],[83.74675,27.07519],[83.80341,27.11102],[83.82626,27.17548],[83.78196,27.1653],[83.79995,27.21466],[83.83168,27.21078],[83.7957,27.24491],[83.84706,27.24933],[83.84456,27.28759],[83.90792,27.27581],[83.93555,27.30102],[83.91797,27.32718],[83.83788,27.3196],[83.86282,27.34673]]]}},
{"type":"Feature","properties":{"shapeID":"76128533B18243475101734","shapeName":"Mirzapur"},"geometry":{"type":"Polygon","coordinates":[[[82.30156,24.60404],[82.3405,24.62136],[82.41778,24.58857],[82.43023,24.69981],[82.45191,24.67176],[82.52498,24.67344],[82.55001,24.69486],[82.5475,24.80809],[82.58286,24.83053],[82.65916,24.78491],[82.70351,24.82823],[82.80854,24.85189],[82.95513,24.83943],[82.98643,24.89421],[83.0713,24.92352],[83.0592,25.05824],[83.12965,25.05831],[83.12951,25.12452],[83.16753,25.13551],[83.18134,25.17921],[83.03213,25.24197],[83.00216,25.20293],[82.90179,25.21582],[82.86251,25.17525],[82.80376,25.17252],[82.78429,25.20498],[82.8167,25.20657],[82.82151,25.25552],[82.78171,25.22987],[82.7783,25.27171],[82.7528,25.24084],[82.64469,25.25812],[82.6365,25.21859],[82.58642,25.25138],[82.47632,25.24705],[82.45092,25.22078],[82.39069,25.26144],[82.34804,25.20946],[82.30006,25.27186],[82.26367,25.26819],[82.242,25.21707],[82.28811,25.19956],[82.2703,25.16262],[82.30181,25.15668],[82.32811,25.08109],[82.30679,25.02195],[82.08434,24.83293],[82.12049,24.78988],[82.20427,24.82217],[82.18548,24.78961],[82.21963,24.77402],[82.17915,24.72968],[82.223,24.71968],[82.20827,24.74455],[82.24708,24.74191],[82.25161,24.76704],[82.2518,24.69481],[82.2314,24.67914],[82.30436,24.665],[82.30156,24.60404]]]}},
{"type":"Feature","properties":{"shapeID":"76128533B26931973511551","shapeName":"Kushinagar"},"geometry":{"type":"Polygon","coordinates":[[[83.99485,27.17871],[83.87383,27.29709],[83.84208,27.28591],[83.84706,27.24933],[83.7957,27.24491],[83.83168,27.21078],[83.79995,27.21466],[83.78196,27.1653],[83.82626,27.17548],[83.80341,27.11102],[83.74675,27.07519],[83.76482,27.05274],[83.73026,27.05446],[83.76939,27.00066],[83.72845,26.95326],[83.62285,26.95498],[83.60708,26.91149],[83.57145,26.93284],[83.52887,26.85935],[83.59298,26.79417],[83.58607,26.76123],[83.62014,26.75326],[83.63155,26.65712],[83.68319,26.70007],[83.79155,26.70723],[83.84273,26.75713],[83.96084,26.67141],[83.96672,26.6272],[84.05481,26.54856],[84.0909,26.64028],[84.28122,26.59696],[84.42337,26.62487],[84.41125,26.66887],[84.33471,26.68184],[84.30718,26.75072],[84.24314,26.737],[84.25039,26.85982],[84.17822,26.83186],[84.14021,26.85267],[84.1502,26.88487],[84.0614,26.88891],[84.03436,26.93987],[84.05039,27.04177],[84.00038,27.06562],[84.03035,27.09252],[83.95048,27.0866],[83.99485,27.17871]]]}},
{"type":"Feature","properties":{"shapeID":"76128533B40023971667984","shapeName":"Deoria"},"geometry":{"type":"Polygon","coordinates":[[[84.05784,26.5479],[83.96672,26.6272],[83.96084,26.67141],[83.84273,26.75713],[83.79155,26.70723],[83.68319,26.70007],[83.63155,26.65712],[83.60186,26.51473],[83.49469,26.48983],[83.47959,26.46175],[83.51008,26.41608],[83.48786,26.39627],[83.52779,26.39845],[83.54355,26.35385],[83.58396,26.3983],[83.58105,26.36428],[83.61119,26.36937],[83.60181,26.34663],[83.63974,26.32718],[83.62118,26.29958],[83.66726,26.31404],[83.6346,26.22309],[83.74657,26.26206],[83.80097,26.1961],[83.86345,26.18516],[83.89847,26.12715],[84.05576,26.09094],[84.01175,26.17597],[84.02716,26.23648],[84.08809,26.21897],[84.12171,26.25967],[84.16806,26.2437],[84.1802,26.37168],[84.08089,26.38208],[84.01989,26.44573],[83.9113,26.44767],[83.90994,26.51108],[84.05784,26.5479]]]}},
{"type":"Feature","properties":{"shapeID":"76128533B42623703243160","shapeName":"Unnao"},"geometry":{"type":"Polygon","coordinates":[[[80.05197,26.91914],[80.10717,26.87171],[80.14159,26.73249],[80.18682,26.68685],[80.24592,26.68211],[80.30427,26.6058],[80.3101,26.52569],[80.53358,26.35766],[80.61471,26.15174],[80.69916,26.11474],[80.69783,26.1604],[80.77106,26.18224],[80.77188,26.21236],[80.82269,26.20195],[80.88797,26.29202],[80.83235,26.3413],[80.84634,26.37126],[80.89409,26.34298],[80.93875,26.35686],[80.96953,26.30684],[81.05118,26.37347],[80.98538,26.46755],[81.00021,26.53505],[80.84305,26.66312],[80.79476,26.64645],[80.75728,26.68626],[80.72964,26.65596],[80.69759,26.6858],[80.71792,26.69974],[80.69284,26.76006],[80.75593,26.77392],[80.62815,26.88061],[80.6096,26.94412],[80.56117,26.93642],[80.59864,26.96269],[80.58021,27.00088],[80.44642,26.9666],[80.41798,26.88996],[80.28598,27.03011],[80.25246,27.02666],[80.22102,26.96522],[80.17448,26.95872],[80.1833,26.99684],[80.1153,26.99512],[80.05197,26.91914]]]}},
{"type":"Feature","properties":{"shapeID":"76128533B7124697440629","shapeName":"Fatehpur"},"geometry":{"type":"Polygon","coordinates":[[[81.19156,25.48769],[81.22221,25.44142],[81.27135,25.5076],[81.21116,25.59655],[81.21683,25.67048],[81.2406,25.67605],[81.20618,25.68391],[81.20139,25.7195],[81.33695,25.81031],[81.23365,25.86125],[81.2166,25.9266],[81.11656,25.95503],[81.03118,26.05644],[80.81171,26.03302],[80.61471,26.15174],[80.60823,26.21818],[80.56731,26.2268],[80.34233,26.12471],[80.30265,26.06065],[80.25626,26.04533],[80.21585,25.96787],[80.2371,25.92261],[80.27192,25.93083],[80.31476,25.88741],[80.3897,25.91077],[80.55669,25.86687],[80.46558,25.81838],[80.52359,25.77692],[80.58042,25.78024],[80.55599,25.73481],[80.59152,25.71044],[80.74323,25.68085],[80.83608,25.72761],[80.86317,25.67643],[80.94343,25.68543],[80.95899,25.60818],[81.03753,25.62624],[81.00023,25.57128],[81.0268,25.53934],[81.19156,25.48769]]]}},
{"type":"Feature","properties":{"shapeID":"76128533B88623139855224","shapeName":"Mau"},"geometry":{"type":"Polygon","coordinates":[[[83.50999,26.27804],[83.44111,26.10524],[83.38189,26.06582],[83.4029,26.04718],[83.34939,26.03419],[83.38072,26.01734],[83.32373,25.93307],[83.39789,25.92411],[83.3359,25.88545],[83.37081,25.79799],[83.40795,25.84016],[83.59657,25.88271],[83.63413,25.86636],[83.64822,25.89436],[83.73248,25.85644],[83.79837,25.9228],[83.79542,25.98931],[83.67731,26.02359],[83.6826,26.07539],[83.79529,26.10791],[83.80757,26.13937],[83.78118,26.16059],[83.81258,26.18533],[83.79029,26.22967],[83.74168,26.2625],[83.62874,26.21789],[83.50999,26.27804]]]}},
{"type":"Feature","properties":{"shapeID":"76128533B74057284038879","shapeName":"Rae Bareli"},"geometry":{"type":"Polygon","coordinates":[[[81.00021,26.53505],[80.98538,26.46755],[81.05118,26.37347],[80.96953,26.30684],[80.93875,26.35686],[80.89409,26.34298],[80.84634,26.37126],[80.83235,26.3413],[80.88031,26.27843],[80.82269,26.20195],[80.77188,26.21236],[80.77106,26.18224],[80.69783,26.1604],[80.67688,26.10487],[80.82663,26.03055],[81.01927,26.06299],[81.11656,25.95503],[81.2166,25.9266],[81.23365,25.86125],[81.33695,25.81031],[81.33533,25.87017],[81.37235,25.86674],[81.44779,25.93713],[81.48786,25.93108],[81.50636,25.97315],[81.59599,25.96635],[81.56765,26.02893],[81.51881,26.03656],[81.56924,26.07321],[81.54131,26.11899],[81.61229,26.15237],[81.61628,26.21506],[81.5916,26.24492],[81.52592,26.2014],[81.36772,26.218],[81.3763,26.26946],[81.4308,26.3118],[81.3839,26.32988],[81.4141,26.3369],[81.41333,26.41804],[81.34422,26.54413],[81.18536,26.60484],[81.05138,26.50197],[81.00021,26.53505]]]}},
{"type":"Feature","properties":{"shapeID":"76128533B13908294104682","shapeName":"Amethi"},"geometry":{"type":"Polygon","coordinates":[[[81.92757,26.51152],[81.75785,26.54372],[81.71074,26.50772],[81.6769,26.52905],[81.70374,26.58846],[81.65107,26.58166],[81.66595,26.62096],[81.57049,26.66421],[81.54228,26.52108],[81.38343,26.58705],[81.34386,26.5396],[81.41333,26.41804],[81.4141,26.3369],[81.3839,26.32988],[81.43081,26.3111],[81.3763,26.26946],[81.36701,26.21891],[81.52592,26.2014],[81.5916,26.24492],[81.68836,26.07628],[81.74246,26.08587],[81.78704,26.02643],[81.88512,26.08048],[81.93299,26.05188],[81.96508,26.0786],[82.05376,26.05945],[82.07612,26.08778],[82.05108,26.14853],[81.80339,26.32526],[81.87904,26.37824],[81.93383,26.3779],[81.94896,26.44754],[81.90892,26.44901],[81.94393,26.47033],[81.92757,26.51152]]]}},
{"type":"Feature","properties":{"shapeID":"76128533B68984344044805","shapeName":"Ghaziabad"},"geometry":{"type":"Polygon","coordinates":[[[77.70414,28.73879],[77.6938,28.87487],[77.49877,28.89578],[77.4605,28.92565],[77.40966,28.87495],[77.40846,28.77639],[77.30826,28.79108],[77.28802,28.8334],[77.22069,28.83024],[77.199,28.79989],[77.29142,28.70583],[77.33115,28.71334],[77.32595,28.63249],[77.41737,28.61887],[77.55113,28.61755],[77.53499,28.65439],[77.5601,28.68017],[77.62441,28.71787],[77.67378,28.69875],[77.70414,28.73879]]]}},
{"type":"Feature","properties":{"shapeID":"76128533B87051210355251","shapeName":"Muzaffarnagar"},"geometry":{"type":"Polygon","coordinates":[[[77.82447,29.66816],[77.74472,29.60368],[77.69744,29.61429],[77.66236,29.5609],[77.62558,29.61283],[77.48947,29.6323],[77.50614,29.59977],[77.4503,29.52187],[77.45873,29.44644],[77.4241,29.39382],[77.44327,29.33049],[77.39695,29.34631],[77.32542,29.25374],[77.51173,29.18911],[77.59155,29.26136],[77.64102,29.22272],[77.67184,29.24976],[77.78271,29.18025],[78.03777,29.26168],[78.13773,29.25328],[77.99693,29.48168],[78.02222,29.55555],[77.99778,29.59245],[77.9636,29.5858],[77.99333,29.63478],[77.94794,29.70929],[77.82447,29.66816]]]}},
{"type":"Feature","properties":{"shapeID":"76128533B34462889864078","shapeName":"Gautam Buddha Nagar"},"geometry":{"type":"Polygon","coordinates":[[[77.48384,28.07817],[77.64482,28.09374],[77.68892,28.12593],[77.66928,28.241],[77.61407,28.28895],[77.64624,28.38298],[77.62095,28.43854],[77.69859,28.54478],[77.67122,28.58499],[77.62366,28.57536],[77.56535,28.61746],[77.54562,28.59392],[77.52806,28.62445],[77.33129,28.63166],[77.3023,28.55412],[77.47815,28.41885],[77.50527,28.36962],[77.47207,28.33486],[77.50755,28.3054],[77.49308,28.25185],[77.55059,28.24294],[77.53031,28.19812],[77.49778,28.20577],[77.55022,28.17929],[77.50236,28.16078],[77.48384,28.07817]]]}},
{"type":"Feature","properties":{"shapeID":"76128533B33437990510331","shapeName":"Saharanpur"},"geometry":{"type":"Polygon","coordinates":[[[77.58804,30.40145],[77.58347,30.30717],[77.42634,30.15792],[77.40408,30.11033],[77.4248,30.10253],[77.27688,30.0396],[77.27738,29.99859],[77.18613,29.90719],[77.17935,29.81213],[77.11997,29.75933],[77.1562,29.68659],[77.22369,29.69531],[77.34238,29.64493],[77.45401,29.67089],[77.50169,29.62521],[77.62558,29.61283],[77.66236,29.5609],[77.69744,29.61429],[77.74472,29.60368],[77.82447,29.66816],[77.7714,29.71394],[77.77651,29.78686],[77.71704,29.88078],[77.75031,29.90745],[77.74571,29.97956],[77.78664,30.01488],[77.80302,30.09165],[77.83612,30.08587],[77.96359,30.23934],[77.72366,30.32657],[77.64998,30.40079],[77.58804,30.40145]]]}},
{"type":"Feature","properties":{"shapeID":"76128533B79784438258239","shapeName":"Etawah"},"geometry":{"type":"Polygon","coordinates":[[[79.05745,26.45051],[79.23328,26.42775],[79.31594,26.52194],[79.23282,26.53967],[79.34199,26.74062],[79.32064,26.97554],[79.20735,26.97163],[79.18454,27.00608],[79.0303,26.96922],[78.98344,27.00108],[78.83102,26.98236],[78.74312,26.89913],[78.76846,26.90418],[78.85204,26.80949],[78.7943,26.79756],[78.77988,26.75847],[78.82058,26.75976],[78.87462,26.69808],[78.95772,26.69234],[78.94593,26.65648],[79.00652,26.67533],[78.98869,26.5685],[79.06999,26.49773],[79.05745,26.45051]]]}},
{"type":"Feature","properties":{"shapeID":"76128533B26296891809198","shapeName":"Agra"},"geometry":{"type":"Polygon","coordinates":[[[78.39207,26.82084],[78.61101,26.75034],[78.7234,26.79489],[78.77988,26.75847],[78.7943,26.79756],[78.85204,26.80949],[78.74235,26.91839],[78.67689,26.9168],[78.67403,26.87835],[78.64549,26.8793],[78.62012,26.94594],[78.60489,26.91909],[78.5737,26.96296],[78.49049,26.96339],[78.42906,27.04662],[78.36468,27.0793],[78.31361,27.05158],[78.31652,27.09409],[78.3698,27.12172],[78.29982,27.11992],[78.28474,27.07957],[78.24538,27.10907],[78.26073,27.08123],[78.22967,27.07266],[78.20121,27.11942],[78.20684,27.21031],[78.24096,27.25481],[78.21369,27.26342],[78.21353,27.31083],[78.28405,27.30057],[78.2974,27.38227],[78.22657,27.40587],[78.18002,27.40886],[78.13722,27.36481],[78.06163,27.38154],[78.08852,27.35292],[77.98472,27.32535],[77.99094,27.2838],[77.93656,27.27097],[77.93537,27.23426],[77.88347,27.29549],[77.87295,27.24852],[77.85928,27.25312],[77.85636,27.2862],[77.84846,27.29026],[77.78419,27.23382],[77.64816,27.24143],[77.67436,27.18044],[77.50711,27.08958],[77.53007,27.0616],[77.57442,27.07238],[77.56694,27.03095],[77.63611,27.00986],[77.68213,27.04589],[77.71232,26.99464],[77.74436,27.02805],[77.75649,26.99281],[77.48222,26.89422],[77.42581,26.83727],[77.43684,26.7646],[77.47258,26.76403],[77.45655,26.74123],[77.50164,26.76146],[77.50637,26.84236],[77.52908,26.81644],[77.61297,26.82721],[77.72445,26.87569],[77.76209,26.93206],[77.89887,26.88377],[77.90874,26.91885],[78.01552,26.90493],[78.03084,26.85516],[78.05114,26.90969],[78.1104,26.89925],[78.12032,26.94747],[78.22496,26.94817],[78.2713,26.91774],[78.23555,26.87688],[78.2001,26.88285],[78.2188,26.8305],[78.26982,26.81522],[78.28459,26.85506],[78.36042,26.86861],[78.39207,26.82084]]]}},
{"type":"Feature","properties":{"shapeID":"76128533B61321395333865","shapeName":"Cuddalore"},"geometry":{"type":"MultiPolygon","coordinates":[[[[79.70811,11.88855],[79.68082,11.79611],[79.4561,11.87118],[79.48491,11.80814],[79.44361,11.80894],[79.4416,11.76433],[79.46648,11.76803],[79.42956,11.73146],[79.44547,11.66517],[79.38331,11.67988],[79.31119,11.6343],[79.25029,11.6513],[79.18535,11.58764],[79.07151,11.62101],[79.07899,11.59856],[79.0055,11.56692],[78.93079,11.56625],[78.9056,11.50353],[78.87628,11.5062],[78.96554,11.40229],[79.17735,11.37464],[79.23441,11.39315],[79.24567,11.37073],[79.29923,11.38196],[79.29731,11.41308],[79.37045,11.42044],[79.39543,11.35592],[79.5015,11.31219],[79.51425,11.2275],[79.46028,11.1505],[79.64949,11.25097],[79.65287,11.30088],[79.80548,11.38364],[79.75756,11.57905],[79.79694,11.78889],[79.71746,11.79418],[79.73713,11.84377],[79.77091,11.82356],[79.80896,11.83676],[79.76573,11.83968],[79.76217,11.87587],[79.71877,11.85646],[79.70811,11.88855]],[[79.69498,11.82227],[79.70418,11.81389],[79.69334,11.81424],[79.69498,11.82227]]],[[[79.79636,11.8981],[79.77215,11.88405],[79.78486,11.86312],[79.79636,11.8981]]]]}},
{"type":"Feature","properties":{"shapeID":"76128533B64003397477352","shapeName":"Pudukkottai"},"geometry":{"type":"Polygon","coordinates":[[[78.99096,9.94663],[79.04662,9.86124],[79.11456,9.84748],[79.15452,9.93175],[79.26704,10.03766],[79.22971,10.14153],[79.1539,10.16311],[79.1819,10.21916],[79.11765,10.2381],[79.15536,10.40016],[79.1295,10.43397],[79.19581,10.46318],[79.13073,10.49534],[79.19185,10.57899],[79.14374,10.58755],[79.12838,10.63458],[79.07134,10.63742],[79.06955,10.67107],[79.01857,10.67573],[79.03342,10.69749],[79.00039,10.72365],[78.97136,10.66855],[78.8719,10.70718],[78.74639,10.65974],[78.74294,10.70918],[78.69552,10.73344],[78.66383,10.65493],[78.63749,10.70775],[78.59613,10.65784],[78.52623,10.67444],[78.52892,10.62852],[78.48462,10.63863],[78.45128,10.60625],[78.46519,10.54339],[78.50506,10.48384],[78.53979,10.53048],[78.58286,10.52192],[78.58996,10.46575],[78.56457,10.42805],[78.52523,10.43721],[78.52345,10.37687],[78.49841,10.38571],[78.52068,10.26444],[78.4547,10.26661],[78.45573,10.24293],[78.48526,10.25431],[78.46712,10.20704],[78.51761,10.19113],[78.52581,10.25706],[78.57319,10.25734],[78.58141,10.28589],[78.62783,10.26742],[78.68326,10.14779],[78.70866,10.17488],[78.76833,10.16548],[78.77177,10.19904],[78.81116,10.21266],[78.84715,10.12616],[78.90332,10.15517],[78.92881,10.11563],[78.97263,10.12185],[78.98694,10.08957],[78.95034,10.08977],[78.9241,10.0455],[79.01415,9.98424],[78.99096,9.94663]]]}},
{"type":"Feature","properties":{"shapeID":"76128533B89374164863010","shapeName":"Vellore"},"geometry":{"type":"MultiPolygon","coordinates":[[[[78.59414,12.7827],[78.594526884000061,12.784906678000027],[78.59426,12.78339],[78.59414,12.7827]]],[[[78.594883262000053,12.786931948000074],[78.651311210000074,12.716763867000054],[78.717376973000057,12.827608276000035],[78.750565791000042,12.818513580000058],[78.925739553000085,12.916072100000065],[78.882796882000036,12.836989716000062],[78.914204915000084,12.774433801000043],[78.863737536000031,12.777104639000072],[78.843892717000074,12.706082288000061],[78.77323506700003,12.681030798000052],[78.859301898000069,12.627714574000038],[78.89878,12.68861],[78.97852,12.66584],[79.01451,12.70021],[79.01656,12.65789],[79.07547,12.75275],[79.16395,12.77051],[79.20649,12.74139],[79.182213213000068,12.855411002000039],[79.209921330000043,12.897386443000073],[79.160940836000066,12.914643516000069],[79.271638013000029,12.961550953000028],[79.28315288500005,13.016736348000052],[79.08162,13.02684],[78.9919,13.08893],[78.92662,13.08005],[78.90571,13.04738],[78.94099,13.03383],[78.8942,13.03205],[78.88245,13.09909],[78.71435,13.068],[78.70574,13.01628],[78.66299,13.02971],[78.62554,12.99064],[78.65877,12.93091],[78.594883262000053,12.786931948000074]]]]}},
{"type":"Feature","properties":{"shapeID":"76128533B89024397489955","shapeName":"Chennai"},"geometry":{"type":"Polygon","coordinates":[[[80.19014,13.02641],[80.21739,12.96948],[80.26667,12.97258],[80.30379,13.14234],[80.20328,13.12691],[80.19014,13.02641]]]}},
{"type":"Feature","properties":{"shapeID":"76128533B88466433485589","shapeName":"Nagapattinam"},"geometry":{"type":"Polygon","coordinates":[[[79.85222,10.82465],[79.78923,10.91054],[79.78774,10.89931],[79.76722,10.8966],[79.73726,10.93544],[79.65591,10.88349],[79.6605,10.78966],[79.68957,10.82643],[79.73597,10.80887],[79.65967,10.70959],[79.6963,10.6411],[79.66059,10.55952],[79.70636,10.55355],[79.69929,10.4936],[79.65098,10.45834],[79.65497,10.33386],[79.6118,10.32205],[79.77645,10.27265],[79.88392,10.30557],[79.85222,10.82465]]]}},
{"type":"Feature","properties":{"shapeID":"76128533B86430586962522","shapeName":"Viluppuram"},"geometry":{"type":"Polygon","coordinates":[[[79.84052,11.95621],[79.84569,12.07517],[79.88599,12.06463],[80.00938,12.25575],[79.90046,12.23042],[79.79955,12.33739],[79.68563,12.31734],[79.61629,12.37578],[79.59913,12.35053],[79.5326,12.36954],[79.50247,12.34705],[79.40251,12.43568],[79.32737,12.45053],[79.23842,12.44148],[79.2405,12.34724],[79.20117,12.34338],[79.29042,12.3188],[79.23768,12.27059],[79.23562,12.18378],[79.21319,12.19185],[79.271,12.12878],[79.26152,12.08245],[79.10659,12.02266],[79.0805,12.03311],[79.08727,12.0813],[79.05209,12.03708],[78.99485,12.06316],[79.075350537000077,12.004377421000072],[79.120187337000061,12.007607836000034],[79.13562128600006,11.970223618000034],[79.286500185000079,11.942080409000027],[79.259837189000052,11.909525958000074],[79.289335162000043,11.904956431000073],[79.278516616000047,11.87273742900004],[79.237327191000077,11.856508223000048],[79.371201822000046,11.83109425300006],[79.419240130000048,11.783203589000038],[79.48491,11.80814],[79.4561,11.87118],[79.59339,11.84024],[79.64318,11.7989],[79.69091,11.80392],[79.69949,11.92197],[79.71489,11.89443],[79.74129,11.91068],[79.69473,11.9583],[79.74535,12.00856],[79.76371,11.99692],[79.7264,11.97544],[79.75719,11.94681],[79.81604,11.98698],[79.84052,11.95621]],[[79.63639,12.0263],[79.64275,11.94349],[79.6707,11.92904],[79.62866,11.90046],[79.63639,12.0263]],[[79.69781,12.03343],[79.71781,11.99074],[79.65684,11.99016],[79.65887,12.01161],[79.69781,12.03343]],[[79.62315,11.89007],[79.66237,11.86639],[79.65817,11.85231],[79.60242,11.85713],[79.62315,11.89007]],[[79.64108,11.82314],[79.67181,11.82249],[79.66366,11.81197],[79.64108,11.82314]],[[79.68707,11.96765],[79.67622,11.94802],[79.65267,11.95649],[79.66205,11.96796],[79.68707,11.96765]],[[79.79351,12.02174],[79.77855,12.01761],[79.77802,12.02832],[79.79351,12.02174]]]}},
{"type":"Feature","properties":{"shapeID":"76128533B83644689337946","shapeName":"Kancheepuram"},"geometry":{"type":"Polygon","coordinates":[[[79.64515,12.34632],[79.68563,12.31734],[79.79955,12.33739],[79.90046,12.23042],[80.00938,12.25575],[80.15517,12.46205],[80.25527,12.78193],[80.26667,12.97258],[80.2061,12.9795],[80.21168,13.02687],[80.122310729000048,12.983399675000044],[80.051818855000079,12.833373906000077],[79.87208707800005,12.774121907000051],[79.948520787000064,12.701970114000062],[79.917367531000082,12.691951896000035],[79.928888823000079,12.632447099000046],[79.806637367000064,12.624200104000067],[79.823827600000072,12.562096285000052],[79.75594998300005,12.558290475000035],[79.75727,12.5127],[79.72452,12.49595],[79.73998,12.43436],[79.69105,12.41877],[79.64515,12.34632]]]}},
{"type":"Feature","properties":{"shapeID":"76128533B53796141759805","shapeName":"Kanniyakumari"},"geometry":{"type":"MultiPolygon","coordinates":[[[[77.09636,8.29054],[77.31366,8.11945],[77.55078,8.07762],[77.59198,8.14275],[77.54486,8.19005],[77.54667,8.24435],[77.5782,8.25017],[77.55166,8.38821],[77.49339,8.38173],[77.44291,8.50509],[77.271,8.58077],[77.2672,8.51107],[77.206,8.50288],[77.22928,8.44724],[77.15457,8.38778],[77.17968,8.32176],[77.14184,8.3321],[77.09636,8.29054]]],[[[77.55572,8.0773],[77.55507,8.07878],[77.55369,8.07754],[77.55572,8.0773]]]]}},
{"type":"Feature","properties":{"shapeID":"76128533B31241181851990","shapeName":"Thoothukkudi"},"geometry":{"type":"Polygon","coordinates":[[[78.28327,9.2765],[78.21536,9.30406],[78.17071,9.36932],[78.04362,9.36475],[78.05334,9.30557],[78.01339,9.30591],[78.01251,9.27431],[77.91791,9.20101],[77.88198,9.20753],[77.88272,9.24414],[77.80959,9.24725],[77.79825,9.28122],[77.77596,9.28327],[77.77603,9.23629],[77.74364,9.26735],[77.70244,9.13689],[77.67672,9.13686],[77.67946,9.10622],[77.74203,9.10476],[77.7466,9.07767],[77.70629,9.07317],[77.68888,9.00917],[77.73241,8.98497],[77.68499,8.97524],[77.6954,8.92991],[77.75765,8.92883],[77.85415,8.80271],[77.81845,8.77242],[77.82041,8.63465],[77.78402,8.58308],[77.84143,8.48456],[77.84378,8.36474],[77.89295,8.32538],[78.0678,8.37291],[78.0667,8.41961],[78.13048,8.49659],[78.13741,8.69166],[78.1735,8.74551],[78.22887,8.74852],[78.19727,8.7886],[78.16106,8.77924],[78.18759,8.92576],[78.39015,9.09607],[78.27667,9.14234],[78.30173,9.20555],[78.27315,9.20333],[78.28327,9.2765]]]}},
{"type":"Feature","properties":{"shapeID":"76128533B51368558457506","shapeName":"Allahabad"},"geometry":{"type":"Polygon","coordinates":[[[82.10832,24.80754],[82.08434,24.83293],[82.12016,24.8472],[82.11197,24.87571],[82.26819,24.96958],[82.32804,25.07713],[82.30181,25.15668],[82.19479,25.21641],[82.21999,25.27624],[82.30222,25.30842],[82.31493,25.39193],[82.35335,25.41897],[82.28398,25.48773],[82.31733,25.50162],[82.30264,25.52143],[82.33149,25.49847],[82.33132,25.53703],[82.15443,25.60103],[82.12105,25.64359],[82.1562,25.68256],[82.0616,25.65939],[82.01123,25.69827],[82.04007,25.72348],[82.01349,25.74571],[81.93197,25.75157],[81.89007,25.71104],[81.77781,25.74462],[81.75099,25.6687],[81.69732,25.66721],[81.7273,25.62505],[81.65982,25.61213],[81.64299,25.66215],[81.60919,25.66746],[81.61448,25.59303],[81.67853,25.50851],[81.66096,25.38094],[81.72628,25.39024],[81.5523,25.29304],[81.56456,25.23896],[81.52615,25.23479],[81.52112,25.19406],[81.62799,25.15805],[81.59946,25.12856],[81.61053,25.09238],[81.62612,25.11728],[81.64261,25.09627],[81.61322,25.0537],[81.66889,25.06857],[81.79289,25.00194],[81.90899,24.99845],[81.90458,24.88902],[81.94591,24.83858],[82.01322,24.84815],[82.10832,24.80754]]]}},
{"type":"Feature","properties":{"shapeID":"76128533B13673614951516","shapeName":"Chandauli"},"geometry":{"type":"Polygon","coordinates":[[[83.54291,25.31342],[83.53609,25.39111],[83.41358,25.48709],[83.32949,25.46311],[83.20041,25.53205],[83.13066,25.44963],[83.19476,25.40552],[83.16172,25.33118],[83.01249,25.29667],[83.04901,25.28224],[83.071,25.24507],[83.04899,25.24744],[83.03409,25.2417],[83.07682,25.21107],[83.18366,25.1755],[83.12951,25.12452],[83.12965,25.05831],[83.0592,25.05824],[83.08505,24.86034],[83.12911,24.82569],[83.08988,24.77975],[83.16207,24.72487],[83.30845,24.71958],[83.32156,24.78598],[83.39476,24.78291],[83.352,25.00887],[83.32421,25.0257],[83.36555,25.12246],[83.34409,25.18176],[83.54291,25.31342]]]}},
{"type":"Feature","properties":{"shapeID":"76128533B66072086060089","shapeName":"Jhansi"},"geometry":{"type":"Polygon","coordinates":[[[79.26776,25.2663],[79.42093,25.57748],[79.38922,25.57787],[79.36108,25.64325],[79.40642,25.65279],[79.37327,25.69928],[79.40052,25.74067],[79.36395,25.77215],[79.40116,25.79324],[79.32046,25.76969],[79.29632,25.81574],[79.21406,25.79004],[79.13733,25.81254],[79.10862,25.89097],[79.0411,25.86781],[79.03124,25.90384],[79.08633,25.91654],[78.93584,25.95023],[78.88473,25.9104],[78.89099,25.86504],[78.85491,25.85527],[78.87015,25.79401],[78.81949,25.8249],[78.82871,25.79421],[78.75492,25.74391],[78.81942,25.66936],[78.81323,25.61948],[78.6565,25.56056],[78.43706,25.55875],[78.42836,25.47257],[78.35514,25.44979],[78.30166,25.36263],[78.33872,25.33175],[78.31544,25.30603],[78.40513,25.21287],[78.39271,25.1903],[78.45447,25.16446],[78.42562,25.14867],[78.45025,25.12396],[78.57621,25.24916],[78.50421,25.28894],[78.45191,25.26504],[78.44384,25.29237],[78.47478,25.28232],[78.50466,25.31835],[78.53321,25.29721],[78.55572,25.31713],[78.53353,25.35287],[78.58562,25.34395],[78.56878,25.39072],[78.63763,25.39804],[78.66081,25.43784],[78.70953,25.4281],[78.66252,25.38137],[78.72621,25.34114],[78.77673,25.35038],[78.75138,25.40719],[78.82366,25.41987],[78.75998,25.42971],[78.73642,25.48822],[78.84251,25.45923],[78.85705,25.44489],[78.82282,25.43601],[78.84865,25.42601],[78.86827,25.46298],[78.83647,25.50016],[78.88641,25.51297],[78.88545,25.55161],[78.95399,25.54617],[78.90992,25.44237],[78.96907,25.43194],[78.98643,25.37115],[78.94079,25.3443],[78.89851,25.37143],[78.95538,25.39727],[78.88253,25.38357],[78.79337,25.30537],[78.85099,25.2254],[78.88434,25.33959],[78.92964,25.32083],[78.96232,25.34214],[78.97789,25.28041],[78.87296,25.23551],[78.88255,25.15445],[78.95592,25.2163],[79.00932,25.19222],[78.97674,25.23538],[79.01082,25.27028],[79.0657,25.21909],[79.03312,25.13401],[79.09268,25.1881],[79.1281,25.15856],[79.12603,25.10813],[79.17629,25.10563],[79.19491,25.14169],[79.2473,25.1106],[79.24448,25.15558],[79.28508,25.11443],[79.32542,25.14682],[79.28237,25.24203],[79.34915,25.22586],[79.26776,25.2663]]]}},
{"type":"Feature","properties":{"shapeID":"76128533B45099378029175","shapeName":"Banda"},"geometry":{"type":"Polygon","coordinates":[[[80.43392,25.02678],[80.48165,24.97091],[80.48231,24.98335],[80.4977,24.99031],[80.5012,25.00355],[80.55172,24.99894],[80.483,25.09612],[80.61696,25.06294],[80.59619,25.10524],[80.60573,25.14692],[80.64414,25.1135],[80.60934,25.09548],[80.62825,25.07976],[80.68767,25.07805],[80.68195,25.05042],[80.72282,25.06403],[80.69369,25.15456],[80.79805,25.21665],[80.75171,25.25149],[80.8121,25.26297],[80.75922,25.32435],[80.83391,25.34863],[80.9074,25.44127],[81.02516,25.50174],[81.00023,25.57128],[81.03968,25.61787],[80.95899,25.60818],[80.94343,25.68543],[80.86317,25.67643],[80.83608,25.72761],[80.74323,25.68085],[80.59152,25.71044],[80.55599,25.73481],[80.58042,25.78024],[80.52359,25.77692],[80.46558,25.81838],[80.55669,25.86687],[80.3897,25.91077],[80.2949,25.8176],[80.23176,25.79769],[80.35141,25.70523],[80.30438,25.69336],[80.3176,25.64516],[80.27657,25.62017],[80.27781,25.58106],[80.21482,25.55436],[80.22456,25.47075],[80.20619,25.48378],[80.19101,25.44223],[80.13972,25.45653],[80.12143,25.40762],[80.15048,25.39782],[80.10453,25.3472],[80.13551,25.33628],[80.20424,25.41117],[80.29994,25.40466],[80.31261,25.2846],[80.40582,25.24086],[80.4336,25.17412],[80.35694,25.13622],[80.37801,25.11369],[80.35335,25.05459],[80.29248,25.05688],[80.27556,25.02332],[80.38924,25.00166],[80.37569,25.05213],[80.45156,25.07583],[80.50135,25.03531],[80.43392,25.02678]]]}},
{"type":"Feature","properties":{"shapeID":"76128533B52058654769647","shapeName":"Sonbhadra"},"geometry":{"type":"Polygon","coordinates":[[[82.8053,23.96097],[82.95718,23.87247],[83.09424,23.87777],[83.19719,23.92072],[83.22366,23.98896],[83.35666,24.12592],[83.40957,24.26535],[83.38361,24.31368],[83.45909,24.36402],[83.4079,24.40784],[83.40081,24.50025],[83.49412,24.5207],[83.53239,24.56637],[83.54923,24.62519],[83.50538,24.65061],[83.52157,24.68008],[83.48775,24.73665],[83.32156,24.78598],[83.30845,24.71958],[83.16207,24.72487],[83.08988,24.77975],[83.12911,24.82569],[83.09534,24.83704],[83.0713,24.92352],[82.98643,24.89421],[82.95513,24.83943],[82.80854,24.85189],[82.70351,24.82823],[82.65916,24.78491],[82.62734,24.78846],[82.63449,24.82162],[82.5475,24.80809],[82.53215,24.64887],[82.67369,24.69805],[82.70834,24.63363],[82.77599,24.63915],[82.7671,24.59313],[82.80491,24.59445],[82.80923,24.54631],[82.72082,24.54984],[82.74458,24.49826],[82.71512,24.38378],[82.771,24.36809],[82.77203,24.2912],[82.72971,24.13255],[82.67634,24.15118],[82.66462,24.12555],[82.76869,24.04757],[82.8053,23.96097]]]}},
{"type":"Feature","properties":{"shapeID":"76128533B59256192226816","shapeName":"Lalitpur"},"geometry":{"type":"Polygon","coordinates":[[[78.26751,24.44947],[78.36762,24.38154],[78.3326,24.32542],[78.38897,24.26978],[78.51217,24.38974],[78.58526,24.35292],[78.67595,24.24099],[78.7672,24.25449],[78.79858,24.17631],[78.88584,24.21913],[78.91925,24.31509],[78.97401,24.34965],[78.99158,24.43727],[78.91576,24.46263],[78.921,24.49666],[78.97268,24.4916],[78.889,24.6354],[78.78587,24.58597],[78.75662,24.60066],[78.79193,24.80835],[78.77184,24.85683],[78.67825,24.89643],[78.63384,24.95506],[78.65472,25.04795],[78.60459,25.09311],[78.57007,25.22112],[78.4566,25.12686],[78.33988,25.08843],[78.33468,24.99483],[78.17164,24.86644],[78.27481,24.66509],[78.26558,24.55378],[78.22319,24.52724],[78.26751,24.44947]]]}},
{"type":"Feature","properties":{"shapeID":"76128533B49460554954204","shapeName":"Ghazipur"},"geometry":{"type":"Polygon","coordinates":[[[83.92925,25.55999],[83.92341,25.63631],[83.96374,25.68843],[83.93564,25.69892],[83.95056,25.75657],[83.91244,25.74891],[83.85771,25.7965],[83.8129,25.77307],[83.74794,25.85603],[83.64822,25.89436],[83.63413,25.86636],[83.59657,25.88271],[83.40795,25.84016],[83.37909,25.7986],[83.32534,25.81311],[83.30588,25.75591],[83.19573,25.77753],[83.24198,25.70614],[83.19441,25.70041],[83.14851,25.63652],[83.08936,25.65722],[83.06455,25.63157],[83.08907,25.49187],[83.11491,25.49746],[83.10233,25.52496],[83.15925,25.50296],[83.20041,25.53205],[83.32949,25.46311],[83.41358,25.48709],[83.53609,25.39111],[83.53223,25.32013],[83.57242,25.30639],[83.70283,25.39435],[83.77009,25.38625],[83.84659,25.43522],[83.81846,25.4642],[83.85935,25.47203],[83.92925,25.55999]]]}},
{"type":"Feature","properties":{"shapeID":"76128533B35717069663408","shapeName":"Krishnagiri"},"geometry":{"type":"Polygon","coordinates":[[[78.23218,12.76375],[78.13197,12.78095],[78.05774,12.85307],[78.02584,12.85655],[78.01245,12.80609],[77.95632,12.8598],[77.92121,12.83013],[77.93496,12.88825],[77.79988,12.84926],[77.81002,12.7971],[77.74201,12.6742],[77.60058,12.66747],[77.58043,12.56791],[77.61695,12.50989],[77.58592,12.47844],[77.63589,12.48743],[77.63088,12.41869],[77.55356,12.29386],[77.48088,12.27188],[77.48005,12.20657],[77.66684,12.19823],[77.79917,12.15286],[77.82361,12.24257],[77.87289,12.28114],[77.87203,12.35499],[77.93702,12.35685],[77.95757,12.38786],[77.96935,12.451],[77.89982,12.53197],[77.93829,12.54556],[77.95477,12.52205],[77.98465,12.55088],[78.11608,12.48593],[78.17005,12.35003],[78.23275,12.35717],[78.22314,12.31213],[78.25446,12.26911],[78.31403,12.27419],[78.33757,12.23485],[78.38548,12.22879],[78.35893,12.19896],[78.4314,12.19361],[78.48435,12.13728],[78.50781,12.18083],[78.56682,12.19854],[78.57926,12.16647],[78.63512,12.17705],[78.67293,12.225],[78.64389,12.28258],[78.60538,12.26741],[78.59022,12.31314],[78.61861,12.34713],[78.51648,12.40557],[78.4369,12.39419],[78.45535,12.43011],[78.42153,12.47533],[78.40967,12.62528],[78.30231,12.66433],[78.27616,12.70317],[78.20145,12.69248],[78.23885,12.72638],[78.23218,12.76375]]]}},
{"type":"Feature","properties":{"shapeID":"76128533B15337568968545","shapeName":"Erode"},"geometry":{"type":"Polygon","coordinates":[[[76.84753,11.58357],[77.00805,11.54478],[77.00967,11.43866],[76.9779,11.44033],[76.96033,11.37913],[77.01638,11.36853],[77.10952,11.40656],[77.1668,11.31464],[77.22537,11.35107],[77.23478,11.31473],[77.20055,11.30231],[77.24207,11.30236],[77.28438,11.34096],[77.28614,11.28962],[77.33134,11.25628],[77.3327,11.3154],[77.36413,11.33764],[77.46008,11.3109],[77.4708,11.24423],[77.52109,11.20005],[77.47222,11.16606],[77.5108,11.10918],[77.64633,11.11807],[77.77689,11.05552],[77.81867,11.06699],[77.86701,11.02264],[77.93284,11.06865],[77.89022,11.08104],[77.8629,11.24563],[77.80904,11.26593],[77.68519,11.41487],[77.74778,11.56525],[77.72452,11.60719],[77.77713,11.69394],[77.69252,11.64621],[77.72318,11.79315],[77.65048,11.8153],[77.68573,11.87558],[77.67654,11.95039],[77.49577,11.94269],[77.43083,11.76094],[77.25274,11.8123],[77.1135,11.77268],[77.12008,11.72241],[77.0147,11.81235],[76.96981,11.77447],[76.90967,11.7924],[76.83853,11.65316],[76.84753,11.58357]]]}},
{"type":"Feature","properties":{"shapeID":"76128533B4753404177348","shapeName":"Coimbatore"},"geometry":{"type":"Polygon","coordinates":[[[76.98468,10.21836],[77.0957,10.30962],[77.09297,10.37537],[77.04776,10.42612],[77.07831,10.56045],[77.16597,10.58965],[77.17927,10.64089],[77.14174,10.66805],[77.13409,10.7555],[77.16982,10.80248],[77.23917,10.77688],[77.29951,10.81472],[77.25601,10.90096],[77.17964,10.92528],[77.1556,10.99685],[77.16617,11.06806],[77.26335,11.11164],[77.17766,11.14265],[77.15038,11.21059],[77.1737,11.28506],[77.12381,11.29583],[77.15469,11.32704],[77.10952,11.40656],[76.89174,11.36503],[76.85201,11.33758],[76.8566,11.29305],[76.70217,11.25614],[76.73722,11.21546],[76.69666,11.16662],[76.74964,11.13034],[76.74819,11.05656],[76.8047,11.0562],[76.71755,11.04034],[76.65844,10.93787],[76.82933,10.87108],[76.90977,10.78028],[76.86785,10.68467],[76.88514,10.63887],[76.81729,10.63564],[76.84221,10.5944],[76.83286,10.30458],[76.98468,10.21836]]]}},
{"type":"Feature","properties":{"shapeID":"76128533B21812274124310","shapeName":"The Nilgiris"},"geometry":{"type":"Polygon","coordinates":[[[76.63341,11.19445],[76.77402,11.28879],[76.8566,11.29305],[76.85201,11.33758],[76.89174,11.36503],[76.95322,11.36294],[76.93456,11.37555],[76.9779,11.40104],[76.9779,11.44033],[77.00967,11.43866],[77.00805,11.54478],[76.75612,11.61942],[76.6173,11.60904],[76.55906,11.63371],[76.48547,11.59807],[76.46865,11.67299],[76.35866,11.59082],[76.3063,11.57231],[76.27921,11.60083],[76.23387,11.57229],[76.24851,11.46755],[76.28657,11.48251],[76.41948,11.44185],[76.45772,11.38977],[76.54791,11.36013],[76.55002,11.30091],[76.45604,11.23885],[76.46251,11.18863],[76.49751,11.21127],[76.63341,11.19445]]]}},
{"type":"Feature","properties":{"shapeID":"76128533B91943656836526","shapeName":"Jhalawar"},"geometry":{"type":"Polygon","coordinates":[[[75.68692,23.75718],[75.68991,23.81581],[75.72041,23.81558],[75.73174,23.85474],[75.70496,23.90057],[75.77978,23.85037],[75.93484,23.89831],[75.98409,23.93935],[75.96341,24.02167],[76.13828,24.09146],[76.12499,24.19252],[76.18941,24.32754],[76.21942,24.21288],[76.28673,24.21175],[76.33096,24.24961],[76.41859,24.2034],[76.47421,24.22734],[76.53571,24.15943],[76.5841,24.17662],[76.59248,24.24546],[76.69762,24.28088],[76.67873,24.18933],[76.70569,24.16735],[76.75963,24.16799],[76.80576,24.11684],[76.90474,24.127],[76.94936,24.20212],[76.84509,24.33449],[76.85567,24.43306],[76.76462,24.4522],[76.71204,24.40504],[76.67631,24.43926],[76.62007,24.42207],[76.53771,24.51428],[76.5321,24.66263],[76.47976,24.66456],[76.4455,24.83082],[76.35853,24.87237],[76.28501,24.80811],[76.27103,24.84524],[76.22816,24.83223],[76.19393,24.62341],[76.10433,24.69621],[76.06795,24.66812],[76.08248,24.57684],[75.92715,24.55069],[75.89622,24.51764],[75.9022,24.43773],[75.83245,24.41871],[75.79456,24.4714],[75.73013,24.40155],[75.74112,24.34427],[75.81448,24.29971],[75.83012,24.24269],[75.77663,24.21721],[75.74646,24.13597],[75.8389,24.10769],[75.83681,24.07178],[75.78257,24.05847],[75.72606,23.9696],[75.70115,23.96657],[75.67192,24.03003],[75.57626,23.99506],[75.51681,24.04532],[75.46704,23.97739],[75.45868,23.91743],[75.56294,23.85659],[75.58481,23.79702],[75.65425,23.79856],[75.68692,23.75718]]]}},
{"type":"Feature","properties":{"shapeID":"76128533B5628791558965","shapeName":"Alwar"},"geometry":{"type":"Polygon","coordinates":[[[76.85367,28.22059],[76.80928,28.21073],[76.79592,28.14841],[76.65791,28.08915],[76.66891,28.01381],[76.56448,27.96588],[76.53885,27.96768],[76.5437,28.03442],[76.45545,28.04251],[76.50216,28.0599],[76.45095,28.08877],[76.50008,28.10019],[76.46999,28.15129],[76.43818,28.14867],[76.43532,28.10904],[76.42941,28.14144],[76.36711,28.13677],[76.29415,28.1791],[76.29947,28.14899],[76.36174,28.12479],[76.30332,28.09774],[76.35749,28.0706],[76.34302,28.02904],[76.29737,28.02361],[76.26178,28.06749],[76.18166,28.05416],[76.21799,28.0354],[76.16198,27.99752],[76.18848,27.96537],[76.17004,27.90326],[76.20335,27.89242],[76.21074,27.83989],[76.25031,27.84928],[76.29129,27.80032],[76.24703,27.76128],[76.25074,27.63018],[76.2024,27.61478],[76.24857,27.50333],[76.22321,27.45571],[76.25577,27.44439],[76.23135,27.44532],[76.23084,27.40087],[76.1282,27.25122],[76.12905,27.19667],[76.16189,27.219],[76.20418,27.11894],[76.27831,27.18343],[76.29411,27.06378],[76.36513,27.05618],[76.4339,27.13318],[76.47365,27.07901],[76.5959,27.1781],[76.65448,27.16613],[76.62707,27.12871],[76.64442,27.09481],[76.78824,27.11278],[76.79797,27.13672],[76.83657,27.07658],[76.83191,27.16312],[76.87287,27.23127],[76.90733,27.23017],[76.90004,27.16728],[76.92791,27.14067],[76.9745,27.17962],[77.09241,27.16014],[77.04783,27.22437],[77.12415,27.25228],[77.1479,27.31136],[77.20946,27.33583],[77.08254,27.34988],[77.07726,27.38881],[77.04638,27.37707],[76.90159,27.45524],[76.92536,27.49039],[76.88196,27.509],[76.92768,27.53127],[76.90816,27.51683],[76.94359,27.48285],[77.0424,27.46034],[77.04925,27.4338],[77.05599,27.4754],[77.02164,27.50824],[77.0679,27.53208],[77.00638,27.56614],[77.02363,27.53802],[76.96236,27.53734],[76.93707,27.61242],[76.98442,27.61383],[76.97885,27.65408],[76.91173,27.65477],[76.88986,27.69752],[76.92565,27.70012],[76.89251,27.72866],[76.91429,27.8317],[76.94302,27.84261],[76.93151,27.99324],[76.97067,28.13812],[76.85367,28.22059]]]}},
{"type":"Feature","properties":{"shapeID":"76128533B98308664713511","shapeName":"Baran"},"geometry":{"type":"Polygon","coordinates":[[[77.30966,25.07937],[77.40489,25.10846],[77.39711,25.18334],[77.42445,25.18816],[77.27639,25.40407],[77.22667,25.36852],[77.21149,25.30655],[77.16307,25.30854],[77.19795,25.21877],[77.16674,25.19834],[77.03086,25.29687],[76.93993,25.27113],[76.8992,25.31763],[76.77591,25.30747],[76.68684,25.34078],[76.57996,25.43202],[76.58397,25.40204],[76.50973,25.42294],[76.44177,25.37948],[76.33138,25.37901],[76.29466,25.252],[76.2547,25.23791],[76.21884,25.0844],[76.31507,24.96002],[76.35256,24.98899],[76.42224,24.9773],[76.46248,24.90835],[76.48736,24.92055],[76.57623,24.85846],[76.5659,24.80765],[76.49737,24.82555],[76.44586,24.76412],[76.47976,24.66456],[76.5321,24.66263],[76.54178,24.50651],[76.62007,24.42207],[76.67631,24.43926],[76.71204,24.40504],[76.76462,24.4522],[76.84618,24.43852],[76.81927,24.52748],[76.84331,24.54411],[76.88571,24.52111],[76.91807,24.5392],[76.91979,24.48331],[76.96534,24.45589],[77.06974,24.5597],[77.03218,24.70641],[76.95728,24.76102],[76.85261,24.74593],[76.80653,24.81518],[76.95451,24.8683],[76.89678,24.91509],[76.85995,25.00569],[76.99958,25.07525],[77.12045,25.06437],[77.17568,25.10896],[77.26845,25.11446],[77.30966,25.07937]]]}},
{"type":"Feature","properties":{"shapeID":"76128533B64898456093948","shapeName":"Dhaulpur"},"geometry":{"type":"Polygon","coordinates":[[[78.2188,26.8305],[78.2001,26.88285],[78.23555,26.87688],[78.27028,26.926],[78.14832,26.95061],[78.11703,26.94425],[78.1104,26.89925],[78.05114,26.90969],[78.05666,26.86908],[78.03084,26.85516],[78.01552,26.90493],[77.90874,26.91885],[77.89887,26.88377],[77.76209,26.93206],[77.72445,26.87569],[77.61297,26.82721],[77.52908,26.81644],[77.50637,26.84236],[77.48862,26.74835],[77.3497,26.71156],[77.37243,26.65514],[77.34809,26.64031],[77.39115,26.61668],[77.2438,26.54929],[77.24026,26.46976],[77.26332,26.42875],[77.34427,26.42256],[77.38659,26.35846],[77.44018,26.35961],[77.43864,26.40336],[77.53782,26.41211],[77.75257,26.53971],[77.81678,26.54594],[77.82771,26.59501],[77.88782,26.61469],[77.90307,26.65658],[78.00081,26.69699],[78.09438,26.67739],[78.12482,26.74893],[78.10506,26.78848],[78.18495,26.78577],[78.16983,26.82131],[78.2188,26.8305]]]}},
{"type":"Feature","properties":{"shapeID":"76128533B28138828116492","shapeName":"Sawai Madhopur"},"geometry":{"type":"Polygon","coordinates":[[[76.84762,26.03276],[76.69809,26.15778],[76.60936,26.15891],[76.63458,26.26904],[76.74532,26.32006],[76.94364,26.48247],[76.89455,26.52124],[76.92671,26.54827],[76.85202,26.60344],[76.72564,26.52874],[76.62111,26.61418],[76.56555,26.6103],[76.46996,26.66918],[76.4076,26.55275],[76.45934,26.5481],[76.48133,26.49328],[76.40725,26.37689],[76.34314,26.4105],[76.33191,26.45135],[76.24822,26.43918],[76.18141,26.48574],[76.14027,26.45827],[76.15812,26.42784],[76.1242,26.25126],[76.03084,26.25194],[76.0317,26.22233],[75.98497,26.21061],[75.99527,26.1157],[76.0671,26.13346],[76.09968,26.09982],[76.11473,26.04322],[76.07067,25.99522],[76.11295,25.99992],[76.14458,25.96508],[76.19408,26.01356],[76.25118,26.0195],[76.25366,25.91653],[76.21972,25.91208],[76.22304,25.86229],[76.32528,25.82229],[76.36513,25.73856],[76.45405,25.77446],[76.49289,25.84131],[76.57297,25.83486],[76.65252,25.90397],[76.75196,25.90429],[76.76247,25.93674],[76.81293,25.948],[76.84762,26.03276]]]}},
{"type":"Feature","properties":{"shapeID":"76128533B96584288929219","shapeName":"Banswara"},"geometry":{"type":"Polygon","coordinates":[[[74.77434,23.54077],[74.77392,23.58908],[74.67416,23.66557],[74.53463,23.62898],[74.52672,23.70277],[74.56378,23.74642],[74.53155,23.83408],[74.55107,23.87936],[74.46182,23.92318],[74.14872,23.78156],[74.1195,23.61006],[74.07216,23.59922],[74.03341,23.54455],[74.01352,23.4415],[73.96053,23.37995],[74.04263,23.29455],[74.13214,23.26779],[74.12073,23.18995],[74.15343,23.15608],[74.24458,23.18647],[74.32135,23.06085],[74.39,23.11006],[74.51137,23.08676],[74.66877,23.19921],[74.74552,23.20975],[74.74564,23.23033],[74.69471,23.22076],[74.72195,23.23642],[74.70092,23.2698],[74.55291,23.28034],[74.5324,23.33111],[74.61317,23.45904],[74.77434,23.54077]]]}},
{"type":"Feature","properties":{"shapeID":"76128533B34069028331411","shapeName":"Karauli"},"geometry":{"type":"Polygon","coordinates":[[[77.11451,26.21636],[77.21047,26.23214],[77.37394,26.36615],[77.3316,26.43168],[77.25966,26.43046],[77.22782,26.53102],[77.39115,26.61668],[77.34809,26.64031],[77.37243,26.65514],[77.3523,26.80446],[77.29486,26.77962],[77.25973,26.81862],[77.206,26.78121],[77.21106,26.80975],[77.10609,26.87381],[76.94588,26.81741],[76.94003,26.91541],[76.82608,26.96651],[76.75903,26.87025],[76.611,26.77056],[76.50492,26.7437],[76.46996,26.66918],[76.56555,26.6103],[76.62111,26.61418],[76.72564,26.52874],[76.8623,26.60126],[76.92671,26.54827],[76.90138,26.50932],[76.94447,26.49472],[76.74532,26.32006],[76.63458,26.26904],[76.61608,26.14746],[76.69809,26.15778],[76.84762,26.03276],[77.11451,26.21636]]]}},
{"type":"Feature","properties":{"shapeID":"76128533B8930157583904","shapeName":"Jangaon"},"geometry":{"type":"Polygon","coordinates":[[[79.25515,17.98005],[79.114639012000055,17.923511049000069],[79.105716033000078,17.869973177000077],[79.001614614000061,17.837255588000062],[78.927256457000055,17.872947503000034],[78.881342792000055,17.806844812000065],[78.98913,17.78925],[79.02518,17.70981],[79.05244,17.72325],[79.12463,17.66831],[79.16213,17.57936],[79.20762,17.62532],[79.22698,17.5646],[79.26895,17.58141],[79.38417,17.50536],[79.51905,17.49595],[79.518314572000065,17.617155445000037],[79.54758367800008,17.627798757000051],[79.486905686000057,17.705671394000035],[79.525809873000071,17.83359716700005],[79.499635803000047,17.883565848000046],[79.456805504000044,17.876427465000063],[79.335452993000047,17.964467522000064],[79.316417305000073,17.933534529000042],[79.283104851000076,17.943052373000057],[79.27905,18.01124],[79.37897,18.02201],[79.47901,18.11526],[79.57001,18.1183],[79.447302532000037,18.152995192000049],[79.298824165000042,18.143477347000044],[79.25515,17.98005]]]}},
{"type":"Feature","properties":{"shapeID":"76128533B30246762498957","shapeName":"Bhadradri"},"geometry":{"type":"Polygon","coordinates":[[[81.76698,17.90217],[81.71188,17.86994],[81.67176,17.88564],[81.61987,17.82412],[81.27203,17.81875],[81.16816,17.86068],[81.04625,17.79424],[80.95234,18.08832],[80.98201,18.17531],[80.87031,18.13975],[80.87574,18.2142],[80.8378,18.24096],[80.80618,18.17321],[80.74276,18.17854],[80.74145,18.22552],[80.79647,18.25655],[80.75276,18.30877],[80.73466,18.4153],[80.60888,18.55097],[80.45798,18.63193],[80.389333601000033,18.599160201000075],[80.381345468000063,18.474398069000074],[80.46560798400003,18.448161807000076],[80.470175905000076,18.324837715000058],[80.504796447000047,18.267114036000066],[80.688235545000055,18.15522926500006],[80.6322,18.14076],[80.63944,18.11161],[80.59861,18.08316],[80.46843,18.13546],[80.46035,18.06088],[80.39555,18.08268],[80.27775,17.96887],[80.27796,17.87195],[80.23149,17.7732],[80.274983171000031,17.693298197000047],[80.213117185000044,17.65998574300005],[80.227393951000067,17.602878679000071],[80.384438377000038,17.560048381000058],[80.355884846000038,17.507700238000041],[80.393956222000043,17.498182395000072],[80.422509753000043,17.536253771000077],[80.47485789600006,17.512459161000038],[80.441545441000073,17.455352097000059],[80.403474065000069,17.455352097000059],[80.455822208000029,17.393486110000026],[80.517688194000073,17.388727188000075],[80.512929272000065,17.307825514000058],[80.62714340000008,17.364932578000037],[80.698527230000082,17.279271982000068],[80.874607345000072,17.403003955000031],[80.91435,17.21023],[81.00032,17.18883],[81.17185,17.24186],[81.19055,17.33135],[81.27621,17.32926],[81.3337,17.39986],[81.39425,17.3645],[81.45054,17.3911],[81.50241,17.45816],[81.53269,17.57887],[81.51181,17.59895],[81.58542,17.73499],[81.79109,17.84092],[81.76698,17.90217]]]}},
{"type":"Feature","properties":{"shapeID":"76128533B84676164211579","shapeName":"Hydrabad"},"geometry":{"type":"Polygon","coordinates":[[[78.55131,17.36619],[78.55039,17.45153],[78.57932,17.47362],[78.54031,17.47225],[78.53535,17.51828],[78.47962,17.50613],[78.4726,17.46726],[78.4578,17.49164],[78.40609,17.47322],[78.39106,17.38878],[78.35759,17.38603],[78.42397,17.38182],[78.44129,17.31489],[78.47476,17.31003],[78.55131,17.36619]]]}},
{"type":"Feature","properties":{"shapeID":"76128533B53018054761164","shapeName":"Mancherial"},"geometry":{"type":"Polygon","coordinates":[[[79.9213,19.15341],[79.807404212000051,19.151387287000034],[79.775281489000065,19.163284592000025],[79.784204467000052,19.193027854000036],[79.674154395000073,19.210873812000045],[79.611366368000063,19.282227898000031],[79.562825363000059,19.25652972000006],[79.525705772000038,19.290793958000052],[79.534271832000059,19.192284272000052],[79.315837311000053,19.207988715000056],[79.401497908000067,19.138032562000035],[79.332969430000048,19.145170945000075],[79.307271252000078,19.095202263000033],[79.255874894000044,19.153737005000039],[79.241598128000078,19.070931762000043],[79.207333890000029,19.05951034800006],[78.947684984977386,19.250477573770855],[78.942232190000084,19.195407316000058],[78.894642970000064,19.151625233000061],[78.894642970000064,19.083096755000042],[78.932714346000068,19.104036012000051],[79.057,19.04494],[79.19168,18.87684],[79.32004,18.82367],[79.41297,18.87047],[79.69134,18.68477],[79.81062,18.72674],[79.85428,18.80191],[79.84789,18.88263],[79.87018,18.837],[79.94062,18.84955],[79.94027,19.03387],[79.86415,19.04627],[79.87024,19.11977],[79.9213,19.15341]]]}},
{"type":"Feature","properties":{"shapeID":"76128533B58104976570569","shapeName":"Karimnagar"},"geometry":{"type":"Polygon","coordinates":[[[79.298824165000042,18.143477347000044],[79.485373908000042,18.173934449000058],[79.477759633000062,18.215812963000076],[79.58391,18.26262],[79.58013,18.4262],[79.490281546000062,18.39412382200004],[79.292191418000073,18.472646034000036],[79.25471490700005,18.444092503000036],[79.210100013000044,18.506553354000062],[79.231515162000051,18.56366041800004],[79.201177034000068,18.556522035000057],[79.169054311000082,18.647536418000072],[79.109567785000081,18.666572107000036],[79.04294287700003,18.633259652000049],[78.995353657000067,18.666572107000036],[78.93348767100008,18.547599056000024],[78.960702756000046,18.568806003000077],[78.977834876000031,18.417472283000052],[79.064685202000078,18.322412815000064],[79.068492340000034,18.271016458000076],[79.12559940400007,18.284341439000059],[79.138924385000053,18.253884339000024],[79.102756578000083,18.217716532000054],[79.148442230000057,18.213909394000041],[79.157960073000083,18.166320173000031],[79.224584982000067,18.156802330000062],[79.253138513000067,18.189162999000075],[79.298824165000042,18.143477347000044]]]}},
{"type":"Feature","properties":{"shapeID":"76128533B58493775523243","shapeName":"Nizamabad"},"geometry":{"type":"Polygon","coordinates":[[[77.73604,18.55533],[77.769633807000048,18.472051170000043],[77.902883623000037,18.505363623000051],[78.040892361000033,18.433979794000038],[78.078368872000055,18.508932815000037],[78.160460277000084,18.469671708000078],[78.19793678700006,18.501794432000054],[78.265751426000065,18.448256559000072],[78.415657469000053,18.476810092000051],[78.465626151000038,18.421487623000075],[78.54379,18.45801],[78.525,18.47098],[78.55923,18.53734],[78.67968,18.62606],[78.64272,18.7285],[78.56145,18.76438],[78.53429,18.94425],[78.39401,18.99257],[78.28992,18.94318],[78.23805,19.00487],[78.07403,18.93761],[78.02967,18.87859],[77.97319,18.87747],[77.9473,18.8245],[77.842,18.80958],[77.79093,18.68637],[77.76209,18.70927],[77.73726,18.67821],[77.73604,18.55533]]]}},
{"type":"Feature","properties":{"shapeID":"76128533B97126567441665","shapeName":"Medak"},"geometry":{"type":"Polygon","coordinates":[[[78.56147,18.18518],[78.50458,18.17232],[78.49097,18.13355],[78.44201,18.16722],[78.38912,18.12537],[78.32717,18.20086],[78.27348,18.14501],[78.2036,18.22003],[78.14717,18.08013],[77.95425,18.1155],[77.867102478000049,18.067334595000034],[77.82070298800005,17.960258850000059],[77.777872690000038,17.956689659000062],[77.845687329000043,17.892444212000044],[77.867102478000049,17.942412893000039],[77.924209542000085,17.920997744000033],[77.924209542000085,17.878167446000077],[78.045562053000083,17.892444212000044],[78.070546394000075,17.92456693500003],[78.091961543000082,17.813921999000058],[78.199037289000046,17.781799275000026],[78.245436778000055,17.696138679000057],[78.320389799000054,17.678292721000048],[78.327528182000037,17.73896897700007],[78.51394,17.68662],[78.527402907000067,17.817491190000055],[78.563094822000039,17.856752296000025],[78.538110482000036,17.860321488000068],[78.53454129000005,18.017365914000038],[78.577371588000062,18.056627021000054],[78.538110482000036,18.117303277000076],[78.577371588000062,18.128010851000056],[78.56147,18.18518]]]}},
{"type":"Feature","properties":{"shapeID":"76128533B31175522938788","shapeName":"Rangareddy"},"geometry":{"type":"Polygon","coordinates":[[[78.39417,17.45754],[78.33262,17.50385],[78.26354,17.41975],[78.2192,17.44059],[78.21445,17.4872],[78.15851,17.46545],[78.07153,17.52194],[77.995875933000036,17.359578791000047],[78.05601,17.19671],[77.99117,17.10392],[77.93647,17.08657],[77.93713,17.02914],[78.0036,16.97886],[78.186173328000052,17.015032837000035],[78.204019285000072,16.92580305000007],[78.293249073000084,16.949597660000052],[78.36541406200007,16.784807217000036],[78.570456279000041,16.808614595000051],[78.599009812000077,16.772922680000022],[78.65373741500008,16.775302141000054],[78.67515256400003,16.799096751000036],[78.715603401000067,16.74912807000004],[78.79759,16.77975],[78.77852,16.8814],[78.73663,16.86109],[78.75082,16.91069],[78.69901,16.94021],[78.71829,16.96928],[78.79031,16.97421],[78.83115,17.01867],[78.78901,17.03939],[78.83895,17.04349],[78.85611,17.08002],[78.82507,17.107],[78.83982,17.12584],[78.78653,17.1524],[78.76979,17.22005],[78.81444,17.20986],[78.82754,17.23724],[78.75603,17.27277],[78.77049,17.34939],[78.713997264000056,17.389441027000032],[78.596213945000045,17.375878099000033],[78.570515766000085,17.343755375000057],[78.52166,17.36435],[78.51361,17.32573],[78.4434,17.31416],[78.42397,17.38182],[78.35824,17.38328],[78.39106,17.38878],[78.39417,17.45754]]]}},
{"type":"Feature","properties":{"shapeID":"76128533B8892495882090","shapeName":"Nalgonda"},"geometry":{"type":"Polygon","coordinates":[[[79.68701,16.69635],[79.600822382000047,17.092960185000038],[79.435651871000061,17.360537310000041],[79.255800535000049,17.352916300000061],[79.22308294700008,17.27558381700004],[79.113032876000034,17.272609491000026],[79.110058550000076,17.222045945000048],[78.991085499000064,17.281532470000059],[78.976213868000059,17.189328356000033],[79.000008478000041,17.159585093000032],[78.95836791000005,17.10604722100004],[78.907804364000071,17.058458001000076],[78.79974,17.04919],[78.83115,17.01867],[78.79031,16.97421],[78.70746,16.96332],[78.70216,16.93383],[78.75082,16.91069],[78.73663,16.86109],[78.785,16.86893],[78.79768,16.78014],[78.71786,16.64945],[78.67449,16.64931],[78.7186,16.58218],[78.61464,16.52401],[78.79499,16.5172],[78.91338,16.55122],[79.21974,16.37062],[79.23343,16.5158],[79.27426,16.56903],[79.43492,16.59029],[79.68701,16.69635]]]}},
{"type":"Feature","properties":{"shapeID":"76128533B31246189674263","shapeName":"Nagarkurnool"},"geometry":{"type":"Polygon","coordinates":[[[79.20039,16.23072],[79.23346,16.25809],[79.23155,16.3582],[78.91338,16.55122],[78.79499,16.5172],[78.61464,16.52401],[78.7186,16.58218],[78.67449,16.64931],[78.71786,16.64945],[78.79759,16.77975],[78.715603401000067,16.74912807000004],[78.67515256400003,16.799096751000036],[78.65373741500008,16.775302141000054],[78.599009812000077,16.772922680000022],[78.570456279000041,16.808614595000051],[78.36541406200007,16.784807217000036],[78.343812618000072,16.67893397000006],[78.209967937000044,16.723548864000065],[78.204019285000072,16.681908297000064],[78.183199001000048,16.717600212000036],[78.165353044000085,16.625396098000067],[78.111815170000057,16.592678509000052],[78.163330502000065,16.441463762000069],[78.23114514100007,16.437894571000072],[78.234714331000077,16.38792588900003],[78.281113822000066,16.398633464000056],[78.320374928000035,16.366510740000024],[78.241852714000061,16.295126910000022],[78.181176459000085,16.291557719000025],[78.227575949000084,16.241589038000029],[78.202591608000034,16.19518954800003],[78.238283523000064,16.155928441000071],[78.188314842000068,16.080975420000073],[78.220437566000044,16.02029916400005],[78.26578,16.01195],[78.26374,16.03812],[78.3234,16.03607],[78.42129,16.08899],[78.56672,16.06363],[78.62466,16.10619],[78.72153,16.03422],[78.78303,16.03127],[78.84452,16.09504],[78.84579,16.16429],[78.91857,16.11297],[78.91609,16.19864],[78.94914,16.21744],[79.03908,16.25346],[79.20039,16.23072]]]}},
{"type":"Feature","properties":{"shapeID":"76128533B38354309367879","shapeName":"Adilabad"},"geometry":{"type":"Polygon","coordinates":[[[78.85019,19.76073],[78.72216,19.76839],[78.6092,19.8189],[78.5317,19.82297],[78.49932,19.79448],[78.31531,19.91372],[78.29922,19.85061],[78.34416,19.8403],[78.37295,19.7823],[78.35047,19.71487],[78.27481,19.66444],[78.31615,19.60559],[78.28423,19.55966],[78.31714,19.46753],[78.18716,19.41336],[78.18726,19.34713],[78.394589325000084,19.151119597000047],[78.680124646000081,19.311733215000061],[78.810995002000084,19.228452079000078],[78.88356856200005,19.295076988000062],[78.876430179000067,19.359322435000024],[78.819323115000032,19.385496507000028],[78.909742633000064,19.485433869000076],[78.940675626000029,19.468777642000077],[78.971608619000051,19.497331173000077],[78.945434548000037,19.53302308800005],[78.98658,19.58722],[78.96021,19.6654],[78.8647,19.6582],[78.85019,19.76073]]]}},
{"type":"Feature","properties":{"shapeID":"76128533B33226396095315","shapeName":"Komaram Bheem"},"geometry":{"type":"Polygon","coordinates":[[[79.10908,19.53031],[78.945434548000037,19.53302308800005],[78.971608619000051,19.497331173000077],[78.940675626000029,19.468777642000077],[78.909742633000064,19.485433869000076],[78.819323115000032,19.385496507000028],[78.876430179000067,19.359322435000024],[78.88356856200005,19.295076988000062],[79.207333890000029,19.05951034800006],[79.241598128000078,19.070931762000043],[79.255874894000044,19.153737005000039],[79.307271252000078,19.095202263000033],[79.332969430000048,19.145170945000075],[79.401497908000067,19.138032562000035],[79.315837311000053,19.207988715000056],[79.534271832000059,19.192284272000052],[79.525705772000038,19.290793958000052],[79.562825363000059,19.25652972000006],[79.611366368000063,19.282227898000031],[79.674154395000073,19.210873812000045],[79.784204467000052,19.193027854000036],[79.775281489000065,19.163284592000025],[79.807404212000051,19.151387287000034],[79.95038,19.17455],[79.92729,19.23024],[79.96892,19.30124],[79.9771,19.41303],[79.78441,19.6007],[79.64648,19.5779],[79.6048,19.50673],[79.54935,19.55135],[79.47705,19.50027],[79.25023,19.61493],[79.22931,19.47039],[79.19538,19.46127],[79.10908,19.53031]]]}},
{"type":"Feature","properties":{"shapeID":"76128533B25280172436550","shapeName":"Nirmal"},"geometry":{"type":"Polygon","coordinates":[[[77.94886,18.84447],[78.20712,19.00061],[78.26564,18.99261],[78.28992,18.94318],[78.39401,18.99257],[78.53429,18.94425],[78.68763,19.02804],[78.75982,19.01494],[78.83646,19.05891],[78.9113,19.03409],[78.95381,19.0721],[78.932714346000068,19.104036012000051],[78.894642970000064,19.083096755000042],[78.894642970000064,19.151625233000061],[78.942232190000084,19.195407316000058],[78.947684984977386,19.250477573770855],[78.88356856200005,19.295076988000062],[78.810995002000084,19.228452079000078],[78.680124646000081,19.311733215000061],[78.394589325000084,19.151119597000047],[78.202070019000075,19.333063778000053],[78.18836,19.24337],[78.15471,19.23187],[78.05595,19.24346],[77.94524,19.34396],[77.86534,19.30358],[77.91028,19.26875],[77.87189,19.25678],[77.85103,19.19856],[77.85264,19.09181],[77.80706,19.10363],[77.80159,19.05305],[77.76604,19.06373],[77.76173,19.03028],[77.77174,18.98323],[77.82161,18.98422],[77.81716,18.95135],[77.85828,18.95422],[77.84503,18.91329],[77.88618,18.91055],[77.94886,18.84447]]]}},
{"type":"Feature","properties":{"shapeID":"76128533B21068662878849","shapeName":"Kamareddy"},"geometry":{"type":"Polygon","coordinates":[[[77.55413,18.29393],[77.72533,18.2611],[77.77321,18.19132],[77.90633,18.19485],[77.89808,18.16109],[77.93874,18.15272],[77.94114,18.1116],[78.14154,18.07728],[78.2036,18.22003],[78.27348,18.14501],[78.32717,18.20086],[78.38912,18.12537],[78.44201,18.16722],[78.49097,18.13355],[78.50458,18.17232],[78.56896,18.18896],[78.56066,18.25502],[78.52308,18.28574],[78.55159,18.33908],[78.5346,18.38641],[78.56667,18.39153],[78.54379,18.45801],[78.465626151000038,18.421487623000075],[78.415657469000053,18.476810092000051],[78.265751426000065,18.448256559000072],[78.19793678700006,18.501794432000054],[78.160460277000084,18.469671708000078],[78.078368872000055,18.508932815000037],[78.040892361000033,18.433979794000038],[77.998062063000077,18.433979794000038],[77.993303141000069,18.476810092000051],[77.902883623000037,18.505363623000051],[77.769633807000048,18.472051170000043],[77.73604,18.55533],[77.66186,18.52955],[77.64473,18.55622],[77.60145,18.54979],[77.60527,18.47658],[77.55061,18.46813],[77.58939,18.44784],[77.53026,18.42971],[77.55933,18.42024],[77.52358,18.35172],[77.5711,18.32051],[77.55413,18.29393]]]}},
{"type":"Feature","properties":{"shapeID":"76128533B67054925852429","shapeName":"Jagtial"},"geometry":{"type":"Polygon","coordinates":[[[78.95381,19.0721],[78.90295,19.03159],[78.83646,19.05891],[78.75982,19.01494],[78.67125,19.02213],[78.63692,18.98164],[78.56305,18.97512],[78.52296,18.91594],[78.56145,18.76438],[78.64272,18.7285],[78.65977,18.64448],[78.890657373000067,18.599947199000042],[78.93348767100008,18.547599056000024],[78.995353657000067,18.666572107000036],[79.04294287700003,18.633259652000049],[79.109567785000081,18.666572107000036],[79.147639161000029,18.752232703000061],[79.285647900000072,18.766509469000027],[79.32004,18.82367],[79.19168,18.87684],[79.057,19.04494],[78.95381,19.0721]]]}},
{"type":"Feature","properties":{"shapeID":"76128533B60322704115131","shapeName":"Jayashankar"},"geometry":{"type":"Polygon","coordinates":[[[80.27515,18.72314],[80.19652,18.68073],[80.11408,18.68255],[80.01974,18.77151],[79.87018,18.837],[79.84789,18.88263],[79.85428,18.80191],[79.81062,18.72674],[79.830009091000079,18.644681066000032],[79.785394198000063,18.567943448000051],[79.749702283000033,18.582220214000074],[79.66595,18.47788],[79.59746,18.47107],[79.58312,18.26365],[79.701904859000081,18.271016458000076],[79.734027584000046,18.204986415000064],[79.841433309000081,18.143399722000026],[79.874318325000047,18.29493280500003],[79.930206417000079,18.301029533000076],[79.875839233000079,18.390203816000053],[80.044403,18.403687],[80.082648543000062,18.359750142000053],[80.134250206000047,18.401155765000055],[80.175179,18.341358],[80.218895,18.390228],[80.229393,18.552616],[80.34439,18.59602],[80.27515,18.72314]]]}},
{"type":"Feature","properties":{"shapeID":"76128533B53373614632193","shapeName":"Peddapalli"},"geometry":{"type":"Polygon","coordinates":[[[79.32004,18.82367],[79.285647900000072,18.766509469000027],[79.147639161000029,18.752232703000061],[79.109567785000081,18.666572107000036],[79.169054311000082,18.647536418000072],[79.201177034000068,18.556522035000057],[79.231515162000051,18.56366041800004],[79.210100013000044,18.506553354000062],[79.25471490700005,18.444092503000036],[79.292191418000073,18.472646034000036],[79.392128780000064,18.41732356600005],[79.533111845000064,18.408400587000074],[79.58013,18.4262],[79.59746,18.47107],[79.69306,18.49849],[79.749702283000033,18.582220214000074],[79.785394198000063,18.567943448000051],[79.830009091000079,18.644681066000032],[79.81062,18.72674],[79.69134,18.68477],[79.41297,18.87047],[79.32004,18.82367]]]}},
{"type":"Feature","properties":{"shapeID":"76128533B21485897206517","shapeName":"Rajanna Sircilla"},"geometry":{"type":"Polygon","coordinates":[[[78.93348767100008,18.547599056000024],[78.890657373000067,18.599947199000042],[78.65977,18.64448],[78.67563,18.61941],[78.5645,18.54326],[78.52693,18.47805],[78.56667,18.39153],[78.5346,18.38641],[78.55159,18.33908],[78.52308,18.28574],[78.57807,18.22547],[78.65109,18.2516],[78.74604,18.21915],[78.78019,18.2655],[78.96517,18.25074],[79.017571875000044,18.312419079000051],[79.010671438000031,18.394629457000065],[78.977834876000031,18.417472283000052],[78.960702756000046,18.568806003000077],[78.93348767100008,18.547599056000024]]]}},
{"type":"Feature","properties":{"shapeID":"76128533B40480360118262","shapeName":"Sangareddy"},"geometry":{"type":"Polygon","coordinates":[[[77.44416,17.58493],[77.50601,17.54447],[77.53187,17.5768],[77.5944,17.56642],[77.59632,17.53638],[77.68805,17.50787],[77.76197,17.56009],[77.77482,17.60281],[77.74827,17.62553],[77.85649,17.64411],[77.87487,17.58173],[77.9755,17.51948],[77.96585,17.48454],[77.99231,17.50803],[78.05495,17.46055],[78.08243,17.52517],[78.15851,17.46545],[78.21445,17.4872],[78.2192,17.44059],[78.26354,17.41975],[78.30366,17.4564],[78.29752,17.49229],[78.35508,17.52431],[78.36095,17.62413],[78.44703,17.70802],[78.327528182000037,17.73896897700007],[78.320389799000054,17.678292721000048],[78.245436778000055,17.696138679000057],[78.199037289000046,17.781799275000026],[78.091961543000082,17.813921999000058],[78.070546394000075,17.92456693500003],[78.045562053000083,17.892444212000044],[77.924209542000085,17.878167446000077],[77.924209542000085,17.920997744000033],[77.867102478000049,17.942412893000039],[77.845687329000043,17.892444212000044],[77.777872690000038,17.956689659000062],[77.82070298800005,17.960258850000059],[77.867102478000049,18.067334595000034],[77.95425,18.1155],[77.93874,18.15272],[77.90789,18.14625],[77.90633,18.19485],[77.85556,18.208],[77.77321,18.19132],[77.72533,18.2611],[77.62956,18.28553],[77.56852,18.20327],[77.60181,18.08721],[77.55,18.05667],[77.65789,17.97249],[77.62819,17.96088],[77.62106,17.90607],[77.58957,17.91139],[77.60114,17.87367],[77.51516,17.80467],[77.56646,17.75047],[77.45456,17.69462],[77.44416,17.58493]]]}},
{"type":"Feature","properties":{"shapeID":"76128533B31111781432113","shapeName":"Siddipet"},"geometry":{"type":"Polygon","coordinates":[[[79.298824165000042,18.143477347000044],[79.253138513000067,18.189162999000075],[79.224584982000067,18.156802330000062],[79.157960073000083,18.166320173000031],[79.148442230000057,18.213909394000041],[79.102756578000083,18.217716532000054],[79.138924385000053,18.253884339000024],[79.12559940400007,18.284341439000059],[79.068492340000034,18.271016458000076],[79.010671438000031,18.394629457000065],[79.017571875000044,18.312419079000051],[78.96517,18.25074],[78.78019,18.2655],[78.74604,18.21915],[78.59442,18.24739],[78.56147,18.18518],[78.577371588000062,18.128010851000056],[78.538110482000036,18.117303277000076],[78.577371588000062,18.056627021000054],[78.53454129000005,18.017365914000038],[78.538110482000036,17.860321488000068],[78.563094822000039,17.856752296000025],[78.527402907000067,17.817491190000055],[78.5196,17.69789],[78.59939,17.70156],[78.62584,17.66839],[78.66442,17.6966],[78.77876,17.67729],[78.927256457000055,17.872947503000034],[79.001614614000061,17.837255588000062],[79.105716033000078,17.869973177000077],[79.114639012000055,17.923511049000069],[79.25515,17.98005],[79.298824165000042,18.143477347000044]]]}},
{"type":"Feature","properties":{"shapeID":"76128533B96571577519224","shapeName":"Khammam"},"geometry":{"type":"Polygon","coordinates":[[[80.84159,17.03489],[80.87934,17.15529],[80.91846,17.15154],[80.92389,17.17887],[80.874607345000072,17.403003955000031],[80.698527230000082,17.279271982000068],[80.62714340000008,17.364932578000037],[80.512929272000065,17.307825514000058],[80.517688194000073,17.388727188000075],[80.455822208000029,17.393486110000026],[80.403474065000069,17.455352097000059],[80.441545441000073,17.455352097000059],[80.47485789600006,17.512459161000038],[80.422509753000043,17.536253771000077],[80.393956222000043,17.498182395000072],[80.355884846000038,17.507700238000041],[80.384438377000038,17.560048381000058],[80.227393951000067,17.602878679000071],[80.16246,17.37928],[80.13689,17.39293],[80.05485,17.34801],[79.97011,17.40543],[79.87258,17.33419],[79.79322,17.32057],[79.8264,17.27704],[79.89113,17.26368],[79.87816,17.17935],[80.05809,17.02724],[80.0545,16.97337],[80.14411,16.99635],[80.20295,17.05066],[80.20998,17.02136],[80.27095,17.01895],[80.2978,16.98523],[80.32816,16.87961],[80.38196,16.81997],[80.40872,16.85858],[80.52015,16.7791],[80.61329,16.79704],[80.56372,16.83392],[80.59821,16.92568],[80.54075,16.95902],[80.50028,16.95698],[80.49683,16.92629],[80.36713,16.97917],[80.39892,17.0846],[80.45514,17.02562],[80.50497,17.11636],[80.56904,17.14657],[80.66563,17.09655],[80.64858,17.06395],[80.73475,17.07355],[80.84159,17.03489]]]}},
{"type":"Feature","properties":{"shapeID":"76128533B28290181894983","shapeName":"Mahabubabad"},"geometry":{"type":"Polygon","coordinates":[[[79.53079,17.51998],[79.65492,17.5052],[79.6549,17.47236],[79.75896,17.43158],[79.79322,17.32057],[79.87258,17.33419],[79.97011,17.40543],[80.05485,17.34801],[80.13689,17.39293],[80.16246,17.37928],[80.227393951000067,17.564807303000066],[80.213117185000044,17.65998574300005],[80.274983171000031,17.693298197000047],[80.23149,17.7732],[80.27796,17.87195],[80.27775,17.96887],[80.33128,18.00548],[80.208730054000057,18.021173052000051],[80.131992437000065,18.087203095000064],[80.019562904000054,18.112187436000056],[79.984688928000082,17.897931844000027],[79.932340786000054,17.826548013000036],[79.922822942000039,17.750405261000026],[79.689635764000059,17.688539275000039],[79.637287622000031,17.626673289000053],[79.518314572000065,17.617155445000037],[79.53079,17.51998]]]}},
{"type":"Feature","properties":{"shapeID":"76128533B63833971372360","shapeName":"Warangal (R)"},"geometry":{"type":"Polygon","coordinates":[[[79.54758367800008,17.627798757000051],[79.637287622000031,17.626673289000053],[79.689635764000059,17.688539275000039],[79.922822942000039,17.750405261000026],[79.932340786000054,17.826548013000036],[79.984688928000082,17.897931844000027],[80.019562904000054,18.112187436000056],[79.973163414000055,18.10861824400007],[79.958886649000078,18.076495520000037],[79.825041967000061,18.09077228700005],[79.816118988000085,18.11932581800005],[79.869656860000077,18.144310159000042],[79.814334392000035,18.142525563000049],[79.701904859000081,18.271016458000076],[79.59292,18.25083],[79.620155502000046,18.095902999000032],[79.694394686000066,18.044506641000055],[79.631576915000039,17.964556751000032],[79.662034016000064,17.956942477000041],[79.648709034000035,17.880799725000031],[79.585891264000054,17.797042697000052],[79.528784200000075,17.795139128000073],[79.486905686000057,17.705671394000035],[79.54758367800008,17.627798757000051]]]}},
{"type":"Feature","properties":{"shapeID":"76128533B34824326075805","shapeName":"Warangal (U)"},"geometry":{"type":"Polygon","coordinates":[[[79.528784200000075,17.795139128000073],[79.585891264000054,17.797042697000052],[79.622059071000081,17.83892121100007],[79.662034016000064,17.956942477000041],[79.631576915000039,17.964556751000032],[79.694394686000066,18.044506641000055],[79.620155502000046,18.095902999000032],[79.62396,18.18312],[79.58391,18.26262],[79.477759633000062,18.215812963000076],[79.485373908000042,18.173934449000058],[79.447302532000037,18.152995192000049],[79.56389,18.10635],[79.47901,18.11526],[79.37897,18.02201],[79.27905,18.01124],[79.283104851000076,17.943052373000057],[79.316417305000073,17.933534529000042],[79.335452993000047,17.964467522000064],[79.456805504000044,17.876427465000063],[79.499635803000047,17.883565848000046],[79.528784200000075,17.795139128000073]]]}},
{"type":"Feature","properties":{"shapeID":"76128533B24594618908349","shapeName":"Suryapet"},"geometry":{"type":"Polygon","coordinates":[[[80.00035,16.87141],[80.05809,17.02724],[79.87816,17.17935],[79.89789,17.25377],[79.81533,17.28763],[79.75896,17.43158],[79.6549,17.47236],[79.65492,17.5052],[79.40802,17.50434],[79.450916339000059,17.307111676000034],[79.600822382000047,17.092960185000038],[79.643652680000059,16.97160767400004],[79.68701,16.69635],[79.78348,16.73759],[79.81892,16.69868],[79.87054,16.70648],[79.91087,16.64628],[79.96699,16.65056],[80.07846,16.82199],[80.00035,16.87141]]]}},
{"type":"Feature","properties":{"shapeID":"76128533B85157820615002","shapeName":"Yadadri Bhongiri"},"geometry":{"type":"Polygon","coordinates":[[[78.881342792000055,17.806844812000065],[78.77876,17.67729],[78.72053,17.66753],[78.68822,17.57878],[78.71172,17.48943],[78.76086,17.44492],[78.75603,17.27277],[78.82754,17.23724],[78.81444,17.20986],[78.76979,17.22005],[78.78653,17.1524],[78.84402,17.1187],[78.83895,17.04349],[78.907804364000071,17.058458001000076],[79.000008478000041,17.159585093000032],[78.976213868000059,17.189328356000033],[78.991085499000064,17.281532470000059],[79.110058550000076,17.222045945000048],[79.113032876000034,17.272609491000026],[79.22308294700008,17.27558381700004],[79.255800535000049,17.352916300000061],[79.435651871000061,17.360537310000041],[79.40802,17.50434],[79.31884,17.53004],[79.27555,17.5794],[79.22698,17.5646],[79.20762,17.62532],[79.16213,17.57936],[79.12463,17.66831],[79.05244,17.72325],[79.02518,17.70981],[78.98913,17.78925],[78.881342792000055,17.806844812000065]]]}},
{"type":"Feature","properties":{"shapeID":"76128533B71056110198347","shapeName":"Medchal"},"geometry":{"type":"Polygon","coordinates":[[[78.55039,17.45153],[78.570515766000085,17.343755375000057],[78.596213945000045,17.375878099000033],[78.74352,17.37107],[78.76086,17.44492],[78.71172,17.48943],[78.68822,17.57878],[78.72053,17.66753],[78.67554,17.69604],[78.62584,17.66839],[78.59939,17.70156],[78.50229,17.68471],[78.45134,17.71313],[78.36095,17.62413],[78.37261,17.5833],[78.33262,17.50385],[78.39756,17.45708],[78.44111,17.49128],[78.4726,17.46726],[78.47962,17.50613],[78.53774,17.51754],[78.54031,17.47225],[78.57932,17.47362],[78.55039,17.45153]]]}},
{"type":"Feature","properties":{"shapeID":"76128533B74887942950962","shapeName":"Vikarabad"},"geometry":{"type":"Polygon","coordinates":[[[77.36428,17.16558],[77.4672,17.10823],[77.50289,17.01952],[77.46864,16.93176],[77.517247352000084,16.941745438000055],[77.576257985000041,16.894156218000035],[77.627654342000085,16.918902613000057],[77.679050701000051,17.033116741000072],[77.78838,17.04395],[77.793264829000066,16.983623952000073],[77.89605754400003,16.943649007000033],[77.98921,16.96076],[77.99765,16.99021],[77.9235,17.06317],[78.05601,17.19671],[77.995875933000036,17.359578791000047],[78.05241,17.46079],[77.99231,17.50803],[77.96585,17.48454],[77.9755,17.51948],[77.87487,17.58173],[77.85649,17.64411],[77.74827,17.62553],[77.77482,17.60281],[77.76197,17.56009],[77.69112,17.52812],[77.68883,17.47675],[77.6575,17.50706],[77.6153,17.44809],[77.51462,17.43102],[77.54004,17.40792],[77.52536,17.36592],[77.45598,17.37426],[77.43836,17.29186],[77.4592,17.27974],[77.38465,17.22367],[77.40316,17.21271],[77.36428,17.16558]]]}},
{"type":"Feature","properties":{"shapeID":"76128533B72829420975835","shapeName":"Jogulamba"},"geometry":{"type":"Polygon","coordinates":[[[77.595450435000032,16.340798090000078],[77.59575,16.29232],[77.49281,16.2552],[77.51608,16.22879],[77.48893,16.16406],[77.51504,15.92674],[77.80548,15.8717],[77.89414,15.90239],[78.00861,15.86592],[78.04305,15.90877],[78.10811,15.83481],[78.17574,15.86013],[78.20373,15.91916],[78.163330502000065,15.977468866000038],[78.024132033000058,16.077406228000029],[77.970594160000076,16.073837037000033],[77.91348709600004,16.184481973000061],[77.760011861000066,16.323680443000057],[77.595450435000032,16.340798090000078]]]}},
{"type":"Feature","properties":{"shapeID":"76128533B49394025943542","shapeName":"Wanaparthy"},"geometry":{"type":"Polygon","coordinates":[[[78.26578,16.01195],[78.188314842000068,16.052421887000037],[78.238283523000064,16.155928441000071],[78.202591608000034,16.19518954800003],[78.227575949000084,16.241589038000029],[78.181176459000085,16.291557719000025],[78.241852714000061,16.295126910000022],[78.320374928000035,16.366510740000024],[78.281113822000066,16.398633464000056],[78.234714331000077,16.38792588900003],[78.23114514100007,16.437894571000072],[78.163330502000065,16.441463762000069],[78.111815170000057,16.592678509000052],[77.992842120000034,16.592678509000052],[78.013662404000058,16.551037941000061],[77.980944815000043,16.491551417000039],[77.811408219000043,16.408270281000057],[77.731101409000075,16.402321628000038],[77.707306800000083,16.446936522000044],[77.626999991000048,16.339860777000069],[77.760011861000066,16.323680443000057],[77.91348709600004,16.184481973000061],[77.970594160000076,16.073837037000033],[78.024132033000058,16.077406228000029],[78.081239097000037,16.016729973000054],[78.127638586000046,16.013160781000067],[78.20373,15.91916],[78.2451,15.93601],[78.26578,16.01195]]]}},
{"type":"Feature","properties":{"shapeID":"76128533B58170186574016","shapeName":"Mahabubnagar"},"geometry":{"type":"Polygon","coordinates":[[[78.0036,16.97886],[77.949357470000052,16.939841869000077],[77.89605754400003,16.943649007000033],[77.793264829000066,16.983623952000073],[77.78838,17.04395],[77.749008892000063,17.024307965000048],[77.749728521000065,16.790107956000043],[77.674077203000081,16.774522974000035],[77.741696514000068,16.740160216000049],[77.799092018000067,16.618616659000054],[77.744634676000032,16.570672198000068],[77.742761486827376,16.406694157215906],[77.811408219000043,16.408270281000057],[77.980944815000043,16.491551417000039],[78.013662404000058,16.551037941000061],[77.992842120000034,16.592678509000052],[78.111815170000057,16.592678509000052],[78.165353044000085,16.625396098000067],[78.183199001000048,16.717600212000036],[78.204019285000072,16.681908297000064],[78.209967937000044,16.723548864000065],[78.343812618000072,16.67893397000006],[78.367607229000043,16.714625886000022],[78.364632902000039,16.809804326000062],[78.293249073000084,16.949597660000052],[78.204019285000072,16.92580305000007],[78.186173328000052,17.015032837000035],[78.0036,16.97886]]]}},
{"type":"Feature","properties":{"shapeID":"76128533B99469070633974","shapeName":"Tirap"},"geometry":{"type":"Polygon","coordinates":[[[95.63564,27.23064],[95.50974,27.26035],[95.45783,27.20834],[95.45645,27.12961],[95.37136,27.09577],[95.393068403000086,27.046153502000038],[95.359800065000059,26.89539209000003],[95.475531219000061,26.856194885000036],[95.458039428000063,26.800035388000026],[95.49622958100008,26.771782282000061],[95.530970988000036,26.833200161000036],[95.614889456000071,26.82089798800007],[95.65021,26.88141],[95.72111,26.90217],[95.68637,26.99452],[95.64438,27.00408],[95.68443,27.16867],[95.63564,27.23064]]]}},
{"type":"Feature","properties":{"shapeID":"76128533B1875965515331","shapeName":"Namsai"},"geometry":{"type":"Polygon","coordinates":[[[95.859856021000041,27.734230800000034],[95.75772,27.72552],[95.79251,27.68654],[95.78428,27.62155],[95.86136,27.54641],[96.01557,27.55665],[96.1246,27.62414],[96.2409,27.56686],[96.31516,27.5622],[96.277226874000064,27.656810538000059],[96.291470724000078,27.770030875000032],[96.236592831000053,27.864672608000035],[96.080005759000073,27.843986612000037],[95.859856021000041,27.734230800000034]]]}},
{"type":"Feature","properties":{"shapeID":"76128533B53717296822608","shapeName":"East Siang"},"geometry":{"type":"Polygon","coordinates":[[[95.219123490715191,28.148755505496048],[95.221241990000067,28.085392998000032],[95.194816937000041,28.066832544000079],[95.070870854000077,28.03128455500007],[94.936756959000036,28.055902244000038],[94.8975,28.01829],[94.87022,27.91905],[94.91952,27.86319],[94.89299,27.84709],[94.86123,27.72955],[95.31684,27.86671],[95.38449,27.83742],[95.516035369000065,27.877014839000026],[95.51051,27.97401],[95.57718,28.11498],[95.56015,28.28025],[95.47845,28.25665],[95.4517,28.31098],[95.388609153000061,28.310079390000055],[95.304498317000082,28.221577368000055],[95.30826,28.19001],[95.219123490715191,28.148755505496048]]]}},
{"type":"Feature","properties":{"shapeID":"76128533B12129983841645","shapeName":"Kra Daadi"},"geometry":{"type":"Polygon","coordinates":[[[93.464000142000032,28.271960181000054],[93.481783745000087,28.137118847000067],[93.579939857000056,28.066595031000077],[93.600751215000059,27.981206775000032],[93.690606477000074,27.962466838000068],[93.718825379000066,27.915709453000034],[93.669483462000073,27.875114875000065],[93.654195253000069,27.774050316000057],[93.57248062900004,27.787341297000069],[93.522622892000072,27.734280922000039],[93.528452137000045,27.634883114000047],[93.57173,27.61786],[93.68204387600008,27.682014008000067],[93.724856627000065,27.657072472000038],[93.69174,27.69586],[93.773034295000059,27.734455186000048],[93.77473,27.78864],[93.941398026000059,27.840340721000075],[93.961086389000059,27.871329505000062],[93.911400842000035,27.893522497000049],[93.97226,27.97359],[93.87649,28.05827],[93.895953604000056,28.102179276000072],[93.85736,28.23265],[93.823027473000081,28.25736815700003],[93.69148,28.31352],[93.57136,28.25804],[93.464000142000032,28.271960181000054]]]}},
{"type":"Feature","properties":{"shapeID":"76128533B89228414823983","shapeName":"Charaideo"},"geometry":{"type":"Polygon","coordinates":[[[95.369965788000059,27.10552129000007],[95.357752540000035,27.167726807000065],[95.31458,27.19461],[95.23509,27.19546],[95.06766,27.12312],[94.99319,27.13316],[94.96325,27.1987],[94.93564,27.19978],[94.834968336000031,27.094150203000027],[94.821412156000065,27.002854679000052],[94.749935214000061,26.943348714000024],[94.84687572100006,26.936323834000063],[94.943137819000071,26.996040156000049],[94.93252,26.93335],[95.02013,26.92],[95.1943,27.03735],[95.24693,27.02452],[95.369965788000059,27.10552129000007]]]}},
{"type":"Feature","properties":{"shapeID":"76128533B15157901669242","shapeName":"Majuli"},"geometry":{"type":"MultiPolygon","coordinates":[[[[94.296578647000047,26.871672034000028],[94.59448,27.13392],[94.55408,27.21862],[94.50835,27.12047],[94.48339,27.13769],[94.31274,27.07006],[94.2661,27.09228],[94.18087,26.99725],[94.13391,26.96935],[94.0832,26.99918],[94.02557,26.9301],[93.96257,26.92615],[93.85802,26.83825],[93.79378,26.82826],[93.76443,26.77835],[93.89598,26.72532],[93.996598479000056,26.770836743000075],[94.015279439000039,26.830697634000046],[94.296578647000047,26.871672034000028]]],[[[94.402147737000064,26.948471624000035],[94.402366013000062,26.947795702000064],[94.402420590000077,26.947745206000036],[94.402147737000064,26.948471624000035]]]]}},
{"type":"Feature","properties":{"shapeID":"76128533B40714385808093","shapeName":"Biswanath"},"geometry":{"type":"Polygon","coordinates":[[[93.39152,26.95755],[93.062438523000083,26.919727306000027],[93.089438028000075,26.721355270000061],[93.16077,26.59897],[93.21685,26.62566],[93.24556,26.68388],[93.37264,26.74278],[93.50975,26.76054],[93.68276,26.706],[93.69383,26.73174],[93.64892,26.78594],[93.77484,26.79231],[93.78815,26.8848],[93.7491,26.89435],[93.7435,26.95846],[93.69876,26.9919],[93.49002,26.93589],[93.39152,26.95755]]]}},
{"type":"Feature","properties":{"shapeID":"76128533B70315194619807","shapeName":"Hojai"},"geometry":{"type":"Polygon","coordinates":[[[92.802654578000045,26.202534938000042],[92.756645998000067,26.141056006000042],[92.705994712000063,26.141714725000043],[92.731789397000057,26.061208704000023],[92.754429096000081,26.064915237000037],[92.72904,26.05877],[92.782824050000045,26.011946941000076],[92.76981,25.953],[92.805533596000032,25.960457142000052],[92.80392,25.91888],[92.857797981000033,25.92206292000003],[92.87079,25.86666],[92.98589,25.87538],[93.069901079000033,25.767129192000027],[93.13029,25.76145],[93.14384,25.71317],[93.221641617000046,25.72552052900005],[93.24396,25.83699],[93.14167,26.01755],[93.09517,26.03221],[93.107,26.07523],[92.93639,26.13846],[92.94306,26.20098],[92.802654578000045,26.202534938000042]]]}},
{"type":"Feature","properties":{"shapeID":"76128533B57995625790051","shapeName":"Karbi Anglong West"},"geometry":{"type":"MultiPolygon","coordinates":[[[[92.16477,25.68342],[92.38533,25.75185],[92.43333066690758,25.729633082044121],[92.434367371000064,25.685751996000079],[92.501526516000069,25.621008054000072],[92.55745,25.61002],[92.58719,25.55097],[92.648007555000049,25.590221885000062],[92.746084446000054,25.597754063000025],[92.82107,25.74019],[92.92088,25.771],[92.93017,25.80782],[92.96641,25.81681],[92.98476,25.7835],[92.9914,25.82352],[93.009721167000066,25.791782549000061],[93.071328719000064,25.774830464000047],[93.076767310000037,25.781862840000031],[92.98589,25.87538],[92.87079,25.86666],[92.857797981000033,25.92206292000003],[92.80392,25.91888],[92.805533596000032,25.960457142000052],[92.76444,25.96205],[92.783467304000055,26.009631228000046],[92.75143,26.06128],[92.57206,25.96092],[92.551,25.97036],[92.59804,26.07634],[92.574502030000076,26.114002583000058],[92.52217,26.1019],[92.52171,26.15037],[92.43064,26.11051],[92.39051,26.14089],[92.16634,25.96303],[92.16063,25.91379],[92.22565,25.90015],[92.15368,25.81135],[92.16477,25.68342]]],[[[92.26648,26.0639],[92.266419763000044,26.063921863000076],[92.261144759000047,26.063506629000074],[92.26648,26.0639]]],[[[92.29082,26.07226],[92.290785674000062,26.072279087000027],[92.290742573000045,26.071057473000053],[92.29082,26.07226]]],[[[92.29356,26.07509],[92.294741141000031,26.076287060000027],[92.29469,26.07626],[92.29356,26.07509]]],[[[92.29675,26.07735],[92.295351037000046,26.07660977200004],[92.297531182807234,26.077508585983423],[92.29675,26.07735]]],[[[92.42517,26.115],[92.430621059000032,26.110579217000065],[92.433540786654007,26.11548774341825],[92.42517,26.115]]],[[[92.30042,26.07519],[92.299232145000076,26.076414574000069],[92.30232374600007,26.074937316000046],[92.30042,26.07519]]],[[[92.401558229134224,26.139406279854249],[92.406180089000031,26.15075310800006],[92.401503096000056,26.139396995000027],[92.401558229134224,26.139406279854249]]]]}},
{"type":"Feature","properties":{"shapeID":"76128533B20298037622173","shapeName":"South Salmara-Mankachar"},"geometry":{"type":"Polygon","coordinates":[[[90.178584802959932,26.074575128974899],[90.083967163000068,26.047285774000045],[89.84009,25.87226],[89.83282,25.74026],[89.88382,25.61722],[89.85084,25.47688],[89.87849,25.49176],[89.87686,25.54971],[90.02024,25.60254],[89.89866,25.74445],[89.9367,25.74487],[89.94785,25.82475],[90.01474,25.84991],[90.01852,25.88885],[90.17948,25.9912],[90.178584802959932,26.074575128974899]]]}},
{"type":"Feature","properties":{"shapeID":"76128533B29721759389119","shapeName":"Agar"},"geometry":{"type":"Polygon","coordinates":[[[76.119,23.53884],[76.236103201000049,23.568770655000037],[76.20244810500003,23.70590375200004],[76.41438,23.71507],[76.3841,23.80765],[76.30092,23.89529],[76.30555,23.95846],[76.25797,23.97868],[76.25956,24.0348],[76.20565,24.03658],[76.19313,24.08629],[76.22956,24.08411],[76.24029,24.13319],[76.18941,24.32754],[76.12499,24.19252],[76.13828,24.09146],[75.96341,24.02167],[75.98409,23.93935],[75.93484,23.89831],[75.77978,23.85037],[75.70496,23.90057],[75.73174,23.85474],[75.72041,23.81558],[75.68943,23.81426],[75.69244,23.74499],[75.73228,23.75449],[75.80744,23.7055],[75.82645,23.7528],[75.85031,23.74601],[75.84924,23.68528],[75.814359896000042,23.657572981000044],[75.85885,23.56475],[76.09824,23.57069],[76.119,23.53884]]]}},
{"type":"Feature","properties":{"shapeID":"76128533B71254158898830","shapeName":"Pherzawl"},"geometry":{"type":"Polygon","coordinates":[[[93.01386,24.39972],[93.04286,24.31574],[93.01261,24.25897],[93.02273,24.18167],[92.96018,24.10121],[93.06274,24.09112],[93.09923,24.04003],[93.13866,24.08295],[93.17213,24.04456],[93.23917,24.07803],[93.26093,24.02118],[93.32995,24.05441],[93.33441,24.10117],[93.4007,24.07316],[93.381463876000055,24.110469862000059],[93.412311461000058,24.204041041000039],[93.495282060000079,24.277186785000026],[93.505007807000084,24.351158088000034],[93.495934251000051,24.381903506000072],[93.355927033000057,24.411483100000055],[93.412867510000069,24.516997864000075],[93.395609008000065,24.57060063800003],[93.29591,24.56459],[93.25438,24.50819],[93.16766,24.51748],[93.21302,24.57899],[93.21434,24.6612],[93.19523,24.70258],[93.13197,24.70498],[93.10732,24.62014],[93.14645,24.5791],[93.12709,24.55449],[93.05911,24.57193],[93.037,24.40827],[93.01386,24.39972]]]}},
{"type":"Feature","properties":{"shapeID":"76128533B36594996191182","shapeName":"Noney"},"geometry":{"type":"Polygon","coordinates":[[[93.20574,24.68976],[93.21302,24.57899],[93.16684,24.51912],[93.19979,24.50397],[93.25438,24.50819],[93.29591,24.56459],[93.38427,24.56672],[93.42899,24.63397],[93.5498,24.58193],[93.70807,24.62615],[93.680258570000035,24.794534057000078],[93.57489780700007,24.842222001000039],[93.545039161000034,24.810266527000067],[93.412498860000085,24.831775714000059],[93.360781422000059,24.80640246400003],[93.322485270000072,24.739443943000026],[93.339996328000041,24.72434830900005],[93.291185490000032,24.676524992000054],[93.20574,24.68976]]]}},
{"type":"Feature","properties":{"shapeID":"76128533B61831576863813","shapeName":"Tengnoupal"},"geometry":{"type":"Polygon","coordinates":[[[94.265005193000036,24.09792380500005],[94.33459,24.32823],[94.41115,24.41263],[94.41026,24.47748],[94.36805,24.54532],[94.24783,24.62586],[94.09979,24.64554],[94.12168,24.55253],[94.07363,24.56136],[94.09876,24.51819],[94.03877,24.54025],[94.04164,24.45414],[94.006398725000054,24.445824726000069],[94.054753175000087,24.446222927000065],[94.150372271000037,24.36888170900005],[94.154559321000079,24.303339945000062],[94.202612966000061,24.250461357000063],[94.20228811000004,24.12765659400003],[94.265005193000036,24.09792380500005]]]}},
{"type":"Feature","properties":{"shapeID":"76128533B66815680293072","shapeName":"Kamjong"},"geometry":{"type":"Polygon","coordinates":[[[94.156546813000034,24.960563474000026],[94.15333,24.76101],[94.19107,24.6294],[94.29529,24.59644],[94.42836,24.47837],[94.55543,24.64505],[94.55843,24.71258],[94.61348,24.70833],[94.63926,24.75603],[94.64523,24.84815],[94.71974,24.93392],[94.74431,25.1338],[94.702280729000051,25.147034781000059],[94.736398417000032,25.105572221000045],[94.590266004000057,25.083593594000035],[94.507538281000052,25.015634908000038],[94.330567302000077,24.990846515000044],[94.189014367000084,24.929147463000049],[94.156546813000034,24.960563474000026]]]}},
{"type":"Feature","properties":{"shapeID":"76128533B95642877176862","shapeName":"Senapati"},"geometry":{"type":"Polygon","coordinates":[[[93.81092,25.46148],[93.998027925000031,25.359876360000044],[93.979104414000062,25.278975675000027],[94.027842839000073,25.237911385000075],[94.001461229000085,25.17849258900003],[94.189959439000063,25.174026269000024],[94.3142,25.26914],[94.48855,25.60979],[94.43919,25.5978],[94.39939,25.53297],[94.26483,25.50049],[94.20897,25.50126],[94.18902,25.55729],[94.1215,25.51995],[94.033382281000058,25.57835943300006],[93.7745,25.52324],[93.76701,25.49098],[93.80514,25.49452],[93.81092,25.46148]]]}},
{"type":"Feature","properties":{"shapeID":"76128533B82279368215419","shapeName":"Kakching"},"geometry":{"type":"Polygon","coordinates":[[[93.96988,24.49019],[94.04164,24.45414],[94.031648358000041,24.512717463000058],[93.908621522000033,24.562230484000054],[93.87143,24.54505],[93.88399,24.47342],[93.84427,24.40231],[93.88129,24.23685],[93.92206,24.23542],[93.90109,24.3516],[93.96988,24.49019]]]}},
{"type":"Feature","properties":{"shapeID":"76128533B64881202564500","shapeName":"Jiribam"},"geometry":{"type":"Polygon","coordinates":[[[93.05911,24.57193],[93.11563,24.55496],[93.13965,24.56555],[93.11115,24.66541],[93.16298,24.77326],[93.21335,24.78593],[93.21789,24.85855],[93.17682,24.793],[93.10802,24.80685],[93.07397,24.70746],[93.10275,24.67234],[93.07342,24.59329],[93.10491,24.58056],[93.05911,24.57193]]]}},
{"type":"Feature","properties":{"shapeID":"76128533B71353370080255","shapeName":"North West"},"geometry":{"type":"Polygon","coordinates":[[[76.966882958000042,28.69734386600004],[77.16548434300006,28.663609316000077],[77.196437759000048,28.684083902000054],[76.95113,28.81817],[76.966882958000042,28.69734386600004]]]}},
{"type":"Feature","properties":{"shapeID":"76128533B58262202014972","shapeName":"New Delhi"},"geometry":{"type":"Polygon","coordinates":[[[77.119458292000047,28.488962984000068],[77.175660184000037,28.508035345000053],[77.190589058000057,28.581344400000035],[77.24955998400003,28.607736728000077],[77.231517079000071,28.64043986400003],[77.15845912900005,28.622982875000048],[77.149229399000035,28.650877170000058],[77.089268423000078,28.60529686700005],[77.053102222000064,28.54921782200006],[77.119458292000047,28.488962984000068]]]}},
{"type":"Feature","properties":{"shapeID":"76128533B72485933575946","shapeName":"East"},"geometry":{"type":"Polygon","coordinates":[[[77.32383,28.676205176000053],[77.244525696000039,28.66192914100003],[77.292741610000064,28.574745678000056],[77.34143,28.60551],[77.32383,28.676205176000053]]]}},
{"type":"Feature","properties":{"shapeID":"76128533B53136419849111","shapeName":"South West"},"geometry":{"type":"Polygon","coordinates":[[[77.00712,28.54144],[77.098233673000038,28.520622529000036],[77.076328468000042,28.542489239000076],[77.053102222000064,28.54921782200006],[77.095441774000051,28.609776049000061],[77.059151334000035,28.601334030000032],[76.94083,28.66824],[76.93521,28.61837],[76.88927,28.6319],[76.83947,28.58267],[76.88624,28.50077],[77.01049,28.51459],[77.00712,28.54144]]]}},
{"type":"Feature","properties":{"shapeID":"76128533B68379889579232","shapeName":"West"},"geometry":{"type":"Polygon","coordinates":[[[76.954399848000037,28.661720220000063],[77.059151334000035,28.601334030000032],[77.109900492000065,28.605395111000064],[77.149229399000035,28.650877170000058],[77.160014509000064,28.623136703000057],[77.182603847000053,28.658579294000049],[76.966918901000042,28.697353508000049],[76.954399848000037,28.661720220000063]]]}},
{"type":"Feature","properties":{"shapeID":"76128533B97089774514948","shapeName":"South"},"geometry":{"type":"Polygon","coordinates":[[[77.17523,28.40447],[77.25289,28.43041],[77.23943,28.46767],[77.264939663000064,28.485539275000065],[77.231426266000085,28.557912563000059],[77.182390196000028,28.551753714000029],[77.175660184000037,28.508035345000053],[77.11156,28.47108],[77.17523,28.40447]]]}},
{"type":"Feature","properties":{"shapeID":"76128533B45574198291616","shapeName":"North "},"geometry":{"type":"Polygon","coordinates":[[[76.962383123000052,28.815936971000042],[77.145051201000058,28.695405289000064],[77.187553913000045,28.683431963000032],[77.221007643000064,28.714849670000035],[77.171547399000076,28.756805417000066],[77.22368,28.82143],[77.20609,28.8592],[77.14612,28.83801],[77.08262,28.88355],[77.04013,28.83184],[76.962383123000052,28.815936971000042]]]}},
{"type":"Feature","properties":{"shapeID":"76128533B9976625304286","shapeName":"North East"},"geometry":{"type":"Polygon","coordinates":[[[77.20756,28.78845],[77.240261886000042,28.740764487000035],[77.231203076000043,28.674139509000042],[77.295120336000082,28.697860358000071],[77.20756,28.78845]]]}},
{"type":"Feature","properties":{"shapeID":"76128533B1420136949169","shapeName":"South East"},"geometry":{"type":"Polygon","coordinates":[[[77.34349,28.51467],[77.253900114000032,28.613402324000049],[77.189681041000028,28.579421539000066],[77.184909606000076,28.552279115000033],[77.231426266000085,28.557912563000059],[77.265019471000073,28.484970994000037],[77.34349,28.51467]]]}},
{"type":"Feature","properties":{"shapeID":"76128533B19832024635761","shapeName":"Central"},"geometry":{"type":"Polygon","coordinates":[[[77.207288015000074,28.788580508000052],[77.171413867000069,28.768449405000069],[77.221595183000034,28.720271068000045],[77.16815568700008,28.675484443000073],[77.174130527000045,28.632149023000068],[77.231517079000071,28.64043986400003],[77.24891582500004,28.612297112000078],[77.25465342800004,28.613548040000069],[77.207288015000074,28.788580508000052]]]}},
{"type":"Feature","properties":{"shapeID":"76128533B81419063387740","shapeName":"Shahdara"},"geometry":{"type":"Polygon","coordinates":[[[77.33115,28.71334],[77.269407167000054,28.702083911000045],[77.234484758000065,28.668482026000049],[77.33317,28.68156],[77.33115,28.71334]]]}},
{"type":"Feature","properties":{"shapeID":"76128533B23858286755005","shapeName":"Alipurduar"},"geometry":{"type":"Polygon","coordinates":[[[89.82763,26.43282],[89.87475,26.45998],[89.8663,26.57794],[89.88184,26.58429],[89.86141,26.70382],[89.77895,26.69961],[89.76129,26.7365],[89.63693,26.71931],[89.6182,26.72818],[89.64954,26.78099],[89.56383,26.81559],[89.46432,26.80631],[89.38236,26.86633],[89.25986,26.81668],[89.107050722000054,26.812978028000032],[89.047114641000064,26.644451258000061],[89.103848453000069,26.601869088000058],[89.127333856000064,26.521978817000047],[89.36061,26.49529],[89.39766,26.46446],[89.53525,26.47767],[89.55309,26.41667],[89.58568,26.42874],[89.62081,26.39554],[89.76625,26.46415],[89.86515,26.46408],[89.82763,26.43282]]]}},
{"type":"Feature","properties":{"shapeID":"76128533B24861976740713","shapeName":"Jhargram"},"geometry":{"type":"Polygon","coordinates":[[[86.7274,22.21977],[86.72004,22.14812],[86.79485,22.15858],[86.83647,22.09985],[86.96157,22.08816],[87.02189,22.04614],[87.03854,21.99414],[87.0022,21.91259],[87.03445,21.87048],[87.09877,21.86553],[87.09769,21.913],[87.16238,21.93562],[87.1715,21.97841],[87.22842,21.95906],[87.13759723000004,22.129949194000062],[87.18332498500007,22.14746877500005],[87.175366653000083,22.238650825000036],[87.229226782000069,22.247813840000049],[87.155003786000066,22.332237758000076],[87.263603784000054,22.402601121000032],[87.176955710000072,22.395740268000054],[87.074364563000074,22.478414495000038],[87.110861363000083,22.539124237000067],[87.086751098000036,22.632806747000075],[87.13004679800008,22.673047551000025],[87.090375250000079,22.720607638000047],[87.03742,22.71965],[87.01569,22.65104],[86.96457,22.67589],[86.9196,22.62672],[86.86771,22.68125],[86.59966,22.7982],[86.56,22.71156],[86.64149,22.6589],[86.65646,22.5797],[86.76065,22.57821],[86.78868,22.54824],[86.8033,22.48955],[86.75291,22.48275],[86.75611,22.45481],[86.84845,22.40032],[86.83371,22.32895],[86.89068,22.29854],[86.89012,22.25661],[86.81639,22.26839],[86.80413,22.24546],[86.79482,22.26725],[86.80463,22.21817],[86.7274,22.21977]]]}},
{"type":"Feature","properties":{"shapeID":"76128533B60845263086042","shapeName":"Paschim Barddhaman"},"geometry":{"type":"Polygon","coordinates":[[[86.79936,23.8329],[86.82481,23.76329],[86.79598,23.7008],[86.88673,23.63838],[87.01704,23.63469],[87.21379,23.55598],[87.44785,23.40452],[87.477262449000079,23.416463954000051],[87.464822347000052,23.484094708000043],[87.53092,23.61926],[87.45297,23.6103],[87.41658,23.68467],[87.3545,23.72071],[87.15092,23.74731],[86.97186,23.86743],[86.94816,23.845],[86.90145,23.88143],[86.88868,23.81605],[86.87767,23.84571],[86.82724,23.81286],[86.79936,23.8329]]]}},
{"type":"Feature","properties":{"shapeID":"76128533B78458325839103","shapeName":"Kalimpong"},"geometry":{"type":"Polygon","coordinates":[[[88.43799604883057,27.081711623402395],[88.426034904000062,27.009809072000053],[88.394274191000079,26.990103841000064],[88.50971,26.86269],[88.6101,26.87912],[88.66472,26.96062],[88.66829,26.92625],[88.76682,26.92442],[88.76277,26.96405],[88.79758,26.98971],[88.87802,26.96461],[88.87597,27.10865],[88.73078,27.13842],[88.69783,27.17857],[88.52725,27.178],[88.53641,27.15005],[88.43799604883057,27.081711623402395]]]}},
{"type":"Feature","properties":{"shapeID":"76128533B14968875277413","shapeName":"Narayanpet"},"geometry":{"type":"Polygon","coordinates":[[[77.476460871000029,16.793271932000039],[77.44225,16.78779],[77.42886,16.72246],[77.47165,16.71665],[77.46988,16.68292],[77.42133,16.66753],[77.47428,16.65172],[77.4691,16.5891],[77.3962,16.57002],[77.42019,16.52275],[77.23965,16.47284],[77.34777,16.38473],[77.49965,16.38101],[77.626999991000048,16.339860777000069],[77.707306800000083,16.446936522000044],[77.742761486827376,16.406694157215906],[77.744634676000032,16.570672198000068],[77.799092018000067,16.618616659000054],[77.741696514000068,16.740160216000049],[77.674077203000081,16.774522974000035],[77.749728521000065,16.790107956000043],[77.730774,16.942953],[77.768532,17.019295],[77.679050701000051,17.033116741000072],[77.627654342000085,16.918902613000057],[77.576257985000041,16.894156218000035],[77.517247352000084,16.941745438000055],[77.46864,16.93176],[77.476460871000029,16.793271932000039]]]}},
{"type":"Feature","properties":{"shapeID":"76128533B84398038505400","shapeName":"Mulugu"},"geometry":{"type":"Polygon","coordinates":[[[80.374397,18.609450999000046],[80.229393,18.552616],[80.218895,18.390228],[80.175179,18.341358],[80.134250206000047,18.401155765000055],[80.082648543000062,18.359750142000053],[80.044403,18.403687],[79.875839233000079,18.390203816000053],[79.930206417000079,18.301029533000076],[79.860886187000062,18.270067760000074],[79.831773721000047,18.153710133000061],[79.869656860000077,18.144310159000042],[79.816118988000085,18.11932581800005],[79.825041967000061,18.09077228700005],[79.958886649000078,18.076495520000037],[79.973163414000055,18.10861824400007],[80.019562904000054,18.112187436000056],[80.131992437000065,18.087203095000064],[80.208730054000057,18.021173052000051],[80.33128,18.00548],[80.39555,18.08268],[80.46035,18.06088],[80.46843,18.13546],[80.59861,18.08316],[80.63944,18.11161],[80.6322,18.14076],[80.688235545000055,18.15522926500006],[80.499154870000041,18.273839030000033],[80.46560798400003,18.448161807000076],[80.384517634000076,18.469429967000053],[80.401344761000075,18.576815141000054],[80.374397,18.609450999000046]]]}},
{"type":"Feature","properties":{"shapeID":"76128533B38767180038480","shapeName":"Niwari"},"geometry":{"type":"Polygon","coordinates":[[[78.886521422000044,25.154940267000029],[78.87296,25.23551],[78.97789,25.28041],[78.96232,25.34214],[78.92964,25.32083],[78.88434,25.33959],[78.85251,25.22574],[78.81943,25.29499],[78.78897,25.29368],[78.88253,25.38357],[78.95538,25.39727],[78.89851,25.37143],[78.94079,25.3443],[78.98643,25.37115],[78.96907,25.43194],[78.90992,25.44237],[78.94598,25.48024],[78.922,25.51279],[78.95319,25.53398],[78.93982,25.55417],[78.92533,25.53324],[78.88434,25.55126],[78.88641,25.51297],[78.83816,25.50373],[78.86827,25.46298],[78.84624,25.42507],[78.82282,25.43601],[78.85705,25.44489],[78.84251,25.45923],[78.73817,25.49096],[78.75998,25.42971],[78.82366,25.41987],[78.75138,25.40719],[78.77673,25.35038],[78.72621,25.34114],[78.66252,25.38137],[78.70953,25.4281],[78.66081,25.43784],[78.63763,25.39804],[78.56878,25.39072],[78.58562,25.34395],[78.53353,25.35287],[78.55572,25.31713],[78.53321,25.29721],[78.50466,25.31835],[78.47478,25.28232],[78.44254,25.28998],[78.45191,25.26504],[78.50421,25.28894],[78.57409,25.25691],[78.55766,25.20876],[78.60351,25.15197],[78.60459,25.09311],[78.658698792000052,25.05786422500006],[78.72598763700006,25.090696645000037],[78.75260991600004,25.066151555000033],[78.826213468000049,25.084669138000038],[78.886521422000044,25.154940267000029]]]}},
{"type":"Feature","properties":{"shapeID":"76128533B24017517661394","shapeName":"Pakke Kessang"},"geometry":{"type":"Polygon","coordinates":[[[92.853531926000073,27.138542794000045],[92.75076,27.20935],[92.61219,27.14956],[92.59972,27.07384],[92.65227,27.02325],[92.87392,27.00592],[93.02053,26.9148],[93.39152,26.95755],[93.42804,26.99085],[93.35789,27.10748],[93.24678,27.14651],[93.34179,27.19889],[93.2996,27.23436],[93.2455,27.22208],[93.24566,27.2723],[93.30867,27.31338],[93.285305275000042,27.363333385000033],[93.21337025400004,27.383559455000068],[93.145416864000083,27.360530337000057],[93.122418949000064,27.298111488000075],[92.984844200000055,27.256990567000059],[92.976329376000081,27.223404316000028],[93.041299399000081,27.189275014000032],[92.999640115000034,27.158944089000045],[92.853531926000073,27.138542794000045]]]}},
{"type":"Feature","properties":{"shapeID":"76128533B19898496046456","shapeName":"Kamle"},"geometry":{"type":"Polygon","coordinates":[[[93.97226,27.97359],[93.911400842000035,27.893522497000049],[93.95795,27.86342],[93.87239,27.80416],[93.917000810000047,27.790678249000052],[93.908529208000061,27.611323933000051],[93.983996182000055,27.599695215000054],[94.024554391000038,27.519801161000032],[93.962011253841069,27.488994241385548],[94.06135,27.47738],[94.18568,27.53394],[94.21112,27.49506],[94.26442,27.5073],[94.21213,27.60789],[94.33171,27.73409],[94.29848,27.76023],[94.31302,27.79586],[94.26055,27.78841],[94.15155,27.88524],[94.07705,27.86551],[94.06399,27.95301],[93.97226,27.97359]]]}},
{"type":"Feature","properties":{"shapeID":"76128533B46084756537322","shapeName":"Shi Yomi"},"geometry":{"type":"Polygon","coordinates":[[[94.75257,28.55058],[94.72827,28.73096],[94.57114,28.829],[94.37328,28.88795],[94.3528,28.92108],[94.37348,28.95806],[94.24394,29.02057],[94.18436,29.01327],[94.1517,28.9221],[93.98288,28.83198],[93.98797,28.76077],[93.93125,28.66381],[93.99823,28.57347],[94.10996,28.52465],[94.10234,28.48063],[94.14128,28.44285],[94.29417,28.43082],[94.32701,28.36575],[94.39004,28.33331],[94.485115703000076,28.449718963000066],[94.512580724000031,28.433731862000059],[94.75257,28.55058]]]}},
{"type":"Feature","properties":{"shapeID":"76128533B25448742967716","shapeName":"Leparada"},"geometry":{"type":"Polygon","coordinates":[[[94.48751,28.00879],[94.55197,27.91239],[94.669325161000074,27.905224709000038],[94.762633338000057,27.804398810000066],[94.91932,27.86252],[94.87023,27.92098],[94.92528,28.05976],[94.813665146000062,28.024641472000042],[94.648278915000049,28.099958206000053],[94.555631903000062,28.101217844000075],[94.517232462000038,28.013736702000074],[94.48751,28.00879]]]}},
{"type":"Feature","properties":{"shapeID":"76128533B49993259380917","shapeName":"Lower Siang"},"geometry":{"type":"Polygon","coordinates":[[[94.894371251000052,27.848582596000028],[94.762633338000057,27.804398810000066],[94.73212023800005,27.86476168400003],[94.660480783000082,27.906109147000052],[94.43398,27.83907],[94.30113,27.77003],[94.33171,27.73409],[94.26846,27.69519],[94.21844,27.60603],[94.25326,27.63795],[94.27694,27.59027],[94.36825,27.5735],[94.43178,27.59976],[94.46036,27.55429],[94.83987,27.69971],[94.894371251000052,27.848582596000028]]]}},
{"type":"Feature","properties":{"shapeID":"76128533B64903504311414","shapeName":"Hnahthial"},"geometry":{"type":"Polygon","coordinates":[[[92.909835231000045,22.790793313000052],[93.0386,22.75702],[93.16071,22.91534],[93.11836,23.00233],[92.94367,23.10573],[92.90325,23.19478],[92.859807034000085,23.165090449000047],[92.893440358000078,22.977703330000054],[92.853064850000067,22.870506075000037],[92.909835231000045,22.790793313000052]]]}},
{"type":"Feature","properties":{"shapeID":"76128533B62486414019241","shapeName":"Saitual"},"geometry":{"type":"MultiPolygon","coordinates":[[[[93.35291290300006,23.95453834500006],[93.354011535000041,23.948366166000028],[93.358558655000081,23.944534302000022],[93.35291290300006,23.95453834500006]]],[[[93.359601268000063,23.928108997000038],[93.33194,23.97891],[93.3407,24.03346],[93.26018,24.02125],[93.24019,24.07765],[93.17213,24.04456],[93.13967,24.08322],[93.09923,24.04003],[93.06274,24.09112],[92.966937097951472,24.096649449880296],[92.989031622000084,24.020437127000037],[92.969663793000052,23.873097446000031],[93.011542945000031,23.674682855000071],[93.143845009000074,23.651897345000066],[93.149258411000062,23.771028393000051],[93.194599219000054,23.726095617000055],[93.246531162000053,23.729651976000071],[93.336666659000059,23.800252722000039],[93.359601268000063,23.928108997000038]]]]}},
{"type":"Feature","properties":{"shapeID":"76128533B41321006511827","shapeName":"Khawzawl"},"geometry":{"type":"Polygon","coordinates":[[[93.356984561000047,23.315733957000077],[93.34895,23.35396],[93.39248,23.37558],[93.382754841000065,23.421687157000065],[93.305206011000053,23.420336906000045],[93.274933321000049,23.452113829000041],[93.253121940000085,23.716106740000043],[93.194599219000054,23.726095617000055],[93.155004172000076,23.775094908000028],[93.143845009000074,23.651897345000066],[93.011542945000031,23.674682855000071],[93.021650581000074,23.322706397000047],[93.200293224000063,23.333483468000054],[93.248875578000082,23.389739267000039],[93.270111200000031,23.328698459000066],[93.356984561000047,23.315733957000077]]]}},
{"type":"Feature","properties":{"shapeID":"76128533B11403491783632","shapeName":"Tirupathur"},"geometry":{"type":"Polygon","coordinates":[[[78.40967,12.62528],[78.42153,12.47533],[78.45535,12.43011],[78.4369,12.39419],[78.5707,12.38651],[78.61861,12.34713],[78.59022,12.31314],[78.6075,12.26399],[78.64389,12.28258],[78.65272,12.2589],[78.71074,12.30218],[78.859301898000069,12.627714574000038],[78.793899833000069,12.64933254500005],[78.77976490900005,12.701434274000064],[78.807728240000074,12.683578646000058],[78.862317131000054,12.775951103000068],[78.914204915000084,12.774433801000043],[78.882796882000036,12.836989716000062],[78.925739553000085,12.916072100000065],[78.750565791000042,12.818513580000058],[78.717376973000057,12.827608276000035],[78.651311210000074,12.716763867000054],[78.594883262000053,12.786931948000074],[78.55997,12.69755],[78.49643,12.74653],[78.5227,12.71362],[78.46984,12.67403],[78.47187,12.62924],[78.40967,12.62528]]]}},
{"type":"Feature","properties":{"shapeID":"76128533B22687502928564","shapeName":"Ranipet"},"geometry":{"type":"Polygon","coordinates":[[[79.186917669000081,13.037346053000022],[79.28315288500005,13.016736348000052],[79.271638013000029,12.961550953000028],[79.160940836000066,12.914643516000069],[79.209921330000043,12.897386443000073],[79.183307692000085,12.862578],[79.194226507000053,12.795990703000029],[79.27288,12.81798],[79.34653,12.69424],[79.39161,12.73279],[79.39649,12.69003],[79.35641,12.6684],[79.38451,12.62838],[79.46247,12.68486],[79.47438,12.87257],[79.56077,12.85069],[79.57336,12.90055],[79.6619,12.93103],[79.79017,13.04762],[79.72126,13.05476],[79.73264,13.09629],[79.70202,13.10082],[79.73492,13.1174],[79.73617,13.16551],[79.70065,13.15712],[79.70065,13.18852],[79.65542,13.20939],[79.59554,13.12334],[79.48279,13.13915],[79.45368,13.09329],[79.41896,13.14957],[79.41733,13.08407],[79.34759,13.06162],[79.25981,13.16099],[79.186917669000081,13.037346053000022]]]}},
{"type":"Feature","properties":{"shapeID":"76128533B88669134807148","shapeName":"Chengalputtu"},"geometry":{"type":"Polygon","coordinates":[[[79.747485693000044,12.531089085000076],[79.75594998300005,12.558290475000035],[79.823827600000072,12.562096285000052],[79.806637367000064,12.624200104000067],[79.928888823000079,12.632447099000046],[79.917367531000082,12.691951896000035],[79.948520787000064,12.701970114000062],[79.87208707800005,12.774121907000051],[80.051818855000079,12.833373906000077],[80.122310729000048,12.983399675000044],[80.19774,13.02853],[80.13107,13.05614],[80.08382,13.02198],[80.01009,13.05838],[79.99211,13.03252],[79.98971,13.05797],[79.94667,13.0345],[79.90445,13.05187],[79.90558,13.01601],[79.94465,13.00416],[79.89793,12.99581],[79.89603,12.94755],[79.82539,12.96441],[79.79982,13.02767],[79.57336,12.90055],[79.56077,12.85069],[79.64032,12.81743],[79.65692,12.76492],[79.68868,12.78554],[79.7469,12.7439],[79.71599,12.72778],[79.74556,12.69473],[79.64887,12.66883],[79.63409,12.63217],[79.72614,12.58875],[79.70765,12.57224],[79.747485693000044,12.531089085000076]]]}},
{"type":"Feature","properties":{"shapeID":"76128533B19545859035458","shapeName":"Kallakurichi"},"geometry":{"type":"Polygon","coordinates":[[[78.71878,11.98073],[78.70687,11.89156],[78.62747,11.86472],[78.69524,11.84672],[78.69075,11.79979],[78.64151,11.7611],[78.64786,11.65686],[78.67936,11.6409],[78.6907,11.68421],[78.80482,11.68615],[78.77988,11.60478],[78.87628,11.5062],[78.9056,11.50353],[78.93079,11.56625],[79.0055,11.56692],[79.07899,11.59856],[79.07151,11.62101],[79.18535,11.58764],[79.25029,11.6513],[79.31119,11.6343],[79.38331,11.67988],[79.44547,11.66517],[79.42956,11.73146],[79.46648,11.76803],[79.371201822000046,11.83109425300006],[79.244376394000085,11.850506561000032],[79.25574259900003,11.882748527000047],[79.278516616000047,11.87273742900004],[79.289335162000043,11.904956431000073],[79.259837189000052,11.909525958000074],[79.286500185000079,11.942080409000027],[79.215730536000081,11.974748957000031],[79.13562128600006,11.970223618000034],[79.120187337000061,12.007607836000034],[78.96181,12.06787],[78.92291,12.02359],[78.76112,12.01049],[78.71878,11.98073]]]}},
{"type":"Feature","properties":{"shapeID":"76128533B63176236753619","shapeName":"Mayiladuthurai"},"geometry":{"type":"Polygon","coordinates":[[[79.8549,10.98524],[79.85501,11.18898],[79.81348,11.41907],[79.79709,11.37488],[79.7658,11.38142],[79.7609,11.35245],[79.65287,11.30088],[79.64949,11.25097],[79.52387,11.18198],[79.57428,11.14623],[79.51579,11.04124],[79.54915,11.00169],[79.51061,10.98447],[79.52772,10.95881],[79.60359,10.97132],[79.69147,11.01708],[79.8549,10.98524]]]}},
{"type":"Feature","properties":{"shapeID":"76128533B27604563137530","shapeName":"Tenkasi"},"geometry":{"type":"Polygon","coordinates":[[[77.26948,9.15319],[77.14992,9.0216],[77.19926,8.92473],[77.25051,8.87899],[77.318689728000038,8.880779698000026],[77.306054860000074,8.793076725000049],[77.363711146000071,8.741303825000045],[77.46014004500006,8.748558416000037],[77.481566928000063,8.870125076000022],[77.563101784000082,8.801117654000052],[77.59820605200008,8.872944117000031],[77.550339403000066,8.892313095000077],[77.597137402000044,8.914894701000037],[77.597237263000068,8.951848581000036],[77.614266072000078,8.934128279000049],[77.66066704900004,8.962200047000067],[77.662000361000082,8.940539254000043],[77.690581738000049,8.922861284000021],[77.70252709500005,8.926914081000064],[77.68499,8.97524],[77.73241,8.98497],[77.68888,9.00917],[77.70629,9.07317],[77.7466,9.07767],[77.67418,9.12685],[77.73896,9.21005],[77.74223,9.2762],[77.6051,9.30108],[77.57566,9.35562],[77.46075,9.33261],[77.44335,9.39363],[77.34124,9.41864],[77.32867,9.33829],[77.28414,9.30114],[77.26948,9.15319]]]}},
{"type":"Feature","properties":{"shapeID":"76128533B38203190611533","shapeName":"Gaurella Pendra Marwahi"},"geometry":{"type":"Polygon","coordinates":[[[81.733012267000049,22.672322898000061],[81.749383686000044,22.593860316000075],[81.790278786000044,22.598172308000073],[81.798103020000042,22.569248693000077],[81.869220587000029,22.612307716000032],[82.086398077000069,22.573600985000041],[82.103765974000055,22.608852378000051],[82.151288063000038,22.600551240000073],[82.15665,22.54228],[82.23552,22.59271],[82.24395,22.65612],[82.1782,22.66577],[82.15244,22.74455],[82.14938,22.84258],[82.22418,22.94085],[82.17979,22.97085],[82.17806,23.04082],[82.12345,23.10362],[82.0767,23.11465],[81.99993,23.06067],[81.94415,23.07642],[81.92319,23.03836],[81.94894,22.95817],[81.86399,22.88776],[81.77693,22.87335],[81.76357,22.828],[81.79578,22.76446],[81.7541,22.72652],[81.758,22.644],[81.733012267000049,22.672322898000061]]]}}
]
}
